"EmployeeID","GenderIdentity","Ethnicity","VeteranStatus","DisabilityStatus","MaritalStatus","EducationLevel"
108439,"Male","White","No","No","Prefer Not to Say","Bachelor"
104925,"Male","White","No","No","Single","Bachelor"
102321,"Male","Asian","No","No","Single","Master"
100925,"Female","White","No","No","Married","Associate"
107744,"Female","Asian","No","No","Prefer Not to Say","Master"
100462,"Male","White","Yes","No","Single","Bachelor"
105458,"Male","Asian","No","No","Single","Master"
101296,"Female","Hispanic or Latino","No","No","Single","Bachelor"
100679,"Non-Binary","Black or African American","No","No","Married","High School"
101306,"Male","Hispanic or Latino","No","No","Single","Master"
107115,"Female","Hispanic or Latino","No","No","Divorced","Doctorate"
107759,"Female","Hispanic or Latino","No","No","Married","Bachelor"
108809,"Female","Black or African American","No","No","Married","Bachelor"
105824,"Male","Hispanic or Latino","No","No","Married","High School"
109950,"Female","Hispanic or Latino","No","No","Single","Associate"
105405,"Male","White","No","No","Married","Master"
102916,"Male","White","No","No","Divorced","Associate"
107473,"Male","Hispanic or Latino","Yes","No","Married","High School"
100546,"Male","White","No","No","Married","Master"
103099,"Male","Two or More Races","No","No","Single","Master"
109850,"Male","Black or African American","No","No","Single","Bachelor"
106707,"Male","Two or More Races","No","No","Divorced","Master"
105122,"Female","White","No","Prefer Not to Say","Single","Associate"
105581,"Male","Black or African American","No","No","Single","Bachelor"
103096,"Male","White","No","No","Single","Bachelor"
107711,"Male","White","No","Yes","Married","Doctorate"
102463,"Male","White","No","No","Divorced","High School"
106843,"Male","Asian","No","No","Married","Master"
105036,"Female","Asian","No","No","Single","Doctorate"
108431,"Female","Hispanic or Latino","No","Prefer Not to Say","Prefer Not to Say","High School"
103743,"Female","Hispanic or Latino","No","No","Single","Bachelor"
102042,"Male","Asian","No","No","Divorced","Master"
100025,"Male","Hispanic or Latino","No","No","Single","Bachelor"
100526,"Male","Hispanic or Latino","No","No","Single","Bachelor"
108254,"Female","White","No","Prefer Not to Say","Single","Bachelor"
109577,"Female","White","No","No","Divorced","High School"
107004,"Non-Binary","Black or African American","No","No","Married","Bachelor"
109343,"Female","White","No","No","Prefer Not to Say","High School"
104073,"Male","Hispanic or Latino","Yes","No","Single","High School"
108305,"Female","Asian","No","No","Married","Master"
109390,"Male","White","Prefer Not to Say","No","Single","Master"
106556,"Female","Prefer Not to Say","Prefer Not to Say","No","Single","Doctorate"
105839,"Male","Hispanic or Latino","No","No","Married","Bachelor"
100764,"Female","Black or African American","No","No","Single","High School"
101025,"Female","White","No","No","Single","Bachelor"
102509,"Female","Hispanic or Latino","No","No","Married","Bachelor"
104582,"Male","Hispanic or Latino","No","No","Single","Associate"
105397,"Male","Hispanic or Latino","No","No","Divorced","Bachelor"
109009,"Female","Prefer Not to Say","No","No","Married","High School"
100212,"Female","Prefer Not to Say","No","No","Married","Associate"
107980,"Female","Black or African American","No","No","Married","High School"
103928,"Male","Asian","No","No","Married","Associate"
107732,"Male","Asian","No","No","Married","Associate"
109284,"Male","Hispanic or Latino","No","No","Married","Master"
107378,"Female","Prefer Not to Say","No","Yes","Married","Bachelor"
103074,"Female","White","No","No","Married","Bachelor"
101336,"Male","Black or African American","Prefer Not to Say","No","Single","Associate"
106260,"Male","Black or African American","No","No","Single","Bachelor"
102454,"Female","Asian","No","No","Prefer Not to Say","Master"
103912,"Female","Asian","Prefer Not to Say","No","Single","Bachelor"
104811,"Female","Asian","No","No","Married","Master"
103113,"Male","Two or More Races","No","No","Single","High School"
100186,"Female","White","Prefer Not to Say","No","Single","Master"
104738,"Male","White","Yes","No","Prefer Not to Say","Bachelor"
105087,"Female","Black or African American","Yes","Prefer Not to Say","Married","Bachelor"
100303,"Female","Hispanic or Latino","Yes","No","Single","Master"
108386,"Female","Hispanic or Latino","No","No","Single","Master"
107865,"Male","Asian","No","No","Single","Bachelor"
104583,"Male","Two or More Races","No","No","Single","Bachelor"
100675,"Female","Hispanic or Latino","No","No","Single","Bachelor"
105294,"Female","Black or African American","No","No","Single","Master"
104396,"Non-Binary","Prefer Not to Say","No","No","Single","Bachelor"
103006,"Male","Native Hawaiian or Pacific Islander","No","No","Married","Bachelor"
107439,"Female","White","No","No","Married","Bachelor"
108906,"Female","Asian","No","No","Married","Bachelor"
106702,"Female","Black or African American","No","No","Divorced","Bachelor"
107148,"Female","Black or African American","No","No","Married","Bachelor"
103696,"Male","White","No","No","Married","Master"
103618,"Female","White","No","No","Married","Doctorate"
103849,"Male","Asian","No","No","Divorced","Associate"
106287,"Female","Black or African American","No","No","Single","Master"
106302,"Female","Black or African American","No","No","Prefer Not to Say","Bachelor"
107673,"Male","Prefer Not to Say","No","No","Single","Associate"
109811,"Male","Hispanic or Latino","No","No","Married","Bachelor"
102673,"Male","Prefer Not to Say","No","Prefer Not to Say","Married","Master"
102052,"Female","Hispanic or Latino","No","No","Married","High School"
101479,"Female","Hispanic or Latino","No","No","Single","Bachelor"
109885,"Male","White","No","No","Prefer Not to Say","Bachelor"
108106,"Male","Hispanic or Latino","No","Prefer Not to Say","Married","Master"
103155,"Male","Asian","No","No","Married","Bachelor"
108841,"Male","Asian","No","No","Married","Bachelor"
103920,"Female","Hispanic or Latino","No","No","Single","Bachelor"
109948,"Male","Hispanic or Latino","No","No","Married","Associate"
109935,"Male","Two or More Races","No","No","Married","Associate"
106290,"Female","Hispanic or Latino","No","No","Married","Bachelor"
102497,"Male","Black or African American","No","No","Divorced","Bachelor"
108365,"Male","White","No","No","Single","Bachelor"
106334,"Male","White","No","No","Single","Bachelor"
101603,"Female","Two or More Races","No","No","Prefer Not to Say","Associate"
100947,"Male","Asian","No","No","Single","Bachelor"
108852,"Female","Black or African American","No","No","Single","Associate"
101646,"Male","Hispanic or Latino","No","No","Married","Bachelor"
103417,"Non-Binary","White","No","No","Married","Doctorate"
109939,"Male","White","Yes","Yes","Single","Bachelor"
100762,"Male","White","No","No","Married","Doctorate"
107984,"Male","White","No","No","Divorced","Bachelor"
106479,"Male","Asian","No","No","Married","Master"
100816,"Female","Hispanic or Latino","No","No","Single","Bachelor"
104596,"Female","Black or African American","No","No","Single","Bachelor"
104838,"Male","White","No","No","Divorced","Master"
101347,"Male","White","No","No","Single","Master"
109710,"Female","Two or More Races","No","No","Married","Bachelor"
101132,"Female","Hispanic or Latino","No","Prefer Not to Say","Divorced","Bachelor"
103999,"Female","White","Yes","No","Married","Associate"
103388,"Female","White","No","No","Married","Associate"
100504,"Female","White","No","No","Single","Master"
103681,"Female","White","No","No","Divorced","High School"
107091,"Male","Black or African American","No","No","Divorced","Master"
101601,"Male","Hispanic or Latino","No","No","Single","Bachelor"
100369,"Female","Hispanic or Latino","No","No","Married","Bachelor"
100111,"Female","Black or African American","No","No","Single","Bachelor"
106044,"Male","Hispanic or Latino","No","No","Single","Master"
103764,"Male","Hispanic or Latino","No","Yes","Married","Master"
106283,"Male","White","No","No","Single","Associate"
100074,"Male","White","No","No","Married","Associate"
103331,"Male","White","No","No","Married","Associate"
109424,"Female","White","No","No","Single","Bachelor"
108189,"Female","White","No","No","Married","High School"
101532,"Female","Black or African American","No","No","Single","Associate"
101772,"Female","White","No","No","Married","Master"
103754,"Male","Hispanic or Latino","No","No","Married","High School"
107667,"Male","Asian","No","Yes","Single","Bachelor"
105201,"Female","Hispanic or Latino","No","No","Married","Bachelor"
105179,"Male","Black or African American","No","No","Married","Bachelor"
104987,"Female","Asian","Yes","No","Single","Doctorate"
102671,"Female","White","Yes","No","Prefer Not to Say","Master"
104483,"Female","White","No","No","Married","Bachelor"
103393,"Male","Hispanic or Latino","No","No","Married","Associate"
100815,"Male","Asian","No","No","Married","High School"
104635,"Male","Black or African American","No","No","Prefer Not to Say","Associate"
107318,"Female","Black or African American","No","No","Single","Bachelor"
108453,"Female","Black or African American","No","No","Single","Doctorate"
107228,"Male","Black or African American","No","No","Single","High School"
102015,"Female","Asian","No","No","Married","Doctorate"
105695,"Male","Hispanic or Latino","No","No","Single","High School"
105923,"Female","Asian","No","No","Married","Bachelor"
100912,"Female","White","No","No","Married","Bachelor"
109477,"Female","Native Hawaiian or Pacific Islander","No","No","Prefer Not to Say","Bachelor"
100733,"Male","White","No","No","Single","Master"
104188,"Female","White","No","No","Divorced","Bachelor"
107970,"Male","Two or More Races","No","No","Married","High School"
102372,"Male","Hispanic or Latino","No","Prefer Not to Say","Single","High School"
106988,"Female","White","No","No","Single","Doctorate"
106311,"Female","Asian","No","No","Married","Associate"
108760,"Male","White","No","No","Single","High School"
104697,"Female","White","No","No","Married","Bachelor"
108255,"Male","Hispanic or Latino","No","No","Married","Doctorate"
100367,"Male","White","No","No","Divorced","Bachelor"
102149,"Male","White","No","No","Single","Bachelor"
107995,"Male","Black or African American","No","Yes","Single","Bachelor"
108671,"Non-Binary","Asian","No","No","Single","Bachelor"
107818,"Male","White","No","No","Married","Doctorate"
107603,"Female","Hispanic or Latino","No","No","Married","Bachelor"
106889,"Male","Hispanic or Latino","No","No","Single","Doctorate"
102032,"Female","Black or African American","No","Prefer Not to Say","Single","Bachelor"
106029,"Female","Black or African American","No","No","Married","Bachelor"
104008,"Female","Hispanic or Latino","No","No","Single","Bachelor"
109911,"Female","White","No","Prefer Not to Say","Single","Bachelor"
101678,"Female","Hispanic or Latino","No","No","Married","Master"
103123,"Female","White","No","No","Single","Bachelor"
101775,"Male","White","No","No","Single","Bachelor"
100722,"Female","Asian","No","No","Single","High School"
104823,"Male","Prefer Not to Say","No","No","Married","Master"
102788,"Male","White","No","No","Single","Master"
109887,"Male","White","No","No","Married","High School"
108576,"Male","Asian","No","No","Single","Bachelor"
108213,"Female","Asian","No","No","Single","Bachelor"
106125,"Male","White","No","No","Married","High School"
101454,"Male","Asian","No","No","Married","Doctorate"
105938,"Male","Asian","No","No","Married","Associate"
105833,"Female","Black or African American","No","No","Divorced","High School"
104784,"Male","White","No","No","Married","Bachelor"
109913,"Female","Hispanic or Latino","No","No","Single","Bachelor"
100187,"Female","Hispanic or Latino","No","No","Married","Bachelor"
107324,"Female","Black or African American","No","No","Single","Bachelor"
102897,"Male","White","No","No","Married","High School"
102687,"Female","White","No","No","Single","Master"
104192,"Female","Asian","Prefer Not to Say","No","Married","Bachelor"
102847,"Female","White","No","No","Married","Bachelor"
104248,"Male","Hispanic or Latino","No","No","Married","Master"
109711,"Female","American Indian or Alaska Native","No","No","Prefer Not to Say","Bachelor"
107704,"Female","Hispanic or Latino","No","Prefer Not to Say","Single","Bachelor"
101876,"Male","Hispanic or Latino","Yes","Prefer Not to Say","Divorced","High School"
106678,"Female","Asian","No","No","Married","High School"
106985,"Female","Two or More Races","No","No","Married","Doctorate"
100939,"Male","Asian","No","No","Single","High School"
104646,"Male","Hispanic or Latino","No","No","Prefer Not to Say","Bachelor"
105917,"Female","White","No","No","Married","Bachelor"
107338,"Female","White","No","Yes","Single","Bachelor"
103440,"Male","White","No","Yes","Married","Bachelor"
100168,"Male","Hispanic or Latino","No","No","Single","High School"
106642,"Female","White","No","No","Married","Master"
100597,"Female","White","No","No","Prefer Not to Say","Bachelor"
103114,"Female","White","No","No","Single","Associate"
100606,"Male","Hispanic or Latino","Yes","No","Divorced","High School"
101842,"Female","Hispanic or Latino","No","No","Divorced","High School"
106434,"Male","Asian","No","Yes","Married","Bachelor"
107600,"Male","Hispanic or Latino","Prefer Not to Say","No","Single","Doctorate"
101655,"Female","White","No","No","Married","Bachelor"
105650,"Female","Asian","No","No","Married","High School"
101777,"Male","Black or African American","No","No","Married","Master"
100451,"Female","Two or More Races","No","No","Single","Bachelor"
109762,"Male","Two or More Races","No","No","Married","Associate"
103948,"Female","Hispanic or Latino","Prefer Not to Say","No","Single","High School"
108746,"Male","White","No","No","Divorced","Associate"
109793,"Male","White","No","No","Married","Bachelor"
104867,"Male","Asian","No","No","Prefer Not to Say","High School"
102329,"Male","White","No","No","Prefer Not to Say","Master"
109079,"Male","Prefer Not to Say","No","No","Single","Associate"
102775,"Male","White","No","No","Prefer Not to Say","Associate"
105211,"Female","White","No","No","Married","Doctorate"
105339,"Female","Hispanic or Latino","No","No","Single","Master"
108962,"Female","White","No","No","Single","Bachelor"
106436,"Female","Prefer Not to Say","No","No","Single","Master"
104986,"Female","Prefer Not to Say","No","No","Single","Master"
100732,"Female","Hispanic or Latino","No","Yes","Divorced","Associate"
103462,"Female","White","No","Yes","Single","Master"
102240,"Female","Asian","No","No","Married","Master"
101887,"Male","Hispanic or Latino","No","Yes","Married","Bachelor"
104513,"Female","Asian","Yes","No","Single","Bachelor"
104341,"Female","White","No","No","Single","Bachelor"
109145,"Male","Asian","No","No","Single","Bachelor"
102222,"Male","Prefer Not to Say","No","No","Single","Associate"
106151,"Female","Black or African American","No","No","Married","Associate"
104433,"Male","Two or More Races","No","No","Single","Bachelor"
102505,"Female","White","No","No","Prefer Not to Say","Bachelor"
105488,"Male","Black or African American","No","No","Single","Bachelor"
105948,"Female","Hispanic or Latino","No","Yes","Single","Bachelor"
106361,"Male","Prefer Not to Say","No","Yes","Single","Bachelor"
102260,"Female","White","No","No","Single","Bachelor"
105486,"Female","Black or African American","No","No","Divorced","Bachelor"
107802,"Male","Asian","No","No","Single","Master"
104523,"Female","Hispanic or Latino","No","No","Single","Master"
103761,"Female","Hispanic or Latino","No","No","Single","High School"
109900,"Female","Asian","No","No","Married","Bachelor"
102575,"Male","Asian","No","No","Divorced","Master"
103378,"Female","White","No","No","Married","Doctorate"
105280,"Male","Hispanic or Latino","No","No","Single","Associate"
106071,"Female","Prefer Not to Say","No","No","Married","Bachelor"
107832,"Female","Prefer Not to Say","No","No","Married","Associate"
103446,"Female","White","No","Prefer Not to Say","Married","High School"
107383,"Female","White","No","No","Single","Master"
105437,"Female","Hispanic or Latino","No","No","Divorced","Bachelor"
102063,"Female","Hispanic or Latino","No","No","Divorced","Doctorate"
107165,"Female","Asian","No","No","Married","High School"
109660,"Male","White","No","No","Single","Bachelor"
101074,"Male","Hispanic or Latino","No","No","Married","Master"
108902,"Male","Asian","No","No","Single","Associate"
101099,"Male","Black or African American","No","No","Married","Bachelor"
100596,"Female","Prefer Not to Say","No","No","Single","High School"
105614,"Male","White","Prefer Not to Say","No","Single","Bachelor"
105349,"Male","White","No","No","Single","Bachelor"
108499,"Female","Black or African American","No","No","Married","High School"
102698,"Male","White","No","No","Married","Bachelor"
104409,"Female","White","No","No","Married","High School"
103434,"Male","Black or African American","No","No","Married","Master"
106650,"Female","Hispanic or Latino","No","No","Married","Bachelor"
100790,"Male","White","No","No","Single","Bachelor"
108976,"Female","Hispanic or Latino","No","No","Single","High School"
106515,"Male","White","No","Yes","Married","Master"
108781,"Female","White","Prefer Not to Say","No","Married","High School"
104786,"Female","Asian","Yes","No","Married","Bachelor"
104207,"Female","White","No","No","Married","Doctorate"
104428,"Male","Hispanic or Latino","No","No","Divorced","High School"
100080,"Female","Black or African American","No","No","Single","Master"
107537,"Female","White","No","No","Married","Bachelor"
104161,"Female","Hispanic or Latino","No","No","Single","Bachelor"
106543,"Male","White","No","No","Married","Bachelor"
100406,"Female","Asian","Prefer Not to Say","No","Single","Bachelor"
109878,"Female","Asian","No","No","Divorced","Bachelor"
103904,"Male","Hispanic or Latino","No","No","Married","Bachelor"
101172,"Female","White","No","No","Married","High School"
103402,"Female","Asian","No","No","Single","Master"
106423,"Female","White","No","No","Single","Associate"
107247,"Female","Hispanic or Latino","No","No","Divorced","High School"
103159,"Female","Black or African American","No","No","Single","High School"
104813,"Female","White","Yes","No","Married","High School"
106043,"Female","Black or African American","No","No","Married","Bachelor"
104543,"Female","White","No","No","Single","Bachelor"
106822,"Female","White","No","No","Single","Master"
102349,"Female","Black or African American","No","No","Married","Associate"
103353,"Female","Hispanic or Latino","No","No","Single","High School"
102647,"Female","Black or African American","No","No","Single","Bachelor"
106273,"Female","Two or More Races","No","No","Married","Associate"
102530,"Male","White","Yes","No","Divorced","Bachelor"
105607,"Male","White","No","No","Single","Master"
101008,"Female","White","No","No","Married","Master"
105185,"Male","White","Prefer Not to Say","No","Married","Doctorate"
106065,"Male","White","No","No","Married","Associate"
102814,"Female","Asian","No","No","Single","Master"
101653,"Female","Black or African American","No","No","Single","Master"
101715,"Female","White","No","No","Single","Bachelor"
108720,"Female","Black or African American","No","No","Married","Bachelor"
101339,"Male","White","No","No","Married","Bachelor"
108500,"Male","Asian","No","No","Single","Master"
108238,"Non-Binary","White","No","No","Married","Bachelor"
103382,"Female","Hispanic or Latino","No","No","Divorced","Doctorate"
101175,"Male","White","No","No","Divorced","Bachelor"
105315,"Female","Hispanic or Latino","No","No","Single","Doctorate"
101853,"Male","White","No","No","Married","Associate"
109664,"Male","White","No","No","Prefer Not to Say","Associate"
107918,"Male","Hispanic or Latino","No","No","Single","High School"
106601,"Female","White","Yes","No","Single","Master"
108837,"Female","Asian","No","No","Married","Bachelor"
108194,"Male","Asian","No","No","Divorced","Master"
103622,"Female","White","No","No","Single","Bachelor"
105880,"Male","Black or African American","No","No","Married","Bachelor"
107878,"Male","White","No","No","Single","Bachelor"
104424,"Male","Asian","No","No","Married","High School"
103563,"Male","White","No","No","Single","High School"
107884,"Non-Binary","White","No","No","Married","Bachelor"
105314,"Male","White","No","No","Single","Associate"
100055,"Male","White","No","No","Single","Master"
103116,"Female","Hispanic or Latino","No","No","Married","High School"
109804,"Female","Black or African American","No","No","Married","Master"
105005,"Female","Hispanic or Latino","Yes","No","Prefer Not to Say","Master"
106558,"Male","White","No","No","Married","Bachelor"
108683,"Female","White","Prefer Not to Say","No","Married","Bachelor"
108844,"Female","White","No","No","Single","Associate"
107733,"Female","Asian","No","Yes","Married","Bachelor"
107037,"Female","Hispanic or Latino","No","No","Married","Master"
109489,"Male","Hispanic or Latino","No","No","Married","Bachelor"
107127,"Female","Hispanic or Latino","No","No","Married","Bachelor"
100221,"Male","Hispanic or Latino","No","No","Single","High School"
101564,"Female","Hispanic or Latino","No","No","Single","Bachelor"
106220,"Female","Prefer Not to Say","No","No","Single","Bachelor"
107665,"Female","Two or More Races","No","No","Single","High School"
103372,"Female","White","Yes","No","Married","Master"
102848,"Male","Prefer Not to Say","No","No","Married","Bachelor"
109881,"Female","Hispanic or Latino","No","No","Single","Bachelor"
107132,"Female","White","No","No","Married","Doctorate"
107227,"Female","White","No","No","Married","Master"
100438,"Female","Prefer Not to Say","Yes","No","Married","Associate"
104992,"Female","American Indian or Alaska Native","No","No","Single","Associate"
109507,"Female","Hispanic or Latino","No","No","Prefer Not to Say","Bachelor"
103600,"Female","Hispanic or Latino","No","No","Married","Master"
109849,"Female","American Indian or Alaska Native","No","No","Single","Bachelor"
105598,"Female","White","No","Yes","Married","High School"
100070,"Female","Asian","No","No","Single","Doctorate"
106958,"Male","White","Prefer Not to Say","No","Single","High School"
104401,"Female","Black or African American","No","No","Single","Bachelor"
105974,"Female","White","No","No","Married","Bachelor"
109874,"Female","White","Yes","No","Married","High School"
107987,"Female","Asian","No","No","Married","Master"
108282,"Male","Prefer Not to Say","No","No","Married","High School"
104283,"Female","White","Prefer Not to Say","No","Married","Bachelor"
104502,"Female","Hispanic or Latino","No","No","Married","High School"
108925,"Female","Hispanic or Latino","No","No","Single","Master"
106778,"Male","White","No","No","Single","Associate"
108105,"Female","Hispanic or Latino","Yes","No","Single","Associate"
101195,"Male","Asian","No","No","Married","Bachelor"
107322,"Female","White","No","No","Married","Bachelor"
104115,"Male","Asian","No","No","Married","Bachelor"
101823,"Male","Two or More Races","No","No","Single","Doctorate"
103182,"Male","Two or More Races","No","No","Married","High School"
108823,"Male","Asian","No","No","Married","Master"
107893,"Female","White","No","No","Divorced","Associate"
102747,"Female","Asian","No","No","Married","High School"
106178,"Female","Hispanic or Latino","No","No","Married","Master"
108510,"Male","Hispanic or Latino","No","No","Married","Bachelor"
104152,"Female","Prefer Not to Say","Yes","No","Single","Master"
103843,"Male","White","No","No","Divorced","Doctorate"
103077,"Female","White","No","Prefer Not to Say","Single","Associate"
100120,"Female","Black or African American","No","No","Single","High School"
102455,"Male","Prefer Not to Say","No","No","Single","Bachelor"
104559,"Female","Asian","No","No","Prefer Not to Say","Bachelor"
102254,"Female","Hispanic or Latino","No","No","Single","Bachelor"
107278,"Female","Black or African American","No","No","Prefer Not to Say","Bachelor"
102206,"Female","Black or African American","No","No","Divorced","Bachelor"
108417,"Male","Black or African American","No","No","Married","Associate"
105412,"Male","Hispanic or Latino","No","No","Single","Bachelor"
108131,"Female","Asian","No","No","Married","Bachelor"
107235,"Male","Asian","No","No","Single","Associate"
102119,"Male","Asian","No","No","Single","Bachelor"
105895,"Female","White","No","No","Single","Master"
109954,"Male","White","Prefer Not to Say","No","Married","Bachelor"
104175,"Female","Black or African American","No","No","Single","Master"
108697,"Female","Prefer Not to Say","No","No","Divorced","Associate"
101529,"Female","White","No","No","Single","High School"
102598,"Male","Black or African American","No","No","Married","Bachelor"
106975,"Female","Hispanic or Latino","No","No","Married","Associate"
109583,"Male","Hispanic or Latino","No","No","Married","Associate"
104588,"Male","Black or African American","No","No","Married","Master"
103375,"Female","White","No","No","Single","Bachelor"
104834,"Female","Hispanic or Latino","No","No","Married","High School"
101605,"Non-Binary","White","No","No","Married","Associate"
105076,"Female","White","No","No","Married","Bachelor"
102636,"Female","White","No","No","Single","Bachelor"
107561,"Female","Asian","No","No","Married","High School"
106198,"Female","Prefer Not to Say","No","Prefer Not to Say","Married","High School"
109416,"Female","Hispanic or Latino","No","No","Divorced","Bachelor"
104819,"Female","Asian","No","No","Single","Bachelor"
107991,"Female","White","No","Prefer Not to Say","Single","Bachelor"
103923,"Female","American Indian or Alaska Native","No","No","Married","High School"
105575,"Non-Binary","Hispanic or Latino","No","No","Married","Doctorate"
104526,"Female","Hispanic or Latino","No","No","Single","High School"
109184,"Female","White","No","No","Married","Bachelor"
103667,"Male","Two or More Races","No","Yes","Married","Bachelor"
102864,"Male","White","No","No","Divorced","Bachelor"
107853,"Female","Prefer Not to Say","No","No","Single","Bachelor"
105514,"Male","White","Yes","No","Married","Bachelor"
106759,"Female","White","Yes","Prefer Not to Say","Married","Master"
105782,"Female","Hispanic or Latino","No","Prefer Not to Say","Single","High School"
100415,"Male","Prefer Not to Say","No","Yes","Divorced","Bachelor"
102246,"Female","Hispanic or Latino","No","Prefer Not to Say","Married","Master"
107354,"Female","Black or African American","No","No","Single","Bachelor"
101688,"Male","Black or African American","No","No","Single","Bachelor"
101859,"Female","White","No","No","Married","Associate"
101268,"Male","Two or More Races","No","No","Prefer Not to Say","Bachelor"
107391,"Non-Binary","Hispanic or Latino","No","No","Married","Bachelor"
105739,"Male","White","No","No","Married","Master"
109553,"Female","Hispanic or Latino","No","Yes","Married","Bachelor"
102661,"Male","White","No","No","Single","Master"
104933,"Male","White","No","No","Married","Bachelor"
105131,"Female","White","No","No","Single","Bachelor"
100010,"Female","Hispanic or Latino","Prefer Not to Say","No","Married","Bachelor"
105642,"Female","Hispanic or Latino","Prefer Not to Say","No","Single","Bachelor"
105158,"Female","Hispanic or Latino","No","No","Married","Bachelor"
107273,"Female","White","No","No","Married","Associate"
100404,"Male","Prefer Not to Say","No","Yes","Prefer Not to Say","Bachelor"
101828,"Female","Hispanic or Latino","No","No","Married","Bachelor"
108597,"Male","Two or More Races","No","No","Married","Bachelor"
101027,"Female","Hispanic or Latino","No","No","Married","Bachelor"
109310,"Female","White","No","No","Single","Bachelor"
109723,"Female","Black or African American","No","No","Married","Associate"
103789,"Female","Hispanic or Latino","No","No","Married","Master"
101630,"Male","American Indian or Alaska Native","No","Yes","Divorced","Bachelor"
104244,"Female","Asian","No","No","Married","Master"
101687,"Female","Black or African American","Yes","Yes","Single","Bachelor"
108931,"Male","Asian","No","No","Married","Bachelor"
109192,"Female","Hispanic or Latino","No","No","Married","High School"
105228,"Female","Hispanic or Latino","No","No","Single","Associate"
106409,"Male","Black or African American","No","No","Divorced","Master"
109956,"Male","White","No","No","Prefer Not to Say","High School"
101108,"Male","Asian","No","No","Single","Associate"
100327,"Male","Hispanic or Latino","No","Yes","Single","Bachelor"
105666,"Male","Asian","No","No","Single","High School"
109978,"Female","White","No","Prefer Not to Say","Married","Bachelor"
101144,"Male","Prefer Not to Say","No","No","Single","Bachelor"
101718,"Male","Black or African American","No","No","Married","Bachelor"
105183,"Male","Asian","No","No","Married","Bachelor"
101585,"Female","Black or African American","No","No","Divorced","Master"
104338,"Male","Asian","No","Yes","Prefer Not to Say","Bachelor"
103790,"Male","Prefer Not to Say","No","Prefer Not to Say","Married","Bachelor"
109715,"Male","Hispanic or Latino","Yes","No","Married","Associate"
107879,"Female","White","No","No","Married","Bachelor"
104416,"Female","Black or African American","No","No","Married","High School"
107944,"Female","White","No","Prefer Not to Say","Married","Master"
101631,"Female","Black or African American","No","Yes","Single","Bachelor"
107819,"Male","Prefer Not to Say","No","No","Married","Bachelor"
106920,"Female","Two or More Races","No","No","Married","Bachelor"
101167,"Male","Asian","No","No","Single","Bachelor"
107022,"Female","White","No","No","Single","Bachelor"
104220,"Female","Hispanic or Latino","Yes","No","Single","Master"
108620,"Male","Hispanic or Latino","No","No","Married","Bachelor"
103722,"Male","Prefer Not to Say","No","No","Married","Master"
109527,"Male","Prefer Not to Say","Prefer Not to Say","No","Married","Doctorate"
103887,"Female","White","No","No","Married","Bachelor"
108820,"Male","Hispanic or Latino","No","No","Single","Associate"
101543,"Female","White","No","No","Married","High School"
106905,"Male","Asian","No","No","Prefer Not to Say","Bachelor"
104561,"Male","Hispanic or Latino","No","No","Married","Bachelor"
109313,"Male","Hispanic or Latino","No","No","Single","Master"
104050,"Female","Hispanic or Latino","No","No","Divorced","Bachelor"
109097,"Male","Hispanic or Latino","No","No","Married","Master"
100545,"Male","Two or More Races","Prefer Not to Say","No","Married","Master"
109331,"Female","Black or African American","Yes","No","Single","High School"
103328,"Male","White","No","No","Single","Master"
103428,"Male","White","No","No","Married","Bachelor"
106676,"Male","White","No","No","Married","Doctorate"
103625,"Female","Hispanic or Latino","No","No","Married","Bachelor"
105374,"Male","Asian","No","No","Single","Associate"
108371,"Female","Hispanic or Latino","No","No","Single","Bachelor"
105983,"Male","White","No","No","Single","Master"
109865,"Male","Asian","No","No","Married","Bachelor"
101071,"Female","Hispanic or Latino","No","No","Married","Master"
109122,"Male","White","No","No","Married","Doctorate"
100820,"Male","Black or African American","No","No","Divorced","Bachelor"
103818,"Male","Hispanic or Latino","Yes","No","Prefer Not to Say","Bachelor"
103416,"Male","White","No","No","Single","High School"
103691,"Female","Asian","No","No","Married","Associate"
103050,"Female","Native Hawaiian or Pacific Islander","No","Prefer Not to Say","Married","Bachelor"
108919,"Male","American Indian or Alaska Native","No","No","Married","Associate"
101209,"Female","White","No","No","Single","Bachelor"
107090,"Female","Black or African American","No","No","Married","High School"
101360,"Non-Binary","Black or African American","No","No","Single","Associate"
105476,"Female","Asian","No","Prefer Not to Say","Married","Master"
107693,"Female","White","No","No","Married","Bachelor"
101521,"Female","White","No","No","Married","High School"
104555,"Female","Asian","No","Yes","Married","High School"
106758,"Male","Asian","No","No","Married","High School"
102735,"Female","Asian","Yes","No","Single","Bachelor"
101130,"Female","White","No","No","Married","High School"
102844,"Female","White","No","No","Married","Bachelor"
109844,"Female","Two or More Races","No","No","Married","Master"
108260,"Female","Hispanic or Latino","No","Prefer Not to Say","Single","Associate"
109960,"Male","White","No","No","Married","Bachelor"
104238,"Female","Black or African American","No","No","Single","Bachelor"
101217,"Female","Hispanic or Latino","No","No","Married","High School"
104880,"Female","White","No","No","Prefer Not to Say","Master"
106095,"Female","White","No","No","Married","High School"
101771,"Female","Asian","No","No","Divorced","Associate"
102294,"Male","Two or More Races","No","Yes","Married","High School"
106105,"Female","Hispanic or Latino","No","No","Married","Associate"
103354,"Male","White","No","No","Married","Bachelor"
104470,"Female","White","No","No","Single","Bachelor"
102980,"Female","Black or African American","No","No","Prefer Not to Say","Bachelor"
106734,"Female","Black or African American","No","No","Single","High School"
100758,"Male","White","No","No","Married","High School"
107512,"Female","White","No","No","Married","Bachelor"
103551,"Female","Hispanic or Latino","Yes","No","Married","Bachelor"
105636,"Female","White","No","No","Married","Bachelor"
106262,"Non-Binary","Black or African American","No","No","Married","Associate"
102160,"Female","White","Yes","No","Single","Bachelor"
107574,"Female","White","No","No","Single","Bachelor"
102738,"Male","Two or More Races","No","No","Married","Bachelor"
104806,"Male","White","No","No","Married","Bachelor"
103755,"Male","Black or African American","No","No","Single","Associate"
100397,"Female","Black or African American","No","No","Married","Bachelor"
106112,"Male","Asian","Prefer Not to Say","No","Married","High School"
101226,"Female","White","Yes","No","Divorced","Bachelor"
105177,"Female","White","No","No","Single","Bachelor"
100286,"Female","White","No","No","Married","Bachelor"
109451,"Female","Hispanic or Latino","No","No","Married","High School"
100368,"Male","White","No","No","Prefer Not to Say","Bachelor"
103674,"Female","White","No","No","Married","High School"
106605,"Male","White","No","No","Married","High School"
107094,"Female","Hispanic or Latino","No","No","Divorced","Doctorate"
101291,"Male","Native Hawaiian or Pacific Islander","Yes","Prefer Not to Say","Single","Bachelor"
102535,"Female","White","No","No","Married","Master"
109295,"Male","White","No","No","Single","Associate"
108418,"Male","White","No","No","Single","Associate"
101003,"Male","Asian","Yes","No","Married","Bachelor"
109330,"Male","White","No","No","Single","Master"
106326,"Male","White","No","No","Divorced","Master"
100196,"Male","Asian","No","No","Single","Master"
100150,"Female","Native Hawaiian or Pacific Islander","No","No","Married","Master"
101397,"Male","Hispanic or Latino","No","No","Divorced","Master"
106411,"Female","Prefer Not to Say","No","No","Divorced","Master"
105526,"Non-Binary","Hispanic or Latino","No","No","Single","High School"
102315,"Female","Two or More Races","No","No","Married","Master"
106741,"Female","Two or More Races","Yes","No","Married","Bachelor"
102791,"Female","White","No","No","Married","Master"
100414,"Male","Black or African American","No","No","Married","Bachelor"
109440,"Female","Black or African American","No","No","Single","Associate"
103708,"Female","Asian","Yes","No","Divorced","Associate"
101254,"Male","White","No","No","Married","High School"
103238,"Male","White","No","No","Single","Associate"
102483,"Male","Hispanic or Latino","No","No","Single","Master"
108350,"Male","White","Prefer Not to Say","No","Married","Associate"
101367,"Female","Hispanic or Latino","No","No","Single","Bachelor"
105171,"Female","Asian","No","No","Single","Associate"
101943,"Male","White","Prefer Not to Say","No","Single","Associate"
100295,"Non-Binary","White","No","No","Single","Doctorate"
105365,"Female","Prefer Not to Say","No","Yes","Divorced","Bachelor"
108012,"Male","Hispanic or Latino","No","Yes","Married","Bachelor"
108355,"Female","White","No","No","Single","Associate"
101030,"Female","White","Prefer Not to Say","No","Divorced","Bachelor"
108338,"Female","Hispanic or Latino","No","No","Single","Master"
106090,"Female","Asian","No","No","Married","Bachelor"
101138,"Non-Binary","White","No","No","Single","Associate"
108898,"Female","Asian","No","No","Married","High School"
106185,"Female","Asian","No","No","Married","Bachelor"
102813,"Female","Hispanic or Latino","No","No","Married","Bachelor"
103061,"Female","Hispanic or Latino","No","No","Single","High School"
100594,"Male","White","No","No","Divorced","Master"
107860,"Female","White","No","No","Single","Bachelor"
101584,"Male","Black or African American","Yes","No","Single","Bachelor"
101989,"Female","White","No","No","Prefer Not to Say","Bachelor"
102585,"Male","Hispanic or Latino","No","No","Married","Associate"
102195,"Male","White","No","No","Married","High School"
106406,"Female","Asian","No","No","Single","Master"
102837,"Female","Hispanic or Latino","No","No","Divorced","Bachelor"
100396,"Female","Two or More Races","No","No","Single","Master"
108166,"Non-Binary","Asian","No","No","Married","Bachelor"
108794,"Male","White","No","No","Married","Bachelor"
105010,"Female","Two or More Races","No","No","Married","Bachelor"
108835,"Female","Hispanic or Latino","No","No","Single","Master"
109355,"Female","White","No","No","Married","Master"
101499,"Female","White","No","No","Married","Bachelor"
109254,"Male","Hispanic or Latino","No","No","Single","Bachelor"
106906,"Female","White","No","No","Single","Associate"
101467,"Male","White","No","No","Married","Bachelor"
107901,"Female","Asian","No","No","Married","Master"
102614,"Male","White","No","No","Single","High School"
101627,"Female","White","No","No","Married","Bachelor"
102684,"Female","Two or More Races","No","No","Married","Master"
107470,"Female","Hispanic or Latino","No","Prefer Not to Say","Married","High School"
102144,"Male","Hispanic or Latino","No","No","Married","Master"
102067,"Female","White","No","No","Married","Bachelor"
104374,"Female","White","No","No","Divorced","Master"
105915,"Female","White","No","No","Married","Bachelor"
108701,"Male","White","No","Prefer Not to Say","Married","Doctorate"
103492,"Female","Hispanic or Latino","No","No","Married","High School"
107414,"Male","White","No","No","Single","Master"
100518,"Female","Hispanic or Latino","No","No","Married","Master"
100622,"Male","Hispanic or Latino","No","No","Married","Bachelor"
103278,"Female","Asian","No","No","Prefer Not to Say","High School"
109875,"Male","American Indian or Alaska Native","No","No","Married","Master"
101318,"Male","White","No","No","Single","Master"
100802,"Female","White","No","No","Married","Bachelor"
104797,"Male","Asian","No","No","Married","Associate"
101412,"Female","Two or More Races","No","No","Single","Master"
107545,"Female","Black or African American","No","No","Single","High School"
104579,"Male","White","No","No","Married","Bachelor"
107194,"Male","Hispanic or Latino","No","No","Single","Bachelor"
107910,"Male","White","No","No","Single","Bachelor"
105227,"Female","Hispanic or Latino","No","No","Married","Master"
105276,"Male","White","No","Yes","Married","Master"
103194,"Male","Hispanic or Latino","No","No","Divorced","High School"
104092,"Female","Two or More Races","No","Prefer Not to Say","Single","Doctorate"
100945,"Male","Black or African American","No","No","Single","Associate"
103406,"Male","Hispanic or Latino","No","No","Married","Bachelor"
103348,"Female","Asian","No","No","Single","High School"
106213,"Female","Asian","No","No","Married","Bachelor"
104043,"Female","Asian","No","Prefer Not to Say","Single","Associate"
101278,"Female","Prefer Not to Say","Yes","No","Divorced","Master"
109436,"Female","Hispanic or Latino","No","No","Single","Master"
108235,"Female","White","No","No","Prefer Not to Say","Bachelor"
107002,"Female","White","No","No","Divorced","Bachelor"
105187,"Male","Native Hawaiian or Pacific Islander","No","No","Single","Bachelor"
107779,"Male","Hispanic or Latino","No","No","Married","Bachelor"
100605,"Non-Binary","Black or African American","No","No","Married","Bachelor"
105096,"Female","Hispanic or Latino","No","No","Single","Bachelor"
109516,"Male","White","No","No","Married","High School"
104389,"Female","Black or African American","No","No","Married","Bachelor"
102520,"Female","White","No","No","Single","High School"
102108,"Female","White","No","No","Married","Bachelor"
107660,"Male","Black or African American","No","Yes","Married","Doctorate"
109701,"Male","White","No","No","Prefer Not to Say","Bachelor"
109595,"Female","White","No","No","Single","Bachelor"
106465,"Female","Prefer Not to Say","No","No","Married","Bachelor"
101978,"Male","Two or More Races","No","No","Single","High School"
105074,"Female","Black or African American","No","Yes","Married","Bachelor"
103448,"Male","White","No","Prefer Not to Say","Married","Associate"
107126,"Male","Hispanic or Latino","No","No","Married","Bachelor"
108006,"Male","White","No","No","Married","Master"
101514,"Female","White","No","No","Married","Master"
105532,"Male","Black or African American","No","No","Single","Bachelor"
108861,"Male","White","No","No","Single","Bachelor"
103021,"Female","Two or More Races","No","No","Single","Master"
107384,"Male","White","No","No","Divorced","Bachelor"
102459,"Male","White","No","No","Married","High School"
109998,"Female","Black or African American","No","No","Single","Bachelor"
105045,"Female","Hispanic or Latino","No","No","Single","Bachelor"
103484,"Female","Black or African American","No","No","Single","Bachelor"
105181,"Female","Black or African American","No","No","Single","Bachelor"
104776,"Female","Asian","No","No","Married","Bachelor"
102192,"Non-Binary","Native Hawaiian or Pacific Islander","No","No","Divorced","High School"
100315,"Male","Black or African American","No","No","Married","Doctorate"
109425,"Female","Asian","No","No","Married","Master"
109442,"Female","Black or African American","No","No","Single","Master"
103874,"Female","White","No","No","Married","Associate"
109042,"Female","Asian","No","No","Divorced","Bachelor"
105391,"Male","White","No","No","Single","Bachelor"
108650,"Female","Hispanic or Latino","No","Prefer Not to Say","Single","Bachelor"
101951,"Male","Black or African American","No","No","Divorced","Master"
108351,"Male","Prefer Not to Say","No","No","Married","Bachelor"
106900,"Female","Black or African American","No","Yes","Married","Bachelor"
106140,"Male","White","No","No","Married","Doctorate"
108497,"Female","Black or African American","No","No","Married","Bachelor"
102493,"Female","Asian","No","Prefer Not to Say","Single","Bachelor"
104568,"Male","Black or African American","No","No","Single","Master"
102092,"Male","Two or More Races","No","No","Married","Associate"
100970,"Female","White","No","No","Married","Bachelor"
102475,"Female","Hispanic or Latino","No","No","Married","Associate"
107336,"Male","Asian","Yes","No","Married","Associate"
107781,"Male","White","No","No","Married","Master"
100603,"Male","White","No","No","Married","Bachelor"
103947,"Male","Hispanic or Latino","No","No","Single","High School"
100100,"Male","Asian","No","No","Married","Master"
100245,"Male","Hispanic or Latino","No","No","Single","Bachelor"
108716,"Male","Asian","Prefer Not to Say","No","Single","High School"
106325,"Female","White","No","No","Single","Bachelor"
105267,"Female","Asian","No","No","Married","Bachelor"
101517,"Male","Prefer Not to Say","No","No","Divorced","Master"
104626,"Male","Asian","Prefer Not to Say","No","Single","Bachelor"
103217,"Male","Prefer Not to Say","No","No","Single","Master"
102035,"Female","Hispanic or Latino","No","No","Married","Associate"
105496,"Female","American Indian or Alaska Native","No","Yes","Single","Bachelor"
107548,"Male","Asian","No","No","Married","Associate"
101073,"Female","Two or More Races","Prefer Not to Say","Prefer Not to Say","Divorced","Associate"
104652,"Male","Two or More Races","No","Prefer Not to Say","Married","High School"
105870,"Male","Black or African American","No","No","Married","Doctorate"
103241,"Male","Black or African American","No","No","Married","Bachelor"
108594,"Female","White","No","No","Single","Master"
107347,"Female","Prefer Not to Say","No","Prefer Not to Say","Divorced","Bachelor"
108471,"Female","Asian","Prefer Not to Say","No","Divorced","Bachelor"
103048,"Female","White","No","Yes","Single","High School"
102816,"Male","White","No","No","Single","Bachelor"
100969,"Female","Black or African American","No","Yes","Married","Doctorate"
104160,"Female","Black or African American","No","Yes","Single","Master"
100988,"Female","White","No","No","Single","Bachelor"
107393,"Male","Hispanic or Latino","No","No","Single","Bachelor"
102117,"Female","Hispanic or Latino","No","No","Single","Master"
106525,"Male","White","No","No","Single","High School"
106913,"Female","Hispanic or Latino","No","No","Single","Bachelor"
108070,"Female","Black or African American","No","No","Single","High School"
107233,"Female","Prefer Not to Say","No","No","Married","High School"
106789,"Non-Binary","Hispanic or Latino","No","Prefer Not to Say","Divorced","Bachelor"
100861,"Female","Two or More Races","No","No","Single","Associate"
102683,"Female","Hispanic or Latino","Prefer Not to Say","No","Divorced","High School"
103557,"Male","White","No","No","Married","Bachelor"
107829,"Male","Two or More Races","No","Prefer Not to Say","Single","High School"
107923,"Female","Hispanic or Latino","No","No","Married","Bachelor"
102577,"Male","Hispanic or Latino","No","No","Married","Bachelor"
109230,"Male","White","Yes","No","Married","High School"
109930,"Female","White","Prefer Not to Say","No","Married","Bachelor"
104962,"Male","White","No","No","Married","Associate"
105592,"Male","Hispanic or Latino","No","No","Single","Master"
108477,"Male","White","Prefer Not to Say","No","Divorced","Doctorate"
109340,"Male","Black or African American","No","No","Married","Master"
104876,"Female","Black or African American","No","No","Divorced","Associate"
107564,"Female","White","No","No","Single","High School"
107895,"Male","White","No","No","Single","Master"
101668,"Non-Binary","White","No","No","Married","High School"
108547,"Female","Two or More Races","No","No","Married","Bachelor"
109479,"Male","Hispanic or Latino","No","No","Divorced","Associate"
101186,"Male","Hispanic or Latino","No","No","Single","Master"
109046,"Female","Hispanic or Latino","No","No","Single","Bachelor"
101511,"Non-Binary","Prefer Not to Say","No","No","Single","Associate"
102224,"Male","White","Prefer Not to Say","No","Single","Bachelor"
104511,"Male","White","No","No","Single","Bachelor"
107743,"Female","Native Hawaiian or Pacific Islander","No","No","Single","Bachelor"
108868,"Female","Black or African American","No","No","Married","Bachelor"
104066,"Male","Hispanic or Latino","No","Yes","Single","Associate"
102333,"Male","Hispanic or Latino","No","No","Single","High School"
107647,"Female","White","No","No","Married","Master"
103124,"Male","White","No","No","Single","Bachelor"
109549,"Female","Asian","Yes","No","Divorced","High School"
109755,"Female","White","No","No","Single","Bachelor"
101380,"Female","White","No","No","Single","Bachelor"
103332,"Female","White","No","No","Divorced","Master"
106070,"Male","Two or More Races","No","No","Single","Bachelor"
104162,"Female","White","No","No","Single","Master"
103039,"Female","Black or African American","No","No","Prefer Not to Say","Associate"
108866,"Female","White","No","No","Single","Bachelor"
103398,"Female","Prefer Not to Say","No","No","Single","Bachelor"
100888,"Female","White","No","Yes","Divorced","Bachelor"
104765,"Female","Asian","No","No","Divorced","Bachelor"
109066,"Male","Hispanic or Latino","No","No","Married","Bachelor"
100825,"Female","White","Prefer Not to Say","No","Married","Associate"
100060,"Female","White","No","No","Single","Doctorate"
102421,"Female","White","Yes","No","Single","High School"
109259,"Male","Two or More Races","No","Yes","Married","Master"
105448,"Female","Asian","No","No","Married","Bachelor"
104946,"Female","White","No","No","Married","Doctorate"
108817,"Female","White","No","No","Prefer Not to Say","Master"
107458,"Female","White","No","No","Single","Bachelor"
100784,"Female","Hispanic or Latino","No","No","Married","Master"
105041,"Non-Binary","Asian","No","Prefer Not to Say","Married","Associate"
105851,"Female","White","Yes","No","Married","High School"
106610,"Female","Black or African American","No","No","Single","High School"
108205,"Female","White","No","No","Single","High School"
103198,"Male","Black or African American","No","No","Single","Master"
104010,"Male","Asian","Yes","No","Married","Master"
103176,"Female","Black or African American","Yes","No","Married","Bachelor"
108049,"Female","American Indian or Alaska Native","No","No","Married","Bachelor"
107692,"Male","White","No","No","Married","Bachelor"
101092,"Male","White","No","No","Married","Bachelor"
103836,"Female","Hispanic or Latino","No","No","Single","Associate"
104438,"Female","Hispanic or Latino","No","No","Married","Bachelor"
101266,"Male","Asian","No","No","Married","Bachelor"
109003,"Female","White","No","No","Single","Master"
102362,"Male","Black or African American","No","No","Married","High School"
104275,"Male","White","No","No","Single","Master"
102274,"Female","Asian","Prefer Not to Say","No","Married","Associate"
106101,"Female","White","No","No","Single","Master"
106389,"Male","Hispanic or Latino","No","Prefer Not to Say","Prefer Not to Say","Associate"
104187,"Male","White","Yes","No","Married","Master"
107103,"Female","White","No","No","Single","Master"
101135,"Male","White","No","No","Prefer Not to Say","Bachelor"
101224,"Male","Asian","No","No","Single","Master"
100073,"Male","Native Hawaiian or Pacific Islander","No","No","Single","Bachelor"
104364,"Female","Two or More Races","No","No","Single","Master"
101002,"Male","White","No","No","Married","High School"
108707,"Male","Hispanic or Latino","Prefer Not to Say","No","Married","Master"
103647,"Male","White","Yes","No","Single","Master"
108292,"Male","Prefer Not to Say","No","No","Married","Bachelor"
108463,"Non-Binary","White","No","No","Married","Bachelor"
108451,"Female","Hispanic or Latino","No","Prefer Not to Say","Single","Bachelor"
106264,"Female","White","Prefer Not to Say","No","Married","Master"
107466,"Female","Hispanic or Latino","No","No","Married","Bachelor"
101117,"Female","Hispanic or Latino","Prefer Not to Say","No","Single","Master"
103327,"Male","Hispanic or Latino","No","No","Single","Bachelor"
102336,"Male","White","No","No","Single","Master"
106848,"Female","Prefer Not to Say","No","No","Married","Bachelor"
100768,"Female","Hispanic or Latino","No","No","Married","High School"
102287,"Male","Hispanic or Latino","No","No","Single","Bachelor"
108619,"Female","Hispanic or Latino","No","Prefer Not to Say","Divorced","Bachelor"
106717,"Male","White","No","No","Single","Master"
104116,"Female","White","Prefer Not to Say","No","Single","Bachelor"
106121,"Male","Asian","No","No","Divorced","Bachelor"
108644,"Male","Hispanic or Latino","No","No","Married","Master"
109847,"Female","White","No","No","Single","Bachelor"
106529,"Male","Hispanic or Latino","Yes","No","Prefer Not to Say","Bachelor"
103405,"Female","White","No","No","Single","Associate"
101420,"Non-Binary","Asian","No","No","Married","High School"
109391,"Female","Asian","No","No","Prefer Not to Say","Bachelor"
107809,"Male","Two or More Races","No","No","Married","Bachelor"
108916,"Female","White","No","No","Divorced","Master"
100960,"Male","White","No","No","Married","Bachelor"
102782,"Male","White","No","No","Married","Bachelor"
108331,"Female","Asian","No","No","Single","Bachelor"
101812,"Male","White","No","No","Single","Bachelor"
103995,"Female","Asian","No","Yes","Married","Bachelor"
105737,"Male","Asian","No","Prefer Not to Say","Single","Doctorate"
106794,"Female","White","No","No","Single","Master"
104210,"Male","Black or African American","No","No","Divorced","Bachelor"
102461,"Male","Asian","No","No","Married","Associate"
106299,"Male","Hispanic or Latino","No","Yes","Married","High School"
107718,"Male","White","No","No","Prefer Not to Say","Bachelor"
105703,"Male","Asian","No","No","Married","Bachelor"
106117,"Male","White","No","No","Married","Associate"
106503,"Male","Black or African American","No","No","Married","Bachelor"
102839,"Male","White","No","No","Single","Master"
109651,"Male","White","No","No","Married","Bachelor"
103245,"Female","White","No","No","Single","High School"
101805,"Male","Asian","No","No","Single","Master"
107380,"Female","White","No","No","Married","Bachelor"
105308,"Female","Native Hawaiian or Pacific Islander","No","No","Married","High School"
109153,"Male","Black or African American","No","No","Married","Bachelor"
109458,"Female","White","No","Prefer Not to Say","Divorced","Doctorate"
106277,"Male","White","No","No","Single","Bachelor"
103720,"Male","Asian","No","No","Married","Associate"
106725,"Female","White","No","No","Single","Bachelor"
108562,"Male","Two or More Races","No","No","Single","Bachelor"
109626,"Non-Binary","Black or African American","No","Prefer Not to Say","Single","High School"
105343,"Male","Asian","No","Prefer Not to Say","Married","Bachelor"
108514,"Female","Black or African American","No","No","Single","Bachelor"
109656,"Male","Asian","No","No","Prefer Not to Say","High School"
100581,"Male","White","No","No","Divorced","Master"
106092,"Male","Hispanic or Latino","No","No","Single","Master"
104058,"Male","Asian","No","No","Single","High School"
106533,"Male","White","No","No","Single","Bachelor"
106661,"Male","Hispanic or Latino","No","No","Single","Master"
106710,"Male","Hispanic or Latino","Yes","No","Married","Bachelor"
108023,"Male","White","No","No","Married","High School"
109408,"Female","Hispanic or Latino","No","No","Divorced","Bachelor"
102985,"Male","Black or African American","No","No","Single","Bachelor"
104046,"Male","White","No","No","Single","Bachelor"
106352,"Male","Hispanic or Latino","No","No","Married","Master"
107175,"Male","Hispanic or Latino","No","No","Married","Master"
105081,"Male","Hispanic or Latino","Yes","No","Married","Master"
105263,"Male","Black or African American","No","No","Married","Associate"
107326,"Female","White","No","No","Married","High School"
103120,"Male","Asian","No","Yes","Married","Bachelor"
101168,"Female","White","Prefer Not to Say","No","Married","Associate"
105256,"Male","White","Yes","No","Divorced","Bachelor"
100013,"Male","Two or More Races","No","No","Single","Master"
101694,"Male","White","No","No","Married","Bachelor"
103389,"Female","Asian","No","No","Married","Doctorate"
109558,"Male","White","No","No","Prefer Not to Say","Bachelor"
100982,"Male","Native Hawaiian or Pacific Islander","Yes","No","Single","High School"
109572,"Female","Hispanic or Latino","No","No","Married","Master"
105985,"Male","Asian","No","No","Divorced","Master"
108452,"Female","Hispanic or Latino","No","No","Married","Master"
103436,"Male","Hispanic or Latino","No","No","Single","Associate"
104798,"Female","Hispanic or Latino","No","No","Prefer Not to Say","Bachelor"
102106,"Female","White","No","No","Prefer Not to Say","Bachelor"
109011,"Female","Hispanic or Latino","No","No","Divorced","Master"
104342,"Female","Black or African American","No","No","Single","High School"
106705,"Female","Asian","No","No","Single","Associate"
109094,"Female","Hispanic or Latino","No","No","Single","Bachelor"
108691,"Male","White","No","No","Single","Bachelor"
106922,"Male","Asian","No","No","Single","Bachelor"
100560,"Female","Hispanic or Latino","No","No","Married","Bachelor"
102795,"Female","Native Hawaiian or Pacific Islander","No","Prefer Not to Say","Prefer Not to Say","Doctorate"
107643,"Female","Asian","No","No","Married","Bachelor"
101661,"Male","Black or African American","No","No","Married","Bachelor"
108377,"Female","White","No","No","Married","Bachelor"
101229,"Male","White","Prefer Not to Say","No","Single","High School"
104071,"Male","Black or African American","Prefer Not to Say","No","Married","High School"
104521,"Female","American Indian or Alaska Native","No","No","Married","Associate"
103918,"Female","Black or African American","No","No","Single","Bachelor"
107426,"Female","Black or African American","No","No","Married","Master"
107695,"Male","Hispanic or Latino","Yes","No","Single","Doctorate"
109170,"Male","White","No","No","Single","High School"
101586,"Female","White","No","No","Single","Bachelor"
103585,"Female","Asian","Prefer Not to Say","No","Married","Doctorate"
101321,"Female","Asian","No","No","Single","Master"
101214,"Male","Hispanic or Latino","No","No","Married","Bachelor"
100873,"Female","Hispanic or Latino","No","No","Divorced","Master"
103676,"Male","White","No","Prefer Not to Say","Married","Master"
103952,"Male","White","No","No","Single","Bachelor"
103987,"Male","Hispanic or Latino","No","No","Divorced","Associate"
106251,"Male","Hispanic or Latino","No","No","Single","Bachelor"
100358,"Male","Black or African American","No","No","Single","Bachelor"
108198,"Female","Hispanic or Latino","No","No","Single","Master"
104619,"Male","Asian","No","No","Married","High School"
109030,"Female","Black or African American","No","No","Prefer Not to Say","High School"
109802,"Female","Black or African American","No","No","Prefer Not to Say","Bachelor"
105893,"Female","Hispanic or Latino","No","No","Married","Bachelor"
100252,"Female","Asian","No","No","Single","Associate"
107199,"Male","Hispanic or Latino","No","Yes","Married","Associate"
106909,"Male","American Indian or Alaska Native","No","No","Single","Bachelor"
106237,"Female","Black or African American","No","No","Single","Master"
102832,"Male","White","Yes","No","Divorced","Bachelor"
101121,"Male","Asian","No","No","Married","Master"
102171,"Female","Hispanic or Latino","No","No","Single","Doctorate"
105775,"Male","Hispanic or Latino","No","No","Married","Doctorate"
101811,"Female","Black or African American","Yes","No","Married","Master"
104398,"Male","Asian","No","No","Married","Bachelor"
104011,"Female","Black or African American","No","Yes","Single","Bachelor"
107387,"Female","White","Prefer Not to Say","No","Single","Bachelor"
103003,"Female","Hispanic or Latino","No","No","Single","High School"
102947,"Female","White","Yes","No","Married","Bachelor"
109159,"Non-Binary","White","No","Yes","Married","Master"
104005,"Male","Hispanic or Latino","No","No","Married","Bachelor"
109268,"Male","Asian","Yes","No","Married","High School"
106641,"Male","White","No","No","Single","Bachelor"
100012,"Male","Hispanic or Latino","No","Prefer Not to Say","Single","Bachelor"
107303,"Male","Black or African American","No","No","Single","Associate"
107453,"Male","Black or African American","No","No","Married","Master"
104226,"Male","Native Hawaiian or Pacific Islander","Yes","No","Single","Associate"
105067,"Female","White","No","No","Single","Bachelor"
103665,"Female","Hispanic or Latino","No","No","Married","Associate"
107859,"Male","Asian","No","Prefer Not to Say","Single","Bachelor"
108484,"Male","Black or African American","No","No","Divorced","Bachelor"
108987,"Female","White","No","Prefer Not to Say","Single","Bachelor"
109931,"Female","Black or African American","No","No","Married","Master"
109177,"Male","White","No","No","Single","Master"
105292,"Female","White","No","No","Single","Bachelor"
107162,"Female","Hispanic or Latino","Yes","No","Single","Bachelor"
100059,"Female","Hispanic or Latino","No","No","Divorced","Bachelor"
105920,"Female","Asian","No","No","Divorced","Bachelor"
100135,"Female","Two or More Races","No","Yes","Married","Bachelor"
101720,"Female","White","No","No","Single","Bachelor"
102506,"Male","White","No","No","Divorced","High School"
108029,"Female","White","No","Prefer Not to Say","Married","Associate"
109799,"Female","Two or More Races","No","No","Married","Master"
104045,"Male","White","No","No","Married","Master"
108278,"Female","Asian","No","No","Married","Bachelor"
103261,"Male","Two or More Races","No","No","Married","High School"
103882,"Female","White","No","No","Married","High School"
100259,"Male","Hispanic or Latino","No","No","Prefer Not to Say","High School"
102542,"Female","Black or African American","No","No","Married","Doctorate"
106708,"Female","Hispanic or Latino","No","No","Married","Bachelor"
106329,"Female","Hispanic or Latino","No","No","Married","Bachelor"
102311,"Female","Hispanic or Latino","No","No","Married","Bachelor"
104237,"Female","White","No","No","Single","Master"
104301,"Female","White","No","No","Divorced","Bachelor"
105989,"Male","Hispanic or Latino","No","Prefer Not to Say","Single","Bachelor"
104718,"Male","White","Yes","No","Married","Master"
105450,"Female","Two or More Races","No","No","Married","Bachelor"
109364,"Male","Hispanic or Latino","No","No","Prefer Not to Say","High School"
106673,"Female","Two or More Races","No","No","Single","Associate"
108487,"Female","White","No","No","Single","High School"
106742,"Female","White","No","No","Single","Associate"
104576,"Female","American Indian or Alaska Native","No","Yes","Married","Bachelor"
104361,"Male","Asian","No","No","Married","High School"
101084,"Female","Hispanic or Latino","No","No","Married","Bachelor"
102265,"Female","White","No","No","Single","Bachelor"
104102,"Male","Prefer Not to Say","No","Prefer Not to Say","Prefer Not to Say","Master"
108561,"Male","Hispanic or Latino","No","No","Single","High School"
107862,"Female","Hispanic or Latino","Yes","No","Married","Master"
107382,"Female","White","No","No","Married","Bachelor"
104213,"Male","Two or More Races","No","No","Married","Associate"
100340,"Female","White","No","No","Married","Bachelor"
102861,"Male","Hispanic or Latino","No","No","Single","Associate"
100641,"Male","Hispanic or Latino","No","No","Prefer Not to Say","Associate"
102686,"Female","Hispanic or Latino","No","No","Single","Master"
107745,"Male","White","No","No","Married","High School"
103715,"Female","Black or African American","No","No","Single","Master"
104911,"Female","Hispanic or Latino","No","No","Prefer Not to Say","Doctorate"
105755,"Male","Hispanic or Latino","Prefer Not to Say","Prefer Not to Say","Single","Bachelor"
100824,"Female","Hispanic or Latino","No","No","Divorced","Associate"
108579,"Male","Hispanic or Latino","No","No","Married","High School"
104039,"Male","Prefer Not to Say","No","No","Married","Associate"
108719,"Female","Hispanic or Latino","No","No","Single","Master"
101106,"Female","Asian","No","No","Married","Bachelor"
108784,"Male","Hispanic or Latino","No","No","Divorced","Bachelor"
107544,"Female","White","No","No","Prefer Not to Say","High School"
100986,"Female","Hispanic or Latino","No","No","Divorced","Bachelor"
109074,"Male","Hispanic or Latino","No","No","Divorced","Bachelor"
103093,"Male","White","No","No","Married","Doctorate"
103627,"Female","Black or African American","No","No","Married","Associate"
106841,"Male","White","No","No","Divorced","Master"
104924,"Female","Two or More Races","No","No","Single","Bachelor"
100021,"Female","White","No","No","Divorced","Bachelor"
106341,"Female","Hispanic or Latino","No","Yes","Single","High School"
109623,"Female","Asian","Yes","No","Married","Bachelor"
100889,"Female","White","No","No","Single","Master"
100623,"Male","White","No","Prefer Not to Say","Single","Associate"
102567,"Male","White","No","No","Single","High School"
109997,"Female","Black or African American","No","No","Prefer Not to Say","High School"
103566,"Female","Hispanic or Latino","No","Prefer Not to Say","Divorced","Associate"
106852,"Female","Two or More Races","No","No","Married","Bachelor"
106404,"Male","Asian","No","No","Single","Master"
106930,"Male","Black or African American","No","No","Married","High School"
106894,"Female","White","No","No","Prefer Not to Say","Bachelor"
104363,"Female","Black or African American","No","No","Married","Bachelor"
103528,"Female","Asian","No","No","Prefer Not to Say","Master"
102518,"Female","Hispanic or Latino","No","No","Single","Bachelor"
102820,"Male","Black or African American","No","No","Prefer Not to Say","Associate"
109095,"Female","Hispanic or Latino","Prefer Not to Say","No","Married","Bachelor"
100923,"Male","Hispanic or Latino","No","No","Divorced","Bachelor"
102169,"Female","Black or African American","No","No","Single","Bachelor"
103829,"Male","White","No","No","Divorced","Bachelor"
104706,"Male","White","No","No","Married","Bachelor"
103191,"Male","Prefer Not to Say","Yes","No","Married","Doctorate"
102889,"Male","Hispanic or Latino","No","No","Prefer Not to Say","Associate"
103362,"Female","Black or African American","No","No","Married","Bachelor"
102574,"Female","Two or More Races","No","No","Married","High School"
105994,"Female","Asian","No","No","Single","Master"
103544,"Male","Prefer Not to Say","No","No","Single","Bachelor"
109186,"Female","Hispanic or Latino","No","No","Married","Master"
107055,"Male","Hispanic or Latino","Yes","Prefer Not to Say","Married","Bachelor"
107014,"Female","Black or African American","No","No","Married","Master"
101330,"Female","White","No","Yes","Prefer Not to Say","Bachelor"
105527,"Female","White","No","No","Single","Bachelor"
101206,"Female","Asian","No","No","Single","High School"
103338,"Female","White","No","No","Single","Associate"
100382,"Female","Hispanic or Latino","No","No","Married","High School"
109281,"Male","Hispanic or Latino","No","No","Married","Doctorate"
100720,"Male","Black or African American","No","No","Single","High School"
105389,"Male","White","No","No","Married","Associate"
106714,"Male","Hispanic or Latino","No","No","Single","Associate"
104086,"Female","Asian","No","No","Married","Bachelor"
108774,"Female","Asian","No","Yes","Married","Bachelor"
101833,"Female","White","No","No","Single","Associate"
102556,"Female","Asian","No","Yes","Married","Bachelor"
108481,"Female","Prefer Not to Say","No","No","Single","Master"
109693,"Male","Asian","Prefer Not to Say","No","Married","Bachelor"
101487,"Male","White","No","No","Married","Bachelor"
109306,"Non-Binary","Hispanic or Latino","Prefer Not to Say","Prefer Not to Say","Single","Associate"
101700,"Male","Asian","No","No","Married","Bachelor"
107648,"Male","Hispanic or Latino","No","No","Single","Master"
107527,"Male","Hispanic or Latino","No","No","Single","Associate"
106872,"Male","Asian","Yes","No","Married","Bachelor"
101149,"Female","White","No","No","Married","Bachelor"
109158,"Male","Hispanic or Latino","Yes","No","Single","Master"
108505,"Male","Asian","No","No","Married","Associate"
103469,"Male","Prefer Not to Say","No","Prefer Not to Say","Married","Bachelor"
101505,"Male","Hispanic or Latino","No","No","Single","Bachelor"
102536,"Female","Asian","No","No","Married","Master"
109490,"Female","Hispanic or Latino","Yes","No","Married","Bachelor"
108145,"Female","White","No","No","Married","Doctorate"
104478,"Non-Binary","White","No","No","Divorced","Bachelor"
101413,"Female","Black or African American","No","No","Married","Bachelor"
104664,"Female","Hispanic or Latino","No","No","Married","Bachelor"
104742,"Female","Hispanic or Latino","No","No","Single","Doctorate"
101275,"Male","White","No","No","Married","Master"
108063,"Female","Hispanic or Latino","No","No","Single","Associate"
100516,"Female","Hispanic or Latino","No","No","Divorced","High School"
105058,"Female","Asian","No","No","Married","High School"
104405,"Male","Black or African American","No","No","Prefer Not to Say","Bachelor"
106627,"Male","White","No","No","Married","Bachelor"
107740,"Male","White","No","No","Prefer Not to Say","Master"
105520,"Female","Two or More Races","No","No","Single","Bachelor"
107279,"Female","Hispanic or Latino","Prefer Not to Say","No","Single","Master"
106019,"Female","White","No","No","Single","Bachelor"
101780,"Female","Prefer Not to Say","No","No","Divorced","Bachelor"
104019,"Male","Hispanic or Latino","Yes","No","Single","High School"
105069,"Male","White","No","Yes","Single","Associate"
108806,"Female","Black or African American","No","No","Married","Master"
107948,"Male","Hispanic or Latino","No","No","Divorced","Doctorate"
106327,"Female","White","Prefer Not to Say","No","Single","Bachelor"
103190,"Female","Asian","No","Prefer Not to Say","Married","Associate"
107429,"Male","Black or African American","No","No","Married","Associate"
101463,"Male","Asian","No","No","Single","Bachelor"
103344,"Female","White","Yes","No","Married","High School"
107157,"Male","White","No","No","Single","High School"
109367,"Female","White","No","No","Prefer Not to Say","High School"
105135,"Male","Two or More Races","No","No","Single","Bachelor"
104993,"Non-Binary","Black or African American","No","No","Married","Bachelor"
108849,"Female","Hispanic or Latino","No","No","Divorced","Bachelor"
100586,"Male","Two or More Races","No","No","Married","Bachelor"
109616,"Male","Hispanic or Latino","No","No","Single","Bachelor"
109815,"Female","Hispanic or Latino","Prefer Not to Say","No","Single","Bachelor"
109920,"Male","White","No","No","Single","Associate"
108874,"Female","Asian","No","Yes","Married","Master"
100345,"Female","Asian","No","No","Single","Master"
103266,"Male","White","No","No","Married","High School"
107342,"Male","Asian","No","No","Single","Bachelor"
104685,"Female","Asian","No","No","Prefer Not to Say","Bachelor"
102207,"Female","Two or More Races","No","No","Single","Bachelor"
108468,"Male","White","No","No","Single","Bachelor"
109832,"Male","Hispanic or Latino","No","No","Married","Bachelor"
103432,"Male","Asian","No","No","Divorced","High School"
106695,"Male","White","No","No","Single","Master"
106798,"Male","Hispanic or Latino","No","No","Married","Bachelor"
102982,"Female","Asian","No","No","Single","Bachelor"
106775,"Male","Hispanic or Latino","Yes","No","Married","Associate"
104320,"Male","Asian","No","No","Married","Bachelor"
102534,"Non-Binary","Hispanic or Latino","No","No","Married","Master"
103823,"Male","Hispanic or Latino","No","No","Divorced","Bachelor"
104133,"Female","Black or African American","No","No","Divorced","Associate"
105800,"Non-Binary","Prefer Not to Say","No","No","Single","Bachelor"
107449,"Female","Asian","No","No","Single","Master"
105926,"Male","Black or African American","No","No","Divorced","Bachelor"
100333,"Female","Asian","No","No","Prefer Not to Say","Bachelor"
109921,"Female","White","No","No","Divorced","Bachelor"
104658,"Male","Asian","No","No","Married","Associate"
107700,"Male","White","No","Yes","Married","High School"
101140,"Male","Black or African American","No","No","Married","Bachelor"
104974,"Female","Hispanic or Latino","No","No","Single","Master"
103098,"Male","Asian","No","Yes","Divorced","High School"
108320,"Female","Two or More Races","No","Prefer Not to Say","Divorced","Bachelor"
105930,"Female","Asian","Yes","Yes","Married","Master"
107095,"Male","Asian","No","No","Married","Bachelor"
100020,"Female","Black or African American","No","No","Single","Master"
101182,"Male","Hispanic or Latino","No","No","Single","Associate"
104442,"Male","Hispanic or Latino","No","No","Married","Associate"
108330,"Male","Two or More Races","No","No","Single","High School"
108757,"Female","White","No","No","Single","Bachelor"
107220,"Female","White","Yes","No","Single","Bachelor"
106869,"Female","White","No","No","Married","Associate"
108441,"Male","Black or African American","No","No","Married","Bachelor"
106561,"Male","Hispanic or Latino","Yes","No","Single","Associate"
103131,"Female","White","No","No","Single","High School"
105120,"Male","White","No","No","Married","High School"
106431,"Female","Hispanic or Latino","No","No","Divorced","Doctorate"
103210,"Male","White","No","Prefer Not to Say","Single","Bachelor"
104637,"Female","White","Prefer Not to Say","No","Married","Bachelor"
109807,"Male","Hispanic or Latino","No","No","Married","Associate"
102435,"Female","Asian","No","No","Married","Bachelor"
103017,"Female","Black or African American","No","No","Married","Bachelor"
104158,"Female","White","No","Yes","Single","Bachelor"
102484,"Male","White","No","No","Married","Bachelor"
105151,"Male","Black or African American","No","No","Single","Bachelor"
108940,"Male","Asian","No","No","Divorced","Bachelor"
107041,"Female","White","No","Yes","Married","Master"
104454,"Male","White","No","No","Married","Bachelor"
109707,"Male","Asian","No","No","Divorced","High School"
105913,"Male","White","No","No","Married","Master"
105507,"Female","Asian","No","No","Married","Master"
105318,"Male","White","No","Prefer Not to Say","Single","Master"
108704,"Female","White","No","No","Married","Associate"
107267,"Male","White","No","No","Married","Bachelor"
104018,"Male","Asian","No","No","Married","Bachelor"
105086,"Male","Asian","No","No","Divorced","Bachelor"
103418,"Male","White","No","No","Single","Bachelor"
103401,"Female","Asian","Yes","No","Married","High School"
103317,"Male","White","No","No","Single","Associate"
100835,"Female","White","No","No","Married","Bachelor"
105297,"Male","Hispanic or Latino","No","Yes","Married","Bachelor"
105954,"Male","Black or African American","No","No","Married","Bachelor"
104794,"Female","Prefer Not to Say","No","No","Single","Associate"
102112,"Female","White","No","No","Married","Doctorate"
106962,"Female","Asian","No","No","Single","Doctorate"
108766,"Female","Prefer Not to Say","No","No","Single","Doctorate"
103429,"Female","White","No","No","Single","Bachelor"
102600,"Female","Hispanic or Latino","No","No","Single","Bachelor"
102692,"Female","Hispanic or Latino","No","No","Single","Master"
107405,"Female","Asian","No","No","Married","Bachelor"
101444,"Female","Hispanic or Latino","No","No","Single","Bachelor"
109821,"Non-Binary","White","No","No","Married","High School"
101098,"Female","Black or African American","No","No","Divorced","Bachelor"
107304,"Female","Black or African American","No","No","Single","Doctorate"
102453,"Female","Hispanic or Latino","No","No","Prefer Not to Say","High School"
100079,"Male","Black or African American","No","Prefer Not to Say","Single","Bachelor"
102401,"Female","Asian","No","No","Single","Master"
107642,"Female","Hispanic or Latino","No","No","Married","Bachelor"
101587,"Female","White","No","No","Married","Master"
101040,"Male","Black or African American","Yes","Prefer Not to Say","Single","Associate"
103515,"Male","Hispanic or Latino","No","No","Single","High School"
103591,"Male","White","No","No","Married","High School"
106455,"Female","White","No","No","Married","Master"
103081,"Female","White","No","No","Married","Master"
103431,"Male","Hispanic or Latino","No","No","Married","Associate"
105364,"Male","Asian","Yes","No","Single","Bachelor"
103212,"Female","Hispanic or Latino","Prefer Not to Say","No","Married","Bachelor"
104678,"Male","Asian","No","No","Married","Master"
102474,"Male","Two or More Races","No","No","Married","High School"
101522,"Male","White","No","No","Married","Associate"
105997,"Female","Black or African American","No","No","Married","Associate"
109120,"Female","Two or More Races","No","No","Single","Doctorate"
104936,"Male","Hispanic or Latino","No","No","Divorced","Doctorate"
101716,"Female","Asian","No","No","Married","Bachelor"
102557,"Female","Black or African American","No","No","Married","Bachelor"
107592,"Female","White","No","Yes","Divorced","Bachelor"
109420,"Male","Two or More Races","No","No","Prefer Not to Say","Associate"
107927,"Male","Asian","No","Prefer Not to Say","Married","Master"
105246,"Female","Asian","No","No","Single","Master"
102808,"Female","Asian","No","No","Married","Bachelor"
108581,"Male","Prefer Not to Say","No","No","Prefer Not to Say","Doctorate"
105403,"Female","Black or African American","No","No","Single","Bachelor"
106035,"Female","White","No","No","Single","Bachelor"
108666,"Male","Asian","No","No","Married","Associate"
109575,"Male","Hispanic or Latino","No","No","Married","Associate"
104935,"Female","Asian","No","No","Married","Bachelor"
101385,"Female","Hispanic or Latino","No","No","Divorced","Doctorate"
104009,"Male","White","No","No","Married","High School"
106835,"Female","Prefer Not to Say","No","No","Divorced","Bachelor"
101906,"Male","Asian","No","No","Married","High School"
109432,"Male","White","No","No","Married","Master"
103747,"Male","White","No","No","Married","Doctorate"
107197,"Male","White","No","No","Prefer Not to Say","Bachelor"
108972,"Male","Asian","No","No","Married","Master"
100482,"Female","Hispanic or Latino","No","No","Single","Master"
106854,"Female","Hispanic or Latino","No","No","Divorced","Master"
101861,"Male","Black or African American","No","No","Divorced","Master"
106007,"Male","Hispanic or Latino","No","No","Single","Bachelor"
100535,"Female","White","No","No","Single","Master"
106934,"Male","Asian","No","No","Married","High School"
102041,"Male","Asian","No","No","Single","Doctorate"
107993,"Female","White","No","Prefer Not to Say","Divorced","Bachelor"
109434,"Male","Hispanic or Latino","Prefer Not to Say","No","Divorced","High School"
101185,"Male","White","No","No","Married","High School"
106403,"Female","White","No","Yes","Married","Master"
102150,"Male","Hispanic or Latino","No","No","Single","Doctorate"
104313,"Male","White","Yes","No","Married","Bachelor"
103901,"Male","Asian","No","No","Married","Doctorate"
103042,"Female","Asian","No","No","Married","Bachelor"
100563,"Male","White","No","No","Married","Master"
107597,"Female","White","No","No","Married","Bachelor"
100705,"Female","Hispanic or Latino","No","No","Married","Bachelor"
102986,"Female","Asian","No","No","Divorced","Bachelor"
108544,"Female","Asian","No","No","Single","High School"
104163,"Male","White","No","No","Single","Associate"
106518,"Male","White","No","No","Single","High School"
109235,"Female","Asian","No","No","Single","Bachelor"
107052,"Male","White","No","No","Married","Bachelor"
108454,"Male","Asian","No","No","Single","Bachelor"
104890,"Female","Asian","Prefer Not to Say","No","Single","Bachelor"
107351,"Male","White","No","No","Married","High School"
100502,"Female","Hispanic or Latino","No","No","Single","Bachelor"
104030,"Female","Two or More Races","No","No","Single","Bachelor"
102059,"Male","Asian","No","No","Married","Master"
103797,"Female","Asian","No","No","Single","Bachelor"
103263,"Female","Asian","No","No","Married","Bachelor"
103794,"Female","Black or African American","No","No","Married","Master"
103125,"Female","Asian","No","No","Single","Bachelor"
105481,"Female","Hispanic or Latino","No","No","Single","Bachelor"
105876,"Female","Black or African American","No","No","Married","Bachelor"
104243,"Female","Asian","No","No","Married","Master"
103134,"Male","Asian","No","No","Married","Bachelor"
106171,"Male","Black or African American","Yes","No","Single","Bachelor"
106544,"Female","White","No","No","Married","Master"
104270,"Male","Asian","No","Prefer Not to Say","Single","High School"
108297,"Female","White","No","No","Prefer Not to Say","Bachelor"
104558,"Female","Black or African American","No","No","Married","Master"
109936,"Male","American Indian or Alaska Native","No","Yes","Single","High School"
103934,"Male","Prefer Not to Say","No","No","Married","Bachelor"
109773,"Male","Asian","No","Prefer Not to Say","Single","Doctorate"
102350,"Male","Two or More Races","No","No","Single","Doctorate"
108206,"Female","White","No","No","Married","Associate"
109877,"Male","White","No","No","Single","Bachelor"
106631,"Male","Prefer Not to Say","No","No","Married","Bachelor"
102960,"Female","White","No","No","Married","Bachelor"
109140,"Male","Two or More Races","No","No","Single","Bachelor"
109276,"Male","White","No","No","Married","Bachelor"
105026,"Male","Hispanic or Latino","No","No","Single","Master"
106739,"Female","Asian","No","No","Married","Bachelor"
108926,"Female","Two or More Races","No","No","Married","Bachelor"
108156,"Male","Asian","No","No","Married","Bachelor"
102892,"Female","Prefer Not to Say","No","No","Divorced","Associate"
104453,"Male","Hispanic or Latino","No","No","Married","Bachelor"
106156,"Male","Asian","No","No","Divorced","Associate"
105565,"Male","White","No","No","Married","Bachelor"
109787,"Female","White","No","No","Single","Associate"
105789,"Male","Hispanic or Latino","Prefer Not to Say","No","Married","Bachelor"
104096,"Male","Hispanic or Latino","Prefer Not to Say","No","Single","Master"
109040,"Male","Hispanic or Latino","No","No","Married","Bachelor"
103310,"Male","White","Yes","No","Single","Master"
101888,"Female","American Indian or Alaska Native","No","No","Married","Bachelor"
100161,"Female","Black or African American","No","No","Married","Bachelor"
100550,"Male","White","No","No","Prefer Not to Say","High School"
104857,"Female","Black or African American","No","No","Married","Associate"
104104,"Male","White","No","No","Single","High School"
109271,"Male","White","Yes","No","Married","Bachelor"
109358,"Female","Hispanic or Latino","No","No","Married","Master"
101425,"Female","Hispanic or Latino","No","No","Married","Bachelor"
104694,"Female","Two or More Races","No","No","Single","High School"
102818,"Female","Black or African American","No","No","Single","Doctorate"
109349,"Male","Hispanic or Latino","No","No","Married","Master"
104567,"Male","Black or African American","No","No","Married","Master"
101544,"Female","White","No","No","Married","Doctorate"
101461,"Male","Black or African American","No","No","Single","Bachelor"
104899,"Male","Black or African American","Yes","No","Single","Associate"
109695,"Male","White","No","No","Married","Bachelor"
105835,"Male","White","No","No","Prefer Not to Say","Bachelor"
106785,"Female","Asian","No","No","Single","High School"
105008,"Female","Two or More Races","No","No","Married","Bachelor"
101020,"Female","Hispanic or Latino","No","No","Divorced","Associate"
106701,"Male","Two or More Races","No","No","Single","Master"
108551,"Female","White","No","No","Married","Master"
105216,"Male","White","Yes","No","Prefer Not to Say","Bachelor"
109805,"Female","White","No","No","Single","Associate"
101618,"Male","Hispanic or Latino","No","No","Married","Doctorate"
100094,"Female","Black or African American","No","No","Married","Master"
101028,"Female","White","No","No","Married","Bachelor"
102250,"Female","Asian","No","No","Single","Associate"
109069,"Male","White","No","No","Single","High School"
102283,"Female","Two or More Races","No","No","Divorced","Bachelor"
101491,"Female","Hispanic or Latino","No","Yes","Married","Bachelor"
106735,"Female","Black or African American","No","Yes","Married","Master"
106685,"Male","Black or African American","No","Yes","Married","Master"
103679,"Male","White","No","No","Single","Master"
100937,"Female","Hispanic or Latino","No","No","Married","Bachelor"
106797,"Male","Asian","No","No","Married","Bachelor"
109291,"Female","White","No","No","Married","Master"
102016,"Male","White","Yes","No","Single","Bachelor"
106106,"Male","White","No","No","Married","Bachelor"
102071,"Female","Two or More Races","No","Prefer Not to Say","Married","Master"
103936,"Female","Asian","No","No","Single","Doctorate"
107034,"Male","White","No","No","Single","Master"
100797,"Male","White","Prefer Not to Say","No","Single","Doctorate"
107288,"Female","Native Hawaiian or Pacific Islander","No","No","Single","Bachelor"
108979,"Female","Hispanic or Latino","No","No","Single","Master"
102029,"Female","Hispanic or Latino","No","No","Prefer Not to Say","Master"
100559,"Male","Black or African American","No","No","Single","Doctorate"
102003,"Female","White","No","No","Divorced","Bachelor"
107578,"Female","Prefer Not to Say","No","No","Single","Master"
104087,"Female","Hispanic or Latino","No","No","Single","Bachelor"
101868,"Female","Hispanic or Latino","No","Yes","Married","Master"
109401,"Female","Hispanic or Latino","No","No","Single","Master"
109908,"Male","White","No","No","Single","High School"
106786,"Male","Hispanic or Latino","No","No","Single","Master"
108259,"Male","Asian","No","No","Single","Bachelor"
103958,"Female","Asian","No","No","Married","High School"
107406,"Male","Hispanic or Latino","No","No","Prefer Not to Say","Master"
105361,"Female","Black or African American","No","No","Prefer Not to Say","Bachelor"
102516,"Female","White","No","No","Married","Master"
102667,"Female","Two or More Races","No","No","Single","Master"
109413,"Female","Hispanic or Latino","No","No","Single","Master"
105104,"Male","Hispanic or Latino","No","No","Married","Bachelor"
109705,"Female","White","No","No","Single","Master"
104090,"Female","Two or More Races","No","No","Married","Bachelor"
101181,"Male","Hispanic or Latino","No","No","Divorced","Master"
108742,"Female","White","No","No","Married","Associate"
103620,"Female","Prefer Not to Say","Yes","No","Single","Associate"
100492,"Female","Asian","No","No","Married","Bachelor"
101747,"Male","Hispanic or Latino","No","No","Married","Master"
106559,"Female","White","Yes","No","Married","Bachelor"
107328,"Male","Two or More Races","No","No","Single","High School"
107482,"Male","Asian","Prefer Not to Say","No","Single","Bachelor"
108942,"Male","White","No","Yes","Married","Associate"
102235,"Female","Asian","No","No","Single","Master"
109064,"Female","Prefer Not to Say","Yes","No","Married","Associate"
108589,"Male","Two or More Races","Yes","No","Prefer Not to Say","Associate"
100943,"Male","Prefer Not to Say","No","Yes","Single","Bachelor"
102842,"Female","Asian","No","No","Prefer Not to Say","Associate"
104446,"Female","White","Prefer Not to Say","No","Married","Master"
107777,"Male","Asian","No","No","Single","Bachelor"
103730,"Male","Two or More Races","No","Prefer Not to Say","Divorced","High School"
108992,"Male","Hispanic or Latino","No","No","Married","Associate"
104540,"Male","Asian","No","No","Married","Bachelor"
102642,"Male","White","No","No","Married","High School"
108047,"Male","White","No","No","Married","Doctorate"
101640,"Male","Asian","No","No","Divorced","Master"
103315,"Male","Two or More Races","No","No","Single","High School"
105268,"Male","White","No","No","Single","Bachelor"
105231,"Male","Prefer Not to Say","No","No","Married","Bachelor"
109260,"Female","White","No","No","Single","Bachelor"
104932,"Female","White","No","No","Married","Master"
103894,"Male","Black or African American","No","No","Divorced","Associate"
101510,"Male","Asian","No","No","Single","Master"
109778,"Male","White","No","Yes","Divorced","Associate"
106267,"Female","Asian","No","No","Single","Bachelor"
103750,"Female","Black or African American","No","No","Single","Bachelor"
105910,"Male","White","No","No","Single","Master"
106093,"Male","White","No","No","Prefer Not to Say","High School"
106337,"Female","White","No","No","Married","Associate"
106133,"Male","Black or African American","No","Yes","Married","High School"
101113,"Male","Hispanic or Latino","No","No","Married","Master"
107440,"Male","White","No","No","Divorced","Bachelor"
108909,"Female","White","No","No","Single","Master"
109341,"Male","White","No","No","Single","Bachelor"
107452,"Non-Binary","Hispanic or Latino","No","No","Married","Bachelor"
107060,"Female","White","No","No","Divorced","Associate"
107519,"Female","White","No","No","Married","High School"
100788,"Female","White","Yes","No","Prefer Not to Say","Associate"
104422,"Female","White","No","No","Single","Associate"
106370,"Female","Two or More Races","No","No","Married","Bachelor"
106992,"Female","Black or African American","No","No","Single","Master"
105302,"Female","Black or African American","No","No","Single","Bachelor"
100468,"Female","White","No","No","Married","Master"
106359,"Female","Hispanic or Latino","No","No","Single","Master"
109378,"Male","Hispanic or Latino","No","Prefer Not to Say","Divorced","Bachelor"
108428,"Female","White","No","No","Single","Bachelor"
105148,"Female","Black or African American","No","No","Single","Master"
107428,"Male","White","No","No","Single","High School"
101427,"Male","Hispanic or Latino","Yes","No","Single","Associate"
109712,"Male","Asian","No","No","Married","Master"
108718,"Male","White","Yes","No","Married","Master"
106886,"Female","White","No","No","Single","Associate"
104373,"Female","Asian","No","No","Single","Master"
105483,"Female","Black or African American","No","No","Single","Master"
108056,"Female","Black or African American","No","Yes","Single","Bachelor"
106838,"Female","Prefer Not to Say","No","No","Prefer Not to Say","Master"
108668,"Female","Two or More Races","No","No","Married","Bachelor"
107799,"Male","Hispanic or Latino","No","No","Divorced","Bachelor"
108142,"Female","Prefer Not to Say","No","Prefer Not to Say","Married","Associate"
100540,"Female","Asian","No","No","Single","Bachelor"
103160,"Female","Two or More Races","No","No","Single","Bachelor"
101395,"Male","Black or African American","Yes","No","Single","Associate"
101936,"Male","Hispanic or Latino","No","No","Married","Bachelor"
102753,"Male","Black or African American","No","No","Single","Associate"
105082,"Female","Asian","No","No","Married","Associate"
104037,"Female","Hispanic or Latino","No","No","Married","High School"
104323,"Female","White","No","No","Married","Bachelor"
109788,"Female","White","No","No","Married","Associate"
105964,"Female","White","No","No","Prefer Not to Say","Associate"
108834,"Male","Black or African American","No","No","Married","Master"
106960,"Female","Asian","No","No","Single","Bachelor"
106743,"Female","Hispanic or Latino","No","Prefer Not to Say","Single","Bachelor"
108980,"Female","Hispanic or Latino","No","No","Single","Bachelor"
106000,"Male","White","No","No","Single","Bachelor"
101757,"Female","White","No","No","Married","Bachelor"
101559,"Female","Hispanic or Latino","No","No","Married","Associate"
109542,"Male","Two or More Races","No","No","Married","Bachelor"
104560,"Male","White","No","No","Single","Bachelor"
103404,"Male","Asian","No","No","Divorced","High School"
103501,"Female","Asian","No","No","Single","Bachelor"
107285,"Female","Hispanic or Latino","Prefer Not to Say","No","Single","Associate"
103459,"Female","American Indian or Alaska Native","No","No","Single","Associate"
104573,"Male","Hispanic or Latino","No","No","Married","Associate"
109986,"Female","Asian","No","No","Single","Bachelor"
103029,"Male","Asian","No","No","Married","Bachelor"
101364,"Male","White","No","No","Married","High School"
101754,"Female","White","Yes","No","Married","Master"
103051,"Male","Two or More Races","No","No","Divorced","Associate"
105734,"Male","Asian","No","No","Single","Master"
109562,"Male","White","No","No","Married","Doctorate"
107539,"Female","Prefer Not to Say","No","No","Divorced","Bachelor"
102228,"Male","Asian","No","Prefer Not to Say","Married","High School"
104259,"Male","Asian","No","No","Single","Master"
101046,"Male","Black or African American","No","No","Divorced","High School"
106604,"Female","Prefer Not to Say","No","No","Single","Bachelor"
106292,"Male","Asian","No","No","Married","Master"
104111,"Male","White","Yes","No","Single","Bachelor"
102190,"Male","White","No","No","Married","Doctorate"
102387,"Male","Asian","No","No","Married","Bachelor"
106779,"Non-Binary","Black or African American","No","No","Married","Bachelor"
108799,"Female","Hispanic or Latino","No","No","Married","High School"
105681,"Female","Black or African American","No","No","Married","Bachelor"
107737,"Male","Hispanic or Latino","No","No","Married","Master"
103425,"Male","Hispanic or Latino","No","No","Single","Master"
104193,"Male","Black or African American","Prefer Not to Say","No","Married","High School"
108044,"Male","Hispanic or Latino","No","No","Married","Bachelor"
102263,"Female","White","No","Yes","Prefer Not to Say","Bachelor"
104751,"Female","Asian","No","No","Married","High School"
101612,"Non-Binary","Black or African American","No","No","Married","Associate"
108664,"Male","White","No","No","Married","Bachelor"
107724,"Male","White","No","No","Married","Bachelor"
101852,"Female","Asian","No","No","Married","Master"
108039,"Female","Asian","No","Yes","Prefer Not to Say","Bachelor"
101504,"Female","Black or African American","No","No","Single","Bachelor"
103562,"Male","Hispanic or Latino","No","No","Single","Associate"
103539,"Female","Asian","No","No","Married","High School"
108910,"Female","White","No","No","Married","Bachelor"
108082,"Male","Black or African American","No","Yes","Single","High School"
102895,"Female","Two or More Races","No","No","Married","Bachelor"
105993,"Male","White","No","No","Single","Bachelor"
107502,"Male","White","No","Prefer Not to Say","Single","Associate"
108542,"Male","Prefer Not to Say","No","No","Single","Master"
101969,"Female","Asian","No","No","Married","Master"
100657,"Non-Binary","Hispanic or Latino","Prefer Not to Say","No","Divorced","High School"
108183,"Female","Hispanic or Latino","No","No","Single","Master"
109541,"Male","Asian","No","No","Married","Master"
109113,"Male","Hispanic or Latino","No","No","Divorced","Bachelor"
107650,"Female","Hispanic or Latino","No","No","Married","High School"
106811,"Female","White","No","No","Single","Bachelor"
103659,"Female","White","No","No","Married","Doctorate"
100169,"Male","White","No","No","Divorced","Master"
100846,"Male","Hispanic or Latino","No","No","Married","Bachelor"
108151,"Female","White","No","No","Divorced","Master"
102197,"Male","White","No","No","Married","High School"
101877,"Male","Hispanic or Latino","No","No","Married","Bachelor"
100742,"Male","White","No","No","Married","Associate"
104236,"Male","Asian","No","Prefer Not to Say","Married","Master"
100724,"Female","American Indian or Alaska Native","No","No","Married","Associate"
107942,"Female","Two or More Races","No","No","Single","Master"
104604,"Female","Hispanic or Latino","Yes","No","Married","Bachelor"
102275,"Female","Hispanic or Latino","No","Prefer Not to Say","Single","High School"
102347,"Female","Prefer Not to Say","No","No","Married","Associate"
104996,"Female","Asian","No","No","Single","Bachelor"
108438,"Female","White","No","No","Single","Master"
105062,"Male","White","No","No","Single","Bachelor"
108744,"Female","Black or African American","No","No","Single","High School"
104391,"Female","Black or African American","No","No","Married","Master"
104514,"Male","Asian","No","No","Married","Associate"
103513,"Female","White","No","No","Single","Bachelor"
107520,"Male","Asian","No","No","Married","Bachelor"
100141,"Male","Asian","No","No","Married","Master"
100250,"Male","Hispanic or Latino","Yes","No","Married","Master"
104518,"Female","Asian","No","No","Single","Doctorate"
102665,"Male","White","No","No","Married","Bachelor"
100674,"Female","Two or More Races","No","No","Divorced","Bachelor"
103975,"Female","Black or African American","No","No","Single","High School"
103002,"Male","Prefer Not to Say","No","No","Single","Master"
108856,"Male","Asian","No","No","Married","High School"
105472,"Female","Hispanic or Latino","No","No","Single","Master"
104284,"Female","Asian","No","No","Single","Bachelor"
108688,"Female","Black or African American","No","No","Single","Master"
100044,"Male","Asian","No","No","Single","Bachelor"
103552,"Female","Hispanic or Latino","No","No","Single","Bachelor"
100864,"Female","Hispanic or Latino","No","No","Single","Bachelor"
109324,"Male","White","No","No","Single","Master"
101290,"Non-Binary","Black or African American","No","No","Prefer Not to Say","High School"
101991,"Female","White","No","Yes","Divorced","Bachelor"
101391,"Female","White","No","No","Married","Doctorate"
106867,"Male","Asian","No","No","Married","Bachelor"
104432,"Female","White","No","No","Married","Master"
103250,"Female","White","No","No","Divorced","Master"
102824,"Male","American Indian or Alaska Native","No","No","Single","Associate"
101691,"Male","White","No","No","Married","Bachelor"
109728,"Female","White","No","No","Married","Doctorate"
105050,"Male","Hispanic or Latino","No","No","Married","Master"
102083,"Female","Two or More Races","No","No","Married","Master"
103594,"Female","Black or African American","No","No","Single","Doctorate"
109746,"Female","White","No","No","Single","Master"
109739,"Female","Asian","No","No","Married","High School"
100216,"Female","Black or African American","No","No","Divorced","Master"
104764,"Female","Hispanic or Latino","No","No","Married","Master"
109327,"Male","White","Yes","No","Single","Bachelor"
105676,"Female","Asian","No","No","Single","Bachelor"
108621,"Male","White","No","No","Single","Doctorate"
105332,"Female","Hispanic or Latino","No","No","Single","Bachelor"
105205,"Female","Asian","No","Prefer Not to Say","Single","Bachelor"
109157,"Male","Asian","No","No","Prefer Not to Say","High School"
102312,"Female","White","No","No","Married","High School"
101568,"Male","White","No","No","Married","Master"
105278,"Male","Hispanic or Latino","No","No","Married","Bachelor"
105434,"Female","Hispanic or Latino","Yes","No","Divorced","Master"
100401,"Female","Black or African American","No","Prefer Not to Say","Married","Associate"
100905,"Female","White","No","No","Married","Bachelor"
101215,"Male","Prefer Not to Say","No","No","Single","Bachelor"
104612,"Non-Binary","White","No","No","Single","High School"
108496,"Male","Black or African American","No","Prefer Not to Say","Married","Bachelor"
105500,"Male","Asian","No","No","Single","Master"
106645,"Female","Hispanic or Latino","No","Prefer Not to Say","Single","Associate"
100539,"Female","Asian","No","No","Married","Bachelor"
105291,"Male","Black or African American","No","No","Single","Bachelor"
101055,"Male","Asian","No","No","Married","High School"
105017,"Female","Hispanic or Latino","No","Yes","Divorced","Associate"
104808,"Male","White","No","No","Single","Bachelor"
104640,"Female","Prefer Not to Say","No","No","Divorced","Bachelor"
105395,"Female","White","No","No","Single","Associate"
101531,"Female","Hispanic or Latino","No","No","Divorced","Bachelor"
109680,"Female","Hispanic or Latino","No","No","Single","Master"
107677,"Female","Black or African American","No","No","Married","Master"
101119,"Male","Asian","No","No","Married","Associate"
106323,"Male","Asian","Yes","No","Single","Bachelor"
100913,"Male","White","No","No","Married","Master"
103615,"Female","Black or African American","No","No","Single","Bachelor"
103300,"Female","Prefer Not to Say","Yes","No","Single","Bachelor"
103208,"Male","Asian","No","No","Single","Bachelor"
103677,"Male","Asian","No","No","Married","Bachelor"
108256,"Male","Hispanic or Latino","No","No","Single","Associate"
102696,"Female","White","No","No","Single","Master"
107242,"Female","Black or African American","No","No","Married","Master"
106850,"Male","Hispanic or Latino","No","No","Married","Associate"
103079,"Female","Two or More Races","No","Yes","Married","Bachelor"
103260,"Female","Hispanic or Latino","No","No","Single","High School"
101379,"Male","Asian","No","No","Married","Bachelor"
101957,"Female","White","No","No","Divorced","Associate"
108708,"Male","Black or African American","No","No","Married","Bachelor"
109447,"Female","Black or African American","No","No","Single","High School"
107350,"Male","White","No","No","Married","Doctorate"
104410,"Male","Two or More Races","No","No","Single","High School"
105447,"Male","White","No","No","Single","Master"
105399,"Male","White","No","No","Single","Bachelor"
101751,"Female","White","No","No","Married","Associate"
107595,"Male","Hispanic or Latino","No","No","Single","Bachelor"
104421,"Male","Two or More Races","No","No","Single","Bachelor"
105511,"Female","Asian","No","No","Single","High School"
100324,"Female","White","No","Yes","Single","Master"
105409,"Male","White","No","No","Married","Bachelor"
103933,"Male","White","No","No","Married","Associate"
102855,"Female","Black or African American","No","No","Prefer Not to Say","Bachelor"
105602,"Male","White","No","No","Single","Associate"
106239,"Male","Asian","No","No","Single","Associate"
108709,"Female","Hispanic or Latino","No","No","Single","Bachelor"
107730,"Female","Native Hawaiian or Pacific Islander","No","No","Single","High School"
105811,"Female","White","No","No","Married","Bachelor"
108373,"Non-Binary","White","No","No","Single","Associate"
102409,"Female","American Indian or Alaska Native","No","No","Single","Bachelor"
103588,"Male","White","No","No","Married","Associate"
106815,"Female","Black or African American","No","No","Married","Bachelor"
108149,"Male","Prefer Not to Say","No","No","Married","Bachelor"
105700,"Male","White","No","No","Single","High School"
108893,"Male","Asian","No","No","Married","High School"
106772,"Female","Prefer Not to Say","No","No","Single","Associate"
107286,"Male","Two or More Races","Yes","No","Single","Associate"
106842,"Male","White","No","No","Married","High School"
106732,"Male","Hispanic or Latino","No","No","Single","Master"
100928,"Male","Asian","No","Prefer Not to Say","Single","High School"
101307,"Female","White","No","No","Single","Bachelor"
104242,"Male","Hispanic or Latino","No","No","Divorced","Bachelor"
101304,"Male","Prefer Not to Say","No","No","Married","Associate"
107629,"Male","Asian","No","No","Married","Master"
100499,"Male","White","No","No","Divorced","Associate"
108343,"Female","Black or African American","No","No","Single","High School"
101925,"Male","White","No","Prefer Not to Say","Married","Bachelor"
101644,"Non-Binary","Hispanic or Latino","No","Prefer Not to Say","Married","Master"
109926,"Male","White","No","No","Married","High School"
104522,"Female","White","No","No","Married","Master"
103288,"Male","White","No","No","Prefer Not to Say","Associate"
100475,"Male","Hispanic or Latino","No","No","Married","Associate"
101319,"Male","White","No","Yes","Divorced","Master"
105670,"Female","White","No","No","Married","Associate"
108997,"Female","Black or African American","No","No","Single","Bachelor"
107751,"Female","Asian","No","Yes","Single","Bachelor"
100090,"Male","White","No","No","Married","Bachelor"
103224,"Male","Black or African American","No","No","Single","High School"
100289,"Male","White","No","No","Married","Master"
102799,"Male","White","No","No","Married","Master"
104176,"Female","Black or African American","No","No","Married","Bachelor"
104276,"Female","Asian","No","No","Prefer Not to Say","Bachelor"
100318,"Male","White","No","No","Single","Doctorate"
102128,"Female","White","No","No","Single","Bachelor"
100751,"Male","Hispanic or Latino","No","No","Married","Bachelor"
102652,"Male","White","No","No","Prefer Not to Say","Bachelor"
103888,"Male","White","No","No","Prefer Not to Say","Master"
104842,"Female","White","No","No","Divorced","Bachelor"
109402,"Female","Hispanic or Latino","No","No","Divorced","Bachelor"
100957,"Male","Asian","No","No","Married","High School"
105519,"Male","Hispanic or Latino","Prefer Not to Say","No","Divorced","Bachelor"
104847,"Male","White","No","No","Single","Master"
109650,"Male","Hispanic or Latino","No","No","Married","Bachelor"
105336,"Female","White","No","No","Single","Bachelor"
102827,"Female","White","No","Prefer Not to Say","Single","High School"
102464,"Female","Asian","No","No","Divorced","Master"
108819,"Male","Asian","No","No","Married","Bachelor"
100253,"Male","White","No","No","Single","Bachelor"
108715,"Male","Black or African American","No","No","Married","Bachelor"
109774,"Male","Prefer Not to Say","No","No","Prefer Not to Say","Bachelor"
108613,"Female","Hispanic or Latino","No","No","Married","Bachelor"
108936,"Male","White","No","No","Married","Master"
100930,"Female","White","No","No","Married","Bachelor"
109375,"Male","White","No","No","Married","Associate"
104392,"Male","Hispanic or Latino","No","No","Married","Bachelor"
109535,"Female","Black or African American","No","No","Single","Bachelor"
105360,"Female","Asian","No","Yes","Married","Bachelor"
105698,"Male","Black or African American","No","No","Single","High School"
106321,"Female","Hispanic or Latino","Prefer Not to Say","No","Single","Master"
104785,"Female","Asian","No","No","Married","Doctorate"
104846,"Female","White","No","Yes","Married","Associate"
100349,"Female","White","No","No","Single","Bachelor"
102147,"Female","White","No","No","Married","Bachelor"
101693,"Female","Hispanic or Latino","No","No","Prefer Not to Say","Doctorate"
107894,"Non-Binary","White","No","No","Single","High School"
105762,"Male","Hispanic or Latino","No","No","Married","High School"
108262,"Female","Asian","No","No","Single","High School"
101034,"Male","Asian","No","No","Married","Bachelor"
103553,"Female","Asian","No","No","Divorced","High School"
103415,"Male","White","No","No","Divorced","Master"
109702,"Male","Asian","No","No","Divorced","Associate"
100173,"Male","White","No","No","Single","Bachelor"
109846,"Female","Hispanic or Latino","Yes","Yes","Married","Associate"
107687,"Non-Binary","White","No","No","Married","Bachelor"
108733,"Female","White","No","No","Married","High School"
105659,"Female","Black or African American","No","No","Single","High School"
101082,"Male","Black or African American","No","No","Single","Bachelor"
107206,"Female","White","No","Yes","Prefer Not to Say","Bachelor"
102801,"Male","Hispanic or Latino","No","No","Single","Bachelor"
102319,"Female","Hispanic or Latino","No","No","Married","Bachelor"
101889,"Male","White","No","No","Single","Master"
100088,"Female","Black or African American","No","No","Married","High School"
109641,"Female","White","No","No","Married","Doctorate"
109321,"Male","Prefer Not to Say","No","No","Divorced","Bachelor"
103175,"Male","White","No","Yes","Single","Master"
107581,"Male","White","No","No","Married","Doctorate"
108374,"Male","Hispanic or Latino","No","No","Single","Bachelor"
107020,"Male","White","No","No","Married","Bachelor"
102774,"Female","Prefer Not to Say","No","No","Married","Bachelor"
102094,"Non-Binary","American Indian or Alaska Native","No","No","Married","Bachelor"
109694,"Male","Asian","No","No","Married","Associate"
106284,"Female","Two or More Races","No","No","Married","Bachelor"
107048,"Female","Hispanic or Latino","No","Prefer Not to Say","Married","Master"
101589,"Male","Hispanic or Latino","No","No","Married","Bachelor"
104021,"Female","Asian","No","No","Single","Bachelor"
108611,"Non-Binary","Asian","No","No","Single","Bachelor"
101577,"Female","Asian","No","No","Married","Bachelor"
108268,"Female","White","Yes","No","Married","Bachelor"
109444,"Male","Hispanic or Latino","No","No","Married","Associate"
105213,"Female","Hispanic or Latino","No","No","Divorced","High School"
103637,"Female","White","No","No","Married","Associate"
100086,"Female","White","No","No","Married","Bachelor"
108830,"Male","Hispanic or Latino","No","No","Married","Associate"
104383,"Male","Hispanic or Latino","No","No","Single","High School"
106768,"Male","Black or African American","No","No","Single","Bachelor"
100892,"Male","Hispanic or Latino","No","No","Married","High School"
101363,"Male","Two or More Races","No","Yes","Married","Bachelor"
100551,"Female","White","No","Prefer Not to Say","Single","Master"
103998,"Female","Prefer Not to Say","Yes","No","Single","Bachelor"
100172,"Male","Asian","No","No","Married","Master"
109864,"Male","White","Prefer Not to Say","No","Prefer Not to Say","Master"
107936,"Male","Hispanic or Latino","Prefer Not to Say","No","Single","Bachelor"
106587,"Male","Black or African American","No","No","Married","High School"
109054,"Female","Two or More Races","No","No","Married","Bachelor"
107381,"Male","White","No","No","Single","Master"
107840,"Female","White","No","Prefer Not to Say","Divorced","Bachelor"
102631,"Male","Prefer Not to Say","No","No","Married","Master"
104443,"Female","Black or African American","No","No","Single","Doctorate"
102860,"Female","Hispanic or Latino","No","No","Single","Associate"
103980,"Male","Hispanic or Latino","No","No","Married","Bachelor"
102769,"Male","Hispanic or Latino","No","No","Divorced","High School"
100578,"Female","White","No","No","Single","Bachelor"
103867,"Female","Black or African American","No","Prefer Not to Say","Married","High School"
100204,"Female","Asian","No","No","Married","Bachelor"
102602,"Male","Prefer Not to Say","No","No","Single","Master"
102891,"Male","White","No","No","Married","Bachelor"
107855,"Female","White","No","Prefer Not to Say","Married","High School"
104812,"Female","Black or African American","No","Prefer Not to Say","Married","Master"
102630,"Male","Hispanic or Latino","Prefer Not to Say","No","Married","High School"
105871,"Male","White","No","No","Single","Master"
103301,"Female","White","No","No","Single","Bachelor"
104708,"Male","Hispanic or Latino","No","No","Married","High School"
107902,"Male","Asian","No","No","Single","Bachelor"
107835,"Female","White","No","No","Married","Bachelor"
109554,"Non-Binary","Asian","No","No","Married","Bachelor"
106317,"Male","Two or More Races","No","No","Single","Master"
107963,"Female","Asian","No","No","Married","Bachelor"
104509,"Male","Asian","No","No","Married","High School"
100636,"Female","White","No","No","Single","Bachelor"
100016,"Male","Hispanic or Latino","No","No","Married","High School"
102539,"Male","White","No","No","Single","Master"
102047,"Male","White","No","No","Married","Bachelor"
103783,"Female","Black or African American","No","No","Divorced","Master"
101540,"Male","White","No","No","Married","Master"
107839,"Male","Hispanic or Latino","No","No","Married","Bachelor"
101681,"Male","Asian","No","Yes","Married","Master"
104777,"Male","Hispanic or Latino","No","No","Married","Associate"
101173,"Male","Black or African American","No","No","Single","Bachelor"
106965,"Male","White","No","No","Married","Associate"
108153,"Male","Asian","Prefer Not to Say","No","Single","Doctorate"
107188,"Male","White","No","No","Prefer Not to Say","Bachelor"
105048,"Female","Black or African American","Prefer Not to Say","Prefer Not to Say","Divorced","Master"
106795,"Male","White","No","No","Married","Bachelor"
101760,"Female","Hispanic or Latino","No","No","Married","Bachelor"
100808,"Female","White","No","No","Single","Doctorate"
102966,"Female","Black or African American","No","No","Married","Master"
102954,"Male","Hispanic or Latino","No","No","Single","Associate"
108288,"Male","Hispanic or Latino","No","No","Single","Bachelor"
107607,"Female","Hispanic or Latino","No","No","Single","High School"
104218,"Female","White","No","No","Married","High School"
101169,"Male","Hispanic or Latino","No","No","Married","High School"
100495,"Female","Asian","Prefer Not to Say","No","Single","Associate"
105222,"Male","White","No","No","Single","Associate"
102583,"Male","Black or African American","No","No","Single","Bachelor"
103748,"Female","American Indian or Alaska Native","No","No","Married","Doctorate"
109858,"Male","Hispanic or Latino","No","No","Married","Associate"
105206,"Male","Black or African American","No","No","Married","Master"
105518,"Female","Two or More Races","No","No","Single","Bachelor"
107078,"Male","Hispanic or Latino","No","No","Single","Bachelor"
101309,"Male","Asian","No","No","Divorced","High School"
109995,"Male","Asian","Yes","No","Single","High School"
103226,"Male","Hispanic or Latino","No","Yes","Married","Bachelor"
105816,"Male","Asian","No","No","Single","Bachelor"
101621,"Female","White","No","No","Single","High School"
101797,"Female","Black or African American","No","No","Married","Associate"
109589,"Male","Hispanic or Latino","No","No","Divorced","Bachelor"
105643,"Female","Asian","No","No","Divorced","Master"
105346,"Male","Asian","No","No","Single","Master"
109012,"Male","White","No","No","Married","Bachelor"
109166,"Female","Two or More Races","No","No","Married","Associate"
109052,"Male","Hispanic or Latino","No","No","Single","Bachelor"
108132,"Female","Prefer Not to Say","No","No","Prefer Not to Say","Bachelor"
108695,"Male","Asian","No","No","Married","Bachelor"
102214,"Female","White","No","No","Married","High School"
105649,"Male","Asian","No","No","Prefer Not to Say","Bachelor"
101262,"Non-Binary","Hispanic or Latino","No","No","Married","Master"
106162,"Male","Hispanic or Latino","No","No","Married","High School"
109457,"Female","Hispanic or Latino","No","Prefer Not to Say","Prefer Not to Say","Bachelor"
101051,"Male","Hispanic or Latino","No","No","Divorced","Master"
103787,"Female","White","No","No","Married","Doctorate"
104395,"Male","White","No","No","Single","Bachelor"
105840,"Female","Black or African American","No","No","Single","Associate"
108488,"Female","White","No","No","Married","Bachelor"
109487,"Male","Asian","No","No","Married","Associate"
109756,"Female","White","Prefer Not to Say","No","Married","Bachelor"
106609,"Male","White","No","No","Single","Master"
101524,"Male","White","No","No","Single","Bachelor"
105690,"Male","White","No","Prefer Not to Say","Married","High School"
108584,"Female","White","No","No","Married","High School"
104016,"Male","White","No","No","Prefer Not to Say","Bachelor"
100811,"Male","Black or African American","No","No","Single","Master"
104474,"Male","Hispanic or Latino","No","No","Married","Doctorate"
100642,"Female","Black or African American","Yes","No","Single","Master"
105125,"Female","White","Yes","No","Married","Associate"
105843,"Female","White","No","Yes","Divorced","Doctorate"
105808,"Male","Hispanic or Latino","No","No","Married","Bachelor"
109377,"Male","Black or African American","No","No","Married","Associate"
104739,"Female","White","No","Yes","Married","Associate"
103767,"Female","Hispanic or Latino","No","No","Married","Bachelor"
105769,"Female","Black or African American","No","No","Married","Bachelor"
107640,"Female","White","No","No","Single","High School"
109112,"Male","Hispanic or Latino","No","No","Married","Bachelor"
100249,"Female","White","No","No","Married","Master"
107521,"Male","Hispanic or Latino","No","No","Divorced","Bachelor"
101637,"Male","Hispanic or Latino","No","Yes","Married","Bachelor"
109209,"Female","Asian","No","No","Single","Associate"
100967,"Male","White","No","No","Divorced","Master"
109032,"Female","Hispanic or Latino","No","Prefer Not to Say","Single","Bachelor"
100983,"Female","Black or African American","Yes","No","Married","Master"
104032,"Female","Asian","No","No","Married","Bachelor"
105060,"Male","White","No","No","Single","Master"
106621,"Female","Asian","No","No","Single","Bachelor"
109335,"Male","White","No","No","Married","High School"
100497,"Female","White","No","No","Single","Associate"
103525,"Male","White","No","No","Married","Master"
101553,"Male","Prefer Not to Say","No","No","Married","Bachelor"
107786,"Female","White","No","No","Divorced","Bachelor"
102879,"Male","Black or African American","No","No","Married","Bachelor"
105905,"Male","Black or African American","No","No","Single","Bachelor"
107805,"Female","White","No","No","Married","Bachelor"
103646,"Female","White","No","No","Divorced","Associate"
109266,"Male","Two or More Races","No","No","Single","Bachelor"
104296,"Female","White","No","No","Single","Master"
100486,"Male","Black or African American","No","No","Married","Master"
101547,"Female","White","No","No","Prefer Not to Say","Associate"
109922,"Male","Asian","No","No","Single","Bachelor"
104228,"Female","Asian","No","No","Married","Bachelor"
103629,"Male","Hispanic or Latino","No","No","Single","Master"
107714,"Female","White","No","No","Married","Bachelor"
105586,"Male","Asian","No","No","Married","Master"
102909,"Male","American Indian or Alaska Native","No","No","Single","Bachelor"
103063,"Male","White","No","No","Single","Bachelor"
100017,"Female","Black or African American","No","No","Single","Doctorate"
105972,"Female","White","No","No","Married","Bachelor"
104625,"Male","White","No","No","Single","Master"
109412,"Female","Asian","No","No","Single","Bachelor"
105168,"Male","Hispanic or Latino","No","No","Prefer Not to Say","Bachelor"
101909,"Female","White","No","No","Married","High School"
104960,"Female","Hispanic or Latino","No","No","Single","High School"
106536,"Female","Two or More Races","No","Prefer Not to Say","Single","High School"
106943,"Female","Asian","No","No","Married","Associate"
104185,"Male","Asian","No","No","Single","Bachelor"
108826,"Male","Hispanic or Latino","No","No","Prefer Not to Say","Bachelor"
102653,"Female","White","Yes","No","Single","High School"
104611,"Female","Asian","No","No","Divorced","Bachelor"
108030,"Male","White","No","No","Single","Bachelor"
100531,"Male","Prefer Not to Say","No","No","Single","Bachelor"
108087,"Male","Hispanic or Latino","No","No","Prefer Not to Say","Bachelor"
102904,"Female","Hispanic or Latino","No","No","Married","Associate"
107905,"Female","Hispanic or Latino","No","No","Single","Bachelor"
101464,"Female","White","No","No","Married","Bachelor"
106469,"Male","Black or African American","No","Yes","Single","Bachelor"
106058,"Male","Asian","No","Yes","Married","Bachelor"
107478,"Male","Two or More Races","No","No","Single","High School"
100847,"Female","White","No","No","Married","Master"
100991,"Non-Binary","White","No","No","Single","Master"
101556,"Male","Two or More Races","No","No","Single","Bachelor"
108478,"Male","Black or African American","No","No","Married","High School"
106757,"Female","Hispanic or Latino","No","No","Married","High School"
108555,"Male","Prefer Not to Say","No","No","Single","Master"
104633,"Female","Black or African American","No","No","Single","High School"
107411,"Female","White","No","No","Married","High School"
100708,"Female","Asian","No","No","Married","Bachelor"
108372,"Male","Two or More Races","No","No","Married","Bachelor"
104488,"Female","Two or More Races","No","No","Married","Associate"
100149,"Non-Binary","Black or African American","No","No","Married","High School"
100283,"Male","Asian","Prefer Not to Say","No","Single","Master"
104917,"Non-Binary","White","No","No","Married","High School"
101910,"Female","White","Yes","No","Prefer Not to Say","Bachelor"
101298,"Male","Black or African American","No","No","Prefer Not to Say","Master"
106388,"Male","Hispanic or Latino","No","No","Divorced","Bachelor"
107707,"Female","Asian","Yes","No","Single","High School"
104609,"Female","Asian","No","No","Divorced","Bachelor"
106205,"Non-Binary","Prefer Not to Say","No","Yes","Married","Bachelor"
101538,"Female","Hispanic or Latino","No","No","Single","High School"
100809,"Female","White","No","No","Single","High School"
108632,"Male","Hispanic or Latino","No","No","Married","High School"
103369,"Non-Binary","Black or African American","No","Yes","Married","Bachelor"
109161,"Non-Binary","White","No","No","Prefer Not to Say","Bachelor"
104328,"Male","Black or African American","No","Prefer Not to Say","Married","Bachelor"
105132,"Female","White","No","No","Single","Associate"
101843,"Male","White","No","No","Married","Master"
102907,"Male","White","No","No","Single","Master"
100747,"Male","Asian","No","No","Single","Associate"
107099,"Female","Black or African American","No","No","Divorced","High School"
108832,"Female","Hispanic or Latino","No","No","Married","Bachelor"
107291,"Female","White","No","No","Married","Master"
106996,"Male","White","No","No","Married","Associate"
100554,"Male","Black or African American","No","No","Married","Master"
106711,"Male","White","No","No","Divorced","Bachelor"
105911,"Female","Hispanic or Latino","No","No","Single","Bachelor"
100264,"Female","White","No","No","Married","Master"
105063,"Female","White","No","No","Single","High School"
104324,"Male","Asian","No","No","Married","Master"
103777,"Male","Hispanic or Latino","No","No","Married","Bachelor"
107943,"Male","Black or African American","No","No","Married","Bachelor"
105075,"Male","White","No","Yes","Divorced","Master"
108509,"Female","Hispanic or Latino","No","No","Married","Associate"
105479,"Female","Hispanic or Latino","No","No","Married","Master"
108251,"Female","White","No","Yes","Single","High School"
107058,"Male","White","No","No","Single","High School"
100273,"Male","White","No","No","Single","Bachelor"
109224,"Male","Prefer Not to Say","Prefer Not to Say","No","Single","Associate"
105371,"Female","Asian","No","No","Married","High School"
107783,"Female","Black or African American","No","No","Divorced","High School"
104473,"Male","White","No","No","Single","High School"
107360,"Female","White","No","No","Married","High School"
105015,"Male","White","No","No","Married","Bachelor"
108147,"Female","Asian","No","No","Single","Master"
102006,"Female","Black or African American","No","No","Single","Bachelor"
108690,"Female","Black or African American","No","No","Single","Bachelor"
100464,"Female","Asian","No","No","Single","Bachelor"
104766,"Male","Black or African American","No","No","Married","High School"
102490,"Male","White","No","No","Single","High School"
101934,"Male","American Indian or Alaska Native","No","No","Single","Bachelor"
109152,"Male","Asian","No","No","Married","High School"
103089,"Female","White","Yes","No","Married","Bachelor"
104773,"Non-Binary","White","No","No","Single","Bachelor"
108911,"Male","Hispanic or Latino","No","No","Single","Master"
102529,"Male","White","No","No","Single","Master"
107016,"Male","White","No","No","Single","Associate"
109721,"Male","White","No","No","Divorced","Master"
100792,"Male","Two or More Races","No","Prefer Not to Say","Single","Master"
101993,"Female","Black or African American","No","Prefer Not to Say","Married","Master"
109652,"Female","Asian","No","No","Married","High School"
100130,"Female","American Indian or Alaska Native","No","No","Single","Master"
101007,"Female","Hispanic or Latino","No","No","Married","High School"
106936,"Male","Asian","No","No","Prefer Not to Say","High School"
109767,"Female","White","No","No","Married","Bachelor"
102955,"Male","White","No","No","Married","High School"
106608,"Female","White","No","No","Married","Bachelor"
100365,"Female","Asian","Prefer Not to Say","No","Married","Bachelor"
101590,"Male","Black or African American","Prefer Not to Say","No","Married","High School"
104691,"Non-Binary","Native Hawaiian or Pacific Islander","No","No","Married","Master"
102115,"Female","White","Yes","No","Married","Bachelor"
103932,"Female","Two or More Races","No","Prefer Not to Say","Divorced","Master"
109745,"Female","White","No","No","Single","Master"
104743,"Male","Hispanic or Latino","No","No","Single","Associate"
107983,"Female","White","No","No","Married","High School"
106217,"Female","White","No","No","Married","High School"
102713,"Female","White","No","No","Single","Bachelor"
107054,"Female","Asian","No","No","Single","Associate"
100131,"Male","White","No","No","Single","Bachelor"
108107,"Male","White","No","No","Single","High School"
105030,"Female","Hispanic or Latino","No","No","Married","Associate"
104477,"Male","White","No","No","Married","Master"
108635,"Female","Hispanic or Latino","No","No","Single","Bachelor"
102408,"Female","Hispanic or Latino","No","Yes","Married","Master"
108140,"Female","Hispanic or Latino","No","No","Married","Associate"
104740,"Female","Black or African American","No","Prefer Not to Say","Single","High School"
106940,"Male","Asian","No","No","Single","Associate"
106308,"Female","Two or More Races","No","No","Single","Bachelor"
100445,"Male","Black or African American","No","No","Divorced","High School"
106564,"Female","Hispanic or Latino","No","No","Married","Bachelor"
107261,"Female","White","No","No","Single","Doctorate"
107843,"Female","White","Yes","No","Married","Bachelor"
103793,"Female","Black or African American","No","No","Single","Master"
100306,"Male","Asian","No","No","Single","Associate"
106265,"Non-Binary","White","No","Prefer Not to Say","Single","Doctorate"
109227,"Female","Two or More Races","Yes","No","Single","Bachelor"
107451,"Female","Asian","No","No","Divorced","Master"
100032,"Male","Asian","No","No","Married","Associate"
105379,"Female","White","No","No","Single","Bachelor"
100257,"Male","Hispanic or Latino","No","No","Prefer Not to Say","Doctorate"
101723,"Non-Binary","White","No","No","Single","Bachelor"
104520,"Female","Black or African American","No","No","Single","Bachelor"
100001,"Female","White","No","No","Divorced","Doctorate"
102279,"Female","White","No","No","Married","Bachelor"
107896,"Female","Black or African American","No","No","Married","High School"
100342,"Male","White","No","No","Divorced","Bachelor"
108687,"Male","Asian","No","No","Prefer Not to Say","Associate"
109968,"Male","Hispanic or Latino","No","No","Single","High School"
105651,"Male","Hispanic or Latino","No","Prefer Not to Say","Prefer Not to Say","Doctorate"
109024,"Male","White","Yes","Yes","Single","High School"
106190,"Male","Black or African American","Yes","No","Single","Bachelor"
106787,"Female","Hispanic or Latino","Prefer Not to Say","No","Single","Master"
104461,"Male","Native Hawaiian or Pacific Islander","No","No","Divorced","Associate"
104754,"Female","White","No","No","Married","Bachelor"
107174,"Female","White","No","Prefer Not to Say","Married","Bachelor"
101329,"Female","White","No","No","Divorced","Bachelor"
103799,"Female","Black or African American","Yes","No","Married","Associate"
106956,"Female","Black or African American","No","No","Single","Bachelor"
109239,"Female","White","No","No","Single","Associate"
107914,"Male","Black or African American","No","No","Single","Associate"
107973,"Female","Hispanic or Latino","Yes","No","Single","Bachelor"
106188,"Male","Native Hawaiian or Pacific Islander","No","No","Married","Associate"
108712,"Female","White","No","No","Single","Associate"
106628,"Male","Hispanic or Latino","No","No","Married","Bachelor"
100534,"Female","White","No","No","Married","Bachelor"
102967,"Female","Prefer Not to Say","No","No","Single","Associate"
106336,"Female","Asian","Yes","No","Single","Bachelor"
100465,"Female","White","No","No","Married","Associate"
106555,"Male","Hispanic or Latino","No","No","Divorced","Master"
100974,"Female","Two or More Races","No","No","Single","High School"
103782,"Female","Asian","No","No","Single","Bachelor"
104278,"Female","Hispanic or Latino","No","Yes","Married","Master"
104331,"Female","Black or African American","No","No","Single","Master"
103757,"Male","Black or African American","No","No","Married","High School"
101303,"Male","Prefer Not to Say","No","No","Married","Master"
108724,"Male","Hispanic or Latino","No","No","Prefer Not to Say","Master"
101387,"Male","Asian","No","No","Married","Bachelor"
103961,"Female","Two or More Races","No","No","Married","Bachelor"
108941,"Female","White","No","Prefer Not to Say","Married","Bachelor"
106607,"Female","Black or African American","No","No","Married","Bachelor"
107904,"Male","Hispanic or Latino","No","No","Single","High School"
109379,"Male","Two or More Races","No","Yes","Single","Master"
102302,"Female","White","No","No","Married","Bachelor"
103732,"Male","Hispanic or Latino","No","No","Married","Master"
105669,"Male","Black or African American","No","No","Married","Associate"
105881,"Female","Asian","Yes","Prefer Not to Say","Married","Master"
107624,"Male","Hispanic or Latino","No","No","Single","Master"
106802,"Male","Asian","No","No","Married","Bachelor"
105942,"Male","Hispanic or Latino","No","No","Married","Bachelor"
104730,"Male","Prefer Not to Say","No","Prefer Not to Say","Single","Master"
103171,"Non-Binary","White","No","No","Married","Master"
105620,"Female","Asian","No","No","Married","Bachelor"
101692,"Male","Hispanic or Latino","No","No","Single","Doctorate"
106060,"Female","Hispanic or Latino","No","No","Single","Bachelor"
105596,"Female","White","No","No","Married","High School"
101525,"Male","White","No","No","Single","Doctorate"
105359,"Male","Hispanic or Latino","No","No","Married","Associate"
105119,"Non-Binary","Native Hawaiian or Pacific Islander","No","Yes","Single","Master"
100271,"Male","Hispanic or Latino","No","No","Divorced","Bachelor"
100651,"Male","Hispanic or Latino","No","No","Single","Master"
107992,"Female","White","No","No","Married","Master"
100444,"Male","Black or African American","No","No","Single","Master"
105398,"Female","White","No","No","Married","High School"
109061,"Male","White","Prefer Not to Say","No","Married","Bachelor"
106111,"Male","White","No","No","Prefer Not to Say","Bachelor"
105491,"Male","Black or African American","No","No","Married","Associate"
106356,"Male","Hispanic or Latino","No","No","Married","Bachelor"
109593,"Female","Black or African American","No","No","Married","Bachelor"
108556,"Male","Asian","No","No","Single","Master"
101817,"Female","Asian","No","No","Single","Master"
108563,"Male","American Indian or Alaska Native","No","No","Married","Bachelor"
103838,"Male","White","No","No","Married","Bachelor"
100197,"Non-Binary","Asian","No","No","Married","Bachelor"
109110,"Male","Asian","No","No","Divorced","Associate"
108327,"Male","Hispanic or Latino","No","Prefer Not to Say","Married","High School"
109070,"Female","Asian","No","Prefer Not to Say","Single","Bachelor"
103330,"Male","Hispanic or Latino","No","No","Single","Master"
103243,"Female","White","No","No","Single","Bachelor"
100929,"Female","White","No","No","Single","Doctorate"
105344,"Female","White","No","Prefer Not to Say","Married","Doctorate"
105186,"Male","Prefer Not to Say","No","No","Married","Bachelor"
102422,"Female","Two or More Races","No","No","Single","Doctorate"
101689,"Female","Black or African American","Prefer Not to Say","No","Single","Master"
102508,"Male","White","No","No","Married","Bachelor"
103628,"Male","Asian","No","No","Married","Bachelor"
101714,"Non-Binary","White","No","No","Divorced","Bachelor"
106955,"Male","White","No","No","Divorced","Master"
101799,"Non-Binary","Hispanic or Latino","No","No","Married","Master"
109973,"Male","White","No","No","Divorced","Bachelor"
105174,"Female","Asian","No","No","Single","Associate"
104661,"Male","White","No","Prefer Not to Say","Single","Master"
105852,"Male","Two or More Races","No","No","Married","Master"
108339,"Male","Asian","No","Yes","Married","Master"
103735,"Non-Binary","White","No","No","Married","Master"
104972,"Male","White","No","No","Prefer Not to Say","Bachelor"
109178,"Female","Asian","No","No","Single","Bachelor"
105632,"Male","White","No","No","Single","Master"
102878,"Female","White","Yes","No","Married","High School"
100033,"Male","Black or African American","No","No","Single","Bachelor"
106647,"Male","Black or African American","No","No","Single","Bachelor"
100064,"Female","White","No","No","Single","Bachelor"
103379,"Female","Hispanic or Latino","Yes","No","Divorced","Bachelor"
100954,"Female","White","No","No","Married","Bachelor"
105692,"Male","White","No","No","Single","Master"
105054,"Male","White","No","Yes","Married","High School"
106782,"Female","White","No","No","Single","Associate"
107811,"Female","Asian","No","No","Married","Bachelor"
101814,"Male","Black or African American","No","No","Married","High School"
102416,"Male","Asian","No","No","Married","High School"
108329,"Female","White","No","No","Married","Doctorate"
102099,"Female","White","No","No","Married","Bachelor"
100572,"Female","Two or More Races","No","No","Single","High School"
102987,"Female","White","No","Yes","Married","High School"
106315,"Male","White","No","No","Married","High School"
100914,"Non-Binary","Hispanic or Latino","No","No","Married","Doctorate"
109564,"Female","Black or African American","Prefer Not to Say","No","Married","Bachelor"
101386,"Female","White","Prefer Not to Say","No","Married","Bachelor"
105966,"Male","White","No","No","Married","Bachelor"
101439,"Male","Asian","No","No","Prefer Not to Say","Master"
100353,"Female","Black or African American","No","No","Married","Doctorate"
105259,"Female","Asian","No","No","Single","Associate"
106454,"Male","Black or African American","No","No","Single","Bachelor"
100314,"Female","Hispanic or Latino","No","No","Single","Bachelor"
106489,"Non-Binary","White","Yes","No","Single","Bachelor"
101743,"Non-Binary","Prefer Not to Say","No","No","Single","Bachelor"
100761,"Female","Hispanic or Latino","No","No","Divorced","Associate"
105947,"Male","Hispanic or Latino","No","No","Divorced","Bachelor"
102202,"Male","Hispanic or Latino","No","Prefer Not to Say","Single","Bachelor"
100538,"Male","White","No","No","Married","Master"
104184,"Female","Asian","No","Yes","Prefer Not to Say","Bachelor"
106542,"Non-Binary","Asian","No","Yes","Single","Master"
103254,"Female","Asian","No","No","Married","Associate"
109638,"Male","Hispanic or Latino","No","No","Prefer Not to Say","Bachelor"
104701,"Female","Asian","No","No","Single","Bachelor"
108527,"Female","Two or More Races","No","No","Single","High School"
106873,"Female","White","No","No","Single","Associate"
100236,"Male","White","No","No","Married","Bachelor"
104657,"Female","Hispanic or Latino","No","No","Married","Master"
109240,"Female","White","No","No","Married","Doctorate"
103157,"Female","Hispanic or Latino","No","No","Married","Master"
109129,"Female","Asian","No","No","Married","Associate"
109234,"Male","Black or African American","No","No","Married","Doctorate"
100553,"Male","Asian","No","No","Single","Master"
102375,"Female","Black or African American","No","No","Divorced","Associate"
105410,"Male","White","No","No","Married","High School"
101041,"Male","White","No","Prefer Not to Say","Prefer Not to Say","Master"
101611,"Male","White","No","No","Single","Bachelor"
109927,"Female","Hispanic or Latino","No","No","Single","Associate"
107239,"Female","White","No","No","Married","Bachelor"
106657,"Male","White","No","No","Single","High School"
100952,"Non-Binary","Hispanic or Latino","No","No","Married","Master"
108295,"Female","Two or More Races","No","Yes","Prefer Not to Say","High School"
106303,"Male","Black or African American","Yes","No","Single","Bachelor"
104524,"Female","Black or African American","Yes","No","Married","Master"
102118,"Male","Hispanic or Latino","No","No","Single","Bachelor"
107549,"Female","White","No","No","Single","Bachelor"
106876,"Female","White","No","No","Single","Bachelor"
104076,"Male","White","No","No","Married","Bachelor"
104179,"Male","Prefer Not to Say","No","No","Married","Master"
107348,"Female","Asian","No","No","Single","Master"
108072,"Male","Two or More Races","No","No","Single","Bachelor"
104885,"Female","Prefer Not to Say","No","No","Divorced","Bachelor"
101826,"Female","White","Yes","No","Single","High School"
100529,"Female","White","No","No","Married","Bachelor"
101795,"Female","Hispanic or Latino","No","No","Prefer Not to Say","High School"
102928,"Male","White","No","No","Single","Bachelor"
105420,"Female","White","No","No","Married","High School"
109581,"Female","Black or African American","No","No","Single","Associate"
101938,"Male","Asian","No","No","Divorced","Master"
101183,"Female","White","No","No","Single","Bachelor"
102382,"Male","White","No","No","Single","Bachelor"
106229,"Female","Asian","No","No","Divorced","High School"
109889,"Male","Black or African American","No","No","Single","Bachelor"
107386,"Male","Hispanic or Latino","No","No","Single","Bachelor"
101069,"Male","Asian","No","No","Married","Master"
101800,"Female","Black or African American","No","No","Married","Bachelor"
105341,"Female","Asian","No","No","Divorced","Bachelor"
107945,"Female","Black or African American","No","No","Married","Bachelor"
106856,"Female","Hispanic or Latino","No","No","Married","High School"
104994,"Female","Native Hawaiian or Pacific Islander","No","No","Single","Associate"
105407,"Female","Hispanic or Latino","No","No","Single","Doctorate"
104182,"Female","Prefer Not to Say","No","No","Single","Associate"
104298,"Male","White","No","No","Married","Bachelor"
103598,"Female","Black or African American","No","No","Single","Master"
106829,"Male","White","No","No","Married","Master"
105973,"Male","Asian","No","No","Divorced","Bachelor"
109322,"Male","Hispanic or Latino","No","No","Married","Bachelor"
103522,"Male","White","No","No","Prefer Not to Say","Bachelor"
102070,"Male","Hispanic or Latino","No","No","Divorced","Associate"
102399,"Male","Black or African American","No","No","Married","Associate"
102548,"Female","Black or African American","No","No","Single","Bachelor"
100378,"Male","Black or African American","No","No","Married","Master"
109376,"Male","Asian","No","No","Married","Doctorate"
108969,"Female","Asian","No","No","Married","Bachelor"
109958,"Male","Prefer Not to Say","No","No","Married","Bachelor"
105225,"Female","Asian","No","No","Prefer Not to Say","Doctorate"
102268,"Female","Asian","No","No","Single","Bachelor"
103781,"Female","Hispanic or Latino","No","No","Married","Bachelor"
102756,"Male","Black or African American","No","No","Divorced","Bachelor"
108312,"Male","Black or African American","No","No","Married","Bachelor"
101669,"Female","Asian","No","No","Single","Associate"
104548,"Female","White","No","No","Single","Master"
101509,"Female","Hispanic or Latino","No","No","Single","Bachelor"
105004,"Female","White","No","No","Single","Bachelor"
101009,"Female","Two or More Races","No","No","Married","Bachelor"
101042,"Female","Hispanic or Latino","No","No","Single","High School"
107023,"Female","Hispanic or Latino","No","No","Single","Bachelor"
100467,"Male","Asian","No","No","Married","Associate"
107778,"Female","White","No","No","Single","Master"
108855,"Male","Black or African American","No","No","Married","Doctorate"
109141,"Male","Hispanic or Latino","No","No","Married","Bachelor"
102876,"Non-Binary","White","No","No","Married","Bachelor"
104651,"Female","Hispanic or Latino","No","No","Single","High School"
104017,"Female","White","No","No","Single","Bachelor"
101594,"Male","White","No","No","Prefer Not to Say","Bachelor"
100863,"Male","Hispanic or Latino","No","Yes","Single","Bachelor"
102699,"Male","White","No","No","Married","High School"
108528,"Male","Hispanic or Latino","No","No","Single","Doctorate"
106180,"Female","Two or More Races","Yes","No","Divorced","Doctorate"
108660,"Female","Hispanic or Latino","No","Yes","Married","Doctorate"
107043,"Male","White","Prefer Not to Say","Yes","Single","Master"
108661,"Female","Prefer Not to Say","Prefer Not to Say","Prefer Not to Say","Single","Bachelor"
105946,"Female","White","No","No","Single","Associate"
101879,"Female","White","No","No","Married","Master"
103333,"Male","Asian","No","No","Prefer Not to Say","Bachelor"
108285,"Male","Hispanic or Latino","No","Yes","Married","Bachelor"
107398,"Non-Binary","Black or African American","No","No","Married","Doctorate"
105552,"Female","Two or More Races","No","No","Married","Master"
104157,"Male","Black or African American","No","No","Single","Bachelor"
102328,"Female","Black or African American","No","No","Married","Bachelor"
102961,"Male","White","No","No","Married","Associate"
107250,"Female","Hispanic or Latino","Yes","No","Married","Bachelor"
104655,"Male","White","No","No","Single","High School"
108025,"Male","Hispanic or Latino","No","Yes","Married","High School"
106939,"Male","Asian","No","Yes","Married","High School"
104247,"Female","White","Yes","No","Single","Master"
108150,"Female","Hispanic or Latino","No","No","Married","Master"
107533,"Male","Black or African American","No","No","Married","High School"
101638,"Male","Two or More Races","No","No","Married","High School"
102129,"Male","Hispanic or Latino","No","No","Married","High School"
104720,"Male","White","No","No","Single","Associate"
103892,"Male","White","Prefer Not to Say","No","Married","Master"
104531,"Male","Hispanic or Latino","No","No","Prefer Not to Say","Bachelor"
107986,"Female","Hispanic or Latino","Prefer Not to Say","No","Married","Bachelor"
100773,"Male","Prefer Not to Say","No","No","Married","Bachelor"
100588,"Female","White","No","No","Divorced","Associate"
102806,"Male","Hispanic or Latino","No","No","Single","High School"
107975,"Male","Asian","No","Yes","Prefer Not to Say","Associate"
102161,"Male","Asian","No","No","Single","Bachelor"
108949,"Male","Hispanic or Latino","No","No","Single","High School"
104825,"Male","Prefer Not to Say","No","No","Married","Master"
101557,"Male","White","No","No","Single","Bachelor"
100843,"Male","Hispanic or Latino","No","No","Single","High School"
100279,"Male","Asian","No","No","Married","Master"
100748,"Male","Hispanic or Latino","No","No","Single","Master"
106203,"Male","Asian","No","No","Single","Bachelor"
103136,"Female","White","No","No","Prefer Not to Say","Master"
103565,"Male","White","No","No","Single","Bachelor"
101219,"Male","White","No","No","Married","Associate"
104227,"Female","White","No","No","Single","Master"
108136,"Female","Black or African American","No","No","Married","Master"
106428,"Female","Hispanic or Latino","No","No","Married","Master"
102979,"Female","Asian","No","No","Divorced","High School"
105757,"Male","Hispanic or Latino","Prefer Not to Say","No","Divorced","Master"
104033,"Male","White","No","No","Married","Master"
102008,"Male","Asian","No","Yes","Single","Bachelor"
100083,"Male","Asian","No","No","Single","Bachelor"
103142,"Male","White","No","No","Married","Master"
107506,"Male","Native Hawaiian or Pacific Islander","No","No","Married","Bachelor"
109199,"Male","Black or African American","Yes","No","Single","Bachelor"
103778,"Female","Hispanic or Latino","No","No","Single","Associate"
103724,"Male","White","Prefer Not to Say","No","Single","Bachelor"
108175,"Male","Asian","No","No","Married","High School"
108965,"Female","Hispanic or Latino","No","No","Single","Bachelor"
103517,"Female","Black or African American","No","No","Prefer Not to Say","Master"
108436,"Male","Hispanic or Latino","No","No","Married","Bachelor"
101731,"Male","Two or More Races","No","No","Single","Bachelor"
104831,"Female","Asian","No","No","Married","Bachelor"
107504,"Female","White","Prefer Not to Say","No","Single","Master"
101410,"Female","Asian","Prefer Not to Say","No","Married","High School"
106599,"Female","Asian","No","Yes","Married","Bachelor"
109123,"Female","White","No","No","Divorced","Master"
100521,"Female","Asian","No","No","Married","Doctorate"
107070,"Female","Hispanic or Latino","No","Yes","Single","Bachelor"
100829,"Female","Hispanic or Latino","No","Yes","Prefer Not to Say","Bachelor"
108110,"Female","Asian","No","No","Married","Bachelor"
109223,"Female","Asian","No","No","Divorced","High School"
101054,"Male","Two or More Races","No","Yes","Married","Doctorate"
103639,"Male","Black or African American","No","No","Prefer Not to Say","Master"
101004,"Male","White","No","No","Single","Associate"
104747,"Non-Binary","Hispanic or Latino","No","No","Married","Bachelor"
103542,"Male","Hispanic or Latino","No","No","Single","Bachelor"
109826,"Female","Hispanic or Latino","No","No","Single","Master"
107046,"Male","White","No","Yes","Divorced","Bachelor"
105854,"Female","Hispanic or Latino","No","No","Single","Bachelor"
109437,"Female","White","No","No","Married","Bachelor"
103158,"Female","Hispanic or Latino","No","No","Prefer Not to Say","Associate"
105810,"Female","White","No","No","Single","Doctorate"
102507,"Male","Asian","No","No","Married","Bachelor"
101327,"Male","Black or African American","No","No","Married","Master"
104507,"Male","Asian","No","No","Divorced","Bachelor"
106082,"Male","White","No","No","Married","Bachelor"
104607,"Female","White","Prefer Not to Say","No","Single","Doctorate"
104055,"Female","Black or African American","No","Yes","Single","Bachelor"
100251,"Male","White","No","No","Single","Master"
100007,"Female","Prefer Not to Say","No","No","Single","Associate"
109785,"Female","American Indian or Alaska Native","No","Prefer Not to Say","Married","Master"
102617,"Male","White","No","No","Married","Bachelor"
105648,"Male","White","No","No","Single","Bachelor"
109907,"Male","Asian","No","No","Single","Bachelor"
107455,"Female","Asian","No","No","Single","Bachelor"
100933,"Male","Asian","Yes","No","Divorced","High School"
103776,"Male","White","No","No","Divorced","Bachelor"
104565,"Female","Hispanic or Latino","No","No","Married","Bachelor"
108236,"Male","White","No","No","Married","Master"
106235,"Female","White","No","No","Single","Bachelor"
105641,"Female","Black or African American","No","No","Married","High School"
109597,"Male","Asian","No","No","Single","Bachelor"
105571,"Female","White","Yes","No","Married","Bachelor"
100660,"Male","Hispanic or Latino","No","Prefer Not to Say","Single","High School"
105396,"Female","White","No","Yes","Single","Bachelor"
102722,"Female","White","No","Yes","Married","Bachelor"
102276,"Female","Black or African American","No","No","Prefer Not to Say","Master"
103824,"Male","Black or African American","No","No","Married","Associate"
105322,"Female","White","No","No","Married","Bachelor"
104201,"Male","White","No","No","Married","High School"
100177,"Male","White","No","Yes","Divorced","Master"
107723,"Female","White","No","Prefer Not to Say","Single","High School"
108404,"Female","White","No","No","Divorced","High School"
109441,"Male","Black or African American","No","No","Married","Associate"
105662,"Female","Asian","No","No","Married","Bachelor"
106721,"Female","White","No","No","Married","Bachelor"
102227,"Female","White","No","Yes","Married","Associate"
102360,"Male","Black or African American","No","No","Married","High School"
101415,"Male","Hispanic or Latino","No","No","Divorced","Bachelor"
107024,"Female","White","No","No","Married","Master"
101320,"Male","White","No","No","Divorced","Bachelor"
100886,"Male","White","No","No","Married","Master"
105785,"Male","Hispanic or Latino","Yes","Prefer Not to Say","Married","Master"
109898,"Male","Hispanic or Latino","Yes","No","Married","Associate"
105831,"Female","Hispanic or Latino","No","Yes","Married","Bachelor"
106517,"Female","Black or African American","No","No","Married","Associate"
105740,"Female","White","Prefer Not to Say","Prefer Not to Say","Single","Bachelor"
103537,"Male","Hispanic or Latino","No","No","Divorced","Associate"
106638,"Male","White","No","No","Married","Bachelor"
103520,"Male","Hispanic or Latino","No","No","Married","Associate"
108982,"Female","Asian","No","No","Single","Bachelor"
101403,"Male","White","No","No","Married","Bachelor"
100183,"Male","White","No","No","Married","Master"
100678,"Male","American Indian or Alaska Native","No","No","Single","Bachelor"
105052,"Female","Hispanic or Latino","No","No","Married","High School"
102949,"Female","White","No","Yes","Divorced","Doctorate"
102324,"Female","Two or More Races","No","No","Single","Master"
106391,"Male","Hispanic or Latino","No","No","Single","Bachelor"
102398,"Male","Black or African American","No","No","Married","Master"
101233,"Female","Hispanic or Latino","No","Yes","Married","Bachelor"
101257,"Female","Hispanic or Latino","No","No","Married","High School"
108729,"Male","Two or More Races","No","No","Married","Master"
102062,"Male","Hispanic or Latino","No","No","Married","High School"
102682,"Male","Black or African American","No","No","Single","High School"
100300,"Female","White","No","No","Divorced","Bachelor"
105217,"Male","Asian","No","No","Married","Bachelor"
104484,"Female","Prefer Not to Say","No","No","Divorced","Bachelor"
101477,"Male","Hispanic or Latino","No","No","Married","Master"
107264,"Female","Asian","No","No","Single","High School"
101176,"Female","White","No","No","Married","Bachelor"
106280,"Male","Native Hawaiian or Pacific Islander","No","No","Single","Bachelor"
108525,"Female","Black or African American","No","No","Married","High School"
105368,"Male","Asian","Yes","No","Married","High School"
101080,"Female","Two or More Races","No","Yes","Married","High School"
104074,"Female","Asian","No","No","Married","High School"
101180,"Male","White","No","No","Single","Master"
103092,"Male","White","No","No","Single","High School"
109002,"Non-Binary","Hispanic or Latino","No","No","Single","High School"
103756,"Male","Hispanic or Latino","No","No","Divorced","High School"
104653,"Female","Hispanic or Latino","No","No","Single","Associate"
108241,"Female","Hispanic or Latino","Yes","No","Married","Associate"
101737,"Female","White","No","No","Prefer Not to Say","Master"
101849,"Female","Asian","No","Prefer Not to Say","Single","Master"
102278,"Non-Binary","White","No","No","Divorced","Bachelor"
103201,"Male","Prefer Not to Say","Yes","No","Single","Associate"
101450,"Female","Asian","No","No","Single","High School"
100364,"Male","Black or African American","No","No","Married","Bachelor"
102110,"Male","Two or More Races","No","Yes","Single","Bachelor"
103486,"Female","Black or African American","No","No","Married","Bachelor"
106274,"Male","Prefer Not to Say","No","Prefer Not to Say","Married","Bachelor"
105330,"Female","Black or African American","No","No","Married","Master"
101846,"Male","Black or African American","No","No","Married","Doctorate"
109587,"Female","Asian","Yes","No","Divorced","Bachelor"
105202,"Male","Two or More Races","Prefer Not to Say","No","Single","Bachelor"
103808,"Male","Black or African American","No","No","Single","Bachelor"
102168,"Non-Binary","Asian","No","No","Married","Master"
101890,"Female","Asian","No","No","Prefer Not to Say","Master"
104122,"Male","Asian","No","No","Married","Bachelor"
101869,"Male","Asian","No","No","Married","Master"
106218,"Female","Hispanic or Latino","No","No","Married","Master"
106281,"Female","Black or African American","No","No","Prefer Not to Say","Bachelor"
105802,"Male","Asian","No","No","Married","Associate"
103087,"Male","White","No","No","Married","Bachelor"
106487,"Female","White","No","No","Single","Bachelor"
103682,"Male","Asian","No","No","Married","Associate"
107010,"Female","Two or More Races","No","Prefer Not to Say","Single","Master"
104321,"Male","Hispanic or Latino","No","No","Divorced","Master"
109465,"Male","Prefer Not to Say","No","No","Married","High School"
101695,"Male","Hispanic or Latino","No","No","Married","Bachelor"
105487,"Female","Asian","No","No","Married","Master"
101704,"Female","Hispanic or Latino","No","No","Married","Bachelor"
100117,"Female","White","No","No","Married","Bachelor"
104444,"Female","White","No","No","Divorced","Master"
104656,"Male","Asian","No","Yes","Married","High School"
104233,"Female","Hispanic or Latino","No","No","Married","Bachelor"
104537,"Male","White","No","No","Single","High School"
103062,"Male","Native Hawaiian or Pacific Islander","No","No","Married","High School"
106679,"Female","Hispanic or Latino","No","No","Single","Master"
102913,"Female","Asian","No","No","Married","Bachelor"
109138,"Female","White","No","Prefer Not to Say","Single","Associate"
103219,"Male","White","No","No","Single","Bachelor"
105566,"Female","Black or African American","No","No","Married","Master"
109323,"Male","Hispanic or Latino","No","No","Single","Bachelor"
102958,"Female","Hispanic or Latino","No","No","Single","Associate"
109871,"Male","Hispanic or Latino","No","No","Married","Associate"
101858,"Male","Black or African American","Prefer Not to Say","No","Married","Master"
103974,"Male","Black or African American","No","No","Married","Bachelor"
104930,"Female","Hispanic or Latino","No","No","Single","Bachelor"
100298,"Female","Two or More Races","No","No","Divorced","High School"
105301,"Male","Asian","No","Prefer Not to Say","Prefer Not to Say","High School"
102996,"Female","Black or African American","No","No","Married","High School"
109004,"Male","Hispanic or Latino","No","No","Married","Bachelor"
108179,"Male","White","Prefer Not to Say","No","Married","Associate"
100440,"Male","Hispanic or Latino","No","No","Married","Associate"
108429,"Male","White","No","No","Married","Bachelor"
105334,"Male","White","No","No","Married","Bachelor"
105998,"Female","White","No","No","Married","Bachelor"
107657,"Male","Hispanic or Latino","No","No","Single","Associate"
103740,"Female","Two or More Races","No","No","Single","Master"
103203,"Male","Hispanic or Latino","No","No","Married","Associate"
108470,"Female","Black or African American","No","No","Married","Associate"
100915,"Male","Two or More Races","No","No","Single","Doctorate"
107888,"Female","White","No","No","Married","High School"
106332,"Female","Black or African American","Prefer Not to Say","No","Single","High School"
109045,"Male","Black or African American","No","No","Divorced","Bachelor"
107961,"Female","White","No","No","Married","Bachelor"
102009,"Female","White","No","No","Single","Bachelor"
107816,"Male","Asian","Yes","No","Single","Bachelor"
106839,"Male","Asian","No","No","Married","High School"
106451,"Male","Hispanic or Latino","No","No","Single","Associate"
100142,"Male","Hispanic or Latino","No","No","Single","High School"
104105,"Male","Hispanic or Latino","No","No","Single","Associate"
105208,"Male","White","No","No","Divorced","Doctorate"
105934,"Female","White","No","No","Single","High School"
103058,"Female","White","No","No","Married","Bachelor"
109839,"Male","White","No","Yes","Single","Associate"
102500,"Male","White","No","No","Prefer Not to Say","Bachelor"
109996,"Female","Asian","No","No","Married","Associate"
108998,"Female","Asian","No","No","Single","Bachelor"
105567,"Female","White","No","No","Married","Bachelor"
109902,"Female","Hispanic or Latino","No","No","Married","Master"
104570,"Female","Black or African American","No","No","Married","Bachelor"
101039,"Female","Asian","No","No","Married","Bachelor"
102389,"Female","Black or African American","No","No","Single","High School"
102679,"Female","White","No","No","Single","Master"
103683,"Male","White","No","No","Single","Doctorate"
101086,"Female","Black or African American","No","Prefer Not to Say","Married","Associate"
108938,"Male","Hispanic or Latino","No","No","Married","Master"
108172,"Male","White","No","No","Married","Bachelor"
101210,"Female","White","No","No","Divorced","Bachelor"
101864,"Female","Black or African American","Prefer Not to Say","No","Married","High School"
101095,"Non-Binary","Hispanic or Latino","No","No","Divorced","High School"
104476,"Female","Black or African American","No","No","Married","High School"
108362,"Male","Hispanic or Latino","No","No","Single","Master"
100635,"Male","White","No","No","Married","Associate"
109214,"Male","Native Hawaiian or Pacific Islander","No","No","Single","Bachelor"
105279,"Male","White","No","No","Married","Master"
104289,"Male","Prefer Not to Say","No","No","Divorced","Master"
106363,"Female","White","No","No","Married","Associate"
108502,"Male","Hispanic or Latino","No","No","Married","Bachelor"
101248,"Male","Hispanic or Latino","No","No","Married","Master"
106986,"Female","White","No","No","Married","Master"
107113,"Female","White","No","No","Single","Master"
106275,"Male","Asian","No","No","Single","Doctorate"
102231,"Female","Hispanic or Latino","No","No","Single","Bachelor"
107270,"Male","Asian","No","No","Divorced","Doctorate"
101609,"Male","Native Hawaiian or Pacific Islander","No","No","Married","Master"
105029,"Female","Hispanic or Latino","No","Yes","Married","Bachelor"
101328,"Male","White","No","No","Single","Bachelor"
102376,"Female","Black or African American","No","No","Single","Bachelor"
109187,"Female","Black or African American","No","No","Single","Bachelor"
107146,"Female","Asian","No","No","Married","Bachelor"
108246,"Male","American Indian or Alaska Native","No","No","Single","Doctorate"
107703,"Male","Asian","No","No","Married","High School"
105777,"Male","White","No","No","Married","Doctorate"
100270,"Male","White","No","No","Single","Associate"
108211,"Non-Binary","Black or African American","No","No","Single","Associate"
108033,"Male","White","No","No","Single","Bachelor"
109519,"Female","Hispanic or Latino","No","Prefer Not to Say","Divorced","Bachelor"
109467,"Female","Hispanic or Latino","No","No","Married","Master"
105827,"Female","Hispanic or Latino","Yes","No","Single","Doctorate"
100376,"Female","Two or More Races","No","No","Married","Master"
104877,"Male","Hispanic or Latino","No","No","Single","Bachelor"
107899,"Male","Hispanic or Latino","Yes","No","Married","Associate"
103306,"Male","Asian","No","No","Single","Bachelor"
105021,"Female","American Indian or Alaska Native","No","No","Single","Associate"
100493,"Male","White","No","No","Single","Associate"
105264,"Female","White","No","No","Married","Bachelor"
105928,"Male","Two or More Races","No","No","Single","Bachelor"
103275,"Female","White","No","No","Married","Master"
108026,"Male","Hispanic or Latino","No","No","Married","Bachelor"
103129,"Female","Black or African American","No","No","Single","Master"
104836,"Female","Hispanic or Latino","No","No","Single","Bachelor"
107412,"Male","Hispanic or Latino","No","No","Married","Bachelor"
105065,"Female","White","No","No","Single","Bachelor"
107172,"Male","Hispanic or Latino","No","Prefer Not to Say","Married","High School"
102902,"Male","White","No","Yes","Married","Bachelor"
108812,"Male","White","No","Yes","Single","Associate"
104622,"Female","Black or African American","No","No","Married","Doctorate"
106761,"Female","White","No","No","Married","Associate"
109454,"Female","White","No","No","Single","Bachelor"
105477,"Male","Hispanic or Latino","No","No","Married","Bachelor"
108307,"Male","Two or More Races","No","No","Married","Doctorate"
102776,"Female","White","No","No","Married","Associate"
102952,"Female","Prefer Not to Say","No","No","Single","Bachelor"
100061,"Male","Hispanic or Latino","No","No","Married","Bachelor"
108590,"Female","White","No","Prefer Not to Say","Single","Master"
100162,"Female","Native Hawaiian or Pacific Islander","No","No","Single","Associate"
101696,"Male","White","No","No","Single","High School"
103168,"Male","Black or African American","No","No","Single","Associate"
103220,"Male","Prefer Not to Say","No","No","Prefer Not to Say","Doctorate"
106589,"Male","Hispanic or Latino","No","No","Married","Master"
103969,"Male","Hispanic or Latino","No","No","Married","Bachelor"
106510,"Male","Prefer Not to Say","No","No","Single","Bachelor"
109048,"Male","White","Yes","No","Married","Master"
104945,"Male","Hispanic or Latino","No","No","Married","Bachelor"
104311,"Female","Black or African American","No","No","Single","Bachelor"
108483,"Female","Two or More Races","No","No","Prefer Not to Say","Bachelor"
102675,"Male","Hispanic or Latino","No","No","Married","Master"
108472,"Male","Hispanic or Latino","No","No","Single","Master"
105906,"Female","White","No","No","Single","High School"
103811,"Female","Hispanic or Latino","No","No","Divorced","Bachelor"
109894,"Male","White","No","No","Single","Bachelor"
104884,"Female","White","No","No","Single","Master"
102645,"Female","Black or African American","No","No","Divorced","Bachelor"
100524,"Female","Asian","No","No","Divorced","Bachelor"
101782,"Male","White","Yes","Prefer Not to Say","Single","High School"
101230,"Female","White","No","No","Married","Associate"
108634,"Male","Asian","No","Prefer Not to Say","Married","Bachelor"
100627,"Male","Asian","No","No","Single","Associate"
102170,"Female","Asian","No","No","Married","Bachelor"
109406,"Female","Asian","No","No","Married","Bachelor"
100160,"Female","White","No","No","Married","Bachelor"
101128,"Female","White","Prefer Not to Say","No","Married","Bachelor"
105237,"Male","White","No","No","Married","Bachelor"
104870,"Female","Two or More Races","No","No","Single","Master"
102914,"Non-Binary","Black or African American","No","No","Married","Bachelor"
105748,"Female","White","No","No","Married","Associate"
102563,"Female","Asian","No","No","Married","Associate"
105655,"Female","Black or African American","No","No","Divorced","Bachelor"
102258,"Female","Prefer Not to Say","No","No","Married","Bachelor"
104614,"Female","Black or African American","No","No","Divorced","Master"
105838,"Non-Binary","White","No","No","Married","Bachelor"
106694,"Female","Hispanic or Latino","Prefer Not to Say","No","Prefer Not to Say","Master"
109371,"Male","White","No","No","Single","Bachelor"
108843,"Female","Black or African American","No","Yes","Single","Bachelor"
101032,"Non-Binary","White","Prefer Not to Say","No","Married","Associate"
109136,"Male","Hispanic or Latino","No","No","Divorced","Associate"
103359,"Male","White","No","No","Married","Bachelor"
109620,"Female","Hispanic or Latino","No","No","Divorced","Master"
107388,"Male","Hispanic or Latino","No","No","Married","Bachelor"
104468,"Male","Black or African American","No","No","Married","Bachelor"
101015,"Female","White","No","No","Married","Bachelor"
102442,"Female","Asian","No","No","Single","High School"
108170,"Female","White","No","No","Single","Associate"
107421,"Male","Asian","No","No","Prefer Not to Say","Bachelor"
100547,"Female","Asian","No","No","Married","Associate"
100459,"Male","Asian","No","No","Married","Bachelor"
103651,"Female","White","No","No","Single","Bachelor"
107274,"Female","Black or African American","Yes","No","Prefer Not to Say","Bachelor"
109466,"Male","Asian","No","No","Divorced","Master"
107178,"Male","Asian","No","No","Single","Associate"
103056,"Male","Hispanic or Latino","No","No","Married","Bachelor"
103041,"Female","Hispanic or Latino","No","No","Single","Bachelor"
103455,"Male","Asian","No","No","Prefer Not to Say","High School"
102936,"Male","Hispanic or Latino","Yes","No","Prefer Not to Say","Bachelor"
101820,"Male","Hispanic or Latino","No","No","Single","Bachelor"
105277,"Female","Two or More Races","No","No","Married","High School"
105154,"Male","Hispanic or Latino","No","No","Single","High School"
103577,"Male","Asian","No","No","Divorced","Master"
108185,"Female","Hispanic or Latino","No","No","Single","Bachelor"
101492,"Female","Hispanic or Latino","No","No","Single","Bachelor"
102314,"Female","White","No","No","Single","Bachelor"
100667,"Male","Hispanic or Latino","No","No","Married","Doctorate"
109951,"Female","White","No","No","Married","Bachelor"
102635,"Male","Asian","Yes","No","Married","Master"
108658,"Female","Black or African American","No","No","Married","Bachelor"
108035,"Male","Asian","Yes","No","Married","Bachelor"
108521,"Female","Black or African American","No","No","Single","Bachelor"
102054,"Female","Black or African American","No","No","Single","High School"
107739,"Male","White","No","No","Married","Bachelor"
107563,"Male","Asian","No","No","Married","Master"
104964,"Male","American Indian or Alaska Native","No","No","Single","Bachelor"
104332,"Female","White","No","No","Married","Bachelor"
108655,"Male","Asian","No","No","Married","Master"
101719,"Non-Binary","Asian","No","Prefer Not to Say","Married","High School"
103082,"Female","White","Yes","No","Prefer Not to Say","Associate"
102446,"Female","White","Yes","No","Married","Bachelor"
108739,"Female","Black or African American","No","No","Single","Bachelor"
101562,"Female","White","No","No","Married","Bachelor"
100990,"Male","Asian","No","No","Married","Doctorate"
103768,"Male","White","Prefer Not to Say","No","Divorced","Master"
105953,"Female","Hispanic or Latino","No","No","Married","High School"
105694,"Male","White","Yes","No","Married","Bachelor"
107635,"Female","White","No","Prefer Not to Say","Married","Bachelor"
107956,"Male","Hispanic or Latino","No","No","Single","Bachelor"
103702,"Female","White","No","No","Married","High School"
104279,"Female","Black or African American","No","No","Single","Associate"
104700,"Male","White","No","No","Married","Bachelor"
106716,"Female","Hispanic or Latino","No","Yes","Married","Bachelor"
104790,"Female","Hispanic or Latino","No","No","Divorced","Bachelor"
104554,"Female","Black or African American","No","No","Married","High School"
106658,"Male","Two or More Races","No","No","Single","Master"
101049,"Female","Hispanic or Latino","Yes","No","Single","Bachelor"
103944,"Female","White","No","No","Married","Doctorate"
106269,"Female","Black or African American","No","No","Single","Associate"
109795,"Female","White","No","No","Married","Master"
101945,"Female","Hispanic or Latino","No","No","Married","Bachelor"
106067,"Male","Black or African American","No","Yes","Married","Bachelor"
109087,"Male","White","No","Yes","Divorced","High School"
108867,"Male","Hispanic or Latino","No","Prefer Not to Say","Divorced","Bachelor"
107310,"Male","White","Yes","No","Married","High School"
106486,"Female","Asian","No","No","Married","Bachelor"
109076,"Female","Asian","No","No","Married","Bachelor"
109396,"Male","Two or More Races","No","No","Divorced","Master"
100146,"Male","White","Yes","No","Married","Master"
106306,"Male","Hispanic or Latino","No","No","Married","Bachelor"
105310,"Male","Prefer Not to Say","No","No","Divorced","Bachelor"
101942,"Male","White","No","No","Married","High School"
105572,"Male","Two or More Races","No","No","Single","Bachelor"
100448,"Male","White","Prefer Not to Say","No","Married","Bachelor"
108161,"Male","Asian","No","No","Single","Bachelor"
108572,"Male","Asian","No","No","Married","Doctorate"
100880,"Male","Asian","No","No","Single","Bachelor"
108875,"Female","Hispanic or Latino","No","No","Divorced","Doctorate"
107669,"Female","Black or African American","No","No","Single","Master"
108864,"Male","Asian","No","No","Divorced","Doctorate"
100919,"Female","White","Prefer Not to Say","No","Single","Bachelor"
100215,"Female","White","Yes","No","Single","Master"
101011,"Male","White","No","No","Married","Associate"
100202,"Female","Black or African American","No","No","Married","Bachelor"
109548,"Male","Native Hawaiian or Pacific Islander","No","No","Divorced","Bachelor"
108755,"Female","White","No","No","Divorced","Associate"
106915,"Female","Asian","No","No","Single","High School"
106662,"Non-Binary","Two or More Races","No","No","Single","Master"
103972,"Male","Black or African American","No","No","Single","Bachelor"
105758,"Male","Hispanic or Latino","No","No","Single","Master"
109073,"Male","White","No","No","Single","High School"
107341,"Male","White","No","No","Divorced","Doctorate"
103091,"Female","Hispanic or Latino","No","No","Prefer Not to Say","Bachelor"
109692,"Female","Prefer Not to Say","No","No","Divorced","Bachelor"
105685,"Male","White","No","No","Married","Bachelor"
100626,"Male","Hispanic or Latino","No","No","Single","Master"
107213,"Female","Asian","No","No","Single","Bachelor"
106249,"Male","White","No","No","Single","High School"
107079,"Male","White","No","No","Married","High School"
104129,"Male","Black or African American","No","No","Married","Associate"
105556,"Female","White","No","No","Single","Associate"
107689,"Female","Hispanic or Latino","No","No","Single","Doctorate"
106194,"Male","American Indian or Alaska Native","No","No","Married","Master"
107935,"Male","Asian","No","No","Married","Master"
104479,"Male","Black or African American","No","No","Single","Bachelor"
104644,"Male","White","No","Prefer Not to Say","Prefer Not to Say","Bachelor"
102261,"Male","Hispanic or Latino","No","Prefer Not to Say","Single","Bachelor"
100137,"Female","Black or African American","No","No","Married","Master"
107402,"Female","Hispanic or Latino","No","No","Prefer Not to Say","Bachelor"
103801,"Male","White","Prefer Not to Say","Yes","Single","High School"
108229,"Female","Black or African American","No","No","Married","Bachelor"
106098,"Male","White","No","No","Single","Associate"
107803,"Female","White","No","No","Single","Master"
100791,"Male","Prefer Not to Say","No","No","Divorced","Associate"
108293,"Female","Asian","No","No","Married","High School"
109010,"Male","Prefer Not to Say","No","No","Single","Bachelor"
101730,"Female","Hispanic or Latino","No","No","Married","Master"
101107,"Male","Black or African American","Yes","No","Single","Associate"
101276,"Female","White","No","No","Divorced","Associate"
107467,"Female","Hispanic or Latino","Yes","Yes","Married","High School"
104926,"Male","Hispanic or Latino","No","No","Married","Master"
105411,"Male","Asian","No","No","Single","Master"
109431,"Non-Binary","Black or African American","No","Prefer Not to Say","Divorced","Associate"
106407,"Female","Prefer Not to Say","No","No","Married","Master"
106009,"Female","White","No","No","Divorced","Master"
100931,"Non-Binary","White","No","No","Divorced","Bachelor"
109418,"Male","Asian","No","No","Single","Associate"
105557,"Female","American Indian or Alaska Native","No","Yes","Single","High School"
106519,"Female","Prefer Not to Say","No","No","Married","Doctorate"
103049,"Female","Black or African American","No","No","Single","Bachelor"
106884,"Female","White","No","No","Married","Bachelor"
107678,"Female","Hispanic or Latino","No","No","Single","Master"
102758,"Female","Hispanic or Latino","No","No","Single","Master"
102707,"Male","Hispanic or Latino","No","No","Single","High School"
106726,"Male","Asian","No","No","Married","High School"
109282,"Male","White","No","No","Married","Associate"
108977,"Male","White","No","No","Married","High School"
109168,"Female","White","No","No","Single","High School"
109462,"Female","White","No","No","Single","Master"
106215,"Male","White","No","No","Single","Bachelor"
103954,"Male","Hispanic or Latino","Prefer Not to Say","No","Married","Associate"
101250,"Male","White","No","No","Prefer Not to Say","Master"
100507,"Male","Asian","No","No","Married","Bachelor"
107525,"Female","White","Yes","No","Married","Bachelor"
102392,"Female","White","No","No","Divorced","Doctorate"
105696,"Female","Hispanic or Latino","No","No","Divorced","Bachelor"
109272,"Male","Hispanic or Latino","No","No","Single","Bachelor"
105749,"Female","Black or African American","No","No","Single","Bachelor"
104013,"Female","White","Prefer Not to Say","No","Married","Associate"
104079,"Male","White","No","No","Married","Bachelor"
107755,"Male","Hispanic or Latino","Yes","No","Single","Master"
106620,"Male","White","No","No","Married","Bachelor"
108252,"Female","Two or More Races","No","No","Married","Associate"
108492,"Female","Black or African American","Yes","No","Single","Bachelor"
109314,"Female","Hispanic or Latino","No","No","Prefer Not to Say","Associate"
104503,"Female","Black or African American","No","No","Prefer Not to Say","Bachelor"
107082,"Female","Black or African American","Prefer Not to Say","No","Married","Bachelor"
109270,"Female","Black or African American","Prefer Not to Say","No","Divorced","Bachelor"
100267,"Female","Two or More Races","No","No","Married","Master"
107337,"Male","White","No","No","Married","Master"
101803,"Male","Black or African American","No","No","Married","Bachelor"
109233,"Male","Hispanic or Latino","No","No","Married","Associate"
106557,"Male","Asian","No","No","Single","Master"
105020,"Female","Native Hawaiian or Pacific Islander","No","No","Married","High School"
104231,"Male","White","No","No","Married","Doctorate"
106373,"Male","Hispanic or Latino","No","No","Single","Master"
107477,"Female","Asian","No","No","Married","Bachelor"
105635,"Female","Hispanic or Latino","No","No","Married","High School"
103804,"Non-Binary","Hispanic or Latino","No","Prefer Not to Say","Single","Master"
105384,"Male","White","No","No","Married","Associate"
102370,"Male","Hispanic or Latino","No","No","Prefer Not to Say","High School"
102323,"Male","Hispanic or Latino","No","No","Single","High School"
100452,"Male","Hispanic or Latino","No","No","Married","Master"
102332,"Female","White","No","No","Single","Master"
106166,"Female","White","No","No","Married","Bachelor"
103309,"Female","White","No","No","Single","Bachelor"
105370,"Female","Asian","No","No","Divorced","Bachelor"
108963,"Male","Hispanic or Latino","No","No","Single","Bachelor"
101892,"Male","Hispanic or Latino","No","No","Single","Associate"
109357,"Male","Prefer Not to Say","Prefer Not to Say","No","Married","Bachelor"
105936,"Female","Asian","No","No","Single","Master"
107814,"Female","Black or African American","No","No","Married","Master"
109970,"Male","Hispanic or Latino","Yes","No","Single","Bachelor"
107627,"Female","Black or African American","No","No","Married","Master"
104394,"Male","White","No","No","Divorced","Master"
109592,"Female","White","No","No","Married","Associate"
106812,"Female","Native Hawaiian or Pacific Islander","No","No","Prefer Not to Say","Associate"
109196,"Female","Prefer Not to Say","No","No","Prefer Not to Say","Bachelor"
108920,"Male","Black or African American","No","No","Married","Doctorate"
101673,"Male","White","No","No","Single","Bachelor"
107852,"Male","White","Prefer Not to Say","No","Single","Bachelor"
105680,"Female","Hispanic or Latino","No","No","Single","Bachelor"
109598,"Female","Hispanic or Latino","No","No","Married","Associate"
101932,"Female","White","Prefer Not to Say","No","Married","Master"
101821,"Male","Native Hawaiian or Pacific Islander","No","No","Single","Bachelor"
108535,"Female","Hispanic or Latino","No","No","Divorced","Master"
102145,"Male","White","No","No","Prefer Not to Say","Bachelor"
104469,"Female","Hispanic or Latino","No","No","Single","Bachelor"
100634,"Male","White","No","No","Married","Bachelor"
108200,"Female","White","No","Yes","Single","Bachelor"
100666,"Male","White","No","No","Married","High School"
100489,"Male","Black or African American","No","No","Single","Associate"
104095,"Male","Black or African American","No","No","Single","Master"
101686,"Female","White","Yes","No","Prefer Not to Say","Associate"
106261,"Male","Asian","No","No","Single","Bachelor"
102971,"Male","White","No","No","Married","Bachelor"
106051,"Male","White","No","No","Single","High School"
101036,"Male","White","No","No","Married","High School"
101984,"Female","Black or African American","No","No","Married","High School"
103850,"Female","Black or African American","No","No","Single","Bachelor"
109783,"Female","Black or African American","No","No","Married","Master"
107959,"Male","Two or More Races","Yes","No","Single","High School"
106660,"Female","Asian","No","No","Single","Bachelor"
109028,"Female","Prefer Not to Say","No","No","Single","Master"
109255,"Female","White","No","Prefer Not to Say","Single","Bachelor"
104767,"Female","White","No","No","Single","High School"
107608,"Male","White","No","No","Single","Master"
104085,"Male","Asian","No","Yes","Married","Bachelor"
105426,"Female","Black or African American","No","No","Married","Doctorate"
101365,"Female","Asian","No","Prefer Not to Say","Married","Master"
103599,"Male","Two or More Races","No","No","Single","High School"
109952,"Male","White","No","No","Single","Associate"
102449,"Female","Asian","No","No","Single","Master"
107294,"Female","White","No","No","Single","Bachelor"
100901,"Male","White","No","No","Married","Master"
108337,"Female","Asian","No","No","Married","Master"
103169,"Male","White","No","No","Divorced","Master"
102159,"Male","Black or African American","No","No","Single","Bachelor"
100949,"Non-Binary","Prefer Not to Say","No","No","Married","Bachelor"
101494,"Female","White","No","No","Prefer Not to Say","Master"
109867,"Male","White","No","No","Single","Associate"
104722,"Female","Asian","No","No","Married","Bachelor"
101451,"Female","Hispanic or Latino","No","No","Single","Bachelor"
100290,"Male","White","No","No","Married","High School"
107425,"Male","Black or African American","No","No","Married","Associate"
107587,"Male","White","No","Yes","Divorced","Bachelor"
105413,"Female","White","Yes","No","Single","Doctorate"
108586,"Female","Hispanic or Latino","No","No","Married","Master"
101829,"Female","White","No","No","Divorced","Bachelor"
101658,"Female","Hispanic or Latino","No","No","Divorced","Master"
103851,"Female","Asian","No","No","Divorced","Master"
103614,"Male","White","No","No","Married","High School"
100035,"Female","Asian","No","No","Married","Associate"
109267,"Female","Asian","Yes","No","Married","Bachelor"
109492,"Female","White","No","No","Married","Associate"
100158,"Male","White","No","No","Single","Master"
109155,"Male","Hispanic or Latino","No","No","Married","Bachelor"
104864,"Female","White","No","No","Single","Master"
105388,"Female","Hispanic or Latino","Yes","No","Single","Master"
107598,"Female","Black or African American","No","No","Single","Bachelor"
106598,"Male","Hispanic or Latino","No","No","Single","High School"
103377,"Female","Asian","No","No","Single","Master"
104277,"Male","White","No","No","Divorced","High School"
103911,"Female","Asian","No","No","Single","Bachelor"
105979,"Female","Hispanic or Latino","Yes","No","Single","Associate"
107753,"Female","Prefer Not to Say","No","Prefer Not to Say","Single","Associate"
109814,"Female","Hispanic or Latino","No","No","Single","Bachelor"
107102,"Male","Asian","No","Yes","Single","Bachelor"
100106,"Male","White","No","No","Prefer Not to Say","Bachelor"
106176,"Female","Black or African American","No","No","Single","Bachelor"
105885,"Female","Asian","No","No","Single","Master"
102031,"Female","White","No","Prefer Not to Say","Single","High School"
102317,"Male","White","No","No","Married","Master"
100065,"Male","Asian","No","Prefer Not to Say","Married","Bachelor"
105018,"Male","Hispanic or Latino","No","No","Single","Master"
104853,"Male","Black or African American","No","No","Married","Bachelor"
103922,"Male","White","No","No","Married","High School"
109468,"Female","Hispanic or Latino","No","No","Single","Bachelor"
108393,"Male","Hispanic or Latino","No","No","Single","Bachelor"
109765,"Female","Two or More Races","No","No","Single","Associate"
100904,"Male","White","No","No","Married","Associate"
107921,"Male","Asian","No","No","Married","Bachelor"
102384,"Female","Hispanic or Latino","No","No","Married","High School"
101613,"Female","White","No","No","Single","High School"
106740,"Male","Black or African American","No","No","Single","Associate"
103508,"Male","White","Yes","No","Married","Bachelor"
106862,"Female","Two or More Races","Prefer Not to Say","No","Married","Bachelor"
106602,"Male","Hispanic or Latino","No","No","Divorced","Bachelor"
104340,"Male","White","Prefer Not to Say","Prefer Not to Say","Single","High School"
103145,"Female","Two or More Races","No","No","Single","Master"
108066,"Female","Asian","No","Yes","Single","Master"
105982,"Male","Black or African American","No","No","Prefer Not to Say","Bachelor"
103104,"Female","Asian","No","No","Single","Doctorate"
105325,"Female","Asian","No","No","Single","Bachelor"
108749,"Male","White","Yes","No","Married","Bachelor"
102522,"Female","Two or More Races","No","No","Single","Master"
103313,"Male","Asian","No","No","Divorced","Master"
101643,"Male","Black or African American","No","No","Married","Bachelor"
103305,"Male","Black or African American","No","No","Married","Bachelor"
107153,"Male","White","No","No","Married","Associate"
101470,"Female","White","No","No","Married","Bachelor"
100655,"Male","Hispanic or Latino","No","No","Divorced","Master"
100670,"Male","White","No","No","Single","Associate"
102431,"Female","White","No","No","Married","Master"
101759,"Male","Hispanic or Latino","No","Prefer Not to Say","Single","Master"
106654,"Non-Binary","White","No","No","Married","Bachelor"
100043,"Female","Prefer Not to Say","No","No","Divorced","Bachelor"
100691,"Male","Black or African American","No","No","Married","High School"
105814,"Male","Asian","No","No","Divorced","Bachelor"
107917,"Female","Hispanic or Latino","No","No","Married","Bachelor"
100650,"Female","Native Hawaiian or Pacific Islander","No","No","Married","Bachelor"
100454,"Male","White","No","No","Divorced","High School"
107252,"Male","Hispanic or Latino","No","No","Single","Master"
100453,"Female","Asian","No","No","Divorced","Associate"
109670,"Male","Black or African American","No","Yes","Single","Master"
102603,"Male","White","No","No","Single","Master"
107861,"Male","Native Hawaiian or Pacific Islander","No","No","Married","Bachelor"
104407,"Female","Asian","No","No","Married","Doctorate"
101326,"Male","Hispanic or Latino","Yes","No","Single","Master"
106473,"Female","Hispanic or Latino","No","No","Divorced","Master"
106467,"Male","White","No","No","Married","Master"
101381,"Female","Prefer Not to Say","No","No","Prefer Not to Say","High School"
102525,"Male","White","No","No","Married","Bachelor"
105935,"Female","Hispanic or Latino","No","No","Single","Master"
105115,"Male","White","No","No","Single","Master"
100842,"Male","Asian","No","No","Married","Bachelor"
101263,"Male","Black or African American","No","No","Prefer Not to Say","Master"
108667,"Female","Asian","No","No","Divorced","High School"
100872,"Female","White","No","No","Single","Master"
103111,"Female","White","Yes","No","Married","Master"
104377,"Female","Hispanic or Latino","Yes","No","Single","High School"
103890,"Female","Hispanic or Latino","No","No","Married","High School"
108065,"Female","White","No","Yes","Single","Associate"
102720,"Male","Black or African American","Yes","No","Married","Master"
100053,"Female","White","No","No","Married","Master"
100615,"Non-Binary","Asian","No","No","Prefer Not to Say","Bachelor"
106819,"Male","White","No","No","Married","Bachelor"
106777,"Male","Black or African American","No","No","Single","Bachelor"
100184,"Non-Binary","Black or African American","Prefer Not to Say","No","Divorced","Associate"
107192,"Male","White","No","No","Single","High School"
102789,"Female","Native Hawaiian or Pacific Islander","No","No","Divorced","Bachelor"
102737,"Male","White","No","No","Divorced","Master"
102591,"Female","Asian","No","No","Single","Associate"
108577,"Male","Native Hawaiian or Pacific Islander","No","No","Married","High School"
103291,"Female","Hispanic or Latino","No","No","Divorced","Master"
102058,"Female","White","No","No","Divorced","Bachelor"
108199,"Female","Asian","No","No","Prefer Not to Say","Master"
104266,"Male","White","No","No","Divorced","Bachelor"
103008,"Female","White","No","No","Single","Master"
107015,"Female","White","No","No","Married","Associate"
103319,"Male","Asian","No","No","Single","Bachelor"
107229,"Female","Hispanic or Latino","Yes","No","Married","High School"
103590,"Female","Asian","No","No","Single","Bachelor"
100180,"Male","Black or African American","No","No","Married","High School"
104287,"Female","Hispanic or Latino","No","No","Married","Bachelor"
107891,"Male","Hispanic or Latino","No","No","Married","Associate"
106750,"Female","White","No","No","Single","Bachelor"
105612,"Female","White","No","No","Married","High School"
103384,"Male","Hispanic or Latino","No","No","Married","Associate"
103701,"Female","White","No","No","Married","Bachelor"
106380,"Female","White","No","No","Married","Master"
107100,"Male","Hispanic or Latino","No","No","Single","High School"
101316,"Female","White","No","No","Married","Master"
102885,"Female","Asian","No","No","Single","Master"
102989,"Female","Asian","No","No","Single","High School"
104535,"Female","Hispanic or Latino","No","No","Divorced","Bachelor"
106837,"Female","Asian","No","No","Single","Bachelor"
108167,"Female","White","No","No","Single","Bachelor"
108069,"Female","White","Yes","No","Married","Bachelor"
108482,"Female","Prefer Not to Say","No","No","Married","Master"
100407,"Female","Hispanic or Latino","No","No","Divorced","Associate"
101252,"Female","White","No","No","Prefer Not to Say","Master"
101690,"Male","White","No","No","Single","Doctorate"
104271,"Male","Two or More Races","No","No","Married","High School"
105554,"Male","Hispanic or Latino","No","No","Married","Associate"
106291,"Female","Hispanic or Latino","No","No","Divorced","High School"
106591,"Male","Hispanic or Latino","No","No","Married","Associate"
100320,"Female","Asian","No","No","Married","Bachelor"
108057,"Female","White","No","No","Married","Master"
101282,"Male","Hispanic or Latino","Yes","No","Single","Bachelor"
101384,"Female","White","No","No","Married","Associate"
109823,"Female","White","No","No","Single","Bachelor"
109443,"Male","Asian","No","No","Single","High School"
106168,"Male","White","No","Prefer Not to Say","Divorced","Bachelor"
105663,"Non-Binary","Asian","No","No","Divorced","Master"
104659,"Female","White","No","No","Single","High School"
104810,"Female","White","No","No","Divorced","Bachelor"
109179,"Female","Black or African American","No","No","Single","Bachelor"
109491,"Female","Hispanic or Latino","No","No","Married","Doctorate"
109020,"Female","Hispanic or Latino","No","No","Prefer Not to Say","Bachelor"
102450,"Female","Asian","No","No","Married","Bachelor"
100413,"Female","Asian","No","No","Divorced","High School"
100380,"Male","Asian","No","No","Married","Bachelor"
108310,"Non-Binary","Hispanic or Latino","No","No","Divorced","Bachelor"
108665,"Female","Black or African American","No","No","Married","Associate"
106421,"Male","Black or African American","No","Yes","Married","Bachelor"
104189,"Male","Black or African American","No","No","Single","High School"
109363,"Female","Black or African American","No","No","Single","High School"
108015,"Male","Black or African American","No","No","Married","High School"
107997,"Female","American Indian or Alaska Native","Yes","No","Single","Bachelor"
102178,"Female","White","No","No","Single","Master"
107028,"Male","Prefer Not to Say","No","No","Single","Bachelor"
100734,"Male","White","No","No","Single","High School"
102056,"Male","Hispanic or Latino","No","No","Married","High School"
104737,"Male","Prefer Not to Say","No","No","Single","Doctorate"
103745,"Female","White","No","No","Single","High School"
104593,"Female","White","No","No","Single","Bachelor"
101616,"Non-Binary","Black or African American","No","No","Divorced","Doctorate"
101116,"Non-Binary","Black or African American","No","No","Single","Associate"
101158,"Female","Two or More Races","No","No","Married","Bachelor"
101161,"Male","Black or African American","No","No","Single","Bachelor"
100071,"Male","Black or African American","No","No","Married","Doctorate"
104721,"Female","White","No","No","Prefer Not to Say","Master"
105624,"Female","White","No","Yes","Single","High School"
101546,"Male","Hispanic or Latino","No","No","Single","Bachelor"
105902,"Female","Hispanic or Latino","No","No","Single","Bachelor"
101048,"Male","Asian","No","No","Married","Master"
102403,"Male","Asian","No","No","Divorced","Bachelor"
100707,"Female","White","No","No","Single","High School"
103341,"Female","White","No","No","Married","Bachelor"
106443,"Male","Hispanic or Latino","No","No","Single","Master"
108353,"Male","Two or More Races","No","No","Single","Master"
102884,"Male","Hispanic or Latino","No","No","Married","Master"
101200,"Female","Black or African American","No","No","Single","Master"
105040,"Male","Hispanic or Latino","Yes","No","Single","High School"
103387,"Non-Binary","White","No","Prefer Not to Say","Married","Bachelor"
105900,"Female","Hispanic or Latino","No","No","Divorced","Master"
101287,"Male","White","No","No","Single","Bachelor"
105590,"Female","White","No","No","Single","Bachelor"
109845,"Female","Prefer Not to Say","Prefer Not to Say","No","Prefer Not to Say","High School"
107775,"Male","White","Prefer Not to Say","No","Single","Bachelor"
107822,"Male","White","No","No","Married","High School"
100536,"Female","White","No","No","Single","Bachelor"
101424,"Female","White","No","No","Married","Bachelor"
105868,"Male","Asian","No","No","Married","Bachelor"
100624,"Female","Hispanic or Latino","Yes","No","Single","Bachelor"
102281,"Male","Prefer Not to Say","No","No","Married","Associate"
100166,"Female","Asian","No","No","Married","Master"
107920,"Male","White","Yes","No","Single","Bachelor"
100779,"Female","Hispanic or Latino","No","No","Married","Bachelor"
109124,"Female","White","No","No","Married","Master"
107507,"Male","Hispanic or Latino","No","No","Divorced","Associate"
101738,"Female","Asian","No","No","Married","Associate"
103014,"Male","Hispanic or Latino","No","No","Single","Master"
102504,"Female","Prefer Not to Say","Prefer Not to Say","No","Married","Master"
103699,"Female","White","No","No","Single","Associate"
107514,"Female","Hispanic or Latino","No","No","Single","High School"
107672,"Male","Prefer Not to Say","No","No","Divorced","Bachelor"
100322,"Male","White","Yes","No","Married","Master"
109320,"Male","White","No","No","Single","High School"
107268,"Female","American Indian or Alaska Native","No","No","Single","Master"
103518,"Female","Hispanic or Latino","No","No","Married","Master"
102863,"Female","Black or African American","No","No","Married","Bachelor"
101001,"Male","White","No","No","Married","Master"
103321,"Female","White","Yes","No","Married","Master"
101561,"Female","Hispanic or Latino","Yes","No","Married","Master"
105485,"Female","White","No","No","Married","Bachelor"
103848,"Male","Black or African American","No","No","Divorced","Bachelor"
104082,"Male","Prefer Not to Say","No","Yes","Single","Bachelor"
107529,"Male","Black or African American","Yes","No","Prefer Not to Say","Bachelor"
100865,"Male","Black or African American","No","No","Single","High School"
107131,"Male","Hispanic or Latino","No","No","Divorced","Bachelor"
102533,"Female","Prefer Not to Say","No","No","Married","Bachelor"
108503,"Male","Hispanic or Latino","No","No","Married","Bachelor"
108358,"Female","White","No","No","Single","High School"
100848,"Male","Two or More Races","Prefer Not to Say","No","Married","Associate"
108696,"Male","White","No","No","Single","High School"
106664,"Female","Black or African American","No","No","Married","Bachelor"
100233,"Male","Prefer Not to Say","No","No","Single","Master"
100235,"Female","Hispanic or Latino","No","No","Married","Associate"
102269,"Male","Two or More Races","No","No","Single","Master"
100710,"Female","Black or African American","No","No","Single","Bachelor"
107798,"Male","White","No","Prefer Not to Say","Single","High School"
107787,"Female","Prefer Not to Say","No","No","Married","Master"
101216,"Female","Hispanic or Latino","No","No","Single","Associate"
103128,"Female","White","No","No","Married","Master"
101810,"Male","Two or More Races","No","No","Divorced","High School"
101680,"Male","Hispanic or Latino","No","No","Single","Master"
103942,"Male","White","No","No","Divorced","Bachelor"
102100,"Male","White","No","No","Single","Associate"
108662,"Female","Black or African American","No","No","Married","Bachelor"
101104,"Male","Hispanic or Latino","No","No","Single","Bachelor"
108389,"Male","White","No","No","Single","Master"
106084,"Male","White","No","No","Married","Bachelor"
106118,"Female","Black or African American","No","No","Single","High School"
104145,"Male","White","No","No","Single","High School"
105540,"Male","White","No","No","Married","Bachelor"
100737,"Female","Asian","No","No","Single","Bachelor"
109193,"Female","White","No","No","Single","High School"
109668,"Female","White","No","No","Single","Bachelor"
104687,"Male","White","Prefer Not to Say","No","Married","Master"
102351,"Female","Asian","No","No","Married","Master"
104110,"Male","White","No","No","Married","Bachelor"
101241,"Male","Black or African American","No","No","Single","Bachelor"
109338,"Male","White","No","No","Married","Associate"
108615,"Male","Two or More Races","No","No","Married","Associate"
102305,"Female","Hispanic or Latino","No","No","Married","Bachelor"
100562,"Female","White","No","No","Single","High School"
106830,"Female","Hispanic or Latino","No","No","Divorced","Bachelor"
104879,"Female","Black or African American","No","No","Prefer Not to Say","Bachelor"
104703,"Female","White","No","No","Single","Bachelor"
103247,"Female","White","Prefer Not to Say","No","Prefer Not to Say","Associate"
100477,"Female","White","No","No","Single","Associate"
106028,"Female","White","No","No","Single","Associate"
105634,"Male","Black or African American","No","Prefer Not to Say","Married","Bachelor"
107637,"Female","Asian","No","No","Single","Bachelor"
107754,"Male","Black or African American","No","No","Married","Doctorate"
102743,"Female","White","Prefer Not to Say","No","Married","Associate"
100104,"Male","White","No","No","Married","High School"
102908,"Male","White","No","Prefer Not to Say","Divorced","Master"
100833,"Female","Hispanic or Latino","No","No","Single","Associate"
102894,"Male","American Indian or Alaska Native","No","No","Single","Associate"
101154,"Male","Black or African American","No","No","Married","Master"
102648,"Male","Hispanic or Latino","No","No","Single","Bachelor"
105156,"Female","White","No","No","Single","Bachelor"
105742,"Female","Black or African American","No","No","Single","Bachelor"
107114,"Male","Asian","No","No","Divorced","Associate"
100112,"Male","Hispanic or Latino","Yes","No","Married","Bachelor"
107500,"Non-Binary","Two or More Races","No","No","Married","Associate"
104958,"Female","Black or African American","No","No","Married","High School"
106806,"Female","Asian","No","No","Married","High School"
108407,"Female","Hispanic or Latino","No","No","Married","High School"
109290,"Female","Hispanic or Latino","No","No","Married","Master"
108223,"Female","Black or African American","No","No","Single","Associate"
104528,"Female","White","No","No","Married","Bachelor"
101371,"Male","Black or African American","No","No","Single","Doctorate"
105667,"Female","Hispanic or Latino","No","No","Married","High School"
104318,"Female","American Indian or Alaska Native","No","No","Married","Master"
101377,"Male","Hispanic or Latino","No","No","Married","Bachelor"
105783,"Male","Two or More Races","No","No","Single","Master"
100510,"Female","Asian","No","No","Married","Bachelor"
104636,"Male","Native Hawaiian or Pacific Islander","No","No","Single","Master"
107974,"Female","Asian","No","No","Single","Bachelor"
108678,"Male","Hispanic or Latino","No","No","Married","High School"
101708,"Male","White","No","No","Single","Doctorate"
107151,"Male","Black or African American","No","No","Single","Associate"
101515,"Female","Black or African American","No","No","Married","Bachelor"
104903,"Female","Hispanic or Latino","No","No","Married","Bachelor"
104906,"Male","White","No","No","Single","Bachelor"
103536,"Male","Prefer Not to Say","No","No","Prefer Not to Say","High School"
108424,"Male","Prefer Not to Say","No","No","Single","Associate"
105284,"Male","White","No","No","Married","Bachelor"
102537,"Female","Black or African American","No","No","Married","Associate"
107232,"Female","Two or More Races","No","No","Single","Bachelor"
104091,"Male","White","Prefer Not to Say","No","Married","Bachelor"
101950,"Male","Hispanic or Latino","Yes","No","Single","High School"
109992,"Male","Hispanic or Latino","Yes","No","Single","Bachelor"
106441,"Male","Asian","No","No","Single","Bachelor"
107029,"Female","White","No","Prefer Not to Say","Married","Associate"
101960,"Male","Hispanic or Latino","No","No","Divorced","Associate"
108894,"Male","Prefer Not to Say","No","No","Married","High School"
109472,"Female","Hispanic or Latino","No","No","Single","High School"
107697,"Female","Prefer Not to Say","No","Yes","Single","Master"
103704,"Male","White","No","Yes","Single","Associate"
103286,"Male","Native Hawaiian or Pacific Islander","No","No","Divorced","Bachelor"
106976,"Non-Binary","Black or African American","No","No","Married","High School"
109085,"Female","Hispanic or Latino","No","Prefer Not to Say","Single","Bachelor"
107774,"Female","Asian","No","No","Married","Master"
106040,"Female","White","No","No","Single","Bachelor"
105863,"Female","Asian","No","No","Divorced","High School"
109838,"Male","Asian","No","No","Single","Master"
107374,"Male","Asian","No","No","Married","Associate"
100288,"Male","Asian","No","No","Married","Doctorate"
107990,"Female","White","No","No","Prefer Not to Say","Bachelor"
106703,"Non-Binary","Asian","No","Yes","Prefer Not to Say","Associate"
104099,"Female","Hispanic or Latino","Yes","No","Single","Bachelor"
102447,"Male","Hispanic or Latino","Yes","No","Married","Bachelor"
103507,"Female","Asian","No","No","Married","Bachelor"
103710,"Male","Hispanic or Latino","No","No","Single","Master"
106004,"Male","Hispanic or Latino","No","Yes","Single","Bachelor"
105090,"Female","Two or More Races","No","Yes","Single","Bachelor"
109544,"Female","White","No","No","Single","Master"
105521,"Female","Hispanic or Latino","No","No","Married","Bachelor"
107365,"Female","White","No","No","Married","Associate"
106800,"Female","Black or African American","No","No","Married","Doctorate"
100431,"Female","White","No","No","Single","Bachelor"
107931,"Female","White","No","No","Divorced","Associate"
101838,"Female","Black or African American","No","No","Married","High School"
103870,"Male","Black or African American","Prefer Not to Say","No","Single","Associate"
105195,"Male","Asian","No","Yes","Married","High School"
109686,"Male","White","Prefer Not to Say","No","Divorced","Associate"
100543,"Female","White","No","No","Married","Bachelor"
109086,"Female","Hispanic or Latino","No","No","Single","Bachelor"
108785,"Female","Hispanic or Latino","No","No","Married","Bachelor"
109346,"Female","White","Prefer Not to Say","No","Married","Bachelor"
106508,"Female","Prefer Not to Say","No","No","Married","Bachelor"
100695,"Female","Black or African American","No","No","Married","Bachelor"
101819,"Female","Asian","No","No","Divorced","High School"
104132,"Male","Hispanic or Latino","No","No","Single","Bachelor"
102840,"Female","White","No","No","Married","Doctorate"
107649,"Female","White","No","No","Single","Doctorate"
109725,"Female","White","Prefer Not to Say","No","Married","Bachelor"
109393,"Male","Black or African American","No","Prefer Not to Say","Divorced","Bachelor"
101595,"Non-Binary","White","No","No","Married","Bachelor"
101802,"Female","Prefer Not to Say","No","No","Single","High School"
104829,"Female","Black or African American","No","No","Divorced","Master"
103773,"Male","White","No","No","Married","High School"
109569,"Male","Hispanic or Latino","No","No","Married","Bachelor"
101607,"Male","Hispanic or Latino","No","No","Married","Bachelor"
102194,"Female","Asian","No","No","Divorced","Bachelor"
103149,"Male","Hispanic or Latino","No","No","Married","Doctorate"
106921,"Male","White","No","No","Divorced","High School"
101645,"Male","White","No","No","Married","Associate"
107313,"Female","Hispanic or Latino","No","No","Married","Master"
104094,"Male","Hispanic or Latino","No","No","Single","High School"
105969,"Female","White","No","No","Married","Bachelor"
101118,"Male","White","No","No","Married","Master"
106005,"Female","White","No","No","Married","Associate"
101301,"Male","White","No","No","Married","Bachelor"
103959,"Male","White","No","No","Single","Master"
101884,"Male","White","No","No","Single","Master"
109021,"Female","White","No","No","Married","High School"
106244,"Male","Hispanic or Latino","Prefer Not to Say","No","Married","Master"
100522,"Female","Hispanic or Latino","No","No","Divorced","High School"
104760,"Female","Black or African American","No","No","Single","Master"
106252,"Male","Hispanic or Latino","No","No","Prefer Not to Say","Master"
102165,"Non-Binary","White","No","No","Single","Associate"
100097,"Female","Black or African American","No","No","Married","Bachelor"
108165,"Male","Black or African American","No","No","Single","Bachelor"
107518,"Female","Asian","No","No","Single","High School"
107909,"Male","White","No","No","Married","Bachelor"
100503,"Female","Black or African American","No","Yes","Single","Master"
102712,"Female","Hispanic or Latino","No","No","Married","Associate"
109078,"Female","Two or More Races","No","No","Single","High School"
109753,"Male","White","No","Yes","Single","Bachelor"
100163,"Male","Prefer Not to Say","No","No","Married","Bachelor"
107238,"Female","Black or African American","No","No","Single","Associate"
109981,"Female","Black or African American","No","No","Married","Master"
102762,"Male","White","No","No","Married","Associate"
103503,"Female","Asian","No","No","Married","Master"
101012,"Male","Asian","No","No","Married","Bachelor"
108388,"Male","Black or African American","No","No","Single","Doctorate"
102467,"Male","Black or African American","No","No","Married","Associate"
103760,"Male","Hispanic or Latino","No","No","Divorced","Doctorate"
105730,"Male","White","No","No","Divorced","High School"
103269,"Male","Two or More Races","No","No","Divorced","Bachelor"
108765,"Female","Asian","No","No","Single","Bachelor"
109435,"Male","Hispanic or Latino","Prefer Not to Say","No","Single","Doctorate"
102826,"Male","Asian","Yes","No","Married","High School"
105327,"Female","Black or African American","No","No","Married","Bachelor"
108174,"Female","Hispanic or Latino","No","No","Single","Master"
104378,"Female","Hispanic or Latino","No","No","Divorced","High School"
107644,"Male","Hispanic or Latino","No","No","Single","High School"
103930,"Male","Black or African American","No","No","Married","High School"
107972,"Female","Prefer Not to Say","No","No","Single","Associate"
104269,"Male","White","No","Yes","Single","Master"
101712,"Male","Asian","No","No","Prefer Not to Say","High School"
101485,"Female","White","No","No","Single","Master"
103526,"Male","Black or African American","Prefer Not to Say","No","Divorced","Bachelor"
104371,"Female","White","No","No","Divorced","Bachelor"
106663,"Female","Two or More Races","No","No","Married","Bachelor"
106319,"Male","Prefer Not to Say","No","No","Married","Master"
106330,"Female","White","No","Yes","Single","Bachelor"
103052,"Male","White","No","No","Prefer Not to Say","Bachelor"
104351,"Male","Black or African American","No","No","Married","Associate"
107940,"Female","Asian","No","No","Single","High School"
102419,"Female","Hispanic or Latino","No","No","Single","Bachelor"
104896,"Female","White","No","No","Married","Bachelor"
106600,"Male","Black or African American","No","No","Divorced","Master"
102423,"Male","White","No","No","Married","Master"
105559,"Female","Hispanic or Latino","No","Yes","Married","Bachelor"
109771,"Female","White","No","No","Married","Master"
108395,"Female","White","No","No","Single","Bachelor"
106238,"Male","Black or African American","No","No","Prefer Not to Say","High School"
100571,"Male","Hispanic or Latino","No","No","Married","Bachelor"
105110,"Male","White","No","No","Single","Master"
107221,"Male","Asian","No","No","Single","Master"
108088,"Male","White","No","No","Single","Master"
102678,"Female","Hispanic or Latino","No","No","Married","High School"
106164,"Female","Black or African American","No","No","Prefer Not to Say","Bachelor"
100924,"Male","White","No","No","Single","High School"
102452,"Male","White","No","No","Married","High School"
103593,"Female","White","No","No","Married","High School"
106387,"Female","Hispanic or Latino","No","No","Divorced","High School"
100532,"Male","Hispanic or Latino","No","No","Married","Bachelor"
107591,"Male","Hispanic or Latino","No","Prefer Not to Say","Married","Associate"
106129,"Female","Asian","No","No","Prefer Not to Say","High School"
109706,"Female","Hispanic or Latino","No","No","Married","High School"
108789,"Female","Hispanic or Latino","No","No","Prefer Not to Say","Bachelor"
103925,"Female","White","No","No","Married","High School"
109772,"Male","Asian","No","No","Married","Doctorate"
102357,"Female","Two or More Races","No","No","Divorced","Bachelor"
103970,"Female","White","No","No","Married","Bachelor"
109982,"Female","Hispanic or Latino","No","No","Divorced","High School"
101389,"Female","Hispanic or Latino","No","No","Married","Bachelor"
106357,"Female","Black or African American","No","No","Single","Bachelor"
103579,"Female","Black or African American","No","No","Single","Master"
100926,"Male","White","No","No","Single","Bachelor"
108627,"Female","Black or African American","Prefer Not to Say","Prefer Not to Say","Single","Doctorate"
102622,"Male","White","No","No","Single","Doctorate"
103956,"Female","Asian","Yes","No","Single","Associate"
107933,"Male","American Indian or Alaska Native","No","No","Married","Associate"
107569,"Male","Asian","No","No","Single","Bachelor"
103957,"Male","Hispanic or Latino","No","No","Single","Bachelor"
101088,"Female","Prefer Not to Say","No","No","Single","High School"
108332,"Male","White","No","No","Married","Associate"
109464,"Female","American Indian or Alaska Native","No","No","Single","High School"
101862,"Male","Hispanic or Latino","No","No","Married","Bachelor"
101625,"Female","Black or African American","No","Prefer Not to Say","Single","Bachelor"
100715,"Female","Asian","No","No","Single","Bachelor"
104566,"Female","Two or More Races","No","No","Married","Master"
104447,"Male","White","No","No","Single","Bachelor"
103655,"Female","White","No","No","Married","Bachelor"
104353,"Female","White","No","No","Single","Doctorate"
108588,"Female","Two or More Races","No","No","Single","Bachelor"
109389,"Male","Two or More Races","No","No","Single","Bachelor"
101664,"Female","Prefer Not to Say","No","No","Divorced","Bachelor"
107088,"Female","Hispanic or Latino","No","No","Married","Associate"
106038,"Male","White","Prefer Not to Say","No","Single","Doctorate"
103900,"Male","Black or African American","No","No","Married","Doctorate"
103045,"Female","White","No","No","Married","Bachelor"
102501,"Female","Prefer Not to Say","Prefer Not to Say","No","Single","Bachelor"
103567,"Male","Hispanic or Latino","No","No","Single","Bachelor"
108736,"Male","White","No","No","Single","Master"
103011,"Male","Asian","Yes","No","Divorced","Master"
103658,"Female","Prefer Not to Say","No","Prefer Not to Say","Single","Bachelor"
104982,"Female","Hispanic or Latino","No","No","Married","Bachelor"
100853,"Male","White","No","No","Married","Bachelor"
108020,"Female","White","No","No","Divorced","Associate"
103276,"Female","Hispanic or Latino","No","No","Divorced","High School"
108103,"Female","Hispanic or Latino","No","No","Married","Bachelor"
105955,"Female","Hispanic or Latino","No","Prefer Not to Say","Married","High School"
100966,"Non-Binary","Hispanic or Latino","No","No","Single","Bachelor"
101998,"Female","Hispanic or Latino","No","No","Single","Doctorate"
109237,"Male","White","No","No","Married","High School"
106760,"Male","Hispanic or Latino","No","No","Single","High School"
103274,"Female","Asian","No","No","Married","Doctorate"
102256,"Male","Asian","No","Prefer Not to Say","Married","Bachelor"
109666,"Female","White","No","No","Married","Master"
100757,"Male","White","Prefer Not to Say","Yes","Married","Bachelor"
104380,"Female","White","No","No","Divorced","Doctorate"
100805,"Female","White","Prefer Not to Say","No","Married","Bachelor"
100995,"Male","Asian","No","No","Single","Associate"
105400,"Female","Hispanic or Latino","Prefer Not to Say","No","Married","High School"
107824,"Male","White","Yes","No","Married","Bachelor"
102772,"Female","Black or African American","Yes","No","Single","Master"
109221,"Male","Black or African American","No","No","Married","Bachelor"
102019,"Male","Asian","Yes","No","Single","Master"
106766,"Male","White","No","No","Married","Master"
101944,"Female","White","No","No","Married","Bachelor"
102991,"Male","Asian","No","No","Married","Bachelor"
102721,"Male","Asian","No","No","Married","High School"
100003,"Male","Hispanic or Latino","Prefer Not to Say","No","Married","Bachelor"
105071,"Male","Two or More Races","No","No","Divorced","Bachelor"
101131,"Male","Asian","Prefer Not to Say","No","Single","Bachelor"
106457,"Male","Two or More Races","Yes","No","Single","High School"
107097,"Female","Asian","No","No","Married","Bachelor"
109808,"Female","Asian","No","No","Prefer Not to Say","High School"
101908,"Male","Hispanic or Latino","Prefer Not to Say","No","Single","Associate"
105640,"Female","White","No","No","Married","Bachelor"
102316,"Female","Hispanic or Latino","No","No","Married","Doctorate"
104591,"Male","Black or African American","No","No","Married","Bachelor"
103439,"Female","Black or African American","No","No","Single","High School"
107534,"Male","Black or African American","No","No","Married","Bachelor"
101961,"Male","White","No","No","Married","Bachelor"
105588,"Female","White","No","Yes","Single","Master"
108566,"Female","White","No","No","Single","Bachelor"
104280,"Non-Binary","Hispanic or Latino","No","No","Single","Bachelor"
109682,"Female","Black or African American","No","No","Single","Bachelor"
105958,"Female","Black or African American","Yes","No","Prefer Not to Say","Master"
108974,"Male","Asian","No","No","Single","Associate"
108356,"Female","White","No","Prefer Not to Say","Single","Bachelor"
106354,"Female","Hispanic or Latino","No","No","Divorced","Master"
100619,"Male","Prefer Not to Say","No","No","Divorced","Bachelor"
103979,"Male","Asian","No","No","Divorced","High School"
104200,"Male","American Indian or Alaska Native","No","No","Married","Bachelor"
101836,"Female","Prefer Not to Say","No","No","Married","Associate"
105849,"Male","Hispanic or Latino","No","No","Single","High School"
100121,"Female","White","Yes","No","Married","High School"
108921,"Female","Hispanic or Latino","No","No","Married","Bachelor"
104709,"Non-Binary","Hispanic or Latino","No","No","Single","Bachelor"
103185,"Female","Black or African American","No","No","Single","Bachelor"
107356,"Female","White","No","Prefer Not to Say","Single","Master"
102926,"Male","Prefer Not to Say","No","Prefer Not to Say","Prefer Not to Say","High School"
106297,"Male","White","No","No","Prefer Not to Say","Master"
104354,"Female","Hispanic or Latino","No","No","Married","Bachelor"
104822,"Female","Hispanic or Latino","Yes","No","Divorced","Bachelor"
100335,"Female","Asian","No","No","Married","Bachelor"
101066,"Male","White","No","No","Married","Bachelor"
105220,"Male","White","No","No","Divorced","Master"
104951,"Male","Two or More Races","No","No","Married","Master"
109789,"Female","Hispanic or Latino","No","No","Married","Master"
101293,"Female","White","No","No","Divorced","Bachelor"
104871,"Female","White","No","No","Prefer Not to Say","Master"
106612,"Male","White","No","No","Married","High School"
108915,"Male","White","No","No","Single","Master"
100683,"Male","Black or African American","No","Yes","Married","Bachelor"
100136,"Male","Two or More Races","No","No","Single","Master"
102886,"Male","Black or African American","No","No","Single","High School"
108075,"Female","White","No","No","Married","Doctorate"
101289,"Female","Hispanic or Latino","No","No","Married","High School"
104638,"Female","White","No","No","Married","Bachelor"
109298,"Female","Hispanic or Latino","No","No","Single","Bachelor"
103153,"Male","Asian","No","No","Single","Bachelor"
107025,"Male","Black or African American","No","No","Married","Associate"
101573,"Male","Asian","No","No","Married","Bachelor"
103090,"Male","Hispanic or Latino","No","No","Married","Master"
103100,"Female","Hispanic or Latino","No","No","Married","Master"
101596,"Male","White","No","No","Married","Bachelor"
108730,"Male","White","No","No","Single","Bachelor"
102120,"Female","White","No","Prefer Not to Say","Single","Master"
106127,"Female","Hispanic or Latino","No","No","Single","High School"
101302,"Male","Black or African American","No","No","Single","Bachelor"
104114,"Female","Asian","No","No","Single","Bachelor"
101378,"Male","Asian","No","No","Married","Bachelor"
106974,"Male","Black or African American","No","No","Single","Master"
104629,"Female","Two or More Races","No","No","Married","Doctorate"
104577,"Non-Binary","White","No","No","Single","Bachelor"
101972,"Male","Black or African American","No","No","Single","Bachelor"
106677,"Male","Hispanic or Latino","No","No","Single","Bachelor"
100630,"Female","White","No","No","Single","Bachelor"
104481,"Female","White","No","No","Married","Associate"
108101,"Female","Black or African American","No","Prefer Not to Say","Single","Bachelor"
103792,"Male","White","No","No","Married","Bachelor"
103713,"Male","White","No","No","Married","Associate"
100039,"Female","White","No","No","Divorced","Bachelor"
108435,"Female","Black or African American","No","No","Single","Master"
102593,"Non-Binary","Hispanic or Latino","No","No","Single","Associate"
107738,"Female","White","No","No","Married","Bachelor"
105976,"Male","Hispanic or Latino","No","No","Married","Bachelor"
106614,"Male","White","No","No","Single","High School"
106116,"Female","Black or African American","No","No","Married","High School"
108300,"Female","White","No","No","Married","Master"
100856,"Male","Hispanic or Latino","No","No","Married","Master"
101824,"Female","White","Yes","No","Married","Bachelor"
105051,"Male","White","No","No","Single","High School"
101608,"Male","Hispanic or Latino","Yes","No","Divorced","Bachelor"
100701,"Female","Black or African American","No","No","Married","Associate"
107355,"Male","Hispanic or Latino","No","No","Divorced","Master"
108091,"Male","White","No","Prefer Not to Say","Single","Bachelor"
102090,"Female","Black or African American","No","No","Married","Master"
107864,"Female","Hispanic or Latino","No","No","Married","Associate"
100006,"Male","Hispanic or Latino","No","No","Married","Bachelor"
108504,"Female","Hispanic or Latino","No","No","Married","Doctorate"
100871,"Female","Asian","No","No","Single","High School"
107462,"Female","White","No","No","Married","High School"
109929,"Female","Hispanic or Latino","No","No","Divorced","High School"
105347,"Male","Black or African American","No","No","Single","Master"
106756,"Male","Hispanic or Latino","No","No","Divorced","Associate"
106335,"Male","Black or African American","No","No","Prefer Not to Say","Associate"
104574,"Male","White","No","No","Single","Doctorate"
108476,"Male","Hispanic or Latino","No","No","Married","Associate"
109559,"Female","Prefer Not to Say","No","No","Single","Bachelor"
102148,"Male","Hispanic or Latino","No","No","Married","Bachelor"
108244,"Female","Black or African American","Prefer Not to Say","No","Married","Master"
103581,"Female","White","No","No","Divorced","Master"
107599,"Female","Asian","No","No","Married","High School"
103272,"Female","Prefer Not to Say","No","No","Single","Associate"
108016,"Male","Hispanic or Latino","No","No","Married","Associate"
107567,"Male","White","Yes","No","Married","Master"
107585,"Male","White","No","No","Single","Bachelor"
107726,"Female","Black or African American","No","No","Married","Bachelor"
106501,"Female","White","No","No","Married","Master"
108648,"Female","Black or African American","No","Prefer Not to Say","Divorced","High School"
105439,"Male","Asian","No","No","Single","Bachelor"
102420,"Male","Black or African American","No","No","Married","Doctorate"
108863,"Male","White","No","No","Prefer Not to Say","Master"
105354,"Male","Hispanic or Latino","No","No","Prefer Not to Say","Bachelor"
100693,"Male","Asian","No","No","Single","Master"
106030,"Male","White","No","No","Single","High School"
108845,"Female","Black or African American","No","No","Married","Bachelor"
105941,"Male","White","No","No","Single","Master"
106745,"Male","Hispanic or Latino","No","No","Married","Bachelor"
106765,"Female","White","No","No","Single","Master"
107679,"Male","White","No","No","Single","Bachelor"
109596,"Male","Asian","No","No","Prefer Not to Say","Bachelor"
104336,"Female","Prefer Not to Say","Yes","No","Single","High School"
108402,"Male","Hispanic or Latino","No","No","Married","Bachelor"
109621,"Male","White","No","No","Married","Bachelor"
109130,"Female","Hispanic or Latino","No","No","Single","High School"
105702,"Female","Hispanic or Latino","No","No","Married","Bachelor"
101317,"Female","Hispanic or Latino","No","No","Single","Master"
104772,"Male","White","No","No","Married","Doctorate"
102229,"Male","Asian","No","No","Single","Master"
101141,"Male","White","No","No","Single","Bachelor"
102095,"Female","White","Yes","No","Married","Bachelor"
108054,"Male","Hispanic or Latino","No","No","Single","Bachelor"
107377,"Female","White","No","No","Married","Master"
107187,"Male","Black or African American","No","No","Married","Associate"
103346,"Female","White","No","Yes","Married","Bachelor"
102514,"Female","White","No","No","Married","Bachelor"
103549,"Female","Hispanic or Latino","No","No","Married","Doctorate"
109414,"Female","Two or More Races","No","No","Single","Bachelor"
103465,"Female","Hispanic or Latino","No","No","Married","Bachelor"
108363,"Male","Black or African American","No","No","Married","Bachelor"
102757,"Female","White","No","No","Single","Bachelor"
107691,"Male","White","Yes","No","Married","High School"
106808,"Female","Prefer Not to Say","No","No","Married","Master"
102786,"Male","Hispanic or Latino","No","No","Single","Master"
109672,"Male","Prefer Not to Say","No","No","Divorced","High School"
100997,"Female","Hispanic or Latino","No","No","Single","Doctorate"
109106,"Female","Hispanic or Latino","No","No","Single","Bachelor"
106883,"Male","White","No","No","Married","Bachelor"
102771,"Female","Hispanic or Latino","No","No","Prefer Not to Say","Bachelor"
106120,"Female","White","No","No","Married","High School"
109534,"Female","White","Prefer Not to Say","No","Married","Bachelor"
107284,"Female","Hispanic or Latino","No","No","Married","Bachelor"
100355,"Male","Black or African American","No","No","Married","Associate"
108999,"Male","Black or African American","Prefer Not to Say","No","Married","Bachelor"
103924,"Female","Black or African American","Prefer Not to Say","No","Single","Associate"
104088,"Female","White","No","No","Single","Associate"
102451,"Male","White","No","No","Single","Bachelor"
107708,"Female","Asian","No","No","Married","Bachelor"
107143,"Male","Hispanic or Latino","No","No","Single","High School"
106755,"Male","White","No","No","Married","Associate"
100227,"Female","Asian","No","No","Divorced","Master"
103908,"Female","Black or African American","No","No","Married","High School"
109403,"Male","White","Yes","No","Divorced","Bachelor"
105616,"Male","Asian","No","No","Single","High School"
107934,"Female","White","No","No","Married","Master"
106259,"Male","White","Yes","Prefer Not to Say","Married","Master"
101728,"Male","Black or African American","No","Yes","Single","Bachelor"
100484,"Male","Black or African American","Yes","No","Married","Bachelor"
105555,"Female","Hispanic or Latino","No","No","Married","Master"
103731,"Female","Hispanic or Latino","No","No","Married","Master"
103985,"Male","Hispanic or Latino","No","No","Single","High School"
105825,"Male","Hispanic or Latino","Prefer Not to Say","No","Single","Associate"
101280,"Female","Asian","No","No","Married","Bachelor"
106941,"Female","Asian","No","No","Single","Bachelor"
105937,"Female","White","No","No","Married","Master"
104792,"Female","Black or African American","No","No","Single","Bachelor"
104375,"Female","Asian","No","No","Single","High School"
107319,"Male","White","No","No","Single","Master"
107367,"Female","Black or African American","No","No","Single","Bachelor"
102487,"Female","Asian","No","No","Single","Master"
100004,"Male","Asian","No","No","Married","Master"
109964,"Male","Black or African American","No","No","Single","Master"
106700,"Male","White","No","No","Single","Master"
107352,"Female","White","No","No","Divorced","Master"
109829,"Female","Prefer Not to Say","No","No","Married","Master"
107427,"Male","White","No","No","Married","Bachelor"
102494,"Male","White","No","No","Married","Bachelor"
105508,"Female","Black or African American","No","No","Single","Master"
105014,"Male","Prefer Not to Say","No","No","Single","Bachelor"
106054,"Male","White","No","No","Married","High School"
109988,"Female","White","No","Prefer Not to Say","Married","Bachelor"
104256,"Male","Two or More Races","No","No","Single","Bachelor"
108425,"Male","Hispanic or Latino","No","No","Single","Master"
100403,"Male","Two or More Races","No","No","Divorced","Associate"
101418,"Female","White","No","No","Married","Bachelor"
105656,"Female","Black or African American","No","No","Divorced","Bachelor"
100512,"Female","Asian","No","No","Married","Bachelor"
107911,"Female","Asian","No","No","Single","Bachelor"
101370,"Male","Two or More Races","No","No","Single","Master"
103240,"Male","Asian","No","No","Married","Master"
105991,"Male","Black or African American","No","Prefer Not to Say","Married","Master"
107067,"Male","Asian","No","No","Married","Bachelor"
107588,"Female","White","No","No","Married","Master"
109568,"Female","White","No","Yes","Married","Master"
103027,"Female","Hispanic or Latino","No","Yes","Married","Bachelor"
109649,"Female","White","No","No","Married","Bachelor"
105591,"Male","White","No","No","Married","Master"
100580,"Male","Black or African American","Prefer Not to Say","No","Divorced","Associate"
103023,"Female","Black or African American","No","Yes","Divorced","High School"
105470,"Female","White","No","No","Single","Master"
102744,"Female","Prefer Not to Say","No","No","Married","Associate"
108553,"Male","White","No","No","Married","Bachelor"
105305,"Male","White","No","No","Divorced","High School"
102244,"Male","White","No","No","Single","Doctorate"
103670,"Female","White","No","No","Married","Associate"
101904,"Male","White","No","No","Married","Bachelor"
106438,"Female","Hispanic or Latino","No","No","Married","High School"
105480,"Male","Black or African American","Prefer Not to Say","No","Married","Associate"
104472,"Female","Hispanic or Latino","No","No","Single","Master"
102990,"Male","Asian","No","No","Single","Associate"
104186,"Female","Asian","No","No","Married","Master"
100124,"Male","Hispanic or Latino","No","No","Married","Master"
105766,"Non-Binary","White","No","No","Married","Master"
103109,"Female","Asian","No","Yes","Married","Bachelor"
106047,"Male","Hispanic or Latino","No","No","Married","Bachelor"
101867,"Male","Hispanic or Latino","No","No","Divorced","Doctorate"
101398,"Male","White","No","No","Prefer Not to Say","High School"
108734,"Male","White","No","No","Married","Bachelor"
103127,"Male","Hispanic or Latino","No","No","Single","Master"
101112,"Female","White","No","No","Single","Master"
106186,"Male","Prefer Not to Say","Prefer Not to Say","No","Single","Bachelor"
104613,"Non-Binary","Two or More Races","No","No","Single","Master"
104544,"Male","White","No","No","Single","Bachelor"
106348,"Female","White","No","No","Single","High School"
107784,"Female","Asian","No","No","Single","Master"
100517,"Female","White","No","No","Single","Associate"
102626,"Female","White","Yes","No","Divorced","Associate"
106568,"Male","White","No","No","Single","Associate"
108398,"Female","Hispanic or Latino","No","No","Single","Bachelor"
103053,"Female","White","No","No","Single","High School"
106018,"Female","Hispanic or Latino","No","No","Single","High School"
100583,"Male","White","No","No","Married","High School"
102298,"Female","Black or African American","No","Prefer Not to Say","Married","High School"
102234,"Female","Hispanic or Latino","No","No","Single","High School"
101575,"Male","Asian","Prefer Not to Say","No","Single","Bachelor"
103840,"Female","White","No","No","Married","Master"
109093,"Male","White","No","No","Married","Doctorate"
106818,"Female","Hispanic or Latino","Prefer Not to Say","No","Single","Master"
105817,"Female","Asian","No","No","Married","Doctorate"
106466,"Male","Hispanic or Latino","No","No","Single","Master"
100766,"Male","Black or African American","No","No","Married","Master"
105618,"Male","Black or African American","No","No","Single","Bachelor"
107994,"Female","Black or African American","No","No","Single","Bachelor"
106036,"Non-Binary","Black or African American","No","No","Single","Master"
106214,"Female","Hispanic or Latino","No","No","Married","High School"
109750,"Male","White","No","No","Married","Associate"
104914,"Female","Hispanic or Latino","No","No","Single","Master"
100573,"Female","Asian","No","No","Single","Master"
109038,"Female","Black or African American","No","No","Prefer Not to Say","Bachelor"
108283,"Female","Asian","No","No","Married","Associate"
106193,"Female","Hispanic or Latino","No","No","Married","Master"
107436,"Male","White","No","No","Divorced","Doctorate"
106139,"Male","White","No","No","Single","High School"
109348,"Male","Black or African American","No","No","Single","Bachelor"
106080,"Female","White","No","No","Married","Associate"
102880,"Male","Hispanic or Latino","No","No","Married","Master"
105584,"Male","Black or African American","No","No","Single","Associate"
108097,"Female","Hispanic or Latino","Yes","No","Married","High School"
101150,"Male","White","No","No","Married","Bachelor"
109602,"Female","Black or African American","No","No","Single","Bachelor"
106115,"Male","White","No","No","Married","High School"
103854,"Female","Hispanic or Latino","No","No","Divorced","Bachelor"
103886,"Female","Hispanic or Latino","Prefer Not to Say","No","Single","Master"
104451,"Non-Binary","Hispanic or Latino","No","No","Married","Associate"
102066,"Male","Prefer Not to Say","No","Yes","Single","Associate"
102685,"Female","Hispanic or Latino","No","No","Married","Bachelor"
109525,"Male","White","Yes","No","Single","Master"
101773,"Male","Asian","No","No","Married","Associate"
106088,"Female","Hispanic or Latino","No","No","Married","Bachelor"
108763,"Female","Hispanic or Latino","No","No","Married","Associate"
108135,"Male","Asian","Yes","No","Married","Associate"
103966,"Male","Black or African American","Yes","No","Single","Master"
104955,"Female","White","No","No","Married","Bachelor"
108508,"Male","White","No","No","Married","Bachelor"
107077,"Male","American Indian or Alaska Native","No","No","Prefer Not to Say","Bachelor"
105037,"Male","Asian","No","No","Married","Associate"
100832,"Female","White","No","No","Single","Master"
104420,"Male","Hispanic or Latino","No","Prefer Not to Say","Married","Master"
102709,"Female","White","No","No","Married","Bachelor"
105944,"Female","Hispanic or Latino","No","No","Divorced","Master"
109586,"Male","White","No","No","Married","High School"
107535,"Non-Binary","White","No","No","Married","Bachelor"
103779,"Non-Binary","Black or African American","No","No","Divorced","Master"
108233,"Female","Hispanic or Latino","No","No","Married","High School"
105113,"Male","White","No","No","Married","Master"
100998,"Female","Hispanic or Latino","No","No","Married","Bachelor"
107065,"Male","Native Hawaiian or Pacific Islander","No","No","Married","Bachelor"
106103,"Male","Hispanic or Latino","No","No","Single","Bachelor"
102288,"Female","Asian","No","No","Single","High School"
103509,"Female","Asian","No","No","Single","Associate"
104274,"Female","Hispanic or Latino","No","No","Married","High School"
101851,"Female","Black or African American","No","No","Married","Associate"
101672,"Female","White","Yes","No","Single","Bachelor"
108444,"Male","Hispanic or Latino","No","No","Married","Bachelor"
107003,"Female","Hispanic or Latino","No","No","Single","Bachelor"
109791,"Non-Binary","Black or African American","No","No","Single","Master"
109809,"Male","Hispanic or Latino","No","No","Divorced","Bachelor"
105209,"Male","Black or African American","No","No","Single","High School"
105587,"Male","White","No","No","Married","Bachelor"
101832,"Female","Hispanic or Latino","Yes","No","Single","High School"
109265,"Male","White","No","No","Single","High School"
105363,"Female","Hispanic or Latino","No","No","Single","Bachelor"
103413,"Female","Hispanic or Latino","No","No","Divorced","Master"
106570,"Female","Hispanic or Latino","No","No","Single","Bachelor"
103791,"Male","Asian","Prefer Not to Say","No","Single","High School"
102048,"Female","Hispanic or Latino","No","No","Married","Master"
107104,"Female","Two or More Races","No","No","Married","Bachelor"
108583,"Female","White","No","Yes","Married","High School"
107558,"Male","White","No","No","Prefer Not to Say","Master"
103822,"Female","Hispanic or Latino","Prefer Not to Say","No","Single","Bachelor"
101148,"Male","Black or African American","No","No","Single","Master"
100718,"Male","White","No","No","Married","Bachelor"
101966,"Male","Asian","No","No","Divorced","Bachelor"
100653,"Female","Black or African American","No","No","Divorced","Bachelor"
101555,"Male","Asian","No","No","Single","Associate"
102162,"Male","Asian","No","No","Divorced","Master"
102874,"Female","White","No","No","Married","Bachelor"
103268,"Female","White","Yes","No","Married","Bachelor"
107379,"Male","Asian","No","No","Married","Bachelor"
109696,"Male","Black or African American","No","No","Married","Bachelor"
107444,"Male","Hispanic or Latino","No","No","Single","Bachelor"
107655,"Female","White","No","No","Divorced","Bachelor"
104571,"Male","Two or More Races","No","No","Divorced","Bachelor"
100293,"Female","Black or African American","Yes","No","Married","High School"
107907,"Female","Hispanic or Latino","No","No","Divorced","High School"
103644,"Male","White","No","No","Married","High School"
104388,"Female","Hispanic or Latino","No","No","Married","Bachelor"
105842,"Male","Asian","No","No","Married","Doctorate"
104098,"Male","Asian","No","No","Single","High School"
106897,"Female","White","No","No","Single","Master"
109827,"Male","White","No","No","Single","Bachelor"
104517,"Non-Binary","Hispanic or Latino","No","Prefer Not to Say","Married","Master"
103575,"Female","White","No","No","Single","High School"
102141,"Male","Hispanic or Latino","No","No","Single","High School"
109415,"Female","Asian","No","No","Married","Master"
106145,"Female","Black or African American","No","No","Single","High School"
100946,"Female","White","No","No","Married","Doctorate"
105621,"Female","Hispanic or Latino","No","No","Prefer Not to Say","Associate"
106513,"Male","Asian","No","No","Married","Bachelor"
108368,"Male","Hispanic or Latino","No","No","Divorced","Master"
107619,"Female","White","No","No","Married","Bachelor"
103340,"Female","Black or African American","No","Yes","Single","Bachelor"
106099,"Male","Black or African American","No","No","Married","Bachelor"
103877,"Female","Hispanic or Latino","No","No","Married","Bachelor"
106574,"Female","Two or More Races","No","No","Married","Master"
105919,"Male","Asian","Prefer Not to Say","No","Single","High School"
105709,"Female","White","No","No","Single","Bachelor"
103960,"Female","Black or African American","No","No","Married","Bachelor"
104121,"Male","Asian","No","No","Single","Associate"
107954,"Male","White","No","No","Divorced","Master"
105606,"Female","Asian","No","No","Married","Bachelor"
109673,"Female","Asian","No","Prefer Not to Say","Single","Master"
101299,"Male","Asian","Yes","No","Single","Master"
102388,"Male","Asian","No","No","Prefer Not to Say","Master"
106432,"Male","Hispanic or Latino","No","No","Divorced","Bachelor"
109176,"Male","Black or African American","No","No","Married","Associate"
100139,"Male","White","No","No","Single","Master"
104670,"Male","Asian","No","No","Single","Master"
101706,"Female","Hispanic or Latino","No","No","Single","Master"
103487,"Male","Hispanic or Latino","No","No","Married","Bachelor"
102973,"Male","Hispanic or Latino","No","No","Married","High School"
105387,"Female","Asian","No","No","Married","High School"
101478,"Male","Hispanic or Latino","Yes","No","Married","Associate"
101997,"Male","White","No","No","Single","Bachelor"
104273,"Female","Asian","No","No","Single","High School"
108714,"Male","Native Hawaiian or Pacific Islander","No","No","Single","Associate"
101486,"Female","Black or African American","No","No","Married","Bachelor"
100794,"Male","White","No","No","Single","Master"
100738,"Female","Hispanic or Latino","No","No","Single","Doctorate"
101122,"Male","White","No","No","Single","Bachelor"
100800,"Female","Asian","Yes","No","Married","Master"
101571,"Female","Prefer Not to Say","No","No","Prefer Not to Say","Master"
101880,"Female","Prefer Not to Say","No","No","Single","Bachelor"
109690,"Male","White","No","No","Married","Master"
108495,"Female","Two or More Races","No","No","Single","High School"
100054,"Female","White","No","No","Married","Master"
100501,"Female","White","No","No","Married","Bachelor"
101437,"Non-Binary","White","No","No","Single","Bachelor"
101576,"Male","Hispanic or Latino","No","No","Married","Doctorate"
100028,"Male","Prefer Not to Say","Prefer Not to Say","No","Divorced","Bachelor"
108128,"Female","White","No","No","Single","Doctorate"
103221,"Male","White","No","No","Prefer Not to Say","Associate"
107653,"Male","White","No","No","Married","Master"
101710,"Male","White","No","Prefer Not to Say","Single","High School"
101406,"Non-Binary","Black or African American","No","No","Single","Bachelor"
102125,"Male","Black or African American","No","No","Single","Master"
103230,"Male","White","No","No","Married","Associate"
103265,"Male","White","No","No","Married","Master"
109498,"Female","White","No","Yes","Single","Master"
107210,"Male","Black or African American","No","No","Married","Bachelor"
107397,"Female","Black or African American","No","No","Single","Bachelor"
107271,"Male","White","No","Prefer Not to Say","Married","Bachelor"
103795,"Female","Black or African American","No","No","Married","Bachelor"
102270,"Female","Black or African American","No","No","Married","Associate"
108640,"Female","White","No","No","Married","Bachelor"
102411,"Female","Asian","No","No","Single","Bachelor"
101402,"Female","Two or More Races","No","No","Divorced","Master"
100680,"Female","Hispanic or Latino","No","No","Married","Master"
109726,"Male","Two or More Races","No","No","Single","Associate"
105124,"Female","White","No","Yes","Married","Doctorate"
102340,"Female","Asian","No","No","Married","Doctorate"
101648,"Male","Hispanic or Latino","No","Prefer Not to Say","Single","Bachelor"
108074,"Male","Native Hawaiian or Pacific Islander","No","No","Married","Bachelor"
100574,"Male","Hispanic or Latino","No","No","Married","High School"
105956,"Non-Binary","Hispanic or Latino","No","No","Prefer Not to Say","Bachelor"
105233,"Male","Hispanic or Latino","No","Prefer Not to Say","Single","Master"
109643,"Female","White","No","No","Married","Associate"
103040,"Male","White","No","No","Married","Master"
103173,"Female","White","No","No","Married","Associate"
104732,"Male","White","No","No","Married","High School"
106573,"Female","American Indian or Alaska Native","Prefer Not to Say","No","Single","Bachelor"
109062,"Male","Black or African American","No","No","Single","Associate"
103898,"Male","Two or More Races","No","No","Married","High School"
105446,"Male","Hispanic or Latino","No","No","Single","High School"
107335,"Female","Asian","No","No","Married","Associate"
102221,"Male","Asian","No","No","Single","Master"
107461,"Male","Prefer Not to Say","No","No","Married","Bachelor"
102135,"Male","Asian","Yes","No","Married","Master"
103054,"Male","Hispanic or Latino","No","No","Prefer Not to Say","Bachelor"
100284,"Male","White","No","No","Married","High School"
100009,"Male","Asian","No","No","Single","Master"
105589,"Female","Asian","No","No","Married","Bachelor"
109448,"Male","Hispanic or Latino","No","No","Single","Bachelor"
104358,"Female","White","Yes","No","Married","Associate"
101197,"Male","Hispanic or Latino","No","No","Single","Master"
104462,"Female","White","No","No","Married","High School"
104698,"Male","Black or African American","Prefer Not to Say","No","Married","Master"
103669,"Male","White","No","No","Married","Associate"
100544,"Female","Black or African American","No","No","Married","Bachelor"
109439,"Female","Black or African American","No","No","Married","Master"
105296,"Female","Black or African American","No","No","Single","Bachelor"
103828,"Female","White","No","No","Married","Master"
102662,"Female","Asian","No","No","Single","Bachelor"
106243,"Female","White","No","No","Married","Bachelor"
100222,"Female","Asian","No","No","Single","Associate"
104674,"Female","White","No","No","Married","Associate"
103931,"Female","Asian","No","No","Married","Doctorate"
102310,"Female","White","No","No","Married","Associate"
101392,"Female","American Indian or Alaska Native","No","No","Married","Doctorate"
107908,"Female","White","No","No","Married","Bachelor"
109689,"Male","Hispanic or Latino","No","No","Married","Bachelor"
108022,"Female","Hispanic or Latino","No","No","Single","Bachelor"
104530,"Non-Binary","Two or More Races","No","No","Married","High School"
101624,"Female","Hispanic or Latino","No","No","Single","Bachelor"
107530,"Male","Black or African American","No","No","Single","Associate"
109984,"Female","Asian","No","No","Married","Bachelor"
108410,"Male","Hispanic or Latino","No","No","Single","High School"
101992,"Female","White","No","No","Prefer Not to Say","Associate"
100496,"Female","Black or African American","No","No","Single","Master"
100154,"Female","Black or African American","No","Prefer Not to Say","Married","High School"
101345,"Female","Asian","No","No","Single","Bachelor"
107368,"Female","Hispanic or Latino","No","No","Single","Bachelor"
100601,"Male","White","No","No","Single","Master"
100819,"Female","Two or More Races","No","No","Divorced","Associate"
101231,"Female","Hispanic or Latino","Yes","Prefer Not to Say","Prefer Not to Say","Doctorate"
105537,"Male","Two or More Races","No","No","Divorced","Bachelor"
108113,"Male","White","Prefer Not to Say","No","Married","Doctorate"
103569,"Female","White","Prefer Not to Say","No","Married","Bachelor"
109532,"Female","Hispanic or Latino","No","No","Married","Associate"
103097,"Male","Prefer Not to Say","No","No","Divorced","Bachelor"
100765,"Male","Black or African American","Prefer Not to Say","No","Married","Bachelor"
108769,"Female","Asian","No","No","Married","Master"
100801,"Female","White","No","Yes","Married","Master"
100729,"Female","Asian","No","No","Single","Master"
103601,"Female","Hispanic or Latino","No","No","Married","High School"
103895,"Female","Hispanic or Latino","Yes","Prefer Not to Say","Married","Bachelor"
100023,"Female","White","Prefer Not to Say","No","Married","Bachelor"
108115,"Female","Two or More Races","No","No","Single","Associate"
104988,"Male","White","Yes","No","Single","Bachelor"
107838,"Female","Hispanic or Latino","No","No","Single","Master"
104350,"Female","Prefer Not to Say","No","No","Prefer Not to Say","Doctorate"
102429,"Male","Two or More Races","No","No","Prefer Not to Say","Associate"
108772,"Male","Two or More Races","No","No","Married","Doctorate"
108197,"Male","Black or African American","No","No","Married","Bachelor"
107869,"Male","Black or African American","Yes","No","Married","High School"
107982,"Female","Hispanic or Latino","No","No","Married","Master"
105577,"Female","Black or African American","No","No","Divorced","Doctorate"
104041,"Female","White","Yes","No","Married","Associate"
105746,"Female","White","No","No","Single","Bachelor"
107748,"Female","White","No","No","Married","High School"
104003,"Female","White","No","No","Divorced","Bachelor"
105199,"Male","Asian","No","No","Single","Bachelor"
101417,"Female","White","No","No","Single","Bachelor"
102995,"Male","White","No","No","Single","Bachelor"
100712,"Female","White","No","No","Divorced","Associate"
105561,"Male","White","No","No","Married","Associate"
106771,"Female","White","No","No","Single","Bachelor"
103231,"Female","Prefer Not to Say","No","No","Married","High School"
105084,"Female","Asian","No","No","Prefer Not to Say","Bachelor"
108445,"Female","Two or More Races","No","No","Single","Bachelor"
105307,"Male","White","No","Prefer Not to Say","Single","Master"
105254,"Male","Hispanic or Latino","No","No","Married","Master"
107340,"Male","White","No","No","Married","Bachelor"
109228,"Male","White","No","No","Single","Master"
108573,"Male","Hispanic or Latino","No","No","Single","Bachelor"
100962,"Male","Black or African American","Prefer Not to Say","No","Married","Bachelor"
100590,"Male","Asian","No","No","Single","Bachelor"
101312,"Male","White","No","No","Single","Master"
100419,"Female","White","No","No","Single","High School"
105723,"Female","White","No","No","Married","Master"
100875,"Female","Asian","No","No","Married","Associate"
100328,"Male","Black or African American","No","No","Single","High School"
106665,"Male","Hispanic or Latino","No","No","Married","Bachelor"
108818,"Male","Hispanic or Latino","No","No","Divorced","Master"
106232,"Male","White","No","No","Single","Bachelor"
105538,"Female","Prefer Not to Say","No","No","Prefer Not to Say","Master"
105962,"Male","White","No","No","Married","Master"
109456,"Male","White","No","No","Prefer Not to Say","Associate"
100771,"Female","White","No","No","Single","Bachelor"
108656,"Female","Hispanic or Latino","No","No","Married","High School"
108609,"Male","Native Hawaiian or Pacific Islander","Yes","No","Married","Associate"
100317,"Female","White","Prefer Not to Say","No","Single","Bachelor"
106174,"Male","White","Prefer Not to Say","No","Single","Bachelor"
106382,"Female","Black or African American","No","No","Divorced","Bachelor"
108081,"Female","Black or African American","No","No","Single","Master"
109496,"Female","White","No","No","Divorced","Master"
105505,"Male","Black or African American","No","No","Married","Doctorate"
104702,"Male","White","No","No","Single","Associate"
104940,"Male","Asian","No","No","Married","Bachelor"
101615,"Non-Binary","White","No","No","Married","Associate"
105576,"Female","Black or African American","No","Yes","Married","Bachelor"
101115,"Male","Prefer Not to Say","No","No","Single","Bachelor"
108284,"Male","White","No","No","Married","Bachelor"
108847,"Female","Hispanic or Latino","No","No","Married","Associate"
103545,"Male","Asian","No","No","Married","Master"
102618,"Male","Asian","Yes","No","Married","High School"
105736,"Female","White","No","No","Prefer Not to Say","Bachelor"
109747,"Male","Asian","No","Prefer Not to Say","Single","Doctorate"
106946,"Female","Hispanic or Latino","Prefer Not to Say","No","Single","Doctorate"
104710,"Female","Hispanic or Latino","No","No","Single","Associate"
103289,"Female","Asian","No","No","Divorced","Bachelor"
100151,"Female","White","No","No","Single","Bachelor"
103312,"Female","Hispanic or Latino","No","No","Single","Master"
105212,"Male","Asian","No","No","Single","Master"
106935,"Female","Black or African American","No","No","Single","Master"
104167,"Female","Black or African American","No","No","Married","Master"
106622,"Male","Two or More Races","No","No","Married","Master"
102073,"Female","White","No","No","Married","Master"
104314,"Female","Hispanic or Latino","No","No","Married","Master"
101614,"Female","White","No","No","Married","High School"
104950,"Male","Asian","No","No","Single","Bachelor"
101756,"Female","White","No","Yes","Married","Master"
102740,"Male","Hispanic or Latino","No","No","Married","Master"
102039,"Female","Black or African American","No","No","Single","Bachelor"
100483,"Female","Two or More Races","No","No","Single","Bachelor"
103271,"Female","White","No","No","Married","Bachelor"
109216,"Male","Two or More Races","No","No","Single","Associate"
100214,"Female","White","No","No","Single","Doctorate"
105023,"Female","Hispanic or Latino","No","No","Divorced","Master"
104668,"Female","Hispanic or Latino","No","No","Prefer Not to Say","Bachelor"
105970,"Female","White","No","No","Married","Doctorate"
108449,"Male","Prefer Not to Say","No","No","Single","High School"
105218,"Female","Asian","No","No","Married","Bachelor"
107108,"Female","Black or African American","No","No","Single","Master"
107666,"Female","White","No","No","Divorced","Doctorate"
108180,"Female","Black or African American","Prefer Not to Say","No","Single","Bachelor"
104346,"Male","White","No","No","Married","High School"
106134,"Male","Hispanic or Latino","No","No","Married","Master"
101831,"Male","Black or African American","Prefer Not to Say","No","Single","Bachelor"
101863,"Female","Black or African American","Prefer Not to Say","No","Married","Bachelor"
105719,"Female","Asian","Yes","No","Single","Master"
102485,"Male","Asian","No","No","Single","Bachelor"
102710,"Female","White","No","No","Married","Bachelor"
107841,"Male","White","No","No","Married","Master"
102282,"Male","White","Yes","No","Single","High School"
109238,"Male","Hispanic or Latino","No","Prefer Not to Say","Single","High School"
109859,"Male","Hispanic or Latino","No","No","Single","Master"
104888,"Female","Two or More Races","No","No","Married","Doctorate"
107195,"Female","White","No","No","Single","Bachelor"
101985,"Female","White","No","No","Prefer Not to Say","Bachelor"
107686,"Female","White","No","No","Married","Associate"
102725,"Female","Black or African American","No","No","Married","Master"
105013,"Female","Hispanic or Latino","Yes","No","Married","Master"
107417,"Female","White","No","No","Married","Bachelor"
103320,"Female","Asian","No","No","Single","Bachelor"
105908,"Female","White","No","No","Divorced","Bachelor"
106271,"Female","White","No","No","Single","Master"
101674,"Male","Black or African American","No","No","Single","Associate"
102126,"Female","Black or African American","No","No","Single","Bachelor"
102611,"Female","White","Prefer Not to Say","No","Single","Bachelor"
108400,"Female","Hispanic or Latino","Prefer Not to Say","No","Married","Associate"
104080,"Male","White","No","No","Single","Associate"
100509,"Male","Asian","No","Prefer Not to Say","Single","Master"
106871,"Female","Black or African American","No","No","Prefer Not to Say","Master"
108825,"Male","Asian","No","No","Divorced","Master"
104844,"Female","Hispanic or Latino","No","No","Single","Bachelor"
107978,"Male","Asian","No","No","Married","Bachelor"
100307,"Female","Two or More Races","No","No","Single","High School"
102267,"Female","Black or African American","No","No","Single","Bachelor"
109546,"Female","Asian","No","Prefer Not to Say","Single","Bachelor"
100213,"Female","Black or African American","No","No","Single","Bachelor"
100408,"Female","White","No","No","Married","Bachelor"
109582,"Male","Prefer Not to Say","No","No","Married","Master"
105078,"Female","Hispanic or Latino","No","No","Prefer Not to Say","Associate"
107606,"Male","Asian","No","No","Married","Bachelor"
103019,"Male","Asian","No","No","Single","Bachelor"
109387,"Female","White","Yes","No","Single","Bachelor"
101237,"Non-Binary","White","No","Yes","Married","Master"
100481,"Male","White","No","No","Married","Bachelor"
107863,"Male","White","No","Yes","Married","High School"
100234,"Male","White","No","No","Married","Bachelor"
100040,"Female","Hispanic or Latino","No","Yes","Married","High School"
104943,"Male","White","No","No","Married","Bachelor"
105774,"Female","White","Prefer Not to Say","No","Single","Master"
102714,"Female","Black or African American","No","No","Single","Master"
102069,"Male","Two or More Races","No","No","Married","High School"
105720,"Female","White","No","No","Divorced","Master"
105939,"Female","White","No","No","Prefer Not to Say","Bachelor"
108448,"Female","Hispanic or Latino","No","Prefer Not to Say","Single","Bachelor"
108046,"Male","Black or African American","No","No","Married","Bachelor"
102476,"Male","Asian","No","No","Single","Bachelor"
108776,"Non-Binary","White","No","No","Married","Bachelor"
109552,"Female","Asian","No","No","Single","Bachelor"
104599,"Male","White","No","No","Divorced","Bachelor"
108628,"Female","Asian","No","No","Married","High School"
109118,"Male","American Indian or Alaska Native","No","No","Married","Master"
108741,"Male","White","No","No","Married","Master"
107897,"Female","Black or African American","No","No","Married","Master"
105393,"Female","White","Yes","No","Divorced","Master"
109991,"Female","White","No","No","Married","Bachelor"
100246,"Female","Native Hawaiian or Pacific Islander","No","No","Married","Bachelor"
104779,"Male","Hispanic or Latino","No","No","Single","Bachelor"
102528,"Male","White","No","No","Married","Bachelor"
109870,"Male","White","No","No","Married","Master"
101675,"Male","Black or African American","No","No","Prefer Not to Say","High School"
105035,"Female","Hispanic or Latino","No","No","Single","High School"
103267,"Male","Hispanic or Latino","No","No","Single","Bachelor"
102551,"Male","White","No","No","Married","Master"
104061,"Male","White","No","No","Single","Bachelor"
106246,"Female","Black or African American","No","No","Single","High School"
104648,"Male","White","No","No","Married","High School"
104621,"Male","American Indian or Alaska Native","Prefer Not to Say","Prefer Not to Say","Married","Associate"
102620,"Female","Hispanic or Latino","No","No","Single","Bachelor"
105693,"Female","White","No","No","Married","Associate"
109473,"Non-Binary","White","No","No","Married","High School"
103184,"Male","Hispanic or Latino","No","No","Married","Bachelor"
109636,"Female","Hispanic or Latino","No","No","Married","Master"
102482,"Female","White","No","No","Married","Bachelor"
106524,"Male","White","No","No","Married","Bachelor"
105072,"Male","Black or African American","No","No","Married","High School"
102733,"Male","Two or More Races","No","No","Married","Bachelor"
100500,"Female","White","No","No","Single","Bachelor"
104263,"Male","Asian","No","Yes","Married","High School"
100226,"Female","Hispanic or Latino","No","No","Single","High School"
104970,"Female","White","No","No","Married","Bachelor"
101761,"Male","Black or African American","No","No","Married","Master"
102292,"Female","White","No","No","Married","High School"
103177,"Male","Hispanic or Latino","No","No","Married","Doctorate"
105886,"Male","Black or African American","No","No","Married","Bachelor"
106096,"Male","White","No","Prefer Not to Say","Single","Bachelor"
103554,"Male","White","Yes","No","Single","Bachelor"
106531,"Female","White","No","No","Married","Associate"
108838,"Female","Hispanic or Latino","No","No","Single","High School"
105713,"Male","Asian","No","No","Prefer Not to Say","Master"
105198,"Male","Hispanic or Latino","No","Yes","Married","Bachelor"
107372,"Female","Asian","No","No","Single","Bachelor"
101739,"Female","Black or African American","No","Yes","Single","Master"
101898,"Female","Two or More Races","Prefer Not to Say","No","Married","Bachelor"
103117,"Female","White","No","Yes","Single","Doctorate"
107676,"Female","Asian","No","Yes","Single","Associate"
109883,"Male","Hispanic or Latino","No","No","Single","High School"
101177,"Female","Black or African American","No","No","Single","Associate"
109263,"Male","Asian","No","No","Prefer Not to Say","Associate"
105832,"Female","Black or African American","No","No","Married","Bachelor"
100796,"Male","White","No","No","Married","High School"
103962,"Female","Hispanic or Latino","No","Prefer Not to Say","Single","High School"
108215,"Female","Asian","No","No","Single","Bachelor"
107244,"Male","White","No","No","Single","Bachelor"
106933,"Female","White","No","No","Married","Bachelor"
109909,"Male","White","No","No","Married","Master"
105999,"Female","Black or African American","No","No","Married","High School"
104999,"Male","Prefer Not to Say","No","No","Single","Master"
101657,"Female","Two or More Races","No","No","Single","Bachelor"
105965,"Female","Native Hawaiian or Pacific Islander","No","No","Married","Bachelor"
105859,"Female","Asian","No","No","Married","High School"
104849,"Female","Asian","Yes","No","Single","Bachelor"
101033,"Male","Asian","No","No","Single","Master"
109608,"Female","White","No","No","Single","Master"
105288,"Male","Hispanic or Latino","No","No","Married","Master"
106437,"Female","Hispanic or Latino","No","No","Single","Master"
103411,"Male","Two or More Races","No","No","Prefer Not to Say","Bachelor"
109743,"Female","Asian","No","Yes","Divorced","Bachelor"
101232,"Male","White","No","No","Married","Bachelor"
102060,"Female","White","No","No","Married","High School"
109511,"Female","Asian","No","No","Single","Master"
101044,"Male","White","No","Yes","Single","Bachelor"
104586,"Male","Two or More Races","Yes","No","Single","Bachelor"
103367,"Female","American Indian or Alaska Native","No","No","Single","Master"
105744,"Male","White","No","No","Married","Master"
105356,"Male","White","No","No","Married","High School"
102881,"Male","Asian","No","No","Single","Master"
108434,"Male","Black or African American","No","Yes","Single","Associate"
104217,"Female","Hispanic or Latino","No","No","Single","Master"
108608,"Female","Prefer Not to Say","No","No","Married","High School"
109207,"Male","Asian","No","No","Married","Associate"
108700,"Non-Binary","Black or African American","Prefer Not to Say","No","Prefer Not to Say","Master"
109189,"Male","Hispanic or Latino","No","No","Married","Bachelor"
105196,"Male","White","No","No","Prefer Not to Say","Master"
107511,"Male","White","No","No","Married","High School"
102325,"Male","White","No","No","Single","Master"
104859,"Female","Hispanic or Latino","No","No","Single","Bachelor"
102444,"Female","Black or African American","No","Yes","Married","Bachelor"
108624,"Female","Hispanic or Latino","No","Prefer Not to Say","Single","Master"
105478,"Female","White","No","No","Married","Associate"
108193,"Male","Asian","No","No","Married","Bachelor"
107870,"Female","Asian","No","No","Divorced","Bachelor"
104805,"Female","Asian","No","No","Single","Bachelor"
105402,"Male","Black or African American","Yes","No","Single","High School"
102472,"Male","Asian","No","Yes","Single","Bachelor"
108606,"Female","Hispanic or Latino","No","No","Single","High School"
109165,"Male","Hispanic or Latino","No","No","Married","Bachelor"
108747,"Male","Black or African American","No","No","Divorced","Master"
100985,"Male","Black or African American","No","No","Single","Doctorate"
100292,"Female","White","No","No","Single","Master"
109217,"Male","Asian","No","No","Married","Associate"
101466,"Female","Two or More Races","No","No","Divorced","Bachelor"
102785,"Male","Two or More Races","No","No","Married","Bachelor"
107066,"Male","Two or More Races","No","No","Married","Bachelor"
105654,"Female","Hispanic or Latino","Yes","No","Married","Bachelor"
107618,"Male","White","No","No","Divorced","Bachelor"
109748,"Male","White","No","No","Married","Bachelor"
108924,"Male","Hispanic or Latino","No","Yes","Single","Bachelor"
107074,"Female","White","Yes","No","Married","Bachelor"
101883,"Female","Asian","No","No","Single","Bachelor"
100350,"Female","Asian","No","No","Married","Bachelor"
104752,"Male","Hispanic or Latino","No","No","Single","Associate"
104630,"Female","White","No","Prefer Not to Say","Married","Master"
107297,"Non-Binary","Hispanic or Latino","No","No","Married","Bachelor"
108203,"Female","White","No","No","Divorced","Bachelor"
105528,"Female","Black or African American","No","No","Prefer Not to Say","Bachelor"
102085,"Male","Asian","No","Yes","Single","Master"
100443,"Male","Black or African American","Prefer Not to Say","Prefer Not to Say","Married","Master"
104499,"Female","White","No","No","Married","Bachelor"
105929,"Female","White","No","No","Married","High School"
101170,"Male","Asian","No","No","Single","Associate"
105455,"Female","White","No","No","Single","Bachelor"
101497,"Male","White","No","No","Married","Bachelor"
105896,"Female","American Indian or Alaska Native","No","No","Married","Associate"
106055,"Female","Asian","No","No","Married","Bachelor"
109067,"Male","Hispanic or Latino","No","No","Married","Associate"
102592,"Female","Prefer Not to Say","No","No","Married","Master"
109065,"Female","White","Yes","No","Married","Doctorate"
101354,"Female","White","No","Yes","Single","Associate"
100195,"Female","Hispanic or Latino","Prefer Not to Say","No","Single","Bachelor"
107116,"Female","Prefer Not to Say","No","No","Prefer Not to Say","Bachelor"
108318,"Female","White","No","No","Married","Bachelor"
105286,"Male","White","No","No","Married","Master"
100528,"Male","Asian","No","No","Married","Associate"
103234,"Female","Hispanic or Latino","Yes","No","Divorced","Bachelor"
102812,"Male","Asian","Yes","No","Married","Bachelor"
100416,"Female","White","No","No","Married","Bachelor"
102219,"Male","American Indian or Alaska Native","Prefer Not to Say","No","Single","High School"
102807,"Female","Asian","No","No","Married","Master"
103749,"Male","Asian","Prefer Not to Say","No","Married","High School"
104399,"Female","Black or African American","No","No","Single","Bachelor"
105079,"Male","Black or African American","Prefer Not to Say","No","Divorced","Bachelor"
107566,"Male","Hispanic or Latino","No","No","Married","Master"
109139,"Female","Asian","No","No","Single","Bachelor"
103251,"Male","Hispanic or Latino","No","No","Single","High School"
108888,"Male","Hispanic or Latino","No","No","Divorced","High School"
106309,"Male","White","No","No","Single","Doctorate"
106796,"Male","White","Prefer Not to Say","No","Married","Master"
109325,"Male","White","No","No","Married","Bachelor"
101277,"Male","White","No","No","Married","Associate"
100428,"Female","Hispanic or Latino","No","No","Single","Master"
109407,"Male","Hispanic or Latino","No","No","Prefer Not to Say","Bachelor"
109144,"Male","Hispanic or Latino","Yes","No","Married","Master"
103889,"Non-Binary","White","No","No","Single","Bachelor"
105454,"Male","White","No","No","Married","Associate"
102203,"Male","White","No","No","Married","High School"
103015,"Male","Hispanic or Latino","No","Yes","Married","Bachelor"
109630,"Female","White","No","No","Single","Bachelor"
101874,"Female","Asian","No","Prefer Not to Say","Single","Bachelor"
100884,"Male","White","Yes","Prefer Not to Say","Single","Master"
106560,"Female","Black or African American","No","Yes","Single","Bachelor"
100381,"Male","Prefer Not to Say","No","No","Married","Bachelor"
101337,"Female","Hispanic or Latino","No","No","Single","Bachelor"
107939,"Female","Prefer Not to Say","No","No","Married","Bachelor"
108752,"Male","White","No","No","Divorced","Associate"
103031,"Female","Two or More Races","No","No","Single","Bachelor"
101474,"Female","Hispanic or Latino","No","No","Single","Master"
100750,"Female","White","Prefer Not to Say","No","Prefer Not to Say","Bachelor"
103018,"Male","Asian","No","No","Single","Master"
104639,"Male","White","No","No","Prefer Not to Say","Associate"
108455,"Male","Black or African American","No","No","Divorced","Bachelor"
108342,"Female","White","No","No","Divorced","Master"
104251,"Male","Two or More Races","No","No","Divorced","Master"
109944,"Male","White","No","No","Single","Master"
108607,"Female","White","No","No","Married","High School"
101598,"Male","Hispanic or Latino","No","No","Single","Associate"
104815,"Female","Asian","No","No","Single","Bachelor"
109053,"Male","Hispanic or Latino","No","No","Single","Bachelor"
107812,"Female","Hispanic or Latino","No","No","Married","Bachelor"
102004,"Female","Hispanic or Latino","Prefer Not to Say","No","Prefer Not to Say","High School"
103695,"Male","White","No","No","Married","Master"
100455,"Male","Black or African American","No","No","Married","Bachelor"
107445,"Male","Hispanic or Latino","No","Prefer Not to Say","Single","Associate"
106253,"Female","Asian","No","No","Married","Bachelor"
107375,"Male","White","No","Prefer Not to Say","Married","Master"
105661,"Female","Hispanic or Latino","No","No","Married","Bachelor"
107770,"Male","Black or African American","No","No","Single","Master"
101018,"Male","White","No","No","Single","High School"
106032,"Male","Hispanic or Latino","No","No","Married","Bachelor"
107562,"Male","White","No","No","Single","Master"
101636,"Male","Hispanic or Latino","No","Prefer Not to Say","Single","Bachelor"
109687,"Female","Hispanic or Latino","No","Yes","Married","Bachelor"
105126,"Female","Prefer Not to Say","No","Prefer Not to Say","Married","Master"
109603,"Female","White","No","Prefer Not to Say","Married","Doctorate"
108219,"Female","Asian","No","No","Single","Master"
102959,"Male","Black or African American","No","No","Single","Doctorate"
103586,"Male","Prefer Not to Say","No","No","Single","Doctorate"
100789,"Male","Hispanic or Latino","No","No","Married","Doctorate"
102956,"Male","White","No","No","Married","Bachelor"
109400,"Female","Hispanic or Latino","No","No","Married","Master"
108017,"Female","White","Yes","No","Single","Associate"
106550,"Male","Hispanic or Latino","No","No","Single","Bachelor"
101156,"Female","Hispanic or Latino","No","No","Married","Bachelor"
105219,"Female","Black or African American","No","No","Single","High School"
104144,"Male","White","No","No","Married","Doctorate"
102089,"Non-Binary","Black or African American","No","No","Married","Associate"
106874,"Female","White","No","No","Married","Associate"
101196,"Male","Hispanic or Latino","No","No","Married","Bachelor"
103584,"Female","White","No","No","Single","Bachelor"
109892,"Male","Black or African American","No","Prefer Not to Say","Married","Bachelor"
102888,"Male","Asian","No","No","Married","Master"
100927,"Male","Black or African American","No","Yes","Prefer Not to Say","Bachelor"
104108,"Female","White","No","No","Single","Associate"
108067,"Female","White","No","No","Single","Bachelor"
100387,"Female","Black or African American","No","No","Divorced","Associate"
100964,"Female","Hispanic or Latino","No","No","Single","Bachelor"
102903,"Female","Hispanic or Latino","No","No","Married","Master"
108491,"Female","Asian","No","No","Married","Master"
103076,"Male","White","No","No","Married","Associate"
101665,"Female","Asian","No","No","Single","Master"
103057,"Female","Hispanic or Latino","No","No","Prefer Not to Say","Bachelor"
103147,"Male","White","No","No","Married","Bachelor"
108943,"Non-Binary","Hispanic or Latino","No","No","Single","Bachelor"
104837,"Male","White","No","No","Married","Master"
100093,"Male","White","Prefer Not to Say","No","Married","High School"
101341,"Male","White","No","No","Divorced","Bachelor"
101894,"Male","White","No","No","Married","Bachelor"
107625,"Male","Asian","No","Prefer Not to Say","Married","Bachelor"
103953,"Female","Asian","No","No","Divorced","Master"
104221,"Female","White","No","No","Single","Associate"
106424,"Female","White","No","No","Single","Master"
109127,"Male","Hispanic or Latino","No","Prefer Not to Say","Single","Bachelor"
105059,"Female","Hispanic or Latino","No","No","Single","Bachelor"
104961,"Female","Prefer Not to Say","Yes","Prefer Not to Say","Married","High School"
100513,"Female","Black or African American","Prefer Not to Say","No","Married","Doctorate"
106008,"Female","Black or African American","No","No","Single","Doctorate"
100637,"Male","Hispanic or Latino","No","No","Single","High School"
104089,"Male","White","No","No","Divorced","Master"
107568,"Male","Black or African American","No","No","Single","High School"
108890,"Male","Hispanic or Latino","No","No","Married","Associate"
102473,"Male","Two or More Races","No","No","Married","Associate"
106953,"Non-Binary","Asian","No","No","Married","Bachelor"
100654,"Male","Hispanic or Latino","No","No","Single","Doctorate"
105007,"Male","Hispanic or Latino","No","Yes","Married","High School"
100568,"Female","Asian","No","No","Married","Master"
106062,"Female","White","No","No","Married","High School"
100541,"Female","Asian","No","No","Single","Bachelor"
102695,"Female","Asian","No","Prefer Not to Say","Single","Bachelor"
100171,"Female","Hispanic or Latino","No","No","Single","Master"
106026,"Male","Black or African American","No","No","Single","Associate"
101050,"Female","White","No","No","Married","Bachelor"
103497,"Male","Asian","No","No","Divorced","Bachelor"
105109,"Male","Hispanic or Latino","No","No","Married","Bachelor"
103302,"Male","White","No","No","Divorced","Master"
105875,"Female","White","No","No","Married","Master"
108008,"Female","Asian","No","No","Married","High School"
106272,"Female","Black or African American","No","No","Married","Master"
101917,"Female","White","No","No","Married","Associate"
106393,"Male","Black or African American","No","No","Divorced","Master"
101610,"Female","White","No","Prefer Not to Say","Single","Associate"
108095,"Male","White","No","No","Single","Bachelor"
102511,"Female","Black or African American","Yes","No","Single","Bachelor"
102693,"Female","White","No","No","Single","Associate"
106606,"Female","White","No","No","Single","Master"
105418,"Male","Hispanic or Latino","Yes","Yes","Married","Master"
107366,"Male","Prefer Not to Say","No","No","Single","Bachelor"
105260,"Female","Black or African American","No","No","Prefer Not to Say","Bachelor"
109514,"Female","Asian","No","No","Prefer Not to Say","Bachelor"
102140,"Female","Black or African American","No","No","Married","Doctorate"
106366,"Female","White","No","No","Single","Associate"
105687,"Male","Black or African American","No","Prefer Not to Say","Divorced","Doctorate"
100361,"Male","Asian","No","No","Single","Master"
102383,"Male","Hispanic or Latino","No","Prefer Not to Say","Single","Master"
107880,"Male","Hispanic or Latino","No","No","Prefer Not to Say","Bachelor"
101916,"Female","Two or More Races","Prefer Not to Say","Yes","Married","Bachelor"
102912,"Female","Prefer Not to Say","No","No","Prefer Not to Say","Bachelor"
100421,"Male","White","No","No","Married","Bachelor"
107159,"Female","Black or African American","No","No","Single","Master"
102204,"Female","Prefer Not to Say","No","No","Married","Bachelor"
107420,"Female","Prefer Not to Say","Yes","No","Married","High School"
101939,"Male","Black or African American","No","No","Married","Bachelor"
108713,"Male","Hispanic or Latino","No","No","Married","High School"
103973,"Male","White","No","No","Single","Master"
107251,"Male","Asian","No","No","Married","Bachelor"
102247,"Female","Black or African American","No","No","Married","Associate"
109768,"Female","Hispanic or Latino","No","No","Prefer Not to Say","Master"
104181,"Male","American Indian or Alaska Native","No","No","Married","Bachelor"
103101,"Male","White","No","No","Prefer Not to Say","Bachelor"
101213,"Male","Asian","No","No","Single","High School"
106738,"Male","White","No","No","Married","Master"
103258,"Female","White","No","No","Married","Bachelor"
105657,"Female","Asian","No","No","Divorced","Master"
108043,"Male","White","Yes","No","Married","High School"
103949,"Male","Black or African American","No","No","Single","Associate"
103494,"Male","Native Hawaiian or Pacific Islander","No","No","Married","Bachelor"
104317,"Male","Hispanic or Latino","No","No","Married","Master"
100837,"Male","Two or More Races","No","No","Single","Bachelor"
109131,"Non-Binary","Prefer Not to Say","Prefer Not to Say","No","Married","Associate"
108629,"Female","Asian","No","Yes","Single","Associate"
105442,"Female","Hispanic or Latino","No","No","Single","Master"
102020,"Male","White","No","No","Single","Doctorate"
102237,"Female","White","No","No","Divorced","Master"
101764,"Male","White","No","No","Single","Master"
107916,"Female","Hispanic or Latino","Yes","No","Single","Bachelor"
100938,"Female","Hispanic or Latino","No","No","Single","Associate"
104390,"Female","Hispanic or Latino","No","No","Single","Bachelor"
100024,"Male","White","No","No","Single","Master"
100730,"Male","Native Hawaiian or Pacific Islander","No","No","Married","Master"
100611,"Female","Hispanic or Latino","No","No","Married","Associate"
108670,"Male","White","No","No","Single","Bachelor"
105475,"Male","Hispanic or Latino","No","Yes","Single","Bachelor"
100786,"Male","Black or African American","No","Prefer Not to Say","Married","High School"
102930,"Male","White","No","No","Married","Bachelor"
103189,"Female","Two or More Races","No","No","Divorced","Bachelor"
105628,"Male","White","No","No","Single","High School"
108728,"Female","White","No","No","Married","High School"
106464,"Male","Hispanic or Latino","No","No","Single","Bachelor"
104975,"Female","Hispanic or Latino","No","No","Single","Associate"
100514,"Female","White","Yes","No","Married","Master"
101784,"Female","White","No","Yes","Single","Associate"
103426,"Male","White","No","No","Married","Master"
101225,"Male","Hispanic or Latino","No","No","Single","Bachelor"
100220,"Male","Two or More Races","Yes","No","Prefer Not to Say","Bachelor"
109949,"Male","White","No","No","Single","Master"
106153,"Male","Asian","No","Yes","Single","Master"
109258,"Male","Black or African American","No","No","Married","Master"
106476,"Female","Black or African American","Yes","Prefer Not to Say","Married","High School"
108028,"Male","White","No","No","Prefer Not to Say","Associate"
100731,"Female","Hispanic or Latino","No","No","Married","High School"
104070,"Male","White","No","No","Married","Associate"
100129,"Non-Binary","Black or African American","No","No","Married","High School"
106197,"Female","Black or African American","No","No","Single","Bachelor"
105241,"Female","White","No","No","Married","High School"
109818,"Male","Hispanic or Latino","No","No","Married","Bachelor"
102341,"Male","White","No","No","Single","Associate"
103997,"Female","White","No","No","Prefer Not to Say","Master"
106532,"Male","White","No","No","Prefer Not to Say","Bachelor"
102424,"Female","White","No","No","Divorced","Master"
101096,"Female","Black or African American","No","No","Married","Doctorate"
103475,"Female","Asian","No","No","Married","Bachelor"
106130,"Male","White","Yes","No","Married","Bachelor"
104471,"Male","Hispanic or Latino","No","No","Single","Master"
107370,"Female","Prefer Not to Say","No","Prefer Not to Say","Married","Master"
100274,"Male","Black or African American","No","No","Married","Bachelor"
101111,"Female","Hispanic or Latino","No","No","Married","Doctorate"
105677,"Female","Prefer Not to Say","No","No","Single","Bachelor"
108928,"Male","Hispanic or Latino","No","No","Divorced","Associate"
101659,"Male","Black or African American","No","No","Married","Master"
104334,"Female","Hispanic or Latino","No","No","Single","Associate"
107496,"Male","Hispanic or Latino","No","No","Single","Master"
107513,"Male","Asian","No","No","Single","Bachelor"
109006,"Male","Hispanic or Latino","No","No","Divorced","Bachelor"
109280,"Female","Prefer Not to Say","No","No","Married","Bachelor"
109501,"Male","Black or African American","No","No","Married","Bachelor"
100895,"Female","Black or African American","No","No","Married","High School"
108631,"Male","Black or African American","No","No","Married","Associate"
107167,"Male","White","No","No","Married","Bachelor"
106596,"Female","White","No","No","Married","Bachelor"
102200,"Female","White","No","No","Married","High School"
107254,"Male","Asian","No","No","Married","High School"
100347,"Female","White","No","No","Married","Master"
101247,"Female","Asian","No","No","Married","Associate"
108879,"Male","White","No","No","Married","Bachelor"
102303,"Male","Hispanic or Latino","No","No","Single","Bachelor"
105093,"Female","Asian","No","No","Divorced","High School"
103707,"Female","American Indian or Alaska Native","No","No","Married","Master"
109296,"Male","Black or African American","No","No","Single","Master"
108778,"Male","Asian","No","No","Married","Bachelor"
106435,"Female","Black or African American","No","No","Single","Master"
106636,"Male","Hispanic or Latino","No","No","Single","Master"
109088,"Female","Black or African American","No","No","Married","Bachelor"
100156,"Male","White","No","No","Married","Associate"
107240,"Female","Hispanic or Latino","No","No","Married","High School"
108403,"Female","White","No","No","Single","Doctorate"
108897,"Male","Hispanic or Latino","No","No","Married","High School"
102691,"Male","Hispanic or Latino","No","No","Married","Bachelor"
104294,"Female","Prefer Not to Say","No","No","Single","Bachelor"
109025,"Male","White","No","No","Single","High School"
108073,"Male","Prefer Not to Say","No","No","Single","High School"
108266,"Male","White","No","No","Married","High School"
102582,"Male","White","Prefer Not to Say","No","Married","Bachelor"
109798,"Female","White","No","No","Single","High School"
105117,"Male","Black or African American","No","Prefer Not to Say","Single","Bachelor"
104948,"Male","Asian","No","No","Single","Bachelor"
108111,"Female","White","No","Yes","Married","Associate"
106109,"Non-Binary","Black or African American","No","No","Single","Master"
100099,"Female","Two or More Races","No","No","Single","Doctorate"
109518,"Female","Asian","Yes","No","Divorced","Bachelor"
109360,"Male","White","No","No","Married","Bachelor"
103762,"Male","White","No","Prefer Not to Say","Married","Bachelor"
106240,"Female","White","No","No","Married","Bachelor"
102034,"Female","White","No","Prefer Not to Say","Prefer Not to Say","Bachelor"
106349,"Male","White","Yes","No","Married","High School"
103906,"Female","White","No","No","Married","High School"
109308,"Male","Asian","No","No","Single","Associate"
106097,"Female","Asian","No","Prefer Not to Say","Married","Bachelor"
100258,"Female","Asian","Yes","No","Prefer Not to Say","Associate"
102471,"Female","White","No","No","Single","Bachelor"
108891,"Male","Black or African American","No","No","Married","Master"
103981,"Female","White","No","No","Prefer Not to Say","Bachelor"
105638,"Non-Binary","Prefer Not to Say","No","No","Married","Master"
106595,"Male","Hispanic or Latino","No","No","Married","Associate"
102338,"Female","White","Yes","No","Married","Master"
107596,"Female","White","No","No","Married","Bachelor"
101052,"Male","White","No","No","Married","Bachelor"
108567,"Male","White","No","No","Single","Bachelor"
102568,"Male","Hispanic or Latino","No","No","Married","Master"
105128,"Female","Black or African American","No","No","Single","Bachelor"
101239,"Non-Binary","White","No","No","Divorced","High School"
105429,"Female","White","Prefer Not to Say","No","Prefer Not to Say","Master"
105907,"Male","Hispanic or Latino","No","No","Married","Bachelor"
109837,"Female","Asian","No","No","Single","Master"
100175,"Female","Black or African American","No","No","Married","Master"
108892,"Male","Asian","No","No","Married","Bachelor"
100860,"Male","Hispanic or Latino","No","No","Married","Bachelor"
100813,"Male","Hispanic or Latino","No","No","Single","Master"
102030,"Male","Prefer Not to Say","Yes","No","Married","High School"
106548,"Male","Black or African American","No","No","Married","Associate"
100224,"Female","White","No","No","Single","Master"
101010,"Male","Black or African American","No","No","Married","Associate"
109300,"Male","Asian","No","No","Single","Bachelor"
104012,"Male","White","No","No","Single","Bachelor"
105101,"Female","White","No","No","Married","Bachelor"
104547,"Female","White","No","No","Married","Master"
109169,"Male","Black or African American","Yes","No","Single","Associate"
109181,"Female","White","No","Prefer Not to Say","Single","Bachelor"
100506,"Male","White","Prefer Not to Say","No","Married","Bachelor"
108116,"Male","Two or More Races","No","No","Single","Bachelor"
106851,"Male","White","No","Prefer Not to Say","Married","High School"
109008,"Non-Binary","Black or African American","No","No","Divorced","Bachelor"
109143,"Female","White","No","No","Divorced","Associate"
108954,"Female","Prefer Not to Say","No","No","Single","Master"
103746,"Female","Black or African American","No","No","Married","High School"
101922,"Male","Black or African American","No","Prefer Not to Say","Married","Bachelor"
107385,"Female","White","No","No","Single","Master"
105106,"Female","White","No","No","Married","High School"
102910,"Female","Hispanic or Latino","No","Prefer Not to Say","Single","Master"
104345,"Female","White","No","No","Married","Bachelor"
104245,"Non-Binary","Black or African American","No","No","Married","High School"
102925,"Male","Hispanic or Latino","No","No","Married","Associate"
103360,"Male","Hispanic or Latino","No","No","Single","Bachelor"
103460,"Male","White","Yes","No","Married","Bachelor"
109605,"Female","Black or African American","No","No","Single","Bachelor"
101632,"Female","White","No","No","Married","Associate"
105927,"Female","Asian","No","No","Married","Bachelor"
103963,"Male","Asian","No","No","Single","Master"
103846,"Male","White","No","No","Married","Bachelor"
102599,"Male","White","No","No","Married","Master"
101123,"Female","White","No","No","Single","Bachelor"
109536,"Female","White","No","Yes","Married","Bachelor"
101297,"Female","White","No","No","Married","Bachelor"
101749,"Male","Two or More Races","Yes","No","Single","Bachelor"
104991,"Male","White","No","Prefer Not to Say","Divorced","Bachelor"
105791,"Female","Asian","Yes","No","Married","Bachelor"
104769,"Male","White","Prefer Not to Say","No","Married","Bachelor"
107710,"Female","Hispanic or Latino","No","No","Prefer Not to Say","Master"
100089,"Male","Two or More Races","No","No","Single","Associate"
106549,"Male","White","No","No","Married","Bachelor"
100230,"Female","Hispanic or Latino","No","No","Single","Bachelor"
102793,"Female","Prefer Not to Say","No","No","Married","Master"
101416,"Female","Black or African American","No","No","Prefer Not to Say","Master"
105328,"Female","White","No","No","Married","Master"
101134,"Male","Hispanic or Latino","No","No","Married","Master"
108190,"Male","Asian","Yes","No","Married","Bachelor"
107671,"Male","White","No","No","Married","Bachelor"
106507,"Male","Hispanic or Latino","No","No","Divorced","Bachelor"
106448,"Male","Hispanic or Latino","No","No","Divorced","Associate"
105594,"Non-Binary","White","No","No","Single","Bachelor"
108406,"Female","White","Prefer Not to Say","No","Married","Bachelor"
103624,"Female","Asian","No","No","Married","High School"
106729,"Male","Hispanic or Latino","No","No","Married","Associate"
107017,"Male","Black or African American","No","No","Divorced","Master"
105706,"Male","Black or African American","No","No","Divorced","Bachelor"
106720,"Female","White","No","No","Single","Master"
100893,"Male","White","No","No","Single","High School"
102732,"Female","Hispanic or Latino","No","No","Married","Master"
102177,"Male","Hispanic or Latino","No","No","Married","Master"
107061,"Male","White","No","No","Divorced","High School"
103044,"Male","Asian","No","No","Divorced","High School"
105095,"Female","Prefer Not to Say","No","No","Married","Bachelor"
105057,"Male","Black or African American","No","No","Single","Bachelor"
109831,"Female","Asian","No","No","Single","Associate"
109662,"Female","Hispanic or Latino","Yes","No","Single","Associate"
101903,"Female","Two or More Races","No","Prefer Not to Say","Married","Master"
105238,"Male","White","No","No","Single","Bachelor"
102330,"Female","Asian","No","No","Single","Bachelor"
108094,"Male","White","No","No","Single","Bachelor"
102220,"Female","Prefer Not to Say","No","No","Married","Associate"
102716,"Female","White","Yes","No","Prefer Not to Say","High School"
108913,"Male","Hispanic or Latino","No","No","Prefer Not to Say","High School"
102579,"Male","Hispanic or Latino","No","No","Married","Bachelor"
102413,"Male","Asian","No","No","Married","Bachelor"
100989,"Male","Asian","No","Yes","Single","Associate"
102481,"Male","White","Yes","No","Married","Bachelor"
101179,"Male","White","No","No","Single","Associate"
107497,"Female","Hispanic or Latino","No","Prefer Not to Say","Single","Associate"
108923,"Female","Hispanic or Latino","Prefer Not to Say","No","Divorced","Bachelor"
104592,"Male","Black or African American","No","No","Married","Bachelor"
109034,"Female","White","No","No","Single","Bachelor"
109681,"Male","Hispanic or Latino","No","No","Married","Associate"
103830,"Male","White","No","No","Single","Bachelor"
102859,"Female","Asian","No","No","Single","Bachelor"
104923,"Female","Asian","No","No","Married","Doctorate"
100910,"Female","Hispanic or Latino","No","No","Single","Bachelor"
104501,"Male","Black or African American","No","No","Single","Bachelor"
105818,"Female","White","No","No","Married","Bachelor"
102831,"Male","White","No","No","Married","Master"
106350,"Female","White","No","No","Married","Associate"
105049,"Female","Black or African American","No","No","Married","Bachelor"
105190,"Non-Binary","Black or African American","No","No","Prefer Not to Say","Bachelor"
104084,"Female","White","No","No","Married","Bachelor"
108413,"Female","Hispanic or Latino","Prefer Not to Say","No","Single","Doctorate"
107293,"Female","Asian","No","No","Married","Bachelor"
108354,"Female","Black or African American","Yes","No","Married","Bachelor"
102468,"Male","White","No","No","Married","Doctorate"
103820,"Female","Prefer Not to Say","Yes","No","Single","Bachelor"
104216,"Female","Asian","No","No","Married","Bachelor"
109121,"Male","Black or African American","Prefer Not to Say","No","Single","Associate"
108506,"Female","Black or African American","No","No","Married","Bachelor"
109359,"Male","White","No","No","Single","High School"
106076,"Male","White","No","No","Married","Associate"
103357,"Male","Asian","No","No","Divorced","Master"
100537,"Male","White","No","No","Single","Bachelor"
109453,"Female","Black or African American","No","No","Married","Bachelor"
106045,"Non-Binary","Asian","No","No","Divorced","Bachelor"
101745,"Female","White","No","No","Married","Bachelor"
103610,"Male","White","No","No","Married","High School"
106504,"Female","Hispanic or Latino","No","No","Married","High School"
103164,"Male","Black or African American","No","No","Single","Master"
103736,"Male","Asian","No","Prefer Not to Say","Single","Master"
106429,"Male","Black or African American","No","Prefer Not to Say","Divorced","Associate"
108212,"Male","Black or African American","No","No","Prefer Not to Say","Doctorate"
100155,"Female","Asian","No","No","Prefer Not to Say","Bachelor"
108411,"Female","Black or African American","No","No","Married","High School"
104387,"Male","Black or African American","No","No","Single","High School"
104308,"Male","American Indian or Alaska Native","No","No","Married","Bachelor"
106461,"Female","Black or African American","No","No","Married","Bachelor"
108630,"Male","Black or African American","No","No","Married","Bachelor"
101383,"Male","Hispanic or Latino","No","No","Married","Bachelor"
108412,"Female","Two or More Races","No","No","Married","Associate"
107230,"Male","Asian","No","No","Married","Associate"
106675,"Female","Two or More Races","No","No","Married","Bachelor"
101240,"Male","Asian","No","No","Single","Master"
100821,"Female","White","No","No","Divorced","Bachelor"
101260,"Female","Hispanic or Latino","No","No","Single","Bachelor"
104826,"Male","Hispanic or Latino","Prefer Not to Say","No","Married","Bachelor"
101085,"Female","Hispanic or Latino","No","No","Prefer Not to Say","Associate"
100049,"Male","Asian","No","No","Single","Master"
107579,"Female","Black or African American","No","No","Married","High School"
103819,"Female","Asian","No","No","Single","Bachelor"
108369,"Male","Hispanic or Latino","No","No","Single","High School"
109201,"Female","Asian","No","No","Prefer Not to Say","Bachelor"
104225,"Female","Prefer Not to Say","No","No","Single","Bachelor"
102850,"Male","Prefer Not to Say","No","No","Married","Associate"
101626,"Male","Asian","No","No","Divorced","Master"
108352,"Female","Hispanic or Latino","No","No","Single","Master"
104572,"Female","Hispanic or Latino","No","No","Married","Master"
108822,"Female","Black or African American","No","No","Married","High School"
108706,"Male","White","Prefer Not to Say","No","Married","Associate"
107142,"Female","Hispanic or Latino","No","No","Single","High School"
104660,"Female","White","No","Prefer Not to Say","Prefer Not to Say","Bachelor"
109530,"Female","Black or African American","No","No","Single","Associate"
104136,"Female","Two or More Races","No","No","Single","Associate"
109261,"Male","White","No","No","Married","High School"
108685,"Female","Hispanic or Latino","No","No","Single","Doctorate"
101911,"Non-Binary","Hispanic or Latino","No","No","Married","Master"
106452,"Male","American Indian or Alaska Native","No","Prefer Not to Say","Married","Master"
109091,"Male","Two or More Races","No","No","Single","Bachelor"
101220,"Non-Binary","Hispanic or Latino","No","No","Divorced","Associate"
109370,"Male","White","No","No","Married","Doctorate"
107053,"Male","White","No","No","Single","Bachelor"
103239,"Male","Asian","No","No","Prefer Not to Say","Bachelor"
105495,"Male","Black or African American","Yes","No","Married","Bachelor"
107460,"Male","Hispanic or Latino","No","No","Single","Bachelor"
104782,"Female","Hispanic or Latino","No","No","Married","Bachelor"
103154,"Male","Two or More Races","No","No","Married","Master"
104741,"Male","Black or African American","No","No","Married","High School"
107358,"Non-Binary","Black or African American","No","No","Married","Bachelor"
100326,"Male","Asian","No","No","Divorced","Master"
103345,"Female","White","No","No","Single","Bachelor"
102589,"Female","Hispanic or Latino","No","No","Single","Associate"
103686,"Male","Hispanic or Latino","Yes","No","Married","Associate"
104083,"Female","White","No","No","Married","Master"
103103,"Female","Hispanic or Latino","No","No","Single","Associate"
106692,"Female","White","No","No","Single","Master"
105763,"Female","White","No","No","Married","Master"
107302,"Female","White","No","No","Married","Bachelor"
104595,"Male","Hispanic or Latino","No","No","Single","Master"
103578,"Female","Hispanic or Latino","No","No","Single","Master"
105031,"Non-Binary","Hispanic or Latino","No","No","Single","Bachelor"
106310,"Male","Prefer Not to Say","Yes","No","Married","High School"
105224,"Male","Hispanic or Latino","No","No","Married","Bachelor"
109344,"Female","Black or African American","No","No","Divorced","Bachelor"
100934,"Male","Asian","No","No","Single","High School"
108239,"Male","Black or African American","No","Prefer Not to Say","Single","Bachelor"
109835,"Female","Black or African American","No","Yes","Married","Master"
101581,"Male","Asian","No","No","Prefer Not to Say","Bachelor"
103392,"Female","White","No","No","Married","Master"
101061,"Male","White","No","No","Single","Bachelor"
103909,"Male","Black or African American","No","No","Single","Doctorate"
101334,"Female","Two or More Races","No","No","Married","Associate"
105249,"Female","Hispanic or Latino","No","No","Married","Bachelor"
104587,"Non-Binary","White","No","No","Single","Bachelor"
108869,"Male","Black or African American","No","No","Single","Bachelor"
107735,"Male","White","No","No","Single","Bachelor"
100370,"Female","Black or African American","No","No","Single","Master"
108603,"Male","Hispanic or Latino","No","No","Divorced","High School"
100201,"Female","Prefer Not to Say","No","No","Prefer Not to Say","Bachelor"
103643,"Female","Asian","No","No","Single","Bachelor"
109286,"Male","White","No","No","Married","Master"
104550,"Female","White","No","No","Single","High School"
100474,"Male","Two or More Races","No","No","Single","Bachelor"
105971,"Male","White","No","No","Married","Master"
108787,"Female","Hispanic or Latino","No","No","Married","High School"
109163,"Female","Black or African American","No","No","Single","High School"
103308,"Female","Hispanic or Latino","Yes","No","Single","Master"
103991,"Male","Black or African American","No","No","Single","Bachelor"
105846,"Female","White","No","No","Divorced","High School"
108474,"Female","Hispanic or Latino","No","No","Single","Bachelor"
105324,"Male","White","No","No","Single","High School"
105137,"Non-Binary","White","No","No","Married","High School"
103950,"Male","Hispanic or Latino","No","Yes","Single","Bachelor"
105066,"Male","Hispanic or Latino","No","Yes","Single","High School"
109211,"Female","Asian","No","No","Single","High School"
105850,"Male","Hispanic or Latino","No","No","Married","Bachelor"
104542,"Male","Asian","No","No","Married","Bachelor"
106827,"Male","Two or More Races","No","Yes","Divorced","Master"
102238,"Male","Two or More Races","No","No","Divorced","Bachelor"
105492,"Male","Two or More Races","No","No","Married","High School"
104866,"Male","Asian","No","No","Single","Bachelor"
102819,"Female","Asian","No","No","Single","Master"
105419,"Female","Hispanic or Latino","No","No","Married","Master"
107760,"Non-Binary","Black or African American","No","No","Single","Bachelor"
103769,"Female","Hispanic or Latino","No","No","Single","Master"
107456,"Male","Hispanic or Latino","No","No","Divorced","Bachelor"
102489,"Female","Black or African American","Yes","No","Single","Master"
108884,"Female","Hispanic or Latino","No","No","Divorced","Master"
109924,"Male","Black or African American","No","No","Married","High School"
101062,"Male","White","No","No","Single","Bachelor"
104223,"Female","White","Yes","No","Married","Master"
104381,"Female","White","No","No","Married","Bachelor"
101480,"Female","Hispanic or Latino","No","No","Married","Bachelor"
109248,"Male","Two or More Races","No","No","Married","Bachelor"
104900,"Male","White","No","Prefer Not to Say","Divorced","Master"
108465,"Male","White","No","No","Divorced","Bachelor"
103078,"Female","White","No","No","Married","Bachelor"
109790,"Male","White","No","No","Single","Master"
100647,"Female","White","No","No","Single","High School"
105504,"Male","White","No","No","Married","High School"
108249,"Female","White","No","No","Married","High School"
103225,"Female","White","No","No","Married","Associate"
103977,"Female","Two or More Races","No","No","Divorced","Bachelor"
101931,"Female","Asian","No","No","Married","Master"
100262,"Female","Asian","No","Prefer Not to Say","Married","High School"
103410,"Male","Hispanic or Latino","No","No","Married","Bachelor"
100107,"Female","White","No","No","Married","Bachelor"
107140,"Female","Asian","No","No","Married","Master"
101255,"Male","Hispanic or Latino","No","No","Single","Bachelor"
107847,"Female","White","No","No","Single","Bachelor"
109957,"Female","Prefer Not to Say","No","No","Married","Bachelor"
101475,"Female","Black or African American","No","No","Married","Bachelor"
107898,"Male","Hispanic or Latino","No","Yes","Prefer Not to Say","Bachelor"
104435,"Female","Two or More Races","No","No","Married","Bachelor"
106456,"Female","White","No","No","Married","High School"
105924,"Male","Hispanic or Latino","No","Yes","Married","Master"
104600,"Male","Hispanic or Latino","No","No","Married","High School"
106059,"Male","White","No","No","Married","Bachelor"
105853,"Male","White","No","No","Married","Associate"
105255,"Female","Prefer Not to Say","No","No","Married","High School"
102760,"Female","Asian","No","No","Married","Associate"
100769,"Female","Hispanic or Latino","No","No","Single","Bachelor"
107887,"Female","Hispanic or Latino","No","No","Married","Bachelor"
108558,"Female","White","No","No","Married","Bachelor"
100803,"Male","Hispanic or Latino","No","No","Married","Associate"
106751,"Male","White","No","No","Married","High School"
105512,"Female","American Indian or Alaska Native","No","No","Single","High School"
101995,"Female","White","No","No","Single","Master"
102802,"Female","White","No","No","Single","Bachelor"
108968,"Male","White","No","No","Married","Associate"
102852,"Male","Hispanic or Latino","Yes","No","Married","Bachelor"
103780,"Female","White","No","No","Married","Bachelor"
105431,"Female","Hispanic or Latino","No","No","Married","Associate"
100520,"Female","Asian","No","No","Single","Associate"
105369,"Male","White","No","No","Prefer Not to Say","Master"
107112,"Female","White","No","No","Single","Bachelor"
105038,"Male","Hispanic or Latino","No","No","Married","Bachelor"
109853,"Female","White","Prefer Not to Say","Yes","Single","Master"
103122,"Female","Hispanic or Latino","No","No","Married","Doctorate"
104457,"Female","White","No","No","Single","Bachelor"
103805,"Female","Hispanic or Latino","No","Yes","Single","Master"
109523,"Male","White","No","No","Single","High School"
100371,"Male","White","No","No","Married","High School"
100019,"Female","White","Yes","No","Prefer Not to Say","Bachelor"
102680,"Male","White","No","No","Divorced","Bachelor"
101157,"Male","Asian","No","No","Single","High School"
108114,"Female","White","No","No","Married","Bachelor"
105767,"Non-Binary","Hispanic or Latino","No","No","Married","Bachelor"
108010,"Male","White","No","Yes","Single","Doctorate"
100343,"Female","White","No","No","Married","Bachelor"
108384,"Female","Asian","No","No","Single","Master"
103211,"Male","Black or African American","No","No","Single","Master"
104359,"Female","White","No","No","Single","Bachelor"
108986,"Male","Hispanic or Latino","No","No","Married","Master"
103043,"Male","Black or African American","No","No","Married","Master"
100309,"Non-Binary","Two or More Races","No","No","Married","Bachelor"
109720,"Female","White","No","No","Married","Bachelor"
106052,"Female","White","No","No","Married","Bachelor"
105085,"Female","White","Yes","No","Divorced","Master"
103133,"Female","Hispanic or Latino","No","No","Married","Bachelor"
100726,"Female","Hispanic or Latino","No","No","Married","Bachelor"
108796,"Female","White","No","No","Single","High School"
100652,"Male","Black or African American","No","No","Prefer Not to Say","Bachelor"
106027,"Female","Asian","No","No","Married","Associate"
103374,"Male","Hispanic or Latino","No","No","Single","Doctorate"
106594,"Male","Asian","No","Prefer Not to Say","Single","Bachelor"
104774,"Male","White","No","No","Married","Associate"
101390,"Female","Black or African American","Yes","No","Single","Bachelor"
107036,"Male","Prefer Not to Say","No","No","Single","Master"
100190,"Female","White","No","No","Married","Bachelor"
107488,"Female","White","No","No","Single","Doctorate"
100899,"Female","Black or African American","No","No","Single","Doctorate"
102406,"Male","White","No","Prefer Not to Say","Single","Associate"
106859,"Male","Hispanic or Latino","No","Yes","Married","Bachelor"
101411,"Non-Binary","Asian","No","No","Single","Bachelor"
103485,"Male","Black or African American","Yes","No","Married","Master"
104329,"Female","White","No","No","Married","Master"
109989,"Female","White","No","No","Divorced","Bachelor"
102660,"Male","Two or More Races","Yes","Yes","Married","Bachelor"
108083,"Female","Hispanic or Latino","No","No","Single","High School"
109698,"Female","White","No","No","Married","Master"
109658,"Male","Asian","No","No","Married","Bachelor"
107138,"Female","Two or More Races","No","No","Married","Bachelor"
104781,"Female","Hispanic or Latino","No","No","Divorced","Master"
104650,"Male","White","No","No","Single","Bachelor"
107369,"Female","Hispanic or Latino","No","No","Single","Bachelor"
106202,"Male","Hispanic or Latino","Prefer Not to Say","No","Single","Master"
103135,"Male","Black or African American","No","No","Married","Master"
108721,"Male","Asian","No","No","Married","Bachelor"
102764,"Female","Asian","No","No","Single","Bachelor"
105629,"Male","Hispanic or Latino","No","No","Single","Bachelor"
102134,"Female","Asian","Prefer Not to Say","No","Single","Associate"
107170,"Male","White","No","Yes","Single","Doctorate"
108994,"Female","Two or More Races","No","No","Divorced","Bachelor"
108857,"Male","Hispanic or Latino","Yes","No","Married","Bachelor"
108848,"Male","White","No","No","Married","Master"
108580,"Male","White","Prefer Not to Say","No","Divorced","High School"
103752,"Male","Prefer Not to Say","No","No","Single","Associate"
100189,"Male","Asian","No","No","Married","Bachelor"
101676,"Female","Hispanic or Latino","No","No","Divorced","Associate"
105192,"Female","Asian","No","No","Married","Associate"
101549,"Non-Binary","White","Yes","No","Single","Associate"
100638,"Male","White","No","Prefer Not to Say","Single","Master"
108414,"Male","White","No","No","Married","Associate"
103559,"Male","White","No","No","Married","Bachelor"
101310,"Male","White","No","No","Married","High School"
103759,"Female","Hispanic or Latino","No","No","Divorced","Master"
106003,"Male","Hispanic or Latino","No","No","Single","Bachelor"
108565,"Male","Two or More Races","No","No","Married","Master"
100037,"Female","White","No","No","Single","Master"
109452,"Male","White","No","No","Single","Master"
107903,"Male","Asian","No","No","Single","Associate"
104985,"Female","Hispanic or Latino","No","No","Single","High School"
108973,"Female","White","No","No","Single","High School"
101109,"Female","Hispanic or Latino","No","No","Single","Doctorate"
106242,"Male","Two or More Races","No","Prefer Not to Say","Married","Doctorate"
106855,"Female","White","No","No","Married","Master"
103152,"Male","Black or African American","No","No","Married","Bachelor"
102882,"Male","White","No","No","Prefer Not to Say","Bachelor"
109932,"Female","Black or African American","No","No","Married","Master"
102050,"Male","Two or More Races","No","No","Married","Master"
105597,"Male","Hispanic or Latino","Prefer Not to Say","No","Single","Bachelor"
108276,"Female","Hispanic or Latino","No","Yes","Married","High School"
103491,"Male","White","No","No","Married","Bachelor"
105150,"Female","White","No","No","Married","Bachelor"
106189,"Male","Hispanic or Latino","No","No","Single","Bachelor"
105312,"Male","Hispanic or Latino","No","No","Married","Master"
107572,"Male","White","No","No","Single","Master"
102576,"Male","Black or African American","No","No","Married","Bachelor"
105445,"Female","Two or More Races","No","No","Single","High School"
106893,"Male","Black or African American","No","No","Single","Bachelor"
106165,"Male","Prefer Not to Say","No","No","Married","High School"
104858,"Female","White","No","No","Married","High School"
100223,"Female","Black or African American","Prefer Not to Say","No","Married","High School"
101948,"Female","Prefer Not to Say","No","No","Single","Master"
103451,"Female","Black or African American","No","No","Single","Associate"
104725,"Female","Hispanic or Latino","No","No","Single","Bachelor"
108138,"Male","Hispanic or Latino","No","No","Prefer Not to Say","Bachelor"
107639,"Female","White","No","No","Married","Associate"
101726,"Male","Asian","No","No","Single","Master"
105433,"Male","Black or African American","No","No","Married","Bachelor"
105326,"Female","White","No","No","Single","Master"
107683,"Male","Two or More Races","No","No","Single","Master"
103630,"Male","White","No","No","Prefer Not to Say","Master"
109537,"Male","White","No","No","Married","High School"
108598,"Female","White","No","No","Married","High School"
102251,"Male","Prefer Not to Say","Yes","No","Single","High School"
106912,"Female","Asian","No","No","Married","Associate"
107404,"Male","Hispanic or Latino","No","No","Single","Bachelor"
104618,"Non-Binary","Hispanic or Latino","No","No","Married","Bachelor"
106073,"Female","Black or African American","No","No","Single","Bachelor"
109394,"Female","Asian","No","No","Single","Bachelor"
107813,"Male","Black or African American","No","No","Married","Bachelor"
100240,"Non-Binary","Black or African American","No","No","Married","Associate"
106895,"Male","Black or African American","No","No","Single","Master"
101620,"Male","White","No","No","Single","Associate"
103697,"Female","Black or African American","No","No","Single","Doctorate"
101476,"Male","Black or African American","No","No","Single","Master"
103929,"Male","White","No","No","Single","High School"
106039,"Female","White","No","Yes","Married","Bachelor"
101433,"Female","Asian","No","Yes","Divorced","Bachelor"
104563,"Male","White","No","No","Single","Bachelor"
104126,"Female","Hispanic or Latino","No","No","Single","Bachelor"
102040,"Male","White","No","No","Married","Bachelor"
101947,"Male","Black or African American","No","No","Married","Bachelor"
105807,"Female","Hispanic or Latino","No","No","Married","High School"
102456,"Male","Prefer Not to Say","No","No","Married","High School"
106128,"Male","White","No","No","Single","Doctorate"
108228,"Female","Hispanic or Latino","No","Yes","Single","Bachelor"
103734,"Male","Black or African American","No","No","Married","Bachelor"
108680,"Female","White","Prefer Not to Say","No","Married","Bachelor"
100981,"Female","Black or African American","No","No","Married","Master"
108045,"Female","Hispanic or Latino","No","No","Single","High School"
103318,"Male","Black or African American","No","No","Married","Master"
107272,"Female","White","No","No","Married","Master"
102901,"Male","White","No","No","Single","Bachelor"
105027,"Male","Hispanic or Latino","No","No","Divorced","Doctorate"
103307,"Female","Asian","No","No","Married","Master"
109419,"Female","Hispanic or Latino","No","No","Married","Bachelor"
103774,"Male","Asian","No","No","Married","Associate"
106250,"Female","Hispanic or Latino","No","No","Single","Bachelor"
109609,"Female","Hispanic or Latino","No","No","Married","Doctorate"
104546,"Female","Asian","No","Prefer Not to Say","Married","High School"
106991,"Male","White","No","No","Married","High School"
104676,"Female","Hispanic or Latino","No","No","Married","Associate"
105909,"Male","White","No","No","Married","Bachelor"
101722,"Female","Hispanic or Latino","Yes","No","Divorced","Bachelor"
101142,"Male","Hispanic or Latino","No","No","Married","Master"
104840,"Female","Prefer Not to Say","No","No","Single","Bachelor"
101284,"Male","White","No","No","Married","High School"
102502,"Female","Two or More Races","Prefer Not to Say","No","Married","Bachelor"
102866,"Female","Hispanic or Latino","No","No","Single","Bachelor"
107757,"Female","White","No","No","Prefer Not to Say","High School"
104645,"Non-Binary","Hispanic or Latino","No","No","Single","High School"
102366,"Male","White","Yes","No","Prefer Not to Say","Associate"
104910,"Male","Hispanic or Latino","No","No","Single","Bachelor"
106805,"Female","Asian","Prefer Not to Say","Yes","Single","High School"
100756,"Male","White","No","No","Married","Bachelor"
100420,"Female","Asian","No","No","Single","Master"
108361,"Male","Prefer Not to Say","Prefer Not to Say","No","Married","High School"
101523,"Female","White","No","No","Married","High School"
104800,"Female","Asian","No","No","Prefer Not to Say","Master"
105258,"Male","White","No","No","Single","High School"
106727,"Male","Asian","No","No","Single","Associate"
102239,"Female","Asian","No","No","Single","Bachelor"
101421,"Female","White","No","No","Prefer Not to Say","Master"
102352,"Female","White","No","No","Single","Master"
104744,"Female","Hispanic or Latino","No","No","Married","Associate"
107191,"Non-Binary","Hispanic or Latino","No","No","Married","Master"
102877,"Female","Black or African American","No","No","Single","Associate"
108001,"Male","Black or African American","No","No","Married","Bachelor"
100263,"Female","White","No","No","Divorced","Associate"
103214,"Male","Hispanic or Latino","No","No","Married","Bachelor"
108814,"Female","White","No","No","Married","Master"
105415,"Female","Black or African American","No","No","Divorced","Master"
104164,"Female","Hispanic or Latino","No","No","Married","Doctorate"
103108,"Female","Two or More Races","No","No","Married","Associate"
107081,"Male","White","Yes","Yes","Single","Master"
106371,"Female","White","No","No","Married","Bachelor"
104715,"Female","Asian","No","Prefer Not to Say","Married","High School"
104048,"Female","Hispanic or Latino","No","No","Single","Bachelor"
102138,"Female","White","No","No","Single","Bachelor"
108887,"Female","Two or More Races","No","No","Single","Master"
107947,"Female","Hispanic or Latino","No","No","Single","Master"
101102,"Female","Asian","Prefer Not to Say","No","Married","Bachelor"
107580,"Male","Asian","No","No","Prefer Not to Say","Bachelor"
102711,"Male","White","No","No","Single","Bachelor"
100170,"Male","Black or African American","Yes","No","Single","High School"
109547,"Female","Hispanic or Latino","No","No","Married","Associate"
100549,"Female","Hispanic or Latino","No","No","Single","Doctorate"
101059,"Male","Black or African American","No","No","Married","Bachelor"
109769,"Female","Asian","No","No","Divorced","Doctorate"
106034,"Female","White","No","No","Single","Doctorate"
106444,"Male","Asian","No","No","Divorced","Bachelor"
109007,"Female","Prefer Not to Say","No","No","Single","Master"
108903,"Male","Asian","Prefer Not to Say","No","Single","Bachelor"
109342,"Male","Two or More Races","No","No","Married","Bachelor"
105697,"Female","White","No","No","Divorced","Associate"
107867,"Male","Asian","Prefer Not to Say","No","Married","Master"
103650,"Female","Prefer Not to Say","No","No","Single","Associate"
108204,"Female","White","No","No","Prefer Not to Say","Master"
101729,"Female","Prefer Not to Say","No","No","Single","Bachelor"
109480,"Male","Black or African American","No","No","Divorced","Associate"
109056,"Female","Hispanic or Latino","No","No","Married","Master"
106221,"Male","Black or African American","No","No","Married","Bachelor"
103885,"Female","Hispanic or Latino","Yes","No","Single","Bachelor"
105516,"Female","Asian","No","No","Single","Associate"
101295,"Female","Hispanic or Latino","No","No","Single","Bachelor"
102142,"Female","Asian","No","No","Married","Master"
104202,"Male","Hispanic or Latino","No","No","Single","Master"
105350,"Female","White","No","No","Married","High School"
107376,"Non-Binary","Hispanic or Latino","No","No","Married","Bachelor"
107424,"Female","Hispanic or Latino","No","No","Single","Master"
101865,"Female","Black or African American","No","No","Single","Bachelor"
102218,"Male","Asian","No","Prefer Not to Say","Single","Master"
101964,"Female","Black or African American","No","No","Married","Master"
104049,"Male","White","No","No","Divorced","Bachelor"
107736,"Female","Hispanic or Latino","No","Yes","Married","Bachelor"
105147,"Male","Prefer Not to Say","No","No","Single","Bachelor"
103489,"Male","Hispanic or Latino","No","Prefer Not to Say","Single","Bachelor"
106413,"Female","Hispanic or Latino","No","No","Married","Bachelor"
108317,"Male","White","No","Yes","Married","Master"
105803,"Female","White","No","No","Single","Master"
100706,"Male","White","No","No","Single","Master"
108326,"Female","Asian","Yes","No","Married","Bachelor"
109149,"Male","Two or More Races","No","No","Divorced","High School"
105406,"Male","Hispanic or Latino","No","No","Married","Bachelor"
102846,"Male","Prefer Not to Say","No","No","Single","Master"
100463,"Male","Asian","No","No","Single","Master"
109600,"Male","Black or African American","No","No","Prefer Not to Say","Associate"
108991,"Female","Black or African American","No","No","Single","Bachelor"
101588,"Female","Asian","No","No","Single","Doctorate"
105645,"Female","Asian","No","No","Single","High School"
100709,"Female","Black or African American","No","No","Prefer Not to Say","Bachelor"
101866,"Female","White","No","No","Single","Master"
107069,"Female","Hispanic or Latino","Yes","No","Prefer Not to Say","Associate"
108321,"Male","White","No","No","Single","Bachelor"
104174,"Female","Two or More Races","No","No","Single","Master"
103483,"Male","Hispanic or Latino","No","No","Divorced","Bachelor"
103716,"Male","Hispanic or Latino","No","No","Single","Bachelor"
108723,"Female","White","No","No","Married","Bachelor"
101907,"Female","White","No","No","Married","High School"
106446,"Non-Binary","Hispanic or Latino","No","No","Single","High School"
106690,"Male","Asian","No","No","Single","Master"
104799,"Male","White","No","No","Married","Master"
108805,"Female","Hispanic or Latino","No","No","Married","Bachelor"
105738,"Male","White","No","No","Single","Bachelor"
103450,"Male","Native Hawaiian or Pacific Islander","No","No","Married","Bachelor"
105011,"Male","Hispanic or Latino","No","No","Married","Master"
107119,"Female","Black or African American","No","No","Single","High School"
101267,"Female","White","No","No","Married","High School"
102634,"Female","Asian","No","No","Married","Bachelor"
105741,"Male","Hispanic or Latino","No","No","Single","Bachelor"
104408,"Male","White","No","No","Single","Bachelor"
105780,"Male","Black or African American","No","No","Single","High School"
107181,"Male","White","No","No","Prefer Not to Say","Bachelor"
106788,"Male","Black or African American","No","No","Married","Master"
100950,"Male","Two or More Races","No","No","Married","Bachelor"
102007,"Male","Asian","No","No","Married","Bachelor"
103976,"Female","White","No","No","Divorced","Doctorate"
101652,"Male","White","No","Prefer Not to Say","Married","High School"
106971,"Female","Two or More Races","No","No","Single","Bachelor"
101962,"Male","Black or African American","No","No","Single","Master"
106355,"Female","Hispanic or Latino","No","Prefer Not to Say","Married","Associate"
107364,"Female","White","No","No","Married","Bachelor"
108394,"Female","White","No","No","Married","Master"
108415,"Female","Black or African American","No","No","Married","Master"
102564,"Female","White","No","No","Married","Doctorate"
102296,"Female","Asian","No","No","Married","Associate"
107616,"Female","White","No","No","Married","Master"
101101,"Male","Hispanic or Latino","No","No","Married","Bachelor"
107056,"Female","Hispanic or Latino","No","Prefer Not to Say","Married","High School"
100143,"Female","Asian","No","No","Married","Master"
109429,"Female","Prefer Not to Say","No","No","Married","Master"
106964,"Male","Hispanic or Latino","No","No","Married","Master"
100591,"Female","Black or African American","No","No","Married","Bachelor"
107969,"Female","Black or African American","Prefer Not to Say","No","Married","Master"
101635,"Female","Hispanic or Latino","No","No","Single","Bachelor"
106181,"Female","Hispanic or Latino","No","No","Married","High School"
100827,"Male","White","No","No","Single","Doctorate"
107998,"Female","White","No","No","Married","Bachelor"
107435,"Male","Black or African American","Yes","No","Prefer Not to Say","Bachelor"
101806,"Female","Hispanic or Latino","No","Yes","Single","Master"
106592,"Female","Hispanic or Latino","No","Prefer Not to Say","Married","Bachelor"
100725,"Female","Asian","No","No","Single","Bachelor"
104211,"Male","Prefer Not to Say","No","No","Married","Bachelor"
102836,"Non-Binary","Black or African American","No","No","Married","High School"
104497,"Female","White","No","No","Single","Master"
102554,"Male","Black or African American","No","No","Married","Bachelor"
106483,"Male","White","No","Prefer Not to Say","Single","Bachelor"
109917,"Female","Hispanic or Latino","No","No","Single","High School"
107705,"Male","Black or African American","No","No","Married","Bachelor"
100325,"Female","Asian","No","No","Married","Doctorate"
101352,"Male","Black or African American","No","No","Married","High School"
109043,"Male","White","No","No","Single","Associate"
108754,"Male","White","No","No","Single","Bachelor"
107454,"Male","Prefer Not to Say","Prefer Not to Say","No","Married","High School"
106177,"Male","Asian","Yes","No","Single","Bachelor"
106500,"Male","Black or African American","No","No","Married","Bachelor"
101734,"Male","White","No","No","Single","Doctorate"
103857,"Male","Hispanic or Latino","No","No","Single","Associate"
105981,"Male","Hispanic or Latino","No","Prefer Not to Say","Single","Bachelor"
104068,"Male","Hispanic or Latino","No","Yes","Single","Bachelor"
105615,"Male","Asian","No","No","Married","High School"
109533,"Male","White","No","No","Single","Bachelor"
109556,"Male","Asian","No","No","Married","Bachelor"
101526,"Male","Hispanic or Latino","No","Yes","Married","Bachelor"
105357,"Male","White","No","No","Single","High School"
108375,"Female","Black or African American","Prefer Not to Say","No","Divorced","Bachelor"
106320,"Female","White","No","Yes","Married","Bachelor"
100564,"Female","Black or African American","No","Yes","Divorced","Bachelor"
108325,"Female","Hispanic or Latino","Prefer Not to Say","No","Single","High School"
109332,"Male","Two or More Races","Yes","Prefer Not to Say","Married","Bachelor"
109648,"Female","Hispanic or Latino","No","No","Divorced","Bachelor"
106526,"Non-Binary","White","No","No","Married","Bachelor"
107761,"Male","White","No","No","Married","High School"
105311,"Female","Black or African American","No","No","Married","Bachelor"
101495,"Female","White","No","No","Prefer Not to Say","Bachelor"
106089,"Male","White","No","No","Single","High School"
106346,"Female","Asian","No","No","Single","High School"
100439,"Female","Asian","No","No","Single","Bachelor"
103817,"Male","White","Yes","No","Single","Bachelor"
104525,"Female","Black or African American","No","No","Married","High School"
109758,"Female","Asian","Yes","No","Single","Bachelor"
104605,"Male","White","No","No","Married","Bachelor"
107508,"Female","Prefer Not to Say","Yes","No","Prefer Not to Say","Bachelor"
109500,"Non-Binary","White","No","No","Divorced","High School"
108836,"Male","Hispanic or Latino","No","No","Single","Master"
103884,"Male","Prefer Not to Say","No","No","Single","Associate"
100115,"Non-Binary","Black or African American","No","No","Prefer Not to Say","High School"
108937,"Female","White","No","No","Married","Master"
105053,"Male","Asian","No","No","Prefer Not to Say","Bachelor"
107701,"Female","White","No","No","Single","Master"
109868,"Female","White","No","No","Single","Associate"
106693,"Male","White","No","No","Married","Bachelor"
101469,"Female","White","No","No","Married","High School"
105042,"Female","White","No","Prefer Not to Say","Single","Associate"
104489,"Female","Hispanic or Latino","No","No","Divorced","Bachelor"
103865,"Male","White","No","Prefer Not to Say","Married","High School"
102181,"Female","Black or African American","No","No","Married","High School"
106365,"Male","Asian","No","No","Single","High School"
100890,"Female","Hispanic or Latino","No","No","Married","Master"
107489,"Male","Prefer Not to Say","No","No","Married","Bachelor"
106499,"Male","Asian","No","No","Divorced","Master"
100031,"Male","White","No","Yes","Single","Bachelor"
100338,"Male","Asian","Prefer Not to Say","No","Single","Bachelor"
101459,"Male","White","No","No","Married","Doctorate"
103246,"Female","Asian","No","No","Single","Bachelor"
104140,"Female","White","No","No","Single","Bachelor"
102610,"Female","White","No","No","Single","Master"
104683,"Female","White","No","No","Married","Bachelor"
104894,"Female","White","No","No","Divorced","Bachelor"
108533,"Male","Asian","No","No","Married","Master"
101750,"Male","Native Hawaiian or Pacific Islander","No","No","Married","Bachelor"
106113,"Male","White","No","Prefer Not to Say","Single","Master"
106304,"Male","White","No","No","Married","High School"
105530,"Male","White","No","No","Single","Master"
102495,"Female","Asian","No","No","Single","Bachelor"
103547,"Female","Hispanic or Latino","No","No","Prefer Not to Say","High School"
100128,"Female","Black or African American","No","No","Single","Bachelor"
105306,"Male","White","No","No","Married","Bachelor"
102014,"Female","Hispanic or Latino","No","No","Married","Doctorate"
108446,"Female","Hispanic or Latino","No","No","Divorced","Master"
102133,"Female","White","No","No","Single","High School"
106687,"Female","Hispanic or Latino","No","No","Single","High School"
107479,"Male","White","Yes","No","Divorced","Bachelor"
105160,"Female","Hispanic or Latino","No","No","Single","Bachelor"
105525,"Male","Black or African American","No","No","Divorced","Doctorate"
107889,"Male","White","No","No","Single","Master"
102280,"Female","Hispanic or Latino","No","Prefer Not to Say","Single","Bachelor"
102640,"Female","Hispanic or Latino","No","No","Married","Associate"
106208,"Female","White","No","No","Prefer Not to Say","Doctorate"
101145,"Male","Asian","No","No","Single","Master"
106967,"Female","White","No","No","Single","Associate"
100855,"Male","Asian","No","No","Married","Master"
103105,"Female","Black or African American","No","No","Single","High School"
106316,"Female","Hispanic or Latino","Prefer Not to Say","No","Married","Bachelor"
108494,"Female","Black or African American","No","No","Prefer Not to Say","Associate"
105773,"Male","Asian","Yes","No","Married","Bachelor"
105289,"Male","White","No","No","Married","Bachelor"
107661,"Male","White","No","No","Married","High School"
101954,"Male","White","No","No","Prefer Not to Say","Bachelor"
102669,"Male","Asian","No","No","Single","Master"
103445,"Female","White","Yes","No","Single","High School"
100383,"Female","Hispanic or Latino","No","No","Married","Bachelor"
107135,"Female","Hispanic or Latino","No","No","Married","Associate"
108672,"Male","White","No","No","Married","Bachelor"
104997,"Male","Black or African American","No","No","Divorced","Master"
109312,"Male","White","No","Prefer Not to Say","Single","Bachelor"
105157,"Male","Hispanic or Latino","No","No","Married","Master"
105223,"Female","White","No","No","Single","Master"
104895,"Male","White","No","No","Married","Bachelor"
102005,"Female","Asian","No","No","Married","Master"
105009,"Female","Hispanic or Latino","No","No","Married","Associate"
103193,"Male","Hispanic or Latino","No","No","Divorced","Master"
101273,"Male","White","No","No","Married","Master"
105016,"Female","Hispanic or Latino","No","No","Single","Doctorate"
103729,"Female","White","No","Yes","Single","Doctorate"
104731,"Female","Hispanic or Latino","No","No","Single","Doctorate"
109063,"Male","White","No","No","Married","Bachelor"
106747,"Male","Hispanic or Latino","No","Yes","Married","Master"
104865,"Male","White","No","No","Single","Bachelor"
100677,"Female","Asian","No","Yes","Single","Bachelor"
101975,"Female","Prefer Not to Say","No","No","Single","High School"
101047,"Male","Asian","No","No","Married","Bachelor"
108534,"Female","White","Prefer Not to Say","No","Married","Doctorate"
102448,"Female","White","No","No","Married","Bachelor"
107413,"Male","White","No","No","Single","Master"
106634,"Female","White","Yes","No","Married","Bachelor"
100780,"Female","Hispanic or Latino","No","No","Single","Master"
105522,"Female","Hispanic or Latino","Yes","No","Single","Bachelor"
102953,"Female","Two or More Races","No","No","Single","Bachelor"
105809,"Female","Black or African American","No","No","Prefer Not to Say","Bachelor"
106993,"Male","Hispanic or Latino","No","No","Married","Bachelor"
109278,"Female","White","No","No","Married","Bachelor"
102739,"Female","White","No","No","Married","High School"
105362,"Male","Asian","No","No","Divorced","Master"
108230,"Female","Asian","No","No","Married","Master"
105453,"Male","White","No","No","Single","Master"
108409,"Female","White","No","No","Married","Bachelor"
106143,"Female","Hispanic or Latino","No","No","Married","High School"
108154,"Male","White","No","No","Single","Bachelor"
103414,"Female","Asian","Prefer Not to Say","No","Married","Bachelor"
104705,"Male","White","No","No","Divorced","Doctorate"
106199,"Female","Asian","No","No","Single","Bachelor"
104204,"Female","White","No","No","Single","Bachelor"
107834,"Non-Binary","Asian","Yes","No","Single","Associate"
109049,"Male","Hispanic or Latino","No","No","Prefer Not to Say","Associate"
101801,"Female","Hispanic or Latino","No","No","Married","Bachelor"
108978,"Female","Asian","No","No","Married","High School"
109250,"Non-Binary","Hispanic or Latino","No","No","Married","Bachelor"
101776,"Female","Hispanic or Latino","No","No","Prefer Not to Say","Bachelor"
102917,"Male","White","No","No","Married","Bachelor"
106278,"Female","Black or African American","No","No","Married","Associate"
105952,"Female","Two or More Races","No","No","Single","Master"
105342,"Female","Hispanic or Latino","No","No","Prefer Not to Say","Master"
108336,"Female","Hispanic or Latino","No","No","Married","Bachelor"
106086,"Male","White","No","No","Prefer Not to Say","Master"
103606,"Male","Black or African American","No","No","Divorced","Associate"
106378,"Female","Hispanic or Latino","No","Prefer Not to Say","Married","Bachelor"
106910,"Female","White","No","No","Divorced","Associate"
106478,"Male","Black or African American","No","No","Married","Associate"
106420,"Female","Black or African American","Prefer Not to Say","No","Prefer Not to Say","Bachelor"
105193,"Male","Two or More Races","No","No","Single","High School"
104135,"Male","Hispanic or Latino","No","No","Single","High School"
107121,"Male","Black or African American","No","No","Married","Associate"
108279,"Female","Prefer Not to Say","No","Prefer Not to Say","Married","Bachelor"
102541,"Male","Hispanic or Latino","No","No","Married","Bachelor"
107601,"Male","Prefer Not to Say","No","No","Married","Master"
109841,"Male","Hispanic or Latino","No","No","Single","High School"
104148,"Female","White","No","Prefer Not to Say","Single","Bachelor"
103229,"Male","Asian","No","No","Married","Doctorate"
107211,"Male","Asian","No","No","Prefer Not to Say","Bachelor"
105046,"Female","Asian","No","Yes","Married","Bachelor"
105335,"Female","Hispanic or Latino","No","No","Single","Bachelor"
103478,"Male","Two or More Races","No","No","Single","Associate"
107329,"Female","Hispanic or Latino","No","No","Married","High School"
106033,"Female","Asian","No","No","Married","Doctorate"
108021,"Female","White","No","Yes","Married","Bachelor"
107675,"Female","White","No","No","Single","High School"
100379,"Male","White","No","No","Married","Master"
108946,"Male","White","No","No","Married","Bachelor"
105144,"Male","Asian","No","No","Single","Master"
104807,"Female","White","No","No","Single","High School"
102950,"Male","White","Prefer Not to Say","No","Prefer Not to Say","High School"
103025,"Male","Asian","No","Yes","Married","Bachelor"
108694,"Female","White","No","No","Married","Bachelor"
104901,"Female","White","No","No","Married","Master"
108247,"Male","Hispanic or Latino","No","No","Single","Bachelor"
104386,"Non-Binary","Black or African American","No","Yes","Single","Associate"
107654,"Female","Hispanic or Latino","No","No","Single","High School"
108811,"Female","Prefer Not to Say","No","Yes","Married","Bachelor"
108340,"Male","Two or More Races","No","Yes","Married","Bachelor"
105390,"Female","Hispanic or Latino","No","Yes","Single","High School"
101905,"Male","Asian","No","No","Married","Master"
104828,"Female","White","No","No","Divorced","Bachelor"
107866,"Male","Two or More Races","No","No","Single","Master"
103815,"Male","Hispanic or Latino","No","No","Single","Bachelor"
102499,"Male","White","No","No","Married","Bachelor"
100955,"Female","Asian","No","No","Single","Associate"
108334,"Male","Asian","Yes","No","Single","Bachelor"
102558,"Female","Black or African American","No","No","Single","Bachelor"
104827,"Male","Asian","No","No","Single","Bachelor"
106674,"Female","Prefer Not to Say","No","No","Married","Bachelor"
101103,"Male","White","No","No","Prefer Not to Say","Associate"
105578,"Male","Asian","No","No","Married","Bachelor"
101058,"Male","Native Hawaiian or Pacific Islander","No","No","Prefer Not to Say","Master"
105242,"Female","Hispanic or Latino","No","No","Single","Bachelor"
108756,"Male","White","No","No","Single","High School"
102027,"Male","Asian","No","No","Married","Bachelor"
102941,"Female","Hispanic or Latino","No","No","Married","Bachelor"
102724,"Female","Hispanic or Latino","No","No","Married","High School"
103180,"Female","Hispanic or Latino","No","No","Divorced","Bachelor"
100608,"Female","Prefer Not to Say","No","Prefer Not to Say","Single","Associate"
106995,"Male","Prefer Not to Say","No","No","Single","High School"
106901,"Female","Asian","No","No","Married","Bachelor"
103548,"Female","White","No","No","Divorced","Master"
102465,"Female","Hispanic or Latino","No","No","Married","Bachelor"
109628,"Male","White","No","No","Married","Bachelor"
101641,"Female","Black or African American","No","No","Married","High School"
107626,"Male","White","No","No","Divorced","Bachelor"
109304,"Female","White","No","No","Married","High School"
105729,"Male","Hispanic or Latino","No","Prefer Not to Say","Divorced","Bachelor"
103228,"Non-Binary","Black or African American","No","No","Prefer Not to Say","Associate"
100672,"Female","White","No","No","Married","Bachelor"
105298,"Male","White","No","No","Single","Master"
109510,"Female","White","No","No","Divorced","Bachelor"
100067,"Male","Prefer Not to Say","Yes","No","Married","Bachelor"
106659,"Female","Black or African American","No","No","Single","High School"
101982,"Female","Black or African American","No","No","Divorced","Bachelor"
100577,"Female","Hispanic or Latino","No","No","Married","Bachelor"
108944,"Female","White","No","Yes","Single","High School"
101271,"Male","White","No","No","Prefer Not to Say","Bachelor"
106683,"Male","Hispanic or Latino","No","No","Single","High School"
107605,"Male","Black or African American","No","No","Married","Master"
106970,"Male","Hispanic or Latino","Prefer Not to Say","No","Married","Doctorate"
105170,"Female","White","Yes","No","Single","Bachelor"
100078,"Non-Binary","American Indian or Alaska Native","No","No","Single","Master"
100360,"Male","Asian","No","No","Married","High School"
101471,"Male","White","No","No","Single","Associate"
109760,"Male","White","No","No","Single","Bachelor"
104789,"Male","Hispanic or Latino","No","No","Single","Master"
103386,"Female","Asian","Prefer Not to Say","No","Married","Master"
100225,"Female","Prefer Not to Say","No","Prefer Not to Say","Prefer Not to Say","High School"
107430,"Female","White","No","No","Single","Bachelor"
102102,"Male","Black or African American","Yes","No","Married","High School"
106845,"Male","White","No","No","Single","Bachelor"
101283,"Male","Hispanic or Latino","No","No","Single","Bachelor"
106512,"Female","Two or More Races","No","No","Single","Bachelor"
108243,"Male","Asian","No","No","Single","Bachelor"
101127,"Male","Asian","No","No","Single","High School"
104081,"Male","Hispanic or Latino","No","No","Married","Master"
105978,"Female","Hispanic or Latino","No","No","Married","High School"
100850,"Female","White","No","No","Divorced","Associate"
107155,"Female","Asian","No","No","Married","Bachelor"
104060,"Male","Black or African American","No","No","Single","Master"
103739,"Male","White","No","No","Single","Bachelor"
105372,"Male","Asian","No","No","Divorced","Associate"
109792,"Female","White","No","No","Single","Bachelor"
106430,"Female","Asian","No","Yes","Single","Master"
106072,"Female","White","No","No","Married","Bachelor"
100336,"Male","Hispanic or Latino","No","Yes","Married","Bachelor"
108258,"Male","White","No","No","Single","Doctorate"
103640,"Female","Asian","No","No","Divorced","Bachelor"
104711,"Male","White","No","Prefer Not to Say","Married","Bachelor"
109084,"Female","White","No","No","Single","Master"
105722,"Female","Black or African American","No","No","Divorced","High School"
100390,"Female","Hispanic or Latino","No","Prefer Not to Say","Divorced","Bachelor"
101500,"Male","White","No","No","Married","High School"
102572,"Male","White","No","No","Married","Doctorate"
101137,"Female","Native Hawaiian or Pacific Islander","No","No","Divorced","Bachelor"
105140,"Male","Two or More Races","No","Yes","Single","Master"
109888,"Female","Asian","No","No","Single","Master"
100883,"Male","Native Hawaiian or Pacific Islander","Yes","No","Divorced","High School"
102017,"Male","White","Yes","No","Prefer Not to Say","Bachelor"
102804,"Male","Asian","No","No","Married","Bachelor"
109631,"Male","Asian","No","No","Married","Associate"
103531,"Female","Prefer Not to Say","No","No","Married","Bachelor"
107327,"Male","White","No","No","Single","Master"
108604,"Female","White","No","No","Prefer Not to Say","Master"
105121,"Male","White","No","No","Married","Associate"
100903,"Female","Prefer Not to Say","No","No","Single","Bachelor"
108955,"Male","White","No","No","Single","Master"
105806,"Male","Black or African American","No","No","Single","Bachelor"
104726,"Male","White","No","No","Married","Bachelor"
107892,"Male","Hispanic or Latino","Yes","No","Single","Bachelor"
104134,"Male","White","Yes","No","Married","Master"
103085,"Male","Hispanic or Latino","No","No","Married","High School"
105378,"Male","White","No","No","Married","Bachelor"
101752,"Female","Hispanic or Latino","No","No","Single","Master"
100153,"Female","White","No","No","Single","Bachelor"
103821,"Female","White","No","No","Married","Bachelor"
106977,"Male","Prefer Not to Say","No","No","Married","Associate"
104750,"Non-Binary","Asian","No","No","Married","Master"
101120,"Male","Hispanic or Latino","No","No","Prefer Not to Say","Associate"
102343,"Male","Asian","No","No","Married","High School"
100034,"Male","Hispanic or Latino","No","No","Married","Doctorate"
100409,"Female","Asian","Yes","No","Married","Master"
109679,"Non-Binary","Hispanic or Latino","No","No","Married","Bachelor"
104400,"Female","Hispanic or Latino","No","No","Married","Doctorate"
107101,"Male","Black or African American","No","No","Prefer Not to Say","Bachelor"
102363,"Female","Hispanic or Latino","No","No","Married","Doctorate"
104250,"Male","Black or African American","No","No","Single","Master"
104063,"Female","White","No","Yes","Single","Master"
102369,"Female","White","No","No","Single","Bachelor"
105338,"Female","Asian","No","No","Married","Master"
102359,"Male","White","No","No","Married","Bachelor"
108048,"Male","White","No","Yes","Single","Associate"
106653,"Female","Hispanic or Latino","No","No","Married","Bachelor"
103506,"Female","Black or African American","No","No","Single","Bachelor"
106671,"Male","White","No","No","Single","Bachelor"
109543,"Male","Prefer Not to Say","No","No","Single","Bachelor"
103423,"Female","Asian","No","Yes","Married","Bachelor"
102046,"Female","White","Yes","Yes","Prefer Not to Say","High School"
109880,"Female","Black or African American","No","No","Prefer Not to Say","High School"
106491,"Female","White","No","No","Single","Master"
105295,"Female","Asian","No","No","Married","Master"
106159,"Female","Hispanic or Latino","No","No","Married","Master"
106585,"Female","White","No","No","Single","High School"
108738,"Female","White","No","No","Married","Bachelor"
104246,"Female","Hispanic or Latino","No","No","Single","High School"
107223,"Male","Hispanic or Latino","No","No","Married","Master"
102417,"Female","Black or African American","No","No","Prefer Not to Say","Master"
103541,"Male","American Indian or Alaska Native","No","No","Married","Bachelor"
108538,"Female","White","No","No","Single","Bachelor"
106195,"Female","Asian","No","No","Prefer Not to Say","Bachelor"
100042,"Male","Hispanic or Latino","No","No","Single","Associate"
100200,"Female","White","No","No","Single","Associate"
101072,"Female","White","No","No","Married","Bachelor"
104875,"Female","Hispanic or Latino","Prefer Not to Say","No","Married","Bachelor"
107275,"Female","White","No","No","Single","Bachelor"
101970,"Non-Binary","Black or African American","No","No","Married","Associate"
103033,"Male","White","No","No","Married","Master"
104402,"Male","White","No","No","Single","Associate"
109486,"Male","Black or African American","No","No","Single","High School"
100778,"Female","White","No","No","Married","Master"
106881,"Male","Asian","No","No","Married","Master"
104966,"Female","Asian","No","No","Single","Master"
100301,"Female","Hispanic or Latino","Prefer Not to Say","No","Single","Master"
109977,"Female","Black or African American","No","No","Married","Bachelor"
109287,"Male","Asian","No","No","Married","Associate"
109612,"Male","White","No","No","Divorced","Master"
102512,"Female","White","No","No","Single","Master"
102087,"Female","White","No","No","Married","Bachelor"
106704,"Female","Hispanic or Latino","No","No","Single","Doctorate"
105865,"Female","Black or African American","No","Prefer Not to Say","Single","Doctorate"
100941,"Male","Asian","No","Yes","Divorced","High School"
100614,"Male","White","No","No","Married","Master"
106904,"Male","Black or African American","No","No","Single","Bachelor"
109225,"Male","Hispanic or Latino","No","No","Single","Associate"
106509,"Female","Hispanic or Latino","No","No","Single","Bachelor"
109252,"Non-Binary","Hispanic or Latino","No","No","Married","Bachelor"
107371,"Male","White","No","No","Married","Master"
101503,"Female","White","No","No","Single","Associate"
105975,"Male","Hispanic or Latino","No","No","Prefer Not to Say","Bachelor"
109599,"Male","Hispanic or Latino","No","No","Married","Bachelor"
108633,"Male","White","No","Yes","Prefer Not to Say","Bachelor"
100147,"Male","Hispanic or Latino","No","No","Married","Bachelor"
101292,"Female","Asian","No","No","Divorced","Bachelor"
105860,"Male","Asian","No","No","Married","Master"
102153,"Female","Black or African American","No","No","Married","Associate"
108522,"Male","White","Yes","No","Single","Bachelor"
103992,"Female","White","No","No","Prefer Not to Say","Bachelor"
107161,"Female","Asian","No","No","Single","Bachelor"
107634,"Female","Asian","No","No","Single","Bachelor"
102920,"Male","Asian","No","No","Single","Bachelor"
102466,"Male","Hispanic or Latino","No","Prefer Not to Say","Married","Bachelor"
108457,"Male","White","No","No","Single","Associate"
101063,"Female","Hispanic or Latino","No","No","Divorced","Bachelor"
104325,"Non-Binary","Hispanic or Latino","No","No","Married","Bachelor"
103394,"Female","White","Prefer Not to Say","No","Married","Doctorate"
109751,"Male","Asian","No","No","Prefer Not to Say","High School"
107495,"Female","Asian","Yes","No","Single","Bachelor"
101741,"Male","White","No","No","Married","Associate"
108870,"Male","Black or African American","No","No","Single","Master"
104356,"Male","Hispanic or Latino","No","No","Single","Master"
103726,"Female","Black or African American","No","No","Married","Master"
100700,"Female","White","No","No","Prefer Not to Say","Master"
108768,"Male","Asian","No","No","Married","Master"
101830,"Female","White","No","No","Single","High School"
105595,"Female","Hispanic or Latino","No","Yes","Single","Bachelor"
109421,"Male","White","No","No","Single","Bachelor"
100993,"Male","White","No","No","Divorced","Master"
109200,"Female","White","No","No","Married","High School"
102196,"Male","Hispanic or Latino","No","No","Married","Bachelor"
101642,"Male","Hispanic or Latino","No","No","Married","Associate"
108593,"Male","White","No","No","Married","Master"
107696,"Male","Hispanic or Latino","No","No","Married","Bachelor"
102045,"Male","Black or African American","No","No","Married","Master"
106167,"Male","Black or African American","No","No","Single","Master"
101963,"Male","Hispanic or Latino","No","No","Single","Master"
103798,"Male","Asian","No","No","Married","High School"
106063,"Male","Two or More Races","No","No","Married","Master"
107968,"Female","White","No","No","Single","Associate"
106877,"Male","Prefer Not to Say","No","No","Single","High School"
108698,"Female","Hispanic or Latino","No","Yes","Married","Master"
105012,"Male","White","No","No","Single","Bachelor"
105025,"Male","White","No","No","Single","Bachelor"
102460,"Male","Prefer Not to Say","No","No","Married","Master"
107164,"Male","Hispanic or Latino","No","No","Single","Master"
100508,"Female","White","No","No","Married","High School"
103607,"Female","Black or African American","No","No","Married","High School"
104862,"Male","White","No","No","Married","Associate"
107964,"Male","Hispanic or Latino","No","No","Single","Associate"
108865,"Female","American Indian or Alaska Native","No","No","Married","High School"
109999,"Female","Asian","Yes","No","Single","Master"
108517,"Male","White","No","No","Married","Bachelor"
100148,"Male","Two or More Races","No","No","Single","Associate"
107062,"Female","White","No","No","Married","Bachelor"
103371,"Female","Hispanic or Latino","No","No","Single","High School"
102943,"Male","Black or African American","No","No","Prefer Not to Say","Associate"
105430,"Female","Asian","No","Prefer Not to Say","Divorced","Associate"
107632,"Female","White","No","Yes","Single","Bachelor"
106226,"Female","Asian","No","No","Divorced","Master"
109655,"Female","White","No","No","Married","Bachelor"
108537,"Female","White","No","No","Divorced","Master"
107013,"Female","Two or More Races","No","Prefer Not to Say","Prefer Not to Say","Master"
106908,"Female","Hispanic or Latino","No","No","Single","Bachelor"
101698,"Male","Hispanic or Latino","No","Yes","Single","Master"
105250,"Male","Black or African American","No","No","Married","High School"
104680,"Female","Hispanic or Latino","No","No","Married","Master"
109404,"Male","Hispanic or Latino","No","No","Prefer Not to Say","Associate"
104978,"Female","Black or African American","No","No","Married","Doctorate"
109893,"Female","Black or African American","No","No","Single","High School"
103280,"Male","Prefer Not to Say","No","No","Single","Bachelor"
105100,"Female","Hispanic or Latino","Prefer Not to Say","No","Married","Associate"
102179,"Non-Binary","Black or African American","No","No","Married","Bachelor"
103919,"Female","Asian","No","No","Single","High School"
108267,"Female","Asian","No","No","Single","High School"
109229,"Male","White","No","No","Single","Master"
108828,"Non-Binary","Hispanic or Latino","No","No","Married","Associate"
104393,"Male","Prefer Not to Say","No","No","Married","Bachelor"
104437,"Male","Hispanic or Latino","No","No","Married","Bachelor"
102396,"Male","Hispanic or Latino","No","No","Married","Bachelor"
100334,"Female","White","No","No","Single","Master"
101845,"Female","White","No","No","Prefer Not to Say","Master"
104260,"Female","White","No","No","Single","Bachelor"
101053,"Female","White","No","No","Single","Bachelor"
103408,"Male","Two or More Races","No","No","Single","Master"
103666,"Female","White","No","No","Married","Bachelor"
101422,"Female","Hispanic or Latino","No","No","Married","Associate"
103572,"Female","Prefer Not to Say","No","No","Married","High School"
108854,"Female","Black or African American","No","No","Prefer Not to Say","Associate"
101272,"Male","Black or African American","No","No","Married","High School"
109727,"Female","Black or African American","No","No","Married","High School"
106698,"Female","Hispanic or Latino","No","No","Single","Bachelor"
102983,"Female","Two or More Races","No","No","Single","Bachelor"
101193,"Male","Asian","No","No","Married","Associate"
108540,"Male","Hispanic or Latino","No","Yes","Divorced","Bachelor"
101548,"Female","White","No","No","Single","Master"
108548,"Male","White","No","Prefer Not to Say","Married","Bachelor"
107526,"Female","Black or African American","No","Prefer Not to Say","Married","Master"
100879,"Male","Hispanic or Latino","No","No","Married","High School"
100686,"Male","Asian","No","No","Divorced","Master"
102233,"Female","Prefer Not to Say","No","No","Single","Master"
109210,"Female","Hispanic or Latino","No","No","Prefer Not to Say","Bachelor"
107491,"Male","Asian","Prefer Not to Say","No","Married","Associate"
103574,"Female","White","No","No","Prefer Not to Say","Master"
108602,"Female","Asian","No","No","Married","High School"
101340,"Female","White","No","Prefer Not to Say","Married","Bachelor"
103252,"Female","White","No","Prefer Not to Say","Divorced","Master"
102173,"Female","Two or More Races","No","No","Single","Bachelor"
102676,"Male","White","No","No","Single","High School"
108971,"Female","White","No","No","Married","Bachelor"
108851,"Male","White","No","No","Single","High School"
107450,"Female","Hispanic or Latino","No","No","Single","Associate"
101331,"Male","Hispanic or Latino","No","No","Divorced","Bachelor"
107447,"Female","Asian","No","No","Married","High School"
103687,"Female","Two or More Races","No","No","Single","Bachelor"
104770,"Female","Hispanic or Latino","No","Prefer Not to Say","Single","Master"
109428,"Male","Hispanic or Latino","No","No","Divorced","High School"
106390,"Male","White","No","No","Married","High School"
105959,"Male","Hispanic or Latino","No","No","Married","Bachelor"
104947,"Female","Prefer Not to Say","Yes","No","Married","Bachelor"
105922,"Male","White","No","No","Single","Associate"
103678,"Female","Hispanic or Latino","No","No","Married","High School"
107281,"Female","Two or More Races","No","No","Single","High School"
106571,"Female","Black or African American","No","Yes","Single","Bachelor"
103719,"Male","White","No","No","Divorced","Bachelor"
106445,"Non-Binary","White","No","Prefer Not to Say","Married","Associate"
107674,"Female","White","No","No","Divorced","High School"
109800,"Male","Two or More Races","No","No","Married","Associate"
105498,"Female","Asian","No","Prefer Not to Say","Married","Bachelor"
101617,"Female","Hispanic or Latino","No","No","Divorced","Associate"
104365,"Male","Asian","No","No","Prefer Not to Say","High School"
108120,"Male","White","No","Yes","Single","Master"
103059,"Male","White","No","No","Married","Master"
108341,"Female","Hispanic or Latino","No","No","Single","Associate"
102708,"Male","Hispanic or Latino","No","No","Single","Bachelor"
100868,"Male","White","No","No","Single","Bachelor"
101368,"Female","Asian","No","No","Married","Master"
106345,"Female","Black or African American","No","Yes","Prefer Not to Say","Master"
107681,"Female","Hispanic or Latino","No","No","Single","High School"
104778,"Female","Hispanic or Latino","No","No","Single","Master"
107105,"Female","Two or More Races","No","No","Divorced","Bachelor"
101068,"Male","Hispanic or Latino","No","No","Married","High School"
108930,"Male","Hispanic or Latino","No","Yes","Married","Master"
103727,"Female","White","No","No","Married","High School"
100329,"Male","White","Yes","No","Single","Doctorate"
108731,"Female","Asian","No","No","Single","Bachelor"
105506,"Female","White","No","No","Married","Bachelor"
100030,"Male","Asian","No","No","Single","Bachelor"
108831,"Male","Two or More Races","No","Yes","Divorced","Associate"
107331,"Male","White","No","No","Married","Bachelor"
108304,"Female","White","No","No","Married","Bachelor"
101798,"Female","Black or African American","No","No","Divorced","Bachelor"
104109,"Female","White","No","No","Divorced","High School"
107357,"Female","White","No","No","Single","Master"
106419,"Female","Black or African American","No","No","Married","Bachelor"
108367,"Male","Hispanic or Latino","Yes","No","Divorced","Master"
107821,"Male","Asian","No","No","Married","High School"
107985,"Female","White","No","No","Single","Master"
103281,"Male","White","No","No","Single","Doctorate"
106015,"Male","Prefer Not to Say","No","No","Single","Bachelor"
107771,"Male","White","No","No","Married","Bachelor"
102074,"Female","White","No","No","Divorced","Master"
101087,"Female","White","No","No","Divorced","Associate"
106552,"Male","White","No","No","Divorced","High School"
100646,"Male","White","No","No","Married","Associate"
106844,"Male","White","No","No","Married","Associate"
104959,"Male","Hispanic or Latino","Prefer Not to Say","No","Married","Bachelor"
107941,"Female","White","No","No","Married","Bachelor"
102664,"Male","Hispanic or Latino","Prefer Not to Say","No","Married","Bachelor"
100101,"Male","Asian","No","No","Single","Bachelor"
105799,"Female","Black or African American","No","No","Married","Master"
102736,"Female","American Indian or Alaska Native","No","Prefer Not to Say","Single","High School"
105523,"Female","White","No","No","Married","Associate"
109933,"Female","Hispanic or Latino","No","Prefer Not to Say","Divorced","Master"
106398,"Male","Two or More Races","Yes","No","Married","Bachelor"
107796,"Female","Hispanic or Latino","No","No","Married","Bachelor"
108953,"Female","Hispanic or Latino","No","No","Married","Master"
109779,"Male","Asian","Prefer Not to Say","No","Married","Bachelor"
107553,"Male","Hispanic or Latino","No","No","Single","Master"
107269,"Male","Hispanic or Latino","No","No","Married","Master"
106173,"Male","Prefer Not to Say","No","No","Divorced","High School"
109005,"Female","Hispanic or Latino","No","No","Single","Bachelor"
106954,"Male","White","Yes","No","Single","Master"
102394,"Male","Hispanic or Latino","No","Prefer Not to Say","Prefer Not to Say","Master"
109493,"Female","Hispanic or Latino","No","No","Prefer Not to Say","Master"
108877,"Male","White","No","No","Married","Associate"
100844,"Male","Asian","No","No","Married","Bachelor"
107719,"Male","Hispanic or Latino","No","No","Divorced","Master"
103825,"Female","White","Yes","No","Single","Bachelor"
104716,"Male","White","No","No","Married","Bachelor"
101114,"Male","White","No","No","Married","Bachelor"
100446,"Male","White","No","Yes","Married","Bachelor"
100511,"Female","White","No","No","Single","Master"
109735,"Male","Black or African American","Yes","No","Single","Bachelor"
108964,"Female","Asian","No","No","Married","Bachelor"
107177,"Male","Hispanic or Latino","No","No","Married","Bachelor"
109770,"Male","White","No","No","Married","Master"
103356,"Male","White","No","No","Married","High School"
107300,"Female","Asian","No","No","Married","Bachelor"
102871,"Female","Hispanic or Latino","No","Yes","Single","Master"
105771,"Male","Black or African American","No","No","Married","Master"
101974,"Male","Hispanic or Latino","No","Yes","Married","Bachelor"
103196,"Male","Prefer Not to Say","No","No","Prefer Not to Say","Doctorate"
100776,"Male","Hispanic or Latino","No","No","Single","Master"
103831,"Female","Hispanic or Latino","No","No","Single","High School"
104990,"Female","Asian","No","No","Married","Bachelor"
100735,"Male","White","No","Prefer Not to Say","Single","Bachelor"
108498,"Female","Hispanic or Latino","Yes","No","Married","Associate"
105639,"Female","Black or African American","No","No","Married","Bachelor"
109292,"Male","Asian","No","No","Married","Master"
106632,"Female","Native Hawaiian or Pacific Islander","No","No","Married","High School"
105283,"Male","White","No","No","Single","High School"
102037,"Female","Asian","No","No","Married","Associate"
109579,"Female","Prefer Not to Say","No","No","Single","Bachelor"
104001,"Female","Black or African American","No","No","Divorced","Bachelor"
107215,"Male","Two or More Races","No","No","Married","Associate"
107797,"Female","White","No","No","Married","Associate"
103935,"Female","Hispanic or Latino","No","No","Single","Associate"
101279,"Female","Prefer Not to Say","No","No","Single","Master"
107682,"Female","White","No","No","Married","Master"
102766,"Female","Prefer Not to Say","Prefer Not to Say","No","Divorced","Master"
108034,"Male","White","No","No","Divorced","Bachelor"
103264,"Male","White","No","No","Single","Bachelor"
103495,"Male","White","No","No","Single","Associate"
103806,"Male","Asian","No","No","Married","Associate"
107996,"Male","White","No","No","Married","Associate"
104456,"Female","Asian","No","No","Married","Bachelor"
100714,"Male","Asian","No","No","Single","Bachelor"
102012,"Female","Black or African American","No","No","Married","High School"
109317,"Female","White","No","No","Married","Bachelor"
102151,"Female","White","No","No","Single","Bachelor"
109733,"Male","Black or African American","No","No","Single","High School"
107621,"Non-Binary","White","No","No","Married","Bachelor"
105107,"Female","White","No","Yes","Single","Bachelor"
102609,"Female","Black or African American","No","Prefer Not to Say","Single","Master"
103763,"Female","Prefer Not to Say","No","No","Married","Bachelor"
100389,"Male","White","No","No","Divorced","Bachelor"
106635,"Male","White","No","Prefer Not to Say","Married","Bachelor"
107820,"Female","Hispanic or Latino","No","No","Single","Master"
107576,"Male","White","No","No","Single","Associate"
109220,"Female","White","No","No","Married","Associate"
108084,"Non-Binary","Hispanic or Latino","No","No","Married","Bachelor"
108764,"Female","Hispanic or Latino","No","No","Divorced","Master"
107344,"Female","White","No","Prefer Not to Say","Married","High School"
105918,"Male","White","No","No","Single","High School"
109724,"Female","Asian","Prefer Not to Say","No","Married","High School"
108939,"Female","White","No","No","Single","Associate"
109383,"Male","White","Yes","No","Single","Master"
100432,"Male","Hispanic or Latino","No","No","Married","Bachelor"
108426,"Male","Hispanic or Latino","No","No","Single","Bachelor"
107646,"Male","Hispanic or Latino","No","No","Single","Master"
107118,"Female","Hispanic or Latino","No","No","Married","High School"
108108,"Male","Hispanic or Latino","No","No","Prefer Not to Say","Bachelor"
103195,"Female","White","No","No","Divorced","Bachelor"
108591,"Male","White","No","No","Single","Associate"
104367,"Female","White","Yes","No","Married","Doctorate"
101599,"Female","White","No","Prefer Not to Say","Single","Bachelor"
102728,"Female","White","No","No","Married","Bachelor"
108981,"Female","Prefer Not to Say","No","No","Single","Doctorate"
107149,"Female","White","No","No","Divorced","Doctorate"
103303,"Male","Hispanic or Latino","No","No","Married","High School"
100045,"Male","Hispanic or Latino","No","No","Single","Doctorate"
107826,"Female","White","No","No","Single","Bachelor"
102717,"Male","Hispanic or Latino","No","No","Married","Bachelor"
100885,"Female","Hispanic or Latino","No","Yes","Single","Bachelor"
100144,"Female","White","No","No","Single","Bachelor"
107873,"Female","Hispanic or Latino","No","No","Married","Bachelor"
109316,"Male","White","No","No","Single","Bachelor"
108610,"Female","Hispanic or Latino","No","No","Divorced","Master"
107008,"Male","Hispanic or Latino","No","No","Married","Associate"
103897,"Female","Two or More Races","No","No","Single","Bachelor"
100205,"Female","Two or More Races","No","No","Married","Bachelor"
107532,"Male","White","No","No","Married","Master"
105427,"Male","Hispanic or Latino","No","No","Single","Bachelor"
100488,"Female","White","No","No","Married","Bachelor"
103800,"Female","Native Hawaiian or Pacific Islander","No","No","Married","High School"
108416,"Male","Hispanic or Latino","No","No","Married","High School"
103866,"Male","Asian","No","Yes","Married","Master"
101551,"Male","White","No","No","Single","Associate"
105877,"Male","Asian","No","No","Married","Master"
104463,"Female","White","No","Prefer Not to Say","Married","Bachelor"
104265,"Male","White","No","No","Married","Bachelor"
101885,"Male","White","No","No","Married","Associate"
100994,"Female","Asian","No","Prefer Not to Say","Married","Bachelor"
103504,"Male","Hispanic or Latino","No","No","Married","High School"
108100,"Male","Hispanic or Latino","Prefer Not to Say","Yes","Married","Bachelor"
109529,"Male","Asian","Yes","No","Divorced","High School"
101238,"Male","White","No","No","Single","Master"
102284,"Male","Black or African American","No","No","Single","Associate"
104557,"Female","Black or African American","No","No","Married","Associate"
109080,"Non-Binary","Hispanic or Latino","No","No","Married","Doctorate"
104281,"Female","Prefer Not to Say","No","No","Divorced","Bachelor"
108086,"Male","Black or African American","No","No","Single","High School"
107772,"Male","White","No","No","Married","High School"
104881,"Non-Binary","White","No","No","Single","Bachelor"
100255,"Male","Two or More Races","No","No","Married","Associate"
105564,"Female","Native Hawaiian or Pacific Islander","No","No","Married","Bachelor"
101105,"Female","Hispanic or Latino","No","Yes","Married","Doctorate"
101791,"Male","White","No","No","Married","Bachelor"
104142,"Male","Asian","No","No","Married","Bachelor"
100344,"Female","Hispanic or Latino","No","No","Single","Associate"
103859,"Male","Hispanic or Latino","No","No","Single","Bachelor"
102348,"Female","White","No","No","Married","Associate"
103257,"Male","Two or More Races","No","No","Married","Doctorate"
109540,"Female","White","No","No","Married","Master"
102257,"Male","Hispanic or Latino","No","No","Married","Bachelor"
105461,"Female","White","No","No","Married","Bachelor"
108927,"Male","Asian","No","No","Divorced","Bachelor"
103589,"Female","Hispanic or Latino","No","No","Single","Bachelor"
109388,"Female","Hispanic or Latino","No","No","Married","Associate"
100181,"Male","White","No","No","Married","Associate"
103842,"Male","Hispanic or Latino","No","No","Single","Master"
104788,"Non-Binary","Two or More Races","No","No","Married","High School"
105770,"Female","Asian","No","No","Single","Master"
102441,"Male","White","No","Prefer Not to Say","Single","Bachelor"
104598,"Female","White","No","No","Prefer Not to Say","Bachelor"
107332,"Female","Hispanic or Latino","Yes","No","Married","Bachelor"
106615,"Female","Hispanic or Latino","No","No","Prefer Not to Say","Bachelor"
109716,"Male","White","No","No","Married","Bachelor"
103595,"Female","Black or African American","Yes","No","Single","Master"
100047,"Female","White","Prefer Not to Say","No","Single","Bachelor"
103396,"Male","White","No","No","Single","Master"
100745,"Female","Hispanic or Latino","Yes","No","Divorced","High School"
106952,"Female","Black or African American","No","No","Married","Bachelor"
109633,"Male","White","No","No","Married","High School"
106896,"Male","White","Prefer Not to Say","No","Divorced","Master"
106102,"Female","White","No","No","Married","Master"
104606,"Male","White","Prefer Not to Say","No","Married","Associate"
107556,"Female","White","No","No","Married","High School"
106514,"Male","Hispanic or Latino","No","No","Single","Associate"
106914,"Female","Asian","No","No","Single","Bachelor"
103115,"Female","Hispanic or Latino","Prefer Not to Say","No","Prefer Not to Say","Associate"
106577,"Female","Black or African American","No","No","Divorced","Associate"
101256,"Female","Asian","No","No","Single","Bachelor"
109147,"Female","Two or More Races","Prefer Not to Say","No","Single","Master"
102155,"Male","Hispanic or Latino","No","No","Married","Bachelor"
105138,"Male","White","No","Prefer Not to Say","Married","Associate"
101959,"Female","Hispanic or Latino","No","No","Single","Bachelor"
102010,"Female","White","No","No","Married","Bachelor"
108134,"Male","Black or African American","No","No","Married","Bachelor"
106369,"Non-Binary","Black or African American","No","No","Single","Bachelor"
100698,"Female","Hispanic or Latino","Yes","No","Single","Doctorate"
102088,"Male","Two or More Races","No","No","Married","Master"
104713,"Female","Hispanic or Latino","No","No","Married","Bachelor"
106617,"Male","White","No","No","Single","Associate"
103407,"Male","White","Yes","No","Divorced","Master"
107551,"Female","White","No","No","Single","Master"
108732,"Male","Black or African American","No","No","Single","Bachelor"
106880,"Male","Black or African American","No","No","Single","Master"
101362,"Female","Hispanic or Latino","No","No","Married","Doctorate"
109573,"Male","Prefer Not to Say","No","No","Prefer Not to Say","High School"
106301,"Male","Hispanic or Latino","No","No","Married","High School"
103861,"Male","Prefer Not to Say","No","No","Divorced","Bachelor"
103899,"Male","Black or African American","No","No","Married","Associate"
101315,"Male","Prefer Not to Say","No","No","Married","Bachelor"
108659,"Male","Asian","No","No","Married","Bachelor"
105034,"Female","Asian","No","No","Married","Associate"
108839,"Male","Hispanic or Latino","No","Yes","Married","Bachelor"
100241,"Female","Hispanic or Latino","No","Prefer Not to Say","Single","Bachelor"
103107,"Female","Hispanic or Latino","No","No","Married","High School"
104768,"Male","Asian","No","No","Married","Bachelor"
105984,"Non-Binary","White","No","No","Married","Associate"
105436,"Male","Black or African American","No","No","Married","Associate"
102025,"Female","Hispanic or Latino","No","No","Married","High School"
101133,"Female","Black or African American","No","No","Single","High School"
103714,"Female","White","No","No","Single","Associate"
109820,"Male","White","No","No","Married","High School"
102327,"Male","Hispanic or Latino","No","No","Divorced","Bachelor"
108121,"Male","White","No","No","Married","Associate"
105028,"Female","Black or African American","No","No","Prefer Not to Say","Bachelor"
105533,"Female","White","No","No","Single","High School"
106144,"Male","Asian","No","No","Divorced","Master"
107780,"Male","White","No","No","Married","Bachelor"
100552,"Male","Hispanic or Latino","No","No","Divorced","Bachelor"
107169,"Male","White","Yes","No","Single","Bachelor"
109450,"Male","Black or African American","No","No","Prefer Not to Say","Bachelor"
101311,"Male","Two or More Races","No","No","Married","High School"
101222,"Non-Binary","Asian","No","No","Married","Associate"
103742,"Male","Black or African American","No","No","Prefer Not to Say","Bachelor"
104286,"Male","Asian","No","No","Married","Associate"
103837,"Male","White","No","No","Single","Bachelor"
103253,"Female","White","No","Yes","Married","High School"
101207,"Female","Hispanic or Latino","No","No","Married","Master"
101294,"Male","White","Yes","No","Single","Bachelor"
107688,"Male","Black or African American","Prefer Not to Say","No","Single","Associate"
103290,"Female","White","No","No","Married","Bachelor"
109866,"Female","Asian","No","No","Married","Associate"
105951,"Female","Black or African American","No","No","Single","High School"
101855,"Male","Black or African American","Yes","No","Married","Bachelor"
101358,"Male","Asian","No","No","Single","Master"
104000,"Female","White","No","No","Single","Master"
109780,"Male","White","No","No","Married","High School"
107045,"Female","Hispanic or Latino","No","No","Prefer Not to Say","Bachelor"
100909,"Female","Hispanic or Latino","No","No","Single","Bachelor"
108748,"Male","Hispanic or Latino","No","No","Single","Associate"
108899,"Female","White","No","No","Married","Master"
107434,"Male","White","No","No","Married","High School"
108237,"Male","White","No","No","Single","Master"
105252,"Female","Asian","No","No","Married","High School"
104138,"Male","White","No","No","Married","Bachelor"
101580,"Female","Black or African American","No","No","Single","Bachelor"
109368,"Male","Black or African American","No","No","Single","High School"
101545,"Female","Hispanic or Latino","Yes","Prefer Not to Say","Single","Bachelor"
105546,"Male","White","No","No","Married","High School"
103826,"Female","White","No","No","Single","Associate"
108216,"Male","White","No","No","Married","Bachelor"
102154,"Female","White","No","No","Single","Bachelor"
108524,"Male","Black or African American","No","No","Married","Bachelor"
105986,"Male","White","No","No","Single","Master"
101482,"Male","White","Prefer Not to Say","No","Married","Bachelor"
107645,"Female","White","No","No","Single","Master"
108693,"Male","Hispanic or Latino","Prefer Not to Say","Prefer Not to Say","Married","Bachelor"
102356,"Female","Hispanic or Latino","Yes","No","Prefer Not to Say","Master"
106425,"Male","Hispanic or Latino","No","Prefer Not to Say","Single","High School"
102797,"Female","Black or African American","No","No","Married","High School"
106590,"Male","Two or More Races","No","Yes","Married","High School"
101935,"Non-Binary","Black or African American","No","No","Married","High School"
108679,"Female","Hispanic or Latino","No","No","Married","Master"
105102,"Female","Hispanic or Latino","No","No","Married","Associate"
103529,"Non-Binary","White","No","No","Single","Associate"
106784,"Male","White","No","No","Single","Bachelor"
109506,"Male","Two or More Races","No","No","Married","Bachelor"
102723,"Female","White","Yes","No","Single","High School"
106150,"Male","Hispanic or Latino","No","No","Single","Bachelor"
101647,"Female","Hispanic or Latino","No","No","Single","Bachelor"
104937,"Male","Asian","No","No","Married","Bachelor"
106110,"Male","White","No","No","Single","High School"
109539,"Female","Black or African American","No","No","Single","High School"
105826,"Male","Prefer Not to Say","No","No","Married","Bachelor"
107795,"Non-Binary","Asian","Yes","No","Married","Master"
104458,"Female","Black or African American","No","No","Single","Bachelor"
106415,"Female","White","No","No","Prefer Not to Say","High School"
104915,"Female","Black or African American","No","No","Married","Doctorate"
105914,"Female","Two or More Races","No","No","Single","Bachelor"
102412,"Female","Prefer Not to Say","No","No","Single","Master"
100076,"Male","White","No","No","Single","Bachelor"
104878,"Female","Hispanic or Latino","No","No","Single","Bachelor"
104312,"Female","White","No","No","Single","Bachelor"
108232,"Male","White","No","No","Married","Associate"
109133,"Female","Black or African American","No","No","Single","Master"
109674,"Female","Black or African American","No","No","Divorced","Bachelor"
107001,"Male","Asian","No","No","Married","Bachelor"
108462,"Male","White","Prefer Not to Say","No","Single","Bachelor"
108532,"Female","Hispanic or Latino","No","No","Single","Bachelor"
104069,"Female","Black or African American","No","No","Single","Master"
101619,"Female","Black or African American","No","No","Single","Bachelor"
105630,"Male","White","No","No","Divorced","Master"
109896,"Male","White","No","No","Married","Bachelor"
101462,"Male","White","No","No","Married","Associate"
106079,"Male","Hispanic or Latino","No","No","Divorced","Bachelor"
107399,"Male","Asian","No","No","Divorced","Master"
109659,"Male","White","No","No","Single","Master"
108286,"Female","Asian","Yes","No","Prefer Not to Say","Bachelor"
103903,"Male","Hispanic or Latino","No","No","Married","Master"
102965,"Male","Prefer Not to Say","No","Prefer Not to Say","Single","Bachelor"
100373,"Male","White","No","No","Divorced","Master"
102209,"Male","Two or More Races","Yes","No","Single","Bachelor"
106191,"Male","Hispanic or Latino","No","No","Divorced","Bachelor"
101426,"Female","Two or More Races","No","Yes","Married","Bachelor"
102951,"Female","Prefer Not to Say","No","No","Married","Master"
106562,"Male","Asian","No","No","Prefer Not to Say","Bachelor"
104796,"Male","White","No","No","Single","Master"
108797,"Female","Hispanic or Latino","Yes","No","Single","High School"
106017,"Female","White","No","No","Married","High School"
105752,"Male","American Indian or Alaska Native","No","No","Prefer Not to Say","High School"
102001,"Female","Asian","No","No","Married","Bachelor"
109353,"Female","White","No","No","Married","Master"
107570,"Female","White","No","No","Single","Master"
104712,"Male","Hispanic or Latino","No","No","Divorced","Bachelor"
109035,"Male","Hispanic or Latino","Prefer Not to Say","No","Married","Master"
105821,"Female","Hispanic or Latino","No","Prefer Not to Say","Single","High School"
105203,"Female","White","No","No","Single","Associate"
103024,"Male","White","No","No","Single","Bachelor"
109729,"Male","White","No","No","Married","High School"
101758,"Male","Hispanic or Latino","No","No","Married","High School"
101602,"Male","Hispanic or Latino","No","No","Married","Doctorate"
108456,"Female","Black or African American","No","No","Single","Master"
101949,"Female","White","No","Prefer Not to Say","Single","Bachelor"
101483,"Non-Binary","Hispanic or Latino","No","No","Single","Master"
104965,"Female","White","No","No","Single","Bachelor"
108184,"Female","White","No","No","Married","Doctorate"
108464,"Male","White","No","No","Married","Associate"
103921,"Female","Hispanic or Latino","No","No","Married","Master"
106163,"Male","Hispanic or Latino","No","No","Single","Bachelor"
109146,"Female","White","No","No","Divorced","Master"
106211,"Female","White","No","No","Single","Associate"
105353,"Female","Black or African American","No","No","Prefer Not to Say","Bachelor"
106744,"Female","White","No","No","Single","Master"
100391,"Female","Hispanic or Latino","No","No","Prefer Not to Say","Bachelor"
108574,"Female","Hispanic or Latino","No","No","Single","Bachelor"
101663,"Female","Black or African American","Yes","No","Married","High School"
104493,"Female","White","No","No","Married","Master"
108459,"Non-Binary","Asian","No","No","Prefer Not to Say","Master"
105524,"Female","Hispanic or Latino","No","No","Married","Bachelor"
105073,"Male","White","No","No","Married","High School"
106472,"Male","Asian","No","No","Single","Master"
107314,"Female","White","No","No","Married","High School"
108539,"Female","White","No","No","Married","Bachelor"
101541,"Male","White","Prefer Not to Say","Prefer Not to Say","Single","Bachelor"
100302,"Female","Asian","No","No","Divorced","Master"
108657,"Female","Hispanic or Latino","No","No","Married","Doctorate"
109037,"Female","Black or African American","Prefer Not to Say","No","Single","Bachelor"
109426,"Female","Black or African American","No","No","Married","Bachelor"
109347,"Female","White","No","No","Married","Bachelor"
106474,"Female","White","Yes","No","Married","Bachelor"
100103,"Male","White","No","No","Married","High School"
101697,"Female","Hispanic or Latino","No","No","Divorced","Bachelor"
105467,"Female","Hispanic or Latino","No","Yes","Married","Master"
103654,"Male","Two or More Races","No","No","Single","Bachelor"
105633,"Female","Asian","No","No","Single","Bachelor"
106219,"Non-Binary","Native Hawaiian or Pacific Islander","Prefer Not to Say","No","Married","Bachelor"
109617,"Male","White","No","Yes","Single","High School"
102560,"Female","White","No","No","Married","High School"
107219,"Female","White","No","Prefer Not to Say","Single","Bachelor"
109663,"Female","White","Yes","No","Single","Associate"
106998,"Male","Black or African American","No","No","Single","Master"
101746,"Female","Prefer Not to Say","No","Prefer Not to Say","Married","Master"
106236,"Male","Two or More Races","Prefer Not to Say","Prefer Not to Say","Married","High School"
102515,"Male","Asian","No","No","Single","Bachelor"
107725,"Male","Asian","No","No","Single","Bachelor"
100077,"Male","White","No","No","Married","High School"
103633,"Male","Asian","No","No","Single","Bachelor"
105133,"Male","White","No","No","Divorced","Doctorate"
107438,"Male","Two or More Races","No","No","Single","High School"
109966,"Male","Two or More Races","Prefer Not to Say","No","Married","Bachelor"
102410,"Female","Hispanic or Latino","Prefer Not to Say","Yes","Single","Bachelor"
108078,"Female","White","No","No","Married","High School"
109855,"Female","White","No","No","Single","High School"
101401,"Male","White","No","No","Married","High School"
109513,"Female","White","No","Prefer Not to Say","Divorced","Bachelor"
106633,"Female","Asian","No","No","Married","Bachelor"
101481,"Male","White","No","No","Married","Associate"
104139,"Female","Native Hawaiian or Pacific Islander","No","No","Single","High School"
107395,"Male","Asian","No","No","Married","Master"
108886,"Male","Hispanic or Latino","No","No","Married","Bachelor"
109326,"Male","Black or African American","Prefer Not to Say","No","Divorced","Bachelor"
108782,"Female","White","No","No","Married","Bachelor"
106418,"Male","White","No","No","Single","Bachelor"
102727,"Male","Two or More Races","No","No","Married","Bachelor"
108287,"Female","Hispanic or Latino","No","No","Prefer Not to Say","High School"
106866,"Male","White","No","No","Single","Bachelor"
101873,"Female","Asian","No","No","Married","High School"
105560,"Male","Asian","No","No","Single","Bachelor"
104816,"Non-Binary","White","Prefer Not to Say","No","Married","Master"
100787,"Female","White","No","No","Married","High School"
103605,"Female","White","No","No","Married","Associate"
105056,"Female","White","No","No","Married","Bachelor"
109764,"Male","White","No","No","Married","Master"
108396,"Female","White","No","No","Married","High School"
106057,"Male","White","Yes","No","Single","Bachelor"
100648,"Male","Hispanic or Latino","No","No","Married","Master"
106298,"Male","Hispanic or Latino","No","Yes","Single","Bachelor"
108803,"Non-Binary","White","No","No","Single","Master"
107850,"Female","Hispanic or Latino","No","No","Single","Master"
101520,"Male","Prefer Not to Say","No","No","Married","Master"
104348,"Male","Asian","No","No","Married","High School"
107928,"Female","Hispanic or Latino","No","No","Single","Master"
104180,"Female","White","No","No","Married","Master"
107815,"Male","Asian","No","No","Married","Associate"
106148,"Female","Hispanic or Latino","No","No","Single","Bachelor"
102994,"Male","Asian","No","No","Single","Bachelor"
105428,"Female","Hispanic or Latino","No","No","Married","Associate"
105988,"Male","Hispanic or Latino","No","No","Single","Doctorate"
108118,"Female","White","No","No","Married","Master"
103499,"Male","Prefer Not to Say","No","No","Married","Bachelor"
101847,"Female","Black or African American","No","Yes","Single","Associate"
104290,"Female","Black or African American","No","Prefer Not to Say","Married","High School"
107742,"Female","White","No","No","Single","Master"
103587,"Female","White","No","Yes","Single","Bachelor"
101251,"Male","Two or More Races","No","No","Married","High School"
100716,"Male","Asian","No","No","Prefer Not to Say","Bachelor"
100830,"Male","White","No","No","Married","Bachelor"
100399,"Female","Black or African American","No","No","Single","High School"
109550,"Male","Two or More Races","No","No","Divorced","High School"
101656,"Female","Hispanic or Latino","Yes","No","Married","Master"
104585,"Male","White","No","No","Married","Bachelor"
105608,"Male","Hispanic or Latino","No","No","Married","Master"
101382,"Male","White","No","No","Divorced","Master"
103873,"Male","Asian","No","No","Married","Bachelor"
101438,"Female","Hispanic or Latino","No","No","Divorced","Bachelor"
100555,"Female","Two or More Races","No","No","Divorced","Bachelor"
108328,"Female","White","No","No","Married","Bachelor"
100063,"Female","Black or African American","No","Yes","Single","Master"
107200,"Male","Black or African American","No","No","Married","Bachelor"
106046,"Female","Asian","Prefer Not to Say","Prefer Not to Say","Married","Master"
103206,"Male","White","No","No","Single","Master"
107463,"Male","Asian","No","No","Married","High School"
107464,"Male","White","No","No","Single","Bachelor"
106820,"Female","Hispanic or Latino","No","No","Married","Master"
109362,"Female","Black or African American","No","No","Married","High School"
106233,"Female","White","No","No","Married","High School"
104954,"Male","Hispanic or Latino","No","No","Married","Master"
107938,"Female","Hispanic or Latino","No","No","Single","Doctorate"
105155,"Male","Hispanic or Latino","No","No","Married","Bachelor"
103187,"Female","Two or More Races","No","No","Divorced","Associate"
103070,"Male","White","No","No","Single","Bachelor"
108272,"Female","White","Prefer Not to Say","Yes","Single","Master"
100118,"Female","Hispanic or Latino","No","No","Married","Bachelor"
101558,"Female","Hispanic or Latino","No","No","Married","Master"
106951,"Male","White","No","No","Married","Master"
102608,"Female","Asian","No","No","Prefer Not to Say","Bachelor"
100182,"Female","Hispanic or Latino","No","No","Single","Bachelor"
108348,"Male","White","No","No","Married","Associate"
100310,"Female","Asian","No","Yes","Married","Master"
106447,"Female","Prefer Not to Say","No","Yes","Married","Bachelor"
106688,"Non-Binary","Asian","Yes","No","Divorced","Bachelor"
106179,"Male","Two or More Races","Prefer Not to Say","No","Married","Doctorate"
102531,"Male","Black or African American","No","Prefer Not to Say","Single","Bachelor"
107040,"Male","Hispanic or Latino","No","No","Married","Master"
100671,"Male","Asian","No","Prefer Not to Say","Married","Master"
100645,"Female","Black or African American","No","No","Married","High School"
106152,"Female","Asian","No","No","Single","Doctorate"
100717,"Male","Hispanic or Latino","No","No","Married","High School"
105484,"Female","Black or African American","No","No","Married","Bachelor"
102286,"Male","Hispanic or Latino","No","No","Married","Associate"
108717,"Male","White","No","No","Single","Master"
101405,"Male","White","No","No","Married","Bachelor"
104268,"Female","Native Hawaiian or Pacific Islander","No","No","Single","Bachelor"
107769,"Female","White","No","No","Married","High School"
103034,"Female","White","No","No","Single","Associate"
101201,"Male","Asian","No","No","Married","Master"
107137,"Male","Hispanic or Latino","No","No","Married","Bachelor"
103855,"Male","White","No","No","Married","Bachelor"
108164,"Male","White","No","No","Divorced","Bachelor"
105761,"Male","White","No","No","Married","Bachelor"
109803,"Male","Hispanic or Latino","No","No","Single","Bachelor"
101346,"Female","Hispanic or Latino","No","No","Married","Associate"
106586,"Male","Black or African American","No","No","Married","Bachelor"
104869,"Female","Hispanic or Latino","Prefer Not to Say","Prefer Not to Say","Married","Associate"
102526,"Female","Black or African American","No","No","Married","Associate"
109482,"Male","Black or African American","No","No","Single","Doctorate"
100363,"Female","Asian","No","No","Divorced","Bachelor"
100956,"Male","Hispanic or Latino","No","No","Married","Bachelor"
104939,"Female","Black or African American","No","No","Prefer Not to Say","Master"
100953,"Male","White","Yes","No","Divorced","Bachelor"
102496,"Female","White","No","No","Married","Bachelor"
104253,"Female","Black or African American","No","No","Married","Master"
109102,"Male","Two or More Races","No","Prefer Not to Say","Prefer Not to Say","Master"
104824,"Male","Hispanic or Latino","No","No","Divorced","Bachelor"
100026,"Female","White","No","No","Married","Bachelor"
107231,"Female","White","No","No","Single","Doctorate"
100822,"Female","Hispanic or Latino","No","No","Married","Bachelor"
101535,"Female","Asian","No","No","Divorced","Master"
104183,"Male","White","No","No","Divorced","Master"
108126,"Female","Two or More Races","No","No","Single","High School"
104034,"Male","Native Hawaiian or Pacific Islander","No","No","Single","Bachelor"
109974,"Female","White","No","No","Married","High School"
101592,"Female","Hispanic or Latino","No","Prefer Not to Say","Single","Master"
106339,"Male","Asian","No","No","Married","Bachelor"
103285,"Male","White","No","No","Single","Associate"
102748,"Male","White","No","No","Single","Associate"
101703,"Female","White","No","No","Single","Bachelor"
104196,"Male","Asian","No","No","Single","Master"
101900,"Female","White","No","No","Married","Bachelor"
106578,"Male","Hispanic or Latino","No","No","Married","Bachelor"
108290,"Female","Hispanic or Latino","No","No","Divorced","High School"
109245,"Male","Hispanic or Latino","No","No","Married","Bachelor"
100876,"Female","Hispanic or Latino","No","Prefer Not to Say","Single","Bachelor"
105200,"Male","Two or More Races","No","No","Married","Master"
109675,"Male","Black or African American","No","No","Married","Bachelor"
105987,"Female","Black or African American","No","No","Single","High School"
101924,"Female","Asian","No","No","Single","High School"
103391,"Male","Black or African American","Prefer Not to Say","No","Single","High School"
106374,"Male","White","No","No","Married","Associate"
103519,"Female","Asian","No","No","Divorced","Bachelor"
108569,"Female","Hispanic or Latino","No","No","Single","Bachelor"
109311,"Female","White","No","No","Married","Associate"
109782,"Female","Two or More Races","No","No","Prefer Not to Say","Master"
104366,"Male","White","No","No","Married","Bachelor"
109036,"Female","Asian","No","No","Prefer Not to Say","High School"
100774,"Male","Hispanic or Latino","No","Prefer Not to Say","Single","Master"
105858,"Male","Two or More Races","No","No","Married","Master"
101373,"Female","White","Prefer Not to Say","No","Married","Master"
104131,"Female","Hispanic or Latino","Prefer Not to Say","No","Married","Associate"
105747,"Male","Black or African American","No","No","Married","Bachelor"
105319,"Male","Hispanic or Latino","No","No","Married","Bachelor"
103532,"Male","White","No","No","Married","Bachelor"
102613,"Female","Hispanic or Latino","No","No","Married","Doctorate"
105459,"Female","Hispanic or Latino","No","No","Married","Master"
106050,"Male","White","Yes","No","Married","Bachelor"
105285,"Female","Black or African American","No","No","Single","Associate"
101813,"Male","White","Prefer Not to Say","No","Married","High School"
108815,"Male","Black or African American","No","No","Married","Bachelor"
107658,"Female","Asian","No","No","Married","Master"
109833,"Female","White","No","No","Single","Master"
100763,"Female","White","No","No","Single","Bachelor"
102187,"Female","Hispanic or Latino","No","No","Prefer Not to Say","Bachelor"
109897,"Male","White","No","No","Single","Bachelor"
100542,"Male","Asian","No","Prefer Not to Say","Single","Associate"
104608,"Female","White","No","No","Single","Bachelor"
103534,"Female","White","No","No","Married","Master"
103692,"Male","Black or African American","No","No","Divorced","Associate"
107617,"Male","Asian","No","No","Married","Master"
105245,"Male","Hispanic or Latino","No","No","Divorced","Bachelor"
100704,"Male","White","No","No","Married","Master"
102146,"Female","Hispanic or Latino","No","No","Married","Bachelor"
108303,"Female","Black or African American","No","No","Married","Bachelor"
109262,"Non-Binary","Asian","No","No","Single","Master"
106184,"Male","Black or African American","No","No","Married","Master"
100287,"Male","Prefer Not to Say","No","No","Married","Bachelor"
105569,"Female","Prefer Not to Say","No","No","Married","High School"
101060,"Male","Hispanic or Latino","No","No","Married","Bachelor"
106682,"Male","Hispanic or Latino","No","No","Married","High School"
105002,"Female","Asian","No","No","Divorced","Master"
100098,"Male","White","No","No","Married","Bachelor"
102428,"Male","White","No","No","Single","High School"
107437,"Non-Binary","Hispanic or Latino","No","No","Divorced","Bachelor"
104941,"Male","Prefer Not to Say","No","No","Single","Bachelor"
102300,"Male","White","No","No","Married","Bachelor"
105440,"Male","Black or African American","No","No","Prefer Not to Say","Doctorate"
107160,"Female","Two or More Races","No","No","Married","Bachelor"
106362,"Male","White","No","No","Single","High School"
105207,"Male","Hispanic or Latino","No","No","Married","Associate"
102223,"Male","White","No","No","Single","Bachelor"
108513,"Female","White","Yes","No","Married","Bachelor"
106888,"Male","White","No","Yes","Divorced","Bachelor"
101369,"Female","Hispanic or Latino","No","No","Married","Associate"
105940,"Male","White","No","Yes","Married","Bachelor"
106196,"Female","Asian","No","No","Married","Associate"
109366,"Male","Asian","No","No","Divorced","Bachelor"
102742,"Male","White","No","No","Single","High School"
109351,"Female","White","Yes","No","Married","Master"
106256,"Male","White","No","No","Single","Bachelor"
108616,"Female","Black or African American","No","No","Single","Bachelor"
101100,"Male","Asian","No","No","Single","High School"
106160,"Female","Two or More Races","No","No","Single","Doctorate"
105847,"Male","Asian","Yes","No","Married","High School"
108578,"Male","Hispanic or Latino","No","Prefer Not to Say","Married","Bachelor"
109969,"Male","Asian","No","Yes","Married","High School"
104293,"Male","White","No","No","Married","High School"
104051,"Male","White","No","No","Married","High School"
107806,"Male","Black or African American","No","No","Married","Master"
101160,"Male","Black or African American","No","No","Married","Bachelor"
101234,"Male","Two or More Races","No","No","Single","Master"
101269,"Male","Two or More Races","No","No","Single","Bachelor"
107604,"Male","Two or More Races","No","Yes","Married","Bachelor"
101952,"Male","White","No","No","Single","High School"
107713,"Male","White","No","No","Single","High School"
108430,"Male","Hispanic or Latino","No","No","Single","High School"
106439,"Female","Black or African American","No","No","Single","Associate"
103913,"Male","Black or African American","Prefer Not to Say","No","Married","Bachelor"
102445,"Male","Asian","Yes","No","Single","Associate"
104802,"Male","Black or African American","No","No","Prefer Not to Say","Master"
100965,"Non-Binary","White","No","No","Married","Associate"
100951,"Female","Hispanic or Latino","No","No","Single","Bachelor"
101651,"Female","White","No","No","Single","Bachelor"
102174,"Female","White","No","No","Divorced","Bachelor"
105462,"Female","White","No","No","Married","Bachelor"
101878,"Male","Prefer Not to Say","No","No","Married","Doctorate"
108125,"Male","Hispanic or Latino","No","No","Married","Bachelor"
108501,"Male","White","No","No","Single","Bachelor"
101493,"Female","Hispanic or Latino","No","No","Married","Bachelor"
106640,"Female","White","No","No","Single","Bachelor"
100617,"Female","White","No","No","Single","Doctorate"
102513,"Male","White","No","Yes","Single","Bachelor"
101940,"Non-Binary","Black or African American","No","No","Married","Associate"
108904,"Female","Asian","No","Prefer Not to Say","Married","Bachelor"
106192,"Female","White","No","No","Single","Doctorate"
105776,"Female","Asian","Yes","No","Married","Bachelor"
102335,"Female","Black or African American","No","No","Single","Associate"
103603,"Male","White","No","No","Single","Bachelor"
109373,"Non-Binary","White","No","No","Single","Bachelor"
108862,"Male","Hispanic or Latino","No","No","Married","Master"
104219,"Male","White","No","No","Married","Associate"
102731,"Male","American Indian or Alaska Native","No","No","Prefer Not to Say","Master"
109222,"Female","Hispanic or Latino","No","No","Married","Bachelor"
109766,"Male","White","No","No","Divorced","Doctorate"
100126,"Female","White","No","No","Married","Doctorate"
107501,"Male","Black or African American","No","No","Prefer Not to Say","High School"
100278,"Male","White","No","No","Married","Master"
108512,"Male","White","Yes","No","Married","Associate"
108168,"Female","White","No","No","Single","Associate"
109218,"Female","Prefer Not to Say","No","Prefer Not to Say","Single","Associate"
105262,"Male","White","No","No","Single","Bachelor"
101569,"Male","Black or African American","No","No","Single","Associate"
102706,"Female","White","No","No","Married","Doctorate"
104848,"Male","Hispanic or Latino","No","No","Prefer Not to Say","Bachelor"
104641,"Male","Asian","No","No","Married","Associate"
109928,"Female","White","No","No","Single","Associate"
105333,"Male","Black or African American","No","No","Single","Associate"
103036,"Male","Hispanic or Latino","No","No","Single","Bachelor"
105631,"Female","American Indian or Alaska Native","Yes","No","Single","Master"
104904,"Male","Asian","No","No","Married","Associate"
109594,"Male","Black or African American","Prefer Not to Say","No","Single","Bachelor"
107345,"Male","Black or African American","No","No","Married","Bachelor"
106882,"Male","Hispanic or Latino","No","No","Married","High School"
100321,"Female","White","No","No","Single","Bachelor"
107741,"Male","White","No","No","Married","Bachelor"
107311,"Female","White","No","No","Married","Bachelor"
108881,"Male","Hispanic or Latino","Yes","No","Single","Doctorate"
108450,"Male","Asian","No","No","Single","Doctorate"
100299,"Male","Asian","No","No","Divorced","High School"
100341,"Male","Hispanic or Latino","No","No","Divorced","Master"
100823,"Female","Black or African American","No","No","Divorced","Bachelor"
101067,"Female","Hispanic or Latino","No","No","Divorced","Bachelor"
104584,"Male","Two or More Races","No","No","Married","Doctorate"
102380,"Female","Asian","No","No","Married","Bachelor"
105266,"Female","Hispanic or Latino","No","No","Prefer Not to Say","Associate"
107981,"Male","Hispanic or Latino","No","No","Married","Doctorate"
101650,"Female","Prefer Not to Say","No","No","Single","Doctorate"
100450,"Male","White","No","Yes","Married","Associate"
105166,"Male","White","Yes","No","Single","Associate"
101953,"Male","Black or African American","No","No","Married","Bachelor"
100902,"Female","Asian","No","Yes","Single","Bachelor"
103990,"Male","Asian","No","No","Single","High School"
105536,"Female","Hispanic or Latino","No","No","Single","Bachelor"
103982,"Female","Asian","No","No","Prefer Not to Say","High School"
106817,"Female","Asian","No","No","Single","High School"
101076,"Male","Hispanic or Latino","No","No","Single","Bachelor"
100525,"Female","White","No","No","Single","High School"
107722,"Female","White","No","No","Single","Bachelor"
100469,"Male","Asian","No","Prefer Not to Say","Married","Associate"
103326,"Male","Black or African American","No","No","Married","Bachelor"
108792,"Female","Hispanic or Latino","No","No","Married","Bachelor"
108996,"Male","Asian","No","No","Married","Bachelor"
101344,"Female","White","Yes","No","Single","Bachelor"
101707,"Male","Two or More Races","No","No","Prefer Not to Say","Master"
103464,"Male","White","No","No","Married","High School"
109709,"Female","White","No","No","Married","Associate"
107474,"Male","Hispanic or Latino","No","No","Married","Master"
109946,"Male","Asian","Yes","No","Married","Bachelor"
103937,"Male","White","No","No","Married","Bachelor"
107134,"Male","Asian","No","No","Married","Master"
109382,"Female","White","No","No","Married","Doctorate"
105077,"Female","Hispanic or Latino","No","Prefer Not to Say","Prefer Not to Say","Doctorate"
105735,"Female","Asian","No","Prefer Not to Say","Married","Bachelor"
102044,"Female","Black or African American","No","No","Prefer Not to Say","Bachelor"
107018,"Female","White","No","No","Married","Bachelor"
109018,"Male","White","No","No","Single","Bachelor"
100269,"Male","White","No","No","Single","Bachelor"
106395,"Male","White","No","No","Married","High School"
106696,"Male","Asian","No","No","Single","Associate"
100296,"Male","Hispanic or Latino","No","No","Divorced","Bachelor"
103875,"Female","Asian","No","No","Divorced","Bachelor"
107900,"Male","White","No","No","Married","Master"
106528,"Female","White","No","Prefer Not to Say","Married","Associate"
103071,"Male","White","No","No","Single","Doctorate"
100566,"Female","Asian","No","No","Single","Master"
102331,"Non-Binary","White","No","No","Married","Associate"
102900,"Male","White","No","Prefer Not to Say","Married","Associate"
107189,"Male","Black or African American","No","No","Married","Doctorate"
108224,"Female","Asian","No","No","Married","Master"
100082,"Male","Hispanic or Latino","No","No","Married","Bachelor"
105510,"Female","White","No","No","Married","Bachelor"
109438,"Male","Asian","No","No","Married","Bachelor"
105251,"Female","Prefer Not to Say","No","Yes","Married","Associate"
104376,"Female","Hispanic or Latino","No","No","Divorced","Doctorate"
107577,"Female","White","No","No","Single","Bachelor"
109446,"Male","Asian","Yes","No","Married","Associate"
103803,"Female","Asian","No","No","Married","Bachelor"
101882,"Female","Hispanic or Latino","No","No","Single","Associate"
109246,"Female","White","No","Prefer Not to Say","Married","Bachelor"
102935,"Female","White","No","No","Single","Bachelor"
105493,"Female","Asian","No","No","Single","High School"
103452,"Female","Hispanic or Latino","No","No","Single","Doctorate"
106858,"Male","White","No","Prefer Not to Say","Single","Master"
106917,"Female","White","No","Prefer Not to Say","Married","Bachelor"
109057,"Female","Asian","No","No","Single","High School"
104486,"Female","White","No","No","Single","Bachelor"
109205,"Female","Prefer Not to Say","No","No","Single","Bachelor"
102098,"Female","White","No","No","Married","Doctorate"
109983,"Female","Hispanic or Latino","No","No","Single","Master"
108250,"Male","Hispanic or Latino","No","No","Married","Associate"
107851,"Female","Black or African American","No","No","Single","Master"
102992,"Non-Binary","Asian","No","No","Single","Associate"
103222,"Male","White","No","No","Married","High School"
108296,"Female","Two or More Races","Prefer Not to Say","No","Married","Master"
105460,"Female","White","Prefer Not to Say","No","Married","Bachelor"
106846,"Female","Asian","No","Yes","Single","Doctorate"
107906,"Male","Black or African American","No","No","Prefer Not to Say","Doctorate"
101208,"Male","White","No","Yes","Prefer Not to Say","Associate"
109906,"Female","White","No","No","Married","High School"
109092,"Female","Hispanic or Latino","Yes","No","Prefer Not to Say","Bachelor"
102929,"Female","White","No","No","Married","Master"
109197,"Female","Black or African American","No","No","Single","Master"
104729,"Female","Asian","No","No","Married","Doctorate"
107419,"Female","Hispanic or Latino","No","No","Single","Bachelor"
103433,"Male","White","No","No","Single","High School"
103672,"Male","Hispanic or Latino","No","No","Married","Associate"
107080,"Female","Hispanic or Latino","No","No","Single","Bachelor"
100639,"Male","Asian","No","No","Single","Master"
103186,"Female","Hispanic or Latino","No","No","Married","Doctorate"
108440,"Female","Asian","No","No","Married","High School"
104150,"Female","Hispanic or Latino","No","No","Prefer Not to Say","Master"
106031,"Female","Asian","No","No","Single","Master"
109202,"Male","White","No","No","Single","Master"
102792,"Male","White","No","No","Divorced","Bachelor"
107762,"Male","Black or African American","No","Yes","Single","Master"
105234,"Male","Black or African American","No","No","Divorced","Bachelor"
103012,"Female","White","No","No","Married","Bachelor"
100228,"Non-Binary","Native Hawaiian or Pacific Islander","No","No","Married","Bachelor"
102639,"Female","White","No","No","Prefer Not to Say","Associate"
104485,"Female","Hispanic or Latino","No","Prefer Not to Say","Married","Bachelor"
104873,"Non-Binary","Black or African American","No","No","Married","Master"
109980,"Male","Hispanic or Latino","No","No","Married","Bachelor"
101554,"Non-Binary","White","No","No","Married","High School"
104249,"Female","Hispanic or Latino","No","No","Married","High School"
107158,"Male","Asian","No","No","Married","Master"
106667,"Female","Asian","No","No","Married","Associate"
101649,"Female","Two or More Races","No","No","Divorced","Bachelor"
102625,"Male","Prefer Not to Say","No","No","Prefer Not to Say","Bachelor"
105712,"Male","White","No","No","Single","Associate"
109842,"Female","Black or African American","No","No","Single","Bachelor"
109206,"Female","White","No","No","Married","Master"
101253,"Female","Asian","No","No","Married","Bachelor"
104357,"Female","White","No","No","Divorced","High School"
106902,"Female","White","Prefer Not to Say","Prefer Not to Say","Single","Bachelor"
108637,"Non-Binary","Asian","No","No","Single","Associate"
104908,"Male","White","No","Prefer Not to Say","Married","Associate"
107623,"Male","Black or African American","No","No","Single","Bachelor"
106131,"Female","White","No","No","Single","Doctorate"
107845,"Male","White","No","No","Single","Master"
107093,"Female","White","No","No","Single","Bachelor"
103706,"Female","Black or African American","No","No","Married","Bachelor"
101136,"Female","Asian","Prefer Not to Say","No","Single","High School"
105545,"Male","White","No","No","Single","Master"
105627,"Male","White","No","No","Married","Bachelor"
107110,"Female","American Indian or Alaska Native","No","No","Single","High School"
103047,"Male","Black or African American","No","No","Prefer Not to Say","Bachelor"
107457,"Female","White","No","No","Single","Bachelor"
106494,"Female","Asian","No","No","Married","Master"
102887,"Female","Two or More Races","No","No","Single","Bachelor"
101793,"Female","White","No","No","Married","Master"
103390,"Male","Hispanic or Latino","No","No","Married","Master"
102176,"Female","White","No","No","Married","High School"
108378,"Male","Prefer Not to Say","No","No","Married","Master"
106492,"Female","Hispanic or Latino","No","No","Married","Master"
100770,"Male","Hispanic or Latino","No","No","Single","Master"
100687,"Male","White","No","No","Single","High School"
108085,"Male","Black or African American","No","No","Single","Associate"
103718,"Female","Asian","No","No","Married","Bachelor"
105320,"Male","Black or African American","No","No","Married","Bachelor"
106268,"Male","White","No","No","Married","Doctorate"
100410,"Female","Hispanic or Latino","No","No","Prefer Not to Say","Bachelor"
109469,"Male","White","No","No","Prefer Not to Say","High School"
100887,"Male","Hispanic or Latino","Prefer Not to Say","No","Married","High School"
108442,"Female","White","No","No","Single","Doctorate"
105765,"Non-Binary","Hispanic or Latino","No","No","Married","Master"
101281,"Male","Asian","No","No","Married","Bachelor"
107487,"Male","White","No","No","Married","High School"
103505,"Female","White","No","No","Single","Bachelor"
102407,"Non-Binary","Hispanic or Latino","No","No","Divorced","Bachelor"
102443,"Female","Two or More Races","No","No","Single","Bachelor"
101600,"Male","White","No","No","Prefer Not to Say","High School"
102939,"Male","Hispanic or Latino","No","No","Single","Master"
108674,"Female","Native Hawaiian or Pacific Islander","No","No","Married","Associate"
104505,"Female","Hispanic or Latino","No","No","Married","Bachelor"
100426,"Female","White","No","No","Prefer Not to Say","Master"
104491,"Male","Black or African American","No","No","Married","Doctorate"
101447,"Female","Hispanic or Latino","No","Yes","Prefer Not to Say","High School"
100898,"Male","Hispanic or Latino","No","No","Single","Master"
104953,"Female","Hispanic or Latino","No","No","Married","High School"
105469,"Female","Black or African American","No","No","Prefer Not to Say","High School"
109050,"Female","Black or African American","No","No","Married","Bachelor"
107038,"Male","White","No","No","Divorced","Doctorate"
107791,"Female","Black or African American","No","No","Prefer Not to Say","Master"
109459,"Female","White","No","No","Single","Bachelor"
108397,"Male","White","No","No","Prefer Not to Say","Bachelor"
109264,"Female","White","No","No","Married","Master"
103555,"Female","Hispanic or Latino","No","No","Single","Bachelor"
103381,"Female","Black or African American","No","No","Married","Master"
106656,"Female","White","No","No","Married","Doctorate"
104038,"Male","White","No","No","Divorced","Master"
105111,"Male","White","No","No","Married","Bachelor"
100346,"Non-Binary","White","No","Prefer Not to Say","Married","Associate"
103493,"Male","Asian","No","No","Married","Associate"
105579,"Female","White","No","Yes","Single","Bachelor"
108507,"Male","White","No","No","Single","High School"
106216,"Male","White","No","No","Divorced","Master"
104297,"Female","White","No","No","Single","Bachelor"
100359,"Male","White","Yes","No","Married","Associate"
101769,"Male","White","No","No","Single","Bachelor"
109499,"Female","White","No","No","Married","Bachelor"
102245,"Female","White","No","No","Divorced","Master"
105686,"Female","Black or African American","No","No","Married","Bachelor"
104736,"Female","Black or African American","No","No","Single","Bachelor"
103638,"Female","White","Yes","No","Married","Bachelor"
103199,"Male","White","No","No","Married","Bachelor"
107306,"Female","White","No","No","Married","Master"
108109,"Female","Hispanic or Latino","Yes","No","Married","Bachelor"
101019,"Female","Hispanic or Latino","No","Prefer Not to Say","Single","Bachelor"
104036,"Female","Prefer Not to Say","No","No","Married","Doctorate"
102773,"Female","Hispanic or Latino","No","No","Prefer Not to Say","Bachelor"
101735,"Male","White","No","No","Married","Bachelor"
109013,"Female","White","No","No","Single","Bachelor"
103611,"Non-Binary","Black or African American","No","No","Married","Bachelor"
101166,"Male","White","No","Yes","Single","Bachelor"
100478,"Female","White","No","No","Married","Bachelor"
106122,"Male","Asian","No","No","Married","Master"
105921,"Male","White","No","No","Married","Bachelor"
102057,"Female","Two or More Races","No","Prefer Not to Say","Single","Bachelor"
107073,"Male","Black or African American","No","No","Married","Master"
105925,"Male","Hispanic or Latino","No","Prefer Not to Say","Married","Bachelor"
100272,"Female","Hispanic or Latino","No","Prefer Not to Say","Single","Bachelor"
102216,"Female","Black or African American","No","No","Single","Master"
103839,"Male","Two or More Races","No","No","Divorced","High School"
101013,"Male","White","No","No","Single","Bachelor"
107926,"Male","White","No","No","Married","Bachelor"
103244,"Female","Two or More Races","No","No","Married","High School"
105043,"Non-Binary","Asian","No","No","Divorced","Bachelor"
103287,"Female","Prefer Not to Say","No","Yes","Married","Bachelor"
100673,"Female","Asian","No","No","Married","Bachelor"
104620,"Male","Asian","No","No","Married","High School"
102143,"Male","Hispanic or Latino","No","No","Married","Bachelor"
104431,"Male","Black or African American","No","No","Married","Master"
108370,"Male","Two or More Races","No","No","Single","Bachelor"
104590,"Female","Black or African American","Yes","No","Single","Bachelor"
104288,"Female","White","No","No","Married","Doctorate"
100984,"Male","Two or More Races","No","Yes","Single","Bachelor"
106978,"Non-Binary","White","No","No","Married","Bachelor"
109504,"Female","Native Hawaiian or Pacific Islander","Prefer Not to Say","No","Married","Bachelor"
107431,"Female","White","No","Prefer Not to Say","Single","Associate"
102309,"Female","Asian","Yes","No","Married","Associate"
103028,"Female","Two or More Races","No","No","Married","Master"
104480,"Male","White","No","No","Married","Associate"
102587,"Female","Black or African American","No","No","Single","Bachelor"
109691,"Female","White","Yes","No","Single","Associate"
104057,"Female","White","No","No","Divorced","Associate"
103853,"Male","Hispanic or Latino","No","No","Single","Master"
107541,"Male","Hispanic or Latino","No","No","Single","Associate"
108641,"Female","Hispanic or Latino","No","No","Single","Bachelor"
102700,"Male","White","No","No","Married","Bachelor"
105568,"Female","White","No","No","Single","Bachelor"
107394,"Female","Black or African American","No","No","Single","Bachelor"
102977,"Male","Black or African American","No","No","Married","Associate"
106081,"Male","Hispanic or Latino","No","No","Single","Master"
100062,"Male","Black or African American","No","No","Single","Bachelor"
100386,"Female","White","No","No","Single","Bachelor"
105856,"Female","Asian","No","No","Married","Bachelor"
103132,"Male","Hispanic or Latino","No","No","Married","Bachelor"
107295,"Female","Hispanic or Latino","Prefer Not to Say","No","Single","Associate"
101353,"Male","Black or African American","No","No","Married","High School"
107614,"Male","White","No","No","Single","Master"
105103,"Female","Asian","No","No","Single","Associate"
101629,"Female","Hispanic or Latino","No","No","Married","Bachelor"
104214,"Female","Asian","Yes","No","Married","Bachelor"
106793,"Female","White","No","No","Single","Bachelor"
106408,"Female","Black or African American","No","No","Divorced","Bachelor"
105866,"Male","White","No","No","Single","High School"
103905,"Male","White","No","No","Prefer Not to Say","Master"
107582,"Female","White","Yes","No","Single","Bachelor"
103167,"Male","Asian","No","No","Single","Bachelor"
109854,"Male","White","No","No","Single","Master"
101501,"Male","Two or More Races","Prefer Not to Say","No","Prefer Not to Say","Bachelor"
107729,"Female","Asian","No","No","Single","Bachelor"
104028,"Female","Hispanic or Latino","No","No","Divorced","Master"
100339,"Male","Two or More Races","No","No","Single","Bachelor"
107554,"Female","Asian","No","Yes","Married","Master"
104921,"Female","White","No","No","Married","Bachelor"
102657,"Female","Black or African American","No","No","Divorced","Associate"
103262,"Male","Hispanic or Latino","Prefer Not to Say","No","Single","Master"
100048,"Female","Asian","No","No","Divorced","Bachelor"
105963,"Male","Two or More Races","Yes","No","Married","Bachelor"
105152,"Male","Hispanic or Latino","No","No","Married","Master"
101999,"Non-Binary","Prefer Not to Say","No","No","Divorced","Bachelor"
102290,"Male","Hispanic or Latino","No","No","Single","Master"
105130,"Male","White","No","No","Married","Associate"
107363,"Female","Hispanic or Latino","No","No","Married","High School"
108975,"Male","Black or African American","No","No","Single","Master"
103148,"Male","Asian","No","No","Married","Master"
105032,"Female","White","No","No","Divorced","Bachelor"
106182,"Female","Native Hawaiian or Pacific Islander","No","No","Single","Associate"
104508,"Female","White","No","No","Single","Bachelor"
107089,"Female","Asian","No","No","Married","High School"
109890,"Female","Hispanic or Latino","No","No","Married","Bachelor"
107510,"Female","White","Prefer Not to Say","No","Married","Bachelor"
108301,"Female","Two or More Races","No","No","Divorced","Bachelor"
102390,"Female","Black or African American","No","No","Single","Master"
101129,"Male","Black or African American","No","No","Married","High School"
105760,"Female","Asian","No","No","Single","High School"
100711,"Female","Black or African American","No","No","Single","Bachelor"
104235,"Male","White","No","No","Single","Bachelor"
104845,"Male","Black or African American","No","No","Married","Master"
100199,"Male","Asian","No","No","Single","Doctorate"
108948,"Male","Two or More Races","No","No","Married","High School"
101314,"Female","Two or More Races","Prefer Not to Say","No","Single","Associate"
104883,"Male","White","No","No","Single","Doctorate"
107012,"Female","White","No","No","Single","Bachelor"
103860,"Male","White","No","No","Single","High School"
103694,"Female","Hispanic or Latino","No","No","Married","Master"
108518,"Non-Binary","White","No","No","Divorced","Bachelor"
100433,"Female","Hispanic or Latino","No","No","Divorced","Bachelor"
100198,"Male","White","No","No","Married","High School"
103151,"Male","Hispanic or Latino","No","No","Married","Associate"
107109,"Male","White","No","No","Married","Master"
106094,"Female","White","No","No","Prefer Not to Say","Bachelor"
102478,"Female","Asian","No","No","Divorced","Associate"
100075,"Male","Black or African American","No","No","Married","High School"
103558,"Male","Black or African American","Prefer Not to Say","No","Married","Master"
109277,"Female","White","No","No","Divorced","Associate"
104026,"Male","Black or African American","Prefer Not to Say","No","Single","Master"
105309,"Male","White","No","No","Single","High School"
106462,"Male","White","No","Prefer Not to Say","Single","Bachelor"
106588,"Female","Prefer Not to Say","No","No","Single","Master"
108883,"Male","White","No","No","Divorced","Bachelor"
102002,"Male","White","No","No","Divorced","Associate"
108421,"Male","Hispanic or Latino","No","Yes","Single","High School"
101794,"Female","Black or African American","No","No","Single","Bachelor"
102523,"Female","White","No","No","Married","Bachelor"
100122,"Female","Hispanic or Latino","Yes","No","Single","Associate"
104665,"Male","Hispanic or Latino","No","No","Single","Master"
107120,"Male","Hispanic or Latino","No","No","Single","Doctorate"
107622,"Female","Hispanic or Latino","No","No","Single","Bachelor"
101923,"Male","White","No","No","Single","Bachelor"
103409,"Female","White","No","No","Divorced","Associate"
101430,"Female","Hispanic or Latino","No","No","Divorced","Master"
107957,"Male","Hispanic or Latino","No","No","Single","Bachelor"
104944,"Female","Asian","No","No","Married","High School"
102702,"Male","Asian","No","No","Married","Associate"
109381,"Female","Hispanic or Latino","No","No","Single","High School"
100570,"Male","Hispanic or Latino","Yes","No","Married","High School"
103785,"Female","Two or More Races","Prefer Not to Say","Yes","Single","Bachelor"
104541,"Male","White","No","Prefer Not to Say","Married","Master"
104734,"Female","Two or More Races","No","No","Married","Master"
104795,"Female","Hispanic or Latino","No","No","Married","Master"
106223,"Female","Asian","No","No","Single","Master"
102701,"Male","White","No","No","Married","Master"
104889,"Female","Asian","No","No","Married","Master"
106276,"Male","Hispanic or Latino","No","No","Married","Bachelor"
102923,"Female","Hispanic or Latino","No","No","Single","Bachelor"
107716,"Female","White","Prefer Not to Say","No","Single","Doctorate"
108523,"Female","Asian","No","No","Married","Bachelor"
105623,"Female","White","No","No","Married","Bachelor"
101351,"Female","Black or African American","No","No","Single","Bachelor"
107965,"Female","Asian","No","No","Single","Bachelor"
102968,"Female","Black or African American","No","No","Single","Bachelor"
109555,"Female","White","Yes","No","Single","Bachelor"
105899,"Female","White","No","Yes","Married","Master"
107243,"Female","White","No","No","Married","Bachelor"
100607,"Male","Asian","No","No","Single","Bachelor"
102755,"Male","White","No","No","Single","Master"
100297,"Female","Hispanic or Latino","No","No","Single","High School"
104820,"Female","Black or African American","No","No","Married","Associate"
105829,"Male","Hispanic or Latino","No","No","Married","Bachelor"
107875,"Female","Black or African American","No","No","Single","Master"
101189,"Male","White","No","Yes","Single","Master"
105637,"Male","White","No","No","Married","Master"
107459,"Female","White","No","No","Married","Doctorate"
100793,"Non-Binary","White","No","No","Married","Master"
108181,"Male","Two or More Races","No","No","Married","Doctorate"
104035,"Female","Asian","No","Yes","Married","Master"
109824,"Female","White","No","No","Single","Master"
101990,"Male","Black or African American","No","No","Married","Bachelor"
105967,"Male","Asian","Prefer Not to Say","No","Single","High School"
108801,"Male","White","No","Prefer Not to Say","Single","Associate"
108269,"Female","Asian","No","No","Single","Bachelor"
104696,"Female","Prefer Not to Say","No","No","Married","Bachelor"
102183,"Female","White","No","No","Married","Bachelor"
105392,"Male","Hispanic or Latino","Yes","No","Single","Bachelor"
107685,"Male","Asian","No","No","Divorced","Bachelor"
100471,"Female","Hispanic or Latino","No","No","Single","High School"
109708,"Female","Two or More Races","No","No","Married","Master"
102643,"Female","Black or African American","No","No","Divorced","Bachelor"
107636,"Female","White","No","No","Married","Bachelor"
101666,"Female","Hispanic or Latino","No","No","Divorced","Bachelor"
104897,"Female","Black or African American","No","No","Single","Associate"
104617,"Male","Hispanic or Latino","No","No","Married","Master"
100599,"Non-Binary","Hispanic or Latino","No","No","Married","Doctorate"
104874,"Female","Black or African American","No","No","Single","Bachelor"
102559,"Female","Black or African American","No","No","Married","Master"
108024,"Female","Asian","No","No","Single","Doctorate"
109289,"Male","Asian","No","No","Married","Master"
106801,"Female","Black or African American","No","No","Married","High School"
101190,"Female","Hispanic or Latino","No","No","Single","Bachelor"
102584,"Female","White","No","No","Married","Master"
109275,"Male","White","No","No","Single","Bachelor"
109904,"Female","White","Prefer Not to Say","No","Married","Master"
108058,"Male","Asian","Yes","No","Married","High School"
109128,"Female","Asian","No","No","Married","High School"
101288,"Male","Asian","No","No","Married","Bachelor"
106857,"Female","Hispanic or Latino","No","No","Married","Bachelor"
102931,"Female","White","No","No","Married","Bachelor"
101037,"Female","White","No","No","Prefer Not to Say","Master"
109051,"Female","Black or African American","No","No","Married","Bachelor"
101533,"Female","Hispanic or Latino","No","No","Divorced","Bachelor"
100027,"Male","Hispanic or Latino","No","Yes","Single","Bachelor"
105499,"Female","Asian","Yes","No","Married","Bachelor"
106368,"Female","Hispanic or Latino","No","No","Single","Bachelor"
105544,"Female","White","No","No","Married","Master"
101446,"Male","Hispanic or Latino","No","No","Married","Bachelor"
103698,"Male","Black or African American","No","No","Single","Bachelor"
105793,"Male","Prefer Not to Say","Prefer Not to Say","No","Divorced","Bachelor"
108743,"Male","White","No","No","Prefer Not to Say","Bachelor"
106312,"Male","Hispanic or Latino","No","No","Married","High School"
103329,"Female","Black or African American","Prefer Not to Say","No","Divorced","Master"
105711,"Male","Black or African American","No","No","Married","Bachelor"
100785,"Male","White","No","No","Single","Bachelor"
102746,"Male","Asian","No","No","Married","Doctorate"
101519,"Female","Hispanic or Latino","No","No","Married","Master"
101955,"Female","White","No","No","Single","High School"
105465,"Male","Black or African American","No","No","Married","High School"
104690,"Male","White","No","No","Married","Bachelor"
101732,"Female","White","No","No","Single","Bachelor"
104384,"Female","Prefer Not to Say","No","No","Single","Bachelor"
102833,"Male","Hispanic or Latino","No","No","Single","Master"
102191,"Male","Prefer Not to Say","No","No","Married","Doctorate"
109000,"Female","Hispanic or Latino","No","No","Married","Master"
108122,"Female","Asian","No","No","Divorced","High School"
106535,"Female","Asian","No","No","Prefer Not to Say","Bachelor"
109578,"Female","Black or African American","No","Prefer Not to Say","Married","Bachelor"
106353,"Male","Hispanic or Latino","No","No","Single","Bachelor"
101045,"Female","Hispanic or Latino","No","No","Single","Associate"
109515,"Male","Hispanic or Latino","No","No","Married","Bachelor"
100313,"Male","Black or African American","No","No","Married","Associate"
105143,"Female","White","No","No","Married","Bachelor"
107224,"Female","Black or African American","No","No","Married","Bachelor"
105647,"Male","Black or African American","No","No","Single","Bachelor"
103864,"Male","Two or More Races","No","No","Single","Bachelor"
107546,"Male","Asian","No","No","Married","Bachelor"
108408,"Female","White","No","No","Single","Master"
109460,"Female","White","No","No","Married","Bachelor"
103498,"Male","White","No","Prefer Not to Say","Married","High School"
105797,"Female","White","No","No","Married","High School"
104843,"Female","Black or African American","Yes","No","Prefer Not to Say","Bachelor"
108077,"Male","White","No","No","Married","Bachelor"
101126,"Female","Hispanic or Latino","No","No","Prefer Not to Say","Bachelor"
108934,"Female","Two or More Races","No","No","Married","High School"
106947,"Female","Two or More Races","No","No","Divorced","Bachelor"
102663,"Female","Hispanic or Latino","No","No","Married","Bachelor"
107145,"Female","Hispanic or Latino","No","Prefer Not to Say","Married","Master"
101159,"Female","White","No","No","Single","Master"
101977,"Male","Asian","No","No","Married","High School"
105175,"Male","Two or More Races","No","No","Single","High School"
103608,"Male","Hispanic or Latino","No","No","Single","Master"
108387,"Female","White","No","No","Single","Bachelor"
109001,"Non-Binary","White","No","No","Married","Master"
107422,"Female","Asian","No","No","Single","Bachelor"
106011,"Male","Two or More Races","No","No","Single","Bachelor"
100096,"Female","Black or African American","No","No","Married","Bachelor"
103420,"Male","Hispanic or Latino","No","Yes","Single","Associate"
107287,"Male","Hispanic or Latino","No","No","Divorced","High School"
106569,"Female","White","No","No","Single","Associate"
101094,"Male","White","No","No","Married","Bachelor"
107248,"Male","White","Yes","No","Single","Bachelor"
103236,"Female","Hispanic or Latino","No","No","Married","Master"
100174,"Male","Asian","No","No","Single","Associate"
106865,"Female","Prefer Not to Say","No","No","Married","Bachelor"
105541,"Female","Black or African American","No","No","Single","Bachelor"
101489,"Female","White","No","No","Married","Master"
105790,"Male","White","No","No","Divorced","Bachelor"
105287,"Female","White","No","No","Married","Bachelor"
108643,"Male","Asian","Yes","No","Married","Bachelor"
105717,"Non-Binary","White","No","No","Single","High School"
104004,"Female","Hispanic or Latino","No","No","Single","Bachelor"
108961,"Male","White","No","No","Single","High School"
107343,"Male","Asian","No","No","Married","Doctorate"
107523,"Female","Asian","No","No","Married","High School"
105704,"Female","Hispanic or Latino","Prefer Not to Say","No","Married","Bachelor"
104191,"Male","Asian","No","No","Single","Associate"
106746,"Male","Hispanic or Latino","No","No","Married","Bachelor"
106149,"Female","White","No","No","Married","Bachelor"
102353,"Male","White","No","No","Divorced","Master"
107483,"Female","White","No","No","Married","Bachelor"
102064,"Male","White","No","No","Single","Doctorate"
100589,"Male","Black or African American","Yes","Yes","Married","Associate"
103299,"Female","White","No","Yes","Married","Associate"
102517,"Female","Two or More Races","No","Prefer Not to Say","Married","High School"
106372,"Male","Hispanic or Latino","No","No","Divorced","Bachelor"
100977,"Female","Hispanic or Latino","No","No","Married","Master"
107315,"Female","Two or More Races","No","Prefer Not to Say","Single","Bachelor"
100072,"Female","Hispanic or Latino","No","No","Single","Master"
104723,"Female","White","No","No","Married","Master"
104222,"Female","Black or African American","No","No","Single","Bachelor"
102767,"Male","Black or African American","No","No","Prefer Not to Say","High School"
109055,"Male","Asian","No","No","Married","Master"
103141,"Male","White","No","Prefer Not to Say","Married","Master"
103480,"Female","Hispanic or Latino","No","No","Married","Bachelor"
109114,"Female","Hispanic or Latino","No","No","Married","Bachelor"
109912,"Female","Hispanic or Latino","No","No","Single","High School"
102704,"Male","Hispanic or Latino","No","No","Divorced","High School"
106401,"Male","Asian","No","No","Divorced","High School"
104861,"Male","Hispanic or Latino","Prefer Not to Say","No","Single","Master"
107807,"Male","White","No","No","Married","Associate"
100759,"Male","Hispanic or Latino","No","No","Divorced","High School"
103400,"Female","Black or African American","No","No","Married","Bachelor"
105503,"Female","White","Prefer Not to Say","Prefer Not to Say","Married","Bachelor"
108880,"Female","White","No","No","Married","High School"
108124,"Female","White","No","No","Married","Doctorate"
101881,"Female","Black or African American","No","No","Single","High School"
102436,"Female","White","No","No","Divorced","Bachelor"
101245,"Male","Hispanic or Latino","Yes","No","Divorced","Bachelor"
107750,"Female","Asian","No","Yes","Divorced","Master"
101407,"Male","Asian","No","Prefer Not to Say","Married","Master"
101440,"Female","White","No","No","Divorced","Master"
106400,"Male","White","Yes","No","Single","Bachelor"
105274,"Male","Black or African American","No","No","Single","Bachelor"
102079,"Female","White","No","No","Married","Bachelor"
102800,"Female","White","No","No","Married","Master"
101582,"Female","Two or More Races","No","No","Single","Master"
105316,"Female","White","No","No","Single","Master"
104681,"Male","Black or African American","No","No","Married","High School"
106907,"Female","White","No","No","Single","Master"
102521,"Non-Binary","White","No","No","Divorced","Bachelor"
105386,"Female","Black or African American","No","No","Married","High School"
108152,"Female","White","No","No","Married","Bachelor"
106973,"Male","Hispanic or Latino","No","No","Divorced","Bachelor"
100523,"Female","White","No","No","Married","Master"
101848,"Female","White","No","No","Married","Bachelor"
107953,"Male","Hispanic or Latino","No","No","Single","Associate"
107699,"Female","White","No","No","Married","Associate"
105383,"Male","Hispanic or Latino","No","No","Divorced","Bachelor"
103560,"Male","White","No","No","Single","Bachelor"
104623,"Male","Native Hawaiian or Pacific Islander","Yes","No","Married","Associate"
106314,"Female","White","No","No","Single","High School"
101211,"Male","White","No","No","Divorced","High School"
105653,"Female","Asian","No","No","Married","Bachelor"
102439,"Male","Black or African American","No","No","Divorced","Associate"
101432,"Female","White","Prefer Not to Say","Yes","Divorced","High School"
109828,"Male","Asian","No","No","Married","Associate"
106990,"Female","White","No","No","Married","Associate"
100435,"Female","Asian","No","Yes","Divorced","High School"
104156,"Male","Black or African American","No","No","Single","Associate"
109962,"Male","White","No","No","Single","Bachelor"
107668,"Female","Black or African American","No","No","Prefer Not to Say","Doctorate"
107524,"Female","White","Prefer Not to Say","No","Single","Bachelor"
108773,"Female","Hispanic or Latino","No","No","Married","Associate"
110000,"Female","Asian","No","No","Divorced","Master"
104291,"Female","Asian","No","No","Single","Bachelor"
104418,"Female","Prefer Not to Say","No","No","Single","Associate"
103067,"Male","Hispanic or Latino","No","No","Married","Master"
106470,"Female","White","No","No","Married","Master"
107359,"Female","Hispanic or Latino","No","No","Single","Associate"
108401,"Female","White","No","No","Single","Bachelor"
105351,"Male","Black or African American","No","No","Single","Associate"
108187,"Male","White","No","No","Single","Bachelor"
100585,"Male","Black or African American","No","No","Single","High School"
109213,"Female","White","No","No","Married","Bachelor"
100727,"Female","Asian","No","No","Married","Doctorate"
106453,"Female","White","No","No","Married","Bachelor"
106898,"Female","Two or More Races","No","Yes","Married","Bachelor"
105873,"Male","White","No","No","Married","High School"
103204,"Female","Asian","No","No","Married","Bachelor"
106927,"Female","Hispanic or Latino","Yes","No","Single","Doctorate"
100932,"Female","American Indian or Alaska Native","No","No","Married","Associate"
101709,"Female","Black or African American","No","No","Married","Bachelor"
105764,"Female","White","No","No","Married","Bachelor"
102163,"Female","White","No","No","Married","Bachelor"
109819,"Male","White","No","No","Married","Bachelor"
103143,"Female","Asian","No","No","Single","Associate"
102355,"Male","Black or African American","No","No","Single","Bachelor"
102730,"Female","Asian","No","No","Single","High School"
107111,"Male","Asian","No","No","Married","Bachelor"
103083,"Female","White","No","Yes","Single","Bachelor"
108751,"Male","Asian","No","No","Single","High School"
101834,"Male","White","No","No","Married","Bachelor"
102809,"Female","Asian","No","No","Married","Bachelor"
101442,"Female","Asian","No","No","Divorced","Master"
103298,"Male","White","No","No","Married","High School"
108098,"Male","Black or African American","No","No","Married","Bachelor"
100595,"Female","Hispanic or Latino","No","No","Single","Bachelor"
103020,"Male","Black or African American","No","No","Single","Bachelor"
102105,"Female","White","No","No","Married","Doctorate"
108390,"Female","White","Yes","No","Married","Bachelor"
102632,"Male","White","No","No","Married","Bachelor"
106831,"Female","Asian","No","No","Single","Doctorate"
107333,"Female","Hispanic or Latino","No","No","Married","Bachelor"
107747,"Female","White","No","No","Single","Bachelor"
101570,"Female","Hispanic or Latino","No","No","Single","Master"
100610,"Male","Prefer Not to Say","No","No","Married","Bachelor"
104610,"Male","Hispanic or Latino","No","No","Married","Bachelor"
101875,"Male","Hispanic or Latino","No","No","Single","Doctorate"
107032,"Female","Hispanic or Latino","No","No","Married","High School"
109876,"Female","White","No","No","Married","High School"
105593,"Female","Black or African American","No","No","Married","High School"
109352,"Male","Black or African American","No","No","Married","High School"
100110,"Male","Native Hawaiian or Pacific Islander","Yes","No","Married","Master"
106545,"Female","White","No","No","Single","Bachelor"
103775,"Female","Hispanic or Latino","No","No","Single","Master"
103656,"Male","White","No","No","Married","Bachelor"
101597,"Female","White","No","No","Single","Associate"
105610,"Female","Hispanic or Latino","No","No","Single","High School"
102849,"Female","Asian","No","No","Single","High School"
106282,"Male","Asian","No","No","Single","Master"
101448,"Male","Prefer Not to Say","No","No","Married","High School"
109505,"Female","White","No","No","Prefer Not to Say","Master"
109584,"Female","White","No","No","Single","Associate"
107212,"Male","White","No","No","Single","Master"
104372,"Male","Hispanic or Latino","No","No","Married","Bachelor"
105585,"Male","Black or African American","No","No","Single","Bachelor"
105273,"Female","Two or More Races","No","No","Single","Bachelor"
107925,"Male","Hispanic or Latino","No","No","Single","Bachelor"
108458,"Male","White","No","No","Single","Master"
100676,"Male","White","No","No","Married","Associate"
102561,"Female","Black or African American","No","No","Married","Bachelor"
102810,"Male","Hispanic or Latino","No","No","Divorced","Master"
103967,"Male","White","No","No","Single","Bachelor"
109717,"Male","Black or African American","No","Prefer Not to Say","Married","Master"
105473,"Male","Prefer Not to Say","No","No","Married","Bachelor"
106405,"Female","Black or African American","No","No","Married","Doctorate"
107283,"Female","Two or More Races","No","No","Divorced","Bachelor"
105605,"Female","White","No","No","Single","Bachelor"
108218,"Female","Prefer Not to Say","No","Prefer Not to Say","Married","Master"
107277,"Female","White","No","Yes","Prefer Not to Say","Bachelor"
104137,"Female","White","Yes","No","Single","Associate"
107808,"Male","Prefer Not to Say","No","No","Divorced","Bachelor"
105253,"Female","White","No","No","Prefer Not to Say","Master"
109604,"Male","Black or African American","No","No","Married","Bachelor"
101914,"Female","Black or African American","No","No","Married","Master"
100775,"Male","Hispanic or Latino","No","No","Single","High School"
100243,"Female","White","No","No","Married","Bachelor"
106124,"Female","White","No","No","Single","Bachelor"
100584,"Female","Prefer Not to Say","No","No","Prefer Not to Say","Bachelor"
104124,"Male","Black or African American","No","Prefer Not to Say","Married","Associate"
109522,"Male","Hispanic or Latino","No","No","Single","Bachelor"
103427,"Male","Black or African American","No","No","Married","High School"
102918,"Female","Black or African American","No","No","Single","Doctorate"
105471,"Male","Hispanic or Latino","No","Prefer Not to Say","Single","High School"
101322,"Male","Asian","No","No","Married","Master"
107030,"Male","Asian","No","No","Single","Bachelor"
100051,"Male","Hispanic or Latino","No","Prefer Not to Say","Married","Master"
107125,"Female","White","No","No","Married","High School"
102650,"Male","Hispanic or Latino","No","No","Divorced","Associate"
104120,"Female","White","No","No","Married","Doctorate"
106433,"Female","Hispanic or Latino","No","No","Single","Bachelor"
108319,"Male","White","No","No","Married","Bachelor"
105269,"Female","White","No","No","Married","Bachelor"
108932,"Male","White","No","Prefer Not to Say","Single","Bachelor"
101146,"Female","White","No","No","Married","Master"
103235,"Male","Hispanic or Latino","No","No","Married","Associate"
100963,"Male","Hispanic or Latino","No","No","Prefer Not to Say","Doctorate"
104634,"Male","White","No","No","Married","Master"
109563,"Male","Black or African American","No","No","Single","Master"
102607,"Male","Hispanic or Latino","No","Prefer Not to Say","Married","Master"
104632,"Female","White","No","No","Single","Doctorate"
107559,"Male","White","No","No","Married","Bachelor"
107173,"Male","White","Yes","No","Married","Associate"
102906,"Female","Black or African American","No","No","Divorced","Bachelor"
108554,"Male","Black or African American","No","No","Married","Bachelor"
104624,"Male","Two or More Races","No","No","Divorced","Master"
109848,"Male","Black or African American","No","No","Married","Bachelor"
107589,"Male","White","No","No","Prefer Not to Say","Bachelor"
109512,"Male","Asian","No","No","Single","Associate"
107919,"Female","American Indian or Alaska Native","No","No","Married","Doctorate"
105517,"Female","White","No","No","Divorced","High School"
106022,"Female","White","No","No","Prefer Not to Say","Master"
106482,"Male","Asian","No","No","Prefer Not to Say","Associate"
109794,"Female","Asian","No","No","Married","Bachelor"
104562,"Female","Black or African American","No","No","Married","Associate"
109763,"Male","White","Prefer Not to Say","No","Divorced","Master"
104362,"Female","White","Prefer Not to Say","No","Divorced","High School"
102266,"Male","Asian","No","Prefer Not to Say","Married","Doctorate"
103188,"Female","White","Prefer Not to Say","Yes","Single","Bachelor"
109923,"Female","Asian","No","No","Single","Master"
102962,"Male","Asian","No","No","Married","Associate"
101968,"Male","Hispanic or Latino","Yes","No","Married","Bachelor"
102868,"Female","Asian","No","No","Single","Master"
104704,"Female","Asian","No","No","Married","Master"
102377,"Male","Black or African American","No","No","Single","Associate"
104578,"Female","Black or African American","No","No","Married","Bachelor"
105232,"Female","Asian","No","No","Married","High School"
106753,"Male","Hispanic or Latino","No","No","Married","Master"
100697,"Female","Black or African American","Yes","No","Married","Bachelor"
106643,"Male","Asian","No","No","Married","Associate"
102425,"Male","Two or More Races","No","No","Married","Bachelor"
109882,"Male","Hispanic or Latino","No","No","Married","High School"
103862,"Male","Asian","No","No","Married","Bachelor"
108302,"Female","White","No","No","Married","Master"
104855,"Female","Native Hawaiian or Pacific Islander","No","No","Married","High School"
103571,"Female","White","No","No","Divorced","Doctorate"
109194,"Male","White","No","No","Single","High School"
107122,"Male","Asian","No","No","Single","Master"
105108,"Male","Asian","No","Yes","Single","Bachelor"
103277,"Male","Prefer Not to Say","No","No","Married","Associate"
106968,"Female","White","No","No","Single","High School"
105891,"Male","White","No","No","Prefer Not to Say","Master"
102205,"Male","White","No","No","Single","Bachelor"
109934,"Male","White","No","No","Single","Bachelor"
108545,"Female","White","Prefer Not to Say","No","Married","Master"
103712,"Female","White","No","No","Single","Master"
107226,"Female","Prefer Not to Say","No","No","Prefer Not to Say","Associate"
104627,"Male","White","No","No","Married","Bachelor"
102993,"Male","White","No","No","Divorced","Master"
108207,"Male","Asian","No","Prefer Not to Say","Prefer Not to Say","Bachelor"
104255,"Male","Hispanic or Latino","No","No","Single","High School"
103112,"Female","Asian","No","No","Married","Bachelor"
106333,"Male","White","No","No","Married","Bachelor"
109142,"Female","Asian","No","No","Single","High School"
102184,"Female","Asian","No","No","Married","High School"
106450,"Female","Asian","Prefer Not to Say","No","Single","Bachelor"
101349,"Female","White","No","No","Married","Associate"
102273,"Male","Hispanic or Latino","No","No","Single","Doctorate"
101685,"Female","Asian","No","No","Single","Bachelor"
103910,"Female","Prefer Not to Say","No","No","Single","Bachelor"
101804,"Female","White","Prefer Not to Say","No","Married","Associate"
104404,"Female","Hispanic or Latino","No","No","Single","Bachelor"
103456,"Male","Black or African American","No","No","Married","Master"
109483,"Male","White","No","No","Prefer Not to Say","High School"
101682,"Male","Hispanic or Latino","No","Prefer Not to Say","Married","Master"
103350,"Male","Hispanic or Latino","No","No","Prefer Not to Say","High School"
102172,"Female","Black or African American","No","No","Married","Master"
109740,"Male","Hispanic or Latino","No","No","Married","High School"
102628,"Female","Hispanic or Latino","Yes","No","Single","Master"
109627,"Male","Black or African American","No","No","Divorced","Bachelor"
106119,"Male","White","No","No","Married","Master"
107201,"Non-Binary","Black or African American","No","No","Married","Bachelor"
106537,"Female","Hispanic or Latino","No","No","Single","High School"
108311,"Female","Asian","No","Yes","Married","Bachelor"
109100,"Male","Hispanic or Latino","No","No","Divorced","Bachelor"
109825,"Female","Black or African American","No","No","Married","Bachelor"
104077,"Female","Black or African American","No","No","Single","Bachelor"
105321,"Female","Prefer Not to Say","No","No","Married","Bachelor"
100319,"Male","White","No","No","Married","High School"
101031,"Male","Hispanic or Latino","No","No","Married","Master"
100008,"Female","White","No","Prefer Not to Say","Married","High School"
100092,"Male","Asian","No","No","Prefer Not to Say","Doctorate"
108148,"Male","White","No","Prefer Not to Say","Single","Associate"
104928,"Male","White","No","No","Prefer Not to Say","Doctorate"
100936,"Female","Black or African American","Yes","No","Single","Bachelor"
101409,"Female","White","No","Yes","Divorced","Bachelor"
101946,"Female","Hispanic or Latino","No","No","Prefer Not to Say","Doctorate"
105787,"Male","White","No","No","Married","Bachelor"
106024,"Male","Hispanic or Latino","No","No","Married","Associate"
100348,"Male","Hispanic or Latino","No","No","Single","Associate"
104412,"Male","Prefer Not to Say","No","No","Married","Master"
105182,"Female","White","No","No","Single","Associate"
106892,"Female","Asian","No","No","Married","Doctorate"
105665,"Female","Prefer Not to Say","No","Prefer Not to Say","Divorced","Master"
107846,"Male","Hispanic or Latino","No","No","Single","Bachelor"
105070,"Female","Black or African American","Yes","No","Single","Bachelor"
107263,"Male","Black or African American","No","No","Married","Associate"
106493,"Male","Hispanic or Latino","No","No","Single","Bachelor"
106799,"Female","Black or African American","No","No","Married","Bachelor"
103121,"Male","Hispanic or Latino","No","No","Married","Bachelor"
107258,"Male","Two or More Races","Yes","No","Single","High School"
103770,"Male","Black or African American","No","No","Married","Bachelor"
100961,"Male","White","No","Prefer Not to Say","Divorced","Bachelor"
108176,"Male","Black or African American","No","No","Married","Associate"
109495,"Male","Hispanic or Latino","Prefer Not to Say","No","Married","High School"
103844,"Male","Prefer Not to Say","No","No","Divorced","Associate"
108227,"Female","Hispanic or Latino","No","No","Married","High School"
102167,"Male","White","No","No","Married","Bachelor"
105658,"Female","Hispanic or Latino","No","No","Married","Doctorate"
106313,"Male","White","No","No","Married","High School"
108032,"Male","Asian","No","No","Divorced","Master"
103641,"Female","Black or African American","Yes","No","Married","High School"
107033,"Male","Black or African American","No","No","Married","Master"
102843,"Female","White","Yes","No","Married","Bachelor"
106146,"Non-Binary","Two or More Races","No","No","Divorced","Bachelor"
100807,"Female","Asian","No","No","Married","High School"
102086,"Female","Prefer Not to Say","No","Prefer Not to Say","Married","Master"
101736,"Male","White","No","No","Single","Associate"
103325,"Female","Black or African American","Prefer Not to Say","No","Prefer Not to Say","Associate"
107298,"Male","White","No","No","Married","Doctorate"
107538,"Male","Black or African American","No","No","Married","Bachelor"
103810,"Male","White","No","No","Divorced","Bachelor"
108137,"Male","White","No","No","Married","Doctorate"
108257,"Male","White","No","No","Married","Bachelor"
105617,"Female","Black or African American","No","No","Married","Associate"
105239,"Male","Hispanic or Latino","No","No","Prefer Not to Say","Bachelor"
100818,"Female","Asian","No","No","Single","Bachelor"
108146,"Male","Hispanic or Latino","No","No","Married","Master"
105366,"Male","Hispanic or Latino","No","No","Single","Bachelor"
100402,"Male","White","No","Prefer Not to Say","Divorced","Master"
108759,"Female","Hispanic or Latino","No","Prefer Not to Say","Married","Bachelor"
105682,"Male","Asian","Yes","No","Married","Associate"
106344,"Male","Native Hawaiian or Pacific Islander","No","Yes","Married","Bachelor"
102132,"Female","Hispanic or Latino","No","No","Single","Master"
101933,"Male","White","No","No","Single","High School"
103146,"Female","White","No","No","Married","Bachelor"
105358,"Male","Hispanic or Latino","No","No","Married","Bachelor"
106748,"Male","Asian","No","No","Single","High School"
107266,"Male","Hispanic or Latino","No","Prefer Not to Say","Single","Bachelor"
108042,"Female","White","No","No","Single","Bachelor"
109678,"Male","White","No","Prefer Not to Say","Single","Bachelor"
100976,"Female","American Indian or Alaska Native","No","No","Single","Bachelor"
109160,"Male","Hispanic or Latino","No","No","Married","Bachelor"
103813,"Male","White","No","No","Single","Doctorate"
104983,"Male","Asian","No","No","Single","Master"
105671,"Male","Hispanic or Latino","No","No","Single","Master"
105432,"Male","Black or African American","No","No","Married","Bachelor"
104495,"Male","Asian","No","No","Married","Bachelor"
107547,"Male","Hispanic or Latino","No","No","Single","Bachelor"
108783,"Female","White","No","No","Prefer Not to Say","Bachelor"
109915,"Female","Hispanic or Latino","No","No","Married","Master"
105355,"Male","Asian","Yes","No","Single","High School"
103680,"Female","Hispanic or Latino","No","No","Single","Master"
103137,"Male","Black or African American","No","No","Married","Bachelor"
107193,"Male","White","No","No","Married","Master"
104912,"Male","Hispanic or Latino","No","No","Divorced","Bachelor"
109195,"Female","White","No","Prefer Not to Say","Divorced","Master"
100582,"Male","Asian","Prefer Not to Say","No","Prefer Not to Say","High School"
105699,"Male","White","No","No","Single","Master"
102612,"Male","White","No","No","Married","Master"
101891,"Male","Hispanic or Latino","No","No","Married","Master"
103366,"Male","Two or More Races","No","No","Single","Bachelor"
105688,"Male","Hispanic or Latino","No","Yes","Single","High School"
103771,"Female","Asian","No","Prefer Not to Say","Single","Bachelor"
107296,"Male","Hispanic or Latino","No","No","Single","Master"
101472,"Male","Hispanic or Latino","No","No","Married","High School"
103852,"Male","White","No","No","Married","Bachelor"
107540,"Female","White","No","No","Single","Bachelor"
109162,"Female","White","No","No","Married","Bachelor"
104441,"Male","Black or African American","No","No","Married","Associate"
102166,"Male","Asian","No","No","Single","High School"
106824,"Female","Hispanic or Latino","No","No","Married","Associate"
100629,"Female","Hispanic or Latino","No","No","Single","High School"
107543,"Male","Black or African American","No","No","Single","Bachelor"
101221,"Female","Hispanic or Latino","No","Prefer Not to Say","Single","Associate"
107259,"Male","White","No","No","Married","High School"
101205,"Female","White","No","No","Prefer Not to Say","Associate"
102021,"Female","Hispanic or Latino","No","No","Married","Associate"
109953,"Male","Hispanic or Latino","No","Yes","Married","Bachelor"
105304,"Male","White","No","No","Single","High School"
105134,"Male","Asian","Yes","No","Married","Master"
108420,"Female","Black or African American","Prefer Not to Say","No","Divorced","Bachelor"
104679,"Male","White","No","No","Single","High School"
109203,"Female","Hispanic or Latino","No","No","Single","Master"
100817,"Male","Hispanic or Latino","No","No","Married","High School"
108901,"Male","Black or African American","Yes","No","Single","Bachelor"
106495,"Male","Asian","No","No","Married","Bachelor"
101000,"Male","Asian","No","No","Divorced","Master"
102082,"Female","Asian","No","No","Married","Master"
101274,"Female","White","No","No","Married","Master"
105019,"Female","Hispanic or Latino","No","Prefer Not to Say","Single","High School"
105788,"Male","Two or More Races","No","No","Married","Master"
107009,"Female","White","No","No","Single","Associate"
103964,"Male","Asian","No","No","Single","Associate"
107150,"Female","Hispanic or Latino","Prefer Not to Say","No","Married","High School"
102870,"Male","Hispanic or Latino","No","No","Single","Associate"
100066,"Female","White","No","Prefer Not to Say","Married","Bachelor"
101699,"Female","White","No","No","Single","Associate"
104309,"Male","Hispanic or Latino","No","No","Single","Bachelor"
103479,"Male","Black or African American","No","No","Single","Bachelor"
103988,"Male","White","No","No","Married","High School"
104475,"Female","Hispanic or Latino","No","No","Married","High School"
109916,"Male","White","No","No","Married","Master"
104971,"Female","Black or African American","No","No","Prefer Not to Say","Master"
106575,"Female","White","No","No","Married","Associate"
109455,"Female","Asian","No","No","Married","High School"
107773,"Male","White","No","No","Married","Bachelor"
109365,"Female","Black or African American","No","No","Married","Bachelor"
109182,"Non-Binary","White","No","No","Married","Bachelor"
109749,"Female","Hispanic or Latino","Yes","No","Single","Bachelor"
109941,"Male","White","No","No","Married","Master"
106107,"Female","White","Yes","No","Prefer Not to Say","Associate"
104024,"Female","Hispanic or Latino","No","No","Divorced","Bachelor"
106399,"Male","Asian","No","No","Married","Master"
102080,"Male","Black or African American","No","No","Married","Bachelor"
108357,"Female","Prefer Not to Say","No","Prefer Not to Say","Single","Bachelor"
106541,"Female","Hispanic or Latino","No","No","Married","Associate"
108758,"Male","Prefer Not to Say","No","No","Single","High School"
106480,"Male","White","No","No","Married","High School"
106175,"Female","Black or African American","No","No","Single","High School"
109183,"Female","Hispanic or Latino","No","No","Single","Bachelor"
102469,"Female","Hispanic or Latino","No","No","Married","Bachelor"
104487,"Female","Prefer Not to Say","No","No","Married","High School"
104757,"Male","White","No","No","Married","Doctorate"
101124,"Female","White","No","No","Single","Associate"
106083,"Female","White","No","No","Married","Bachelor"
109699,"Male","White","No","No","Single","Associate"
104370,"Male","White","Prefer Not to Say","No","Married","Bachelor"
109615,"Female","Hispanic or Latino","No","No","Single","Bachelor"
105768,"Male","Asian","No","No","Married","Bachelor"
104979,"Female","White","No","No","Married","Master"
107176,"Male","Hispanic or Latino","No","No","Married","Bachelor"
108740,"Female","Asian","No","No","Single","Bachelor"
105270,"Male","Asian","Yes","No","Single","Bachelor"
106228,"Female","Hispanic or Latino","No","No","Prefer Not to Say","Master"
106804,"Female","Black or African American","No","No","Married","Associate"
102638,"Non-Binary","White","No","No","Single","Associate"
104927,"Male","Hispanic or Latino","No","No","Married","Master"
103084,"Male","Native Hawaiian or Pacific Islander","Prefer Not to Say","No","Single","High School"
103399,"Male","Prefer Not to Say","No","No","Divorced","Doctorate"
108596,"Female","Hispanic or Latino","No","No","Single","Master"
101400,"Female","White","No","No","Married","High School"
105167,"Female","White","No","No","Single","Master"
100038,"Male","Black or African American","No","No","Married","Bachelor"
102367,"Female","White","No","No","Single","Bachelor"
102096,"Female","Black or African American","No","No","Married","Bachelor"
103685,"Female","White","No","No","Married","Master"
101243,"Male","White","No","No","Married","Associate"
100266,"Male","Asian","No","No","Divorced","High School"
101837,"Female","White","No","No","Single","Associate"
109172,"Non-Binary","White","No","No","Single","Bachelor"
109481,"Female","Hispanic or Latino","No","No","Married","Associate"
104602,"Female","Black or African American","No","Yes","Married","Bachelor"
108173,"Male","Black or African American","No","No","Married","Associate"
100466,"Male","Prefer Not to Say","Prefer Not to Say","No","Married","High School"
100692,"Male","Hispanic or Latino","No","No","Single","Doctorate"
106471,"Female","White","No","No","Single","Bachelor"
106613,"Male","Asian","No","No","Single","Bachelor"
101203,"Female","Hispanic or Latino","No","Yes","Married","Bachelor"
101194,"Male","Asian","Prefer Not to Say","No","Married","Bachelor"
108810,"Female","Hispanic or Latino","Yes","Yes","Married","Master"
100316,"Female","White","No","No","Married","High School"
109567,"Female","White","No","No","Single","Bachelor"
103424,"Male","Hispanic or Latino","No","No","Single","High School"
100011,"Male","White","No","No","Prefer Not to Say","Bachelor"
101725,"Female","Asian","No","No","Single","Bachelor"
100458,"Male","White","No","No","Married","High School"
108605,"Female","Asian","No","No","Married","Doctorate"
105848,"Female","White","No","No","Prefer Not to Say","High School"
106270,"Female","White","No","No","Married","Bachelor"
106791,"Male","Hispanic or Latino","Yes","No","Married","High School"
102225,"Female","Hispanic or Latino","No","No","Single","Associate"
100631,"Male","Asian","No","No","Married","Master"
102798,"Male","Black or African American","No","No","Prefer Not to Say","Bachelor"
106697,"Male","Asian","No","Yes","Married","Bachelor"
103602,"Female","Asian","No","No","Married","Bachelor"
107946,"Male","Hispanic or Latino","No","Yes","Married","Associate"
104746,"Female","American Indian or Alaska Native","No","No","Married","Master"
100256,"Female","Hispanic or Latino","No","No","Prefer Not to Say","Associate"
106769,"Non-Binary","Hispanic or Latino","No","No","Married","High School"
106381,"Non-Binary","Hispanic or Latino","No","No","Married","Bachelor"
108536,"Female","Native Hawaiian or Pacific Islander","No","No","Divorced","Master"
107571,"Male","Hispanic or Latino","No","Yes","Single","Bachelor"
107339,"Male","Hispanic or Latino","No","No","Married","Bachelor"
100576,"Female","White","No","No","Married","Bachelor"
104171,"Female","White","No","No","Single","Master"
101242,"Male","Black or African American","No","Prefer Not to Say","Married","Bachelor"
100781,"Female","Hispanic or Latino","No","No","Married","Master"
105180,"Male","Native Hawaiian or Pacific Islander","No","No","Single","Master"
100244,"Non-Binary","Two or More Races","No","No","Single","Master"
106611,"Non-Binary","White","No","No","Married","High School"
100305,"Female","Hispanic or Latino","No","No","Single","Bachelor"
101919,"Male","Black or African American","No","No","Single","Doctorate"
102158,"Non-Binary","Asian","No","No","Single","Bachelor"
103883,"Non-Binary","Hispanic or Latino","No","No","Divorced","Bachelor"
107749,"Male","Black or African American","No","No","Divorced","Associate"
106680,"Female","Asian","No","No","Married","Bachelor"
102217,"Female","Black or African American","No","No","Married","Bachelor"
106878,"Male","White","No","Yes","Single","Master"
107390,"Male","Hispanic or Latino","No","No","Divorced","Master"
104333,"Male","White","No","No","Single","Master"
101583,"Female","Asian","No","Prefer Not to Say","Single","Bachelor"
103570,"Female","White","No","Prefer Not to Say","Married","Bachelor"
101807,"Female","Asian","No","No","Divorced","High School"
100658,"Male","Black or African American","Prefer Not to Say","No","Single","Associate"
103270,"Male","Hispanic or Latino","No","Prefer Not to Say","Married","Associate"
103174,"Female","Asian","No","No","Single","Bachelor"
100405,"Female","Black or African American","No","No","Married","High School"
103466,"Male","Two or More Races","No","No","Married","Master"
105149,"Female","Hispanic or Latino","No","No","Divorced","Master"
102770,"Female","White","No","No","Married","Doctorate"
106506,"Male","Hispanic or Latino","No","No","Married","Master"
100688,"Female","White","No","No","Married","Bachelor"
106141,"Male","Black or African American","No","No","Married","Master"
103403,"Male","Black or African American","Yes","No","Single","Bachelor"
100877,"Male","Hispanic or Latino","No","No","Divorced","Associate"
104545,"Male","Black or African American","No","No","Single","Doctorate"
100973,"Female","Prefer Not to Say","No","No","Divorced","Associate"
104490,"Male","White","No","No","Married","Associate"
100374,"Female","Black or African American","No","No","Married","Master"
102199,"Female","Black or African American","No","No","Single","Bachelor"
106123,"Male","Asian","No","No","Single","Bachelor"
100260,"Female","Prefer Not to Say","No","No","Divorced","High School"
105099,"Female","White","No","No","Single","Bachelor"
105751,"Female","White","No","No","Married","Bachelor"
104300,"Female","Asian","No","No","Married","High School"
101744,"Female","Hispanic or Latino","No","No","Single","High School"
101896,"Female","Prefer Not to Say","No","No","Married","Master"
107317,"Male","Hispanic or Latino","No","No","Married","Master"
105080,"Female","White","No","No","Prefer Not to Say","Bachelor"
107323,"Female","White","No","No","Single","Associate"
107836,"Male","White","Prefer Not to Say","No","Married","Bachelor"
100907,"Male","White","Yes","No","Single","Associate"
108929,"Male","Black or African American","No","Yes","Single","Bachelor"
100356,"Female","White","No","No","Single","Bachelor"
108570,"Male","Hispanic or Latino","No","No","Single","Bachelor"
105673,"Female","Hispanic or Latino","No","No","Single","Master"
109914,"Male","Hispanic or Latino","No","Prefer Not to Say","Single","Bachelor"
109075,"Male","Asian","No","No","Single","Bachelor"
108571,"Female","Black or African American","No","No","Married","Bachelor"
104044,"Female","White","No","No","Single","Master"
103927,"Male","Hispanic or Latino","No","Yes","Single","Associate"
109058,"Male","Hispanic or Latino","No","No","Single","Bachelor"
103766,"Male","Asian","No","No","Divorced","Bachelor"
103833,"Male","Black or African American","No","No","Married","High School"
105236,"Male","Hispanic or Latino","No","No","Married","Master"
104654,"Female","White","No","No","Married","Associate"
101856,"Female","Black or African American","Yes","No","Married","Master"
104303,"Female","White","Prefer Not to Say","Prefer Not to Say","Divorced","Master"
104976,"Male","Asian","No","No","Single","High School"
103941,"Male","White","Prefer Not to Say","No","Married","Bachelor"
102637,"Female","American Indian or Alaska Native","No","No","Married","Associate"
109697,"Female","Hispanic or Latino","No","No","Single","Bachelor"
100354,"Male","White","No","No","Prefer Not to Say","Bachelor"
106539,"Female","Black or African American","No","No","Single","Doctorate"
109571,"Male","Black or African American","No","No","Married","Bachelor"
103869,"Female","White","No","No","Married","High School"
107144,"Female","Hispanic or Latino","No","No","Single","Master"
104909,"Female","Black or African American","No","No","Married","Bachelor"
102841,"Female","Asian","No","No","Married","Bachelor"
109959,"Male","Asian","No","No","Single","Bachelor"
104302,"Male","Two or More Races","No","No","Single","Bachelor"
104601,"Female","Hispanic or Latino","No","No","Single","High School"
108618,"Male","Hispanic or Latino","No","No","Married","Doctorate"
108234,"Female","White","No","No","Married","Bachelor"
108274,"Female","Asian","No","No","Single","Bachelor"
105352,"Female","White","No","No","Divorced","Bachelor"
109610,"Male","Asian","No","Yes","Divorced","High School"
101235,"Female","Asian","No","No","Single","Bachelor"
103293,"Male","White","No","No","Single","Doctorate"
103335,"Female","Hispanic or Latino","No","No","Married","Bachelor"
103365,"Male","White","No","No","Single","Bachelor"
100193,"Female","Black or African American","No","Yes","Single","High School"
103514,"Male","White","No","Yes","Divorced","Associate"
101165,"Male","Two or More Races","No","No","Single","Bachelor"
108423,"Female","Black or African American","No","No","Married","Associate"
108647,"Male","White","No","No","Prefer Not to Say","Master"
100987,"Male","Black or African American","No","No","Married","Bachelor"
105230,"Female","White","No","No","Married","Bachelor"
103444,"Female","Hispanic or Latino","No","No","Single","Bachelor"
106581,"Female","White","Yes","No","Married","Master"
103055,"Female","Asian","Yes","No","Married","Bachelor"
100291,"Male","Black or African American","No","No","Single","Bachelor"
101342,"Female","White","No","No","Divorced","Bachelor"
104672,"Male","Prefer Not to Say","No","No","Divorced","High School"
107241,"Female","Asian","No","No","Single","Bachelor"
108550,"Male","White","No","No","Single","Master"
103295,"Male","White","Prefer Not to Say","Yes","Single","Bachelor"
105822,"Female","Hispanic or Latino","No","No","Divorced","Bachelor"
108419,"Male","White","No","Prefer Not to Say","Married","Bachelor"
108642,"Female","Prefer Not to Say","Yes","No","Divorced","Master"
104072,"Male","Black or African American","Yes","No","Prefer Not to Say","Bachelor"
103038,"Male","White","No","No","Single","Bachelor"
106984,"Male","White","Yes","No","Divorced","Bachelor"
106774,"Female","White","No","No","Single","Associate"
102253,"Male","Prefer Not to Say","No","No","Single","Associate"
100022,"Male","White","No","No","Single","Master"
104597,"Female","Asian","No","No","Single","Bachelor"
105482,"Male","Black or African American","No","No","Single","Doctorate"
104327,"Female","Prefer Not to Say","No","No","Divorced","High School"
101788,"Male","White","Prefer Not to Say","No","Married","Bachelor"
108601,"Non-Binary","Asian","No","No","Single","High School"
106053,"Male","Hispanic or Latino","No","No","Married","Master"
107988,"Female","Black or African American","No","No","Married","Bachelor"
104787,"Female","Two or More Races","No","No","Single","Master"
106485,"Female","White","No","No","Single","High School"
103322,"Female","Black or African American","No","No","Single","Associate"
104130,"Male","White","Yes","No","Single","Associate"
109071,"Male","Asian","No","No","Prefer Not to Say","Master"
101994,"Female","Black or African American","No","No","Married","Associate"
108178,"Female","Hispanic or Latino","No","No","Single","Bachelor"
100351,"Female","White","No","No","Married","Master"
102538,"Female","Asian","No","No","Single","Associate"
101139,"Female","White","No","No","Divorced","High School"
105889,"Male","White","No","No","Single","Associate"
109119,"Male","Native Hawaiian or Pacific Islander","No","No","Single","Master"
103412,"Female","Asian","No","No","Single","Associate"
101056,"Male","White","No","No","Married","Bachelor"
103363,"Female","White","Yes","Prefer Not to Say","Single","Associate"
101091,"Male","Asian","No","No","Married","Associate"
109463,"Male","Hispanic or Latino","No","No","Married","High School"
102049,"Male","Black or African American","No","No","Married","Doctorate"
100620,"Female","White","No","Prefer Not to Say","Married","Master"
106135,"Female","White","No","No","Married","Doctorate"
106853,"Male","Hispanic or Latino","No","No","Single","Master"
107123,"Male","Asian","No","No","Married","Master"
107536,"Male","Black or African American","No","No","Single","Bachelor"
103648,"Female","Black or African American","No","Prefer Not to Say","Single","Doctorate"
105136,"Female","White","No","No","Married","Bachelor"
108281,"Male","Black or African American","No","No","Married","Bachelor"
103297,"Female","White","No","No","Divorced","Associate"
106023,"Male","Black or African American","No","No","Married","Master"
100621,"Female","Asian","No","No","Married","Associate"
102654,"Male","Two or More Races","No","No","Married","Bachelor"
107967,"Male","Hispanic or Latino","No","Yes","Married","Bachelor"
106891,"Female","Hispanic or Latino","No","No","Married","Bachelor"
104385,"Male","Black or African American","No","No","Divorced","Bachelor"
104580,"Female","Hispanic or Latino","Yes","No","Single","Bachelor"
103138,"Female","White","No","No","Married","Master"
105890,"Male","Prefer Not to Say","No","Prefer Not to Say","Married","Associate"
105033,"Male","Asian","No","No","Married","Associate"
103703,"Male","Hispanic or Latino","No","No","Married","High School"
102984,"Male","White","No","No","Single","Bachelor"
101840,"Male","Hispanic or Latino","No","No","Married","Bachelor"
109329,"Female","Black or African American","No","No","Married","Bachelor"
100211,"Female","Prefer Not to Say","No","Yes","Divorced","Master"
102623,"Male","Hispanic or Latino","No","Prefer Not to Say","Married","High School"
107208,"Male","Hispanic or Latino","No","No","Married","Bachelor"
103597,"Female","Hispanic or Latino","No","No","Married","Associate"
105001,"Female","White","No","Yes","Married","Bachelor"
106938,"Male","Hispanic or Latino","No","No","Single","Bachelor"
109797,"Male","Black or African American","No","No","Single","Master"
108511,"Male","Asian","Yes","No","Married","Associate"
108795,"Male","White","No","Yes","Divorced","Master"
107517,"Male","Prefer Not to Say","No","No","Divorced","Associate"
106263,"Female","Black or African American","No","No","Single","Bachelor"
100668,"Male","White","No","No","Divorced","High School"
106227,"Male","White","No","No","Married","Bachelor"
101920,"Female","Black or African American","No","No","Single","Master"
102022,"Female","White","No","No","Married","Bachelor"
105281,"Male","Hispanic or Latino","No","No","Married","Master"
103242,"Female","Black or African American","No","No","Divorced","Doctorate"
105992,"Female","Black or African American","No","No","Single","High School"
108298,"Female","White","No","No","Married","Associate"
104141,"Female","Native Hawaiian or Pacific Islander","No","No","Married","Bachelor"
105813,"Male","Asian","No","Prefer Not to Say","Married","Bachelor"
108914,"Female","Hispanic or Latino","No","No","Single","Master"
103688,"Male","White","No","No","Single","Bachelor"
100494,"Male","Asian","No","No","Single","Bachelor"
107854,"Male","White","No","No","Single","Bachelor"
101899,"Non-Binary","Prefer Not to Say","No","No","Married","Bachelor"
109574,"Male","Hispanic or Latino","No","No","Married","High School"
100918,"Male","White","No","No","Married","Master"
103000,"Male","White","No","No","Single","Bachelor"
108725,"Female","White","No","No","Married","High School"
100870,"Female","Hispanic or Latino","No","No","Married","Master"
108079,"Non-Binary","Asian","Yes","No","Single","Bachelor"
100185,"Female","Hispanic or Latino","No","No","Married","Associate"
104047,"Male","Hispanic or Latino","No","No","Prefer Not to Say","Associate"
109478,"Male","White","Prefer Not to Say","Yes","Single","Bachelor"
102658,"Male","Hispanic or Latino","No","No","Single","High School"
107929,"Male","White","No","No","Single","Bachelor"
106923,"Female","White","No","No","Single","Associate"
105977,"Female","Hispanic or Latino","No","No","Married","Bachelor"
102116,"Male","White","No","No","Married","Bachelor"
102093,"Female","Two or More Races","Yes","No","Prefer Not to Say","Bachelor"
107871,"Female","White","No","No","Single","Bachelor"
108653,"Female","White","No","No","Prefer Not to Say","High School"
108737,"Non-Binary","White","No","No","Divorced","Master"
102694,"Male","Asian","Prefer Not to Say","No","Married","Bachelor"
108745,"Male","White","No","No","Married","High School"
103013,"Male","Asian","No","Prefer Not to Say","Single","Master"
104719,"Female","Hispanic or Latino","No","No","Married","High School"
109173,"Female","Asian","No","Prefer Not to Say","Married","Bachelor"
105282,"Female","Black or African American","No","Prefer Not to Say","Divorced","Master"
100437,"Female","Black or African American","No","No","Divorced","High School"
100922,"Male","Hispanic or Latino","No","No","Married","Master"
101778,"Male","Two or More Races","No","No","Married","Bachelor"
108143,"Male","Asian","No","No","Single","High School"
108800,"Female","Prefer Not to Say","No","No","Married","Master"
106870,"Male","White","No","No","Single","Bachelor"
100159,"Non-Binary","White","No","No","Married","Master"
109328,"Male","Hispanic or Latino","No","No","Single","Bachelor"
107468,"Male","Prefer Not to Say","No","No","Single","Bachelor"
106412,"Female","Hispanic or Latino","No","No","Prefer Not to Say","Master"
104534,"Female","Black or African American","No","No","Married","Doctorate"
105044,"Female","Hispanic or Latino","No","No","Single","Master"
103296,"Female","Hispanic or Latino","No","No","Single","Bachelor"
105916,"Female","White","No","No","Married","Bachelor"
101014,"Female","Black or African American","No","No","Married","Bachelor"
103170,"Male","Black or African American","No","No","Married","High School"
109251,"Female","Prefer Not to Say","No","No","Married","Bachelor"
101399,"Male","Hispanic or Latino","No","No","Single","Master"
106136,"Male","White","No","No","Married","High School"
100357,"Female","Asian","No","Yes","Prefer Not to Say","Master"
103351,"Male","Black or African American","No","No","Single","Associate"
106077,"Female","White","No","No","Married","High School"
106108,"Male","Asian","No","No","Single","Master"
108306,"Female","Hispanic or Latino","No","No","Married","Bachelor"
100422,"Male","Hispanic or Latino","No","No","Divorced","Bachelor"
108466,"Female","White","No","No","Single","High School"
107794,"Female","Black or African American","No","No","Married","Bachelor"
108002,"Male","White","Prefer Not to Say","No","Single","High School"
101809,"Male","White","No","No","Single","Bachelor"
106715,"Female","White","No","No","Single","Master"
101677,"Female","Black or African American","No","No","Divorced","Master"
100515,"Female","Hispanic or Latino","No","No","Married","Bachelor"
101143,"Male","Hispanic or Latino","No","No","Single","Bachelor"
100866,"Male","Asian","No","No","Married","High School"
104569,"Female","Two or More Races","No","No","Married","Doctorate"
108853,"Male","Hispanic or Latino","No","No","Single","Bachelor"
101667,"Female","Hispanic or Latino","No","No","Married","Master"
102104,"Male","Hispanic or Latino","Yes","No","Single","Associate"
100449,"Female","Prefer Not to Say","No","No","Single","Master"
105169,"Male","Hispanic or Latino","No","No","Married","Doctorate"
105961,"Female","White","Yes","No","Single","Associate"
104887,"Female","White","No","No","Single","Master"
100616,"Male","Prefer Not to Say","No","No","Single","High School"
102212,"Female","Asian","No","No","Married","Bachelor"
103632,"Female","White","No","No","Married","Bachelor"
106781,"Female","White","Yes","No","Single","Master"
100999,"Female","White","No","No","Married","Bachelor"
107788,"Female","White","Prefer Not to Say","Yes","Married","High School"
101174,"Male","Hispanic or Latino","No","No","Single","Associate"
100944,"Female","White","No","No","Single","Bachelor"
106468,"Male","Two or More Races","Yes","No","Single","Bachelor"
108349,"Male","Asian","No","No","Single","Bachelor"
100102,"Male","Prefer Not to Say","No","No","Married","Associate"
109232,"Male","White","No","No","Married","Associate"
107092,"Male","Asian","No","No","Married","Associate"
107236,"Female","Asian","No","Prefer Not to Say","Married","Bachelor"
102122,"Male","Prefer Not to Say","No","No","Single","Associate"
107731,"Female","Asian","No","No","Married","Master"
106241,"Male","Prefer Not to Say","No","No","Single","Associate"
103807,"Female","Hispanic or Latino","No","No","Divorced","Master"
100968,"Female","Black or African American","No","Prefer Not to Say","Single","Master"
102581,"Male","Hispanic or Latino","No","No","Divorced","Bachelor"
108335,"Male","Asian","No","No","Married","Bachelor"
102927,"Non-Binary","Prefer Not to Say","No","No","Married","Bachelor"
107290,"Female","Black or African American","No","No","Single","Bachelor"
107792,"Non-Binary","White","No","No","Single","Bachelor"
103996,"Female","Black or African American","No","No","Married","Bachelor"
108516,"Non-Binary","White","No","No","Married","Associate"
105678,"Non-Binary","White","No","No","Married","Associate"
101089,"Male","White","No","No","Married","Master"
105091,"Male","Hispanic or Latino","No","No","Married","Master"
103543,"Female","Asian","No","No","Married","Bachelor"
106584,"Male","Two or More Races","No","No","Married","Bachelor"
103580,"Female","Asian","No","No","Single","Bachelor"
106980,"Female","White","No","Yes","Single","Bachelor"
106013,"Female","Prefer Not to Say","No","No","Prefer Not to Say","Bachelor"
107493,"Male","Black or African American","No","No","Single","Bachelor"
108900,"Male","Hispanic or Latino","No","No","Married","High School"
108829,"Male","White","No","No","Married","Associate"
108564,"Male","Two or More Races","No","No","Married","Bachelor"
109629,"Male","Hispanic or Latino","No","No","Married","Master"
106648,"Male","White","No","Yes","Single","High School"
102365,"Female","Asian","No","No","Married","Master"
100841,"Female","Hispanic or Latino","No","No","Divorced","Bachelor"
104403,"Female","Two or More Races","No","No","Single","Bachelor"
103916,"Male","Hispanic or Latino","No","No","Married","Master"
101423,"Female","White","No","No","Prefer Not to Say","Bachelor"
105098,"Male","White","No","No","Married","Bachelor"
100209,"Female","White","No","No","Married","Master"
101789,"Female","Hispanic or Latino","No","No","Single","Bachelor"
101786,"Female","White","No","No","Married","High School"
109851,"Male","Asian","No","No","Single","Bachelor"
109903,"Non-Binary","White","No","No","Married","Bachelor"
107409,"Female","White","No","Yes","Married","Associate"
106279,"Female","White","No","Yes","Married","Associate"
100826,"Male","White","No","No","Single","High School"
103573,"Female","Asian","No","Yes","Single","High School"
109752,"Female","Prefer Not to Say","Prefer Not to Say","No","Single","Doctorate"
109068,"Female","White","No","No","Single","Bachelor"
102301,"Male","Hispanic or Latino","No","No","Single","Associate"
108788,"Male","Hispanic or Latino","No","No","Married","Associate"
101552,"Male","Hispanic or Latino","No","No","Married","Bachelor"
107801,"Female","Black or African American","No","Yes","Married","Master"
101356,"Male","Asian","No","No","Single","Master"
108617,"Female","Hispanic or Latino","Prefer Not to Say","No","Single","Bachelor"
102703,"Male","Asian","No","No","Single","High School"
103907,"Male","Prefer Not to Say","No","No","Married","Bachelor"
102970,"Male","Asian","Yes","No","Single","Doctorate"
104539,"Male","White","No","No","Single","High School"
106266,"Female","White","No","No","Married","Master"
109754,"Female","Black or African American","No","No","Married","Bachelor"
102373,"Female","White","No","No","Single","Bachelor"
102998,"Male","Black or African American","No","No","Single","Master"
100498,"Male","Hispanic or Latino","No","No","Single","Associate"
108560,"Female","Asian","No","No","Married","Bachelor"
106340,"Female","White","No","No","Married","Bachelor"
101766,"Female","Hispanic or Latino","No","No","Single","High School"
106289,"Female","Hispanic or Latino","No","No","Single","Bachelor"
104628,"Male","Asian","No","No","Single","Bachelor"
105601,"Female","White","No","Prefer Not to Say","Single","Bachelor"
107612,"Female","Asian","No","No","Single","Bachelor"
109737,"Non-Binary","Hispanic or Latino","No","No","Single","Master"
109759,"Female","American Indian or Alaska Native","No","No","Divorced","Bachelor"
104809,"Male","Hispanic or Latino","No","Yes","Married","High School"
103421,"Female","White","No","No","Single","Master"
103896,"Female","Black or African American","No","No","Divorced","Bachelor"
105235,"Male","Hispanic or Latino","No","Yes","Single","Associate"
103700,"Male","Hispanic or Latino","No","No","Single","Master"
107712,"Female","Black or African American","No","No","Single","Bachelor"
100434,"Male","White","No","No","Married","Bachelor"
104957,"Female","Hispanic or Latino","No","Yes","Married","Doctorate"
107590,"Female","White","No","No","Married","High School"
108530,"Female","Hispanic or Latino","No","No","Single","High School"
106042,"Male","Black or African American","No","Prefer Not to Say","Single","Master"
107782,"Male","Two or More Races","No","No","Married","Master"
107423,"Male","White","No","No","Single","Bachelor"
101308,"Male","White","No","No","Married","Bachelor"
101355,"Male","Asian","No","No","Married","Master"
103649,"Female","Black or African American","No","No","Married","Doctorate"
101372,"Female","Prefer Not to Say","No","No","Divorced","Associate"
100593,"Non-Binary","Two or More Races","No","No","Divorced","Bachelor"
101016,"Male","Hispanic or Latino","No","No","Married","Doctorate"
104337,"Male","Hispanic or Latino","No","Yes","Married","Bachelor"
101147,"Female","Prefer Not to Say","No","No","Single","Bachelor"
100132,"Male","White","Yes","No","Single","Bachelor"
106699,"Female","Hispanic or Latino","No","No","Married","Bachelor"
109852,"Female","Two or More Races","No","No","Single","Associate"
109619,"Female","Black or African American","Prefer Not to Say","No","Single","Bachelor"
102817,"Female","Asian","No","No","Single","Master"
105129,"Male","Black or African American","No","No","Married","Associate"
105247,"Female","Prefer Not to Say","No","No","Married","Master"
107276,"Female","White","No","No","Married","Master"
103592,"Male","Black or African American","No","Prefer Not to Say","Married","Bachelor"
100569,"Male","White","No","No","Single","Doctorate"
102180,"Male","White","No","No","Married","Associate"
102555,"Female","White","No","No","Single","High School"
104662,"Female","White","Prefer Not to Say","No","Married","Master"
107565,"Male","Hispanic or Latino","No","No","Married","Bachelor"
104677,"Male","Asian","Yes","No","Divorced","Bachelor"
109816,"Female","Prefer Not to Say","No","No","Married","High School"
103521,"Male","American Indian or Alaska Native","No","Yes","Married","High School"
108612,"Female","Asian","No","No","Single","Master"
105172,"Female","Hispanic or Latino","No","No","Married","Bachelor"
107282,"Female","White","No","No","Single","Bachelor"
108226,"Male","Black or African American","No","No","Married","Bachelor"
105779,"Female","White","No","No","Married","High School"
105901,"Male","White","No","No","Prefer Not to Say","Bachelor"
107768,"Male","White","Prefer Not to Say","No","Married","Master"
100157,"Female","Hispanic or Latino","No","No","Single","High School"
104062,"Female","White","No","Yes","Single","Master"
105792,"Male","Asian","No","Yes","Single","Bachelor"
106931,"Male","White","No","Prefer Not to Say","Married","Bachelor"
109081,"Male","Asian","Yes","No","Married","Master"
109856,"Male","Asian","No","No","Single","Associate"
102754,"Female","Asian","No","No","Single","Bachelor"
101244,"Male","Asian","No","Yes","Married","Bachelor"
108240,"Male","Hispanic or Latino","No","No","Single","Bachelor"
102964,"Male","Prefer Not to Say","No","No","Married","Bachelor"
100268,"Male","Prefer Not to Say","No","No","Single","Doctorate"
104603,"Male","White","No","No","Married","Master"
109899,"Male","White","No","No","Married","Associate"
109618,"Female","White","No","No","Divorced","Bachelor"
107130,"Male","Asian","No","No","Married","Associate"
100604,"Female","Asian","No","No","Single","High School"
102777,"Female","White","No","No","Single","Bachelor"
108422,"Male","Asian","No","No","Single","Master"
106972,"Female","Native Hawaiian or Pacific Islander","No","No","Single","Bachelor"
109303,"Male","Hispanic or Latino","Prefer Not to Say","No","Married","Bachelor"
109570,"Female","White","No","No","Divorced","Master"
106767,"Male","Native Hawaiian or Pacific Islander","No","No","Married","Master"
109033,"Female","Hispanic or Latino","Yes","No","Married","Bachelor"
103476,"Male","Black or African American","No","No","Single","Associate"
100600,"Male","Hispanic or Latino","No","No","Married","Associate"
101767,"Male","White","No","No","Divorced","Master"
108104,"Female","Black or African American","No","Prefer Not to Say","Single","Bachelor"
104146,"Female","Black or African American","No","No","Married","Associate"
104258,"Non-Binary","White","No","No","Married","Bachelor"
107663,"Female","Asian","No","No","Married","High School"
101022,"Female","Asian","No","No","Divorced","High School"
108489,"Female","White","No","No","Married","Bachelor"
109634,"Male","Asian","Yes","No","Married","High School"
102346,"Male","Hispanic or Latino","No","No","Divorced","Master"
104153,"Female","White","No","No","Single","Master"
109104,"Female","White","No","No","Single","Bachelor"
106949,"Female","Asian","No","No","Single","Bachelor"
103660,"Female","White","No","No","Married","Doctorate"
101958,"Male","White","No","No","Single","Master"
109126,"Male","Prefer Not to Say","No","No","Divorced","Bachelor"
104759,"Male","Black or African American","No","No","Single","Bachelor"
104339,"Female","White","No","No","Married","Master"
109089,"Male","Prefer Not to Say","No","No","Married","Master"
106527,"Female","White","No","No","Single","Bachelor"
106966,"Male","Hispanic or Latino","No","No","Married","Master"
100851,"Female","White","Yes","No","Divorced","Associate"
102615,"Male","Two or More Races","No","Yes","Prefer Not to Say","Bachelor"
105188,"Female","White","No","No","Married","Doctorate"
101434,"Female","Black or African American","No","Yes","Single","Bachelor"
104007,"Male","Hispanic or Latino","No","Yes","Divorced","Master"
103893,"Female","White","No","No","Single","Bachelor"
108273,"Male","Native Hawaiian or Pacific Islander","Prefer Not to Say","No","Married","Master"
101871,"Female","Hispanic or Latino","No","No","Married","Bachelor"
101431,"Female","White","No","No","Single","Bachelor"
101684,"Male","White","No","No","Single","Bachelor"
105836,"Male","Black or African American","No","No","Married","Bachelor"
106803,"Female","Prefer Not to Say","No","No","Married","Master"
103693,"Female","Asian","No","No","Divorced","Bachelor"
105394,"Female","Hispanic or Latino","No","Yes","Married","Bachelor"
102318,"Female","White","No","No","Single","Master"
103064,"Male","White","Yes","No","Single","Associate"
107218,"Female","White","No","No","Single","Bachelor"
107830,"Female","White","No","Prefer Not to Say","Married","Bachelor"
102361,"Male","Black or African American","No","No","Divorced","High School"
106547,"Male","White","No","No","Single","Bachelor"
104154,"Male","White","No","No","Single","Associate"
102624,"Male","White","No","No","Divorced","Master"
103481,"Male","Hispanic or Latino","No","No","Prefer Not to Say","Associate"
108093,"Female","Black or African American","No","No","Married","Master"
101578,"Female","Hispanic or Latino","No","No","Married","Associate"
106999,"Female","Hispanic or Latino","No","No","Divorced","Bachelor"
106155,"Male","Asian","No","No","Single","Associate"
102924,"Female","Asian","No","No","Single","Master"
109354,"Female","White","No","No","Married","Associate"
106523,"Female","White","No","No","Married","Bachelor"
108460,"Male","Asian","No","No","Married","Bachelor"
105243,"Male","Hispanic or Latino","No","No","Married","Bachelor"
100897,"Male","Black or African American","No","No","Single","High School"
107042,"Male","Asian","No","No","Married","Bachelor"
100628,"Male","Two or More Races","No","No","Divorced","Doctorate"
105823,"Female","Hispanic or Latino","No","No","Married","Bachelor"
109642,"Male","Two or More Races","No","No","Single","Bachelor"
109039,"Male","White","No","No","Married","Bachelor"
107185,"Male","White","No","No","Single","Bachelor"
106903,"Female","Asian","No","No","Married","Master"
100921,"Female","Hispanic or Latino","No","No","Single","High School"
101634,"Female","Hispanic or Latino","No","No","Married","Doctorate"
102078,"Female","Black or African American","No","No","Divorced","Doctorate"
108515,"Male","Hispanic or Latino","Prefer Not to Say","No","Prefer Not to Say","Master"
107977,"Female","Hispanic or Latino","No","No","Married","Bachelor"
101926,"Female","Prefer Not to Say","No","Prefer Not to Say","Married","Master"
106414,"Male","White","No","No","Married","Associate"
100992,"Male","Black or African American","Prefer Not to Say","No","Married","Bachelor"
100372,"Female","Black or African American","No","No","Single","Master"
101441,"Female","American Indian or Alaska Native","No","No","Married","Master"
100659,"Male","White","No","Prefer Not to Say","Prefer Not to Say","Doctorate"
108802,"Male","Hispanic or Latino","No","No","Married","Associate"
105373,"Male","Hispanic or Latino","No","No","Married","Bachelor"
108064,"Female","Black or African American","No","No","Prefer Not to Say","Associate"
107292,"Female","Prefer Not to Say","No","No","Single","Associate"
103007,"Male","White","No","No","Single","High School"
100798,"Male","Hispanic or Latino","No","No","Divorced","High School"
105381,"Female","Black or African American","Yes","No","Married","Master"
104052,"Female","White","No","No","Divorced","Bachelor"
100304,"Female","White","No","No","Single","Bachelor"
101572,"Female","Black or African American","No","Prefer Not to Say","Married","Master"
106075,"Female","White","No","No","Married","Associate"
107734,"Male","Black or African American","No","No","Divorced","Associate"
104261,"Male","Asian","No","No","Married","Bachelor"
103510,"Female","Black or African American","No","No","Prefer Not to Say","Associate"
102997,"Male","Black or African American","No","No","Married","Bachelor"
103284,"Male","Asian","No","No","Married","Master"
108316,"Female","Black or African American","No","Prefer Not to Say","Married","Bachelor"
108735,"Male","Asian","No","Prefer Not to Say","Single","Bachelor"
101429,"Male","White","Yes","No","Married","Bachelor"
103561,"Female","Asian","Prefer Not to Say","No","Married","High School"
104113,"Male","White","No","No","Single","Associate"
105626,"Female","Asian","No","No","Divorced","High School"
102236,"Male","Asian","No","No","Married","Bachelor"
101683,"Male","Asian","No","No","Divorced","Associate"
106021,"Male","Asian","No","No","Married","Master"
105707,"Female","Native Hawaiian or Pacific Islander","No","No","Married","Associate"
102616,"Female","White","No","No","Married","Associate"
107828,"Female","Prefer Not to Say","No","Prefer Not to Say","Single","Bachelor"
107586,"Female","Hispanic or Latino","No","No","Single","Bachelor"
102036,"Female","Asian","No","No","Married","Master"
104643,"Male","Two or More Races","No","No","Married","Master"
102156,"Female","Native Hawaiian or Pacific Islander","No","No","Married","Associate"
103461,"Female","Two or More Races","No","No","Single","High School"
108520,"Female","Prefer Not to Say","No","No","Single","Associate"
102627,"Female","Hispanic or Latino","Prefer Not to Say","No","Married","Associate"
103473,"Female","White","No","No","Married","High School"
103511,"Female","Black or African American","No","Prefer Not to Say","Married","Master"
103118,"Male","Two or More Races","No","No","Single","High School"
106603,"Female","White","No","No","Divorced","High School"
105248,"Male","Hispanic or Latino","No","No","Married","Bachelor"
109301,"Female","Hispanic or Latino","No","No","Married","Master"
109484,"Male","Black or African American","Prefer Not to Say","No","Single","Master"
109938,"Female","Hispanic or Latino","No","No","Single","Associate"
108833,"Female","White","No","No","Single","Bachelor"
106169,"Female","Asian","No","No","Married","High School"
105815,"Male","White","No","No","Single","Bachelor"
103237,"Male","Black or African American","No","No","Single","High School"
106410,"Male","Hispanic or Latino","No","No","Married","Bachelor"
100140,"Male","White","Yes","No","Married","Master"
106809,"Female","Asian","Yes","Prefer Not to Say","Married","High School"
107049,"Female","Asian","No","No","Single","High School"
107842,"Male","White","No","No","Prefer Not to Say","Master"
101623,"Male","Black or African American","No","No","Married","Bachelor"
106712,"Male","Asian","No","No","Married","Master"
107209,"Male","Hispanic or Latino","No","No","Married","Bachelor"
107810,"Male","White","No","No","Married","Bachelor"
104015,"Male","White","No","No","Single","Bachelor"
108775,"Female","Hispanic or Latino","No","No","Single","Bachelor"
108600,"Male","White","No","No","Divorced","Associate"
101338,"Female","Asian","No","No","Married","Master"
104423,"Male","Black or African American","No","No","Prefer Not to Say","High School"
109713,"Female","Asian","No","No","Single","Bachelor"
106511,"Male","Hispanic or Latino","Yes","Yes","Single","Master"
102175,"Female","Hispanic or Latino","No","No","Married","Bachelor"
108231,"Female","Hispanic or Latino","No","No","Married","Doctorate"
101097,"Male","Asian","No","No","Prefer Not to Say","High School"
100442,"Male","White","No","No","Married","High School"
101839,"Female","Black or African American","No","No","Single","Master"
104315,"Female","Prefer Not to Say","No","No","Married","Bachelor"
104252,"Male","White","No","No","Married","Bachelor"
100352,"Female","Asian","No","No","Prefer Not to Say","Bachelor"
107063,"Male","Asian","No","No","Married","Doctorate"
103474,"Female","White","Yes","No","Single","Master"
101348,"Male","Black or African American","No","No","Married","Bachelor"
102651,"Female","Native Hawaiian or Pacific Islander","No","Yes","Married","Bachelor"
104688,"Female","White","No","No","Married","Associate"
109337,"Male","Two or More Races","No","No","Divorced","Master"
101986,"Male","Black or African American","No","No","Single","Bachelor"
104532,"Female","Black or African American","Yes","No","Single","Doctorate"
109244,"Female","White","No","No","Single","Bachelor"
109972,"Female","Hispanic or Latino","No","No","Married","Doctorate"
107999,"Male","Asian","No","No","Married","Bachelor"
101162,"Female","White","No","Prefer Not to Say","Married","Master"
104411,"Male","Prefer Not to Say","No","No","Single","High School"
102109,"Male","Prefer Not to Say","No","No","Married","Associate"
100663,"Male","Black or African American","Prefer Not to Say","No","Single","Bachelor"
105146,"Female","American Indian or Alaska Native","No","No","Single","Master"
106957,"Female","White","No","No","Single","Master"
104745,"Non-Binary","White","No","No","Married","Bachelor"
104763,"Male","Asian","No","No","Single","Associate"
109167,"Female","American Indian or Alaska Native","No","Yes","Married","Bachelor"
109208,"Non-Binary","Asian","No","No","Married","Bachelor"
102395,"Female","White","No","No","Divorced","Bachelor"
108918,"Female","White","Prefer Not to Say","No","Prefer Not to Say","Bachelor"
100476,"Female","White","No","No","Divorced","Master"
104306,"Female","Asian","No","No","Married","Bachelor"
101366,"Male","Black or African American","No","Yes","Single","Bachelor"
107480,"Male","White","No","No","Married","Bachelor"
106630,"Male","Hispanic or Latino","No","No","Married","High School"
102378,"Non-Binary","White","Prefer Not to Say","No","Single","Bachelor"
106295,"Male","Black or African American","No","Yes","Single","Bachelor"
108860,"Male","Prefer Not to Say","No","No","Single","Bachelor"
102821,"Female","White","No","No","Single","Master"
104969,"Male","Asian","No","No","Prefer Not to Say","Associate"
109719,"Male","Asian","No","No","Married","Bachelor"
104172,"Female","Asian","No","No","Married","Associate"
108089,"Female","Two or More Races","No","No","Married","Bachelor"
101971,"Male","Two or More Races","No","No","Single","Associate"
100411,"Male","Asian","No","No","Married","Master"
100971,"Male","Hispanic or Latino","No","No","Married","High School"
103709,"Male","Black or African American","No","No","Married","Associate"
100533,"Female","Black or African American","No","No","Prefer Not to Say","Bachelor"
103358,"Male","Black or African American","No","No","Single","Associate"
109132,"Female","Hispanic or Latino","Yes","No","Single","Master"
101155,"Female","White","No","Prefer Not to Say","Married","Doctorate"
104078,"Female","Hispanic or Latino","No","No","Single","High School"
106961,"Female","Hispanic or Latino","No","No","Single","Bachelor"
105348,"Male","White","No","No","Prefer Not to Say","Bachelor"
100239,"Male","White","No","No","Married","Bachelor"
106672,"Female","Hispanic or Latino","No","No","Single","High School"
103582,"Female","Hispanic or Latino","No","Yes","Prefer Not to Say","Master"
109231,"Male","Hispanic or Latino","No","No","Married","Master"
104427,"Male","Hispanic or Latino","No","No","Married","Associate"
106225,"Female","Prefer Not to Say","No","No","Married","High School"
100656,"Male","Black or African American","No","No","Married","High School"
101537,"Female","Black or African American","Yes","No","Prefer Not to Say","Associate"
108935,"Female","Asian","No","Yes","Married","Bachelor"
100441,"Male","Two or More Races","No","No","Prefer Not to Say","Bachelor"
107611,"Female","White","No","No","Married","Bachelor"
101388,"Female","Asian","No","No","Married","Associate"
104753,"Female","Hispanic or Latino","No","Yes","Married","Bachelor"
108933,"Male","Asian","No","No","Single","Bachelor"
104916,"Female","White","No","No","Single","High School"
109345,"Female","White","Yes","No","Divorced","Bachelor"
105116,"Female","Black or African American","No","Yes","Prefer Not to Say","Bachelor"
108705,"Male","White","No","No","Married","Associate"
104860,"Female","Black or African American","No","No","Divorced","Master"
100113,"Female","White","No","Yes","Prefer Not to Say","Master"
100385,"Female","White","No","No","Married","Bachelor"
104667,"Male","Black or African American","Prefer Not to Say","No","Single","Bachelor"
103744,"Female","White","No","No","Married","Associate"
105422,"Female","White","No","Prefer Not to Say","Divorced","Bachelor"
102719,"Female","Black or African American","No","No","Divorced","Bachelor"
108040,"Female","White","No","No","Single","Associate"
109635,"Male","Hispanic or Latino","No","No","Single","Bachelor"
108988,"Non-Binary","Asian","No","No","Married","Bachelor"
109117,"Female","Hispanic or Latino","No","No","Single","Master"
104194,"Male","Black or African American","No","No","Married","Bachelor"
103847,"Female","Hispanic or Latino","No","Prefer Not to Say","Married","High School"
109718,"Female","Hispanic or Latino","No","No","Married","Doctorate"
105691,"Male","Asian","No","Prefer Not to Say","Married","Master"
101825,"Female","Black or African American","No","Yes","Divorced","Bachelor"
108905,"Male","Black or African American","No","No","Divorced","High School"
102778,"Male","Asian","No","No","Divorced","High School"
103621,"Female","Hispanic or Latino","No","No","Married","Master"
107260,"Female","Black or African American","No","No","Single","Bachelor"
103430,"Male","White","No","No","Married","Associate"
102215,"Male","Hispanic or Latino","No","Yes","Married","Bachelor"
103856,"Female","Hispanic or Latino","No","No","Single","Associate"
106792,"Female","Asian","No","No","Single","Master"
106376,"Female","White","No","No","Married","Associate"
106597,"Female","Hispanic or Latino","No","No","Divorced","Bachelor"
108882,"Female","Black or African American","No","No","Married","Master"
100069,"Non-Binary","Black or African American","No","No","Married","Associate"
109784,"Female","White","No","No","Married","Bachelor"
103355,"Female","White","No","No","Married","Bachelor"
107958,"Male","Asian","No","No","Single","Associate"
107222,"Male","White","No","No","Married","Master"
100265,"Male","Hispanic or Latino","No","No","Married","Bachelor"
102404,"Male","Black or African American","No","No","Prefer Not to Say","Bachelor"
106286,"Male","White","No","Prefer Not to Say","Married","Bachelor"
102201,"Male","Black or African American","No","No","Single","Master"
100979,"Female","White","No","No","Married","Bachelor"
105003,"Male","Two or More Races","No","No","Single","Master"
100558,"Female","Hispanic or Latino","No","No","Married","Master"
106625,"Male","Black or African American","No","No","Married","Associate"
107330,"Male","Black or African American","No","No","Single","Bachelor"
103721,"Female","Hispanic or Latino","No","Yes","Divorced","Master"
100702,"Male","Prefer Not to Say","No","No","Single","Doctorate"
101513,"Female","White","No","No","Single","Doctorate"
102415,"Male","Black or African American","No","No","Married","Associate"
107765,"Female","Asian","No","No","Single","Bachelor"
106649,"Female","Black or African American","Prefer Not to Say","Prefer Not to Say","Single","Doctorate"
108947,"Male","White","No","No","Single","Associate"
109372,"Male","White","No","No","Married","Bachelor"
105845,"Male","Hispanic or Latino","No","No","Single","Associate"
109249,"Male","Asian","No","No","Married","Master"
104397,"Female","White","No","No","Single","Master"
104097,"Male","Black or African American","No","No","Prefer Not to Say","Associate"
100694,"Female","White","No","No","Divorced","Bachelor"
108549,"Male","Black or African American","No","No","Married","Master"
104938,"Female","White","No","No","Single","Bachelor"
105795,"Male","White","No","No","Prefer Not to Say","Bachelor"
104868,"Male","White","No","No","Single","Bachelor"
109108,"Female","White","No","Prefer Not to Say","Divorced","Master"
106247,"Female","Hispanic or Latino","Yes","No","Single","Master"
109860,"Female","White","No","No","Single","Bachelor"
100867,"Female","Hispanic or Latino","No","No","Single","Bachelor"
105303,"Male","White","Yes","No","Single","Associate"
109154,"Female","White","No","Yes","Married","Bachelor"
102342,"Female","White","Prefer Not to Say","No","Married","High School"
104699,"Male","Hispanic or Latino","No","No","Divorced","Master"
109333,"Male","White","No","No","Single","Bachelor"
109640,"Male","Hispanic or Latino","No","Yes","Married","Bachelor"
104500,"Male","White","No","No","Divorced","High School"
104762,"Female","Prefer Not to Say","No","No","Married","Bachelor"
108985,"Male","White","No","No","Married","Bachelor"
109684,"Female","Prefer Not to Say","Yes","No","Single","Bachelor"
101078,"Male","Black or African American","No","Yes","Married","Associate"
104942,"Male","White","No","No","Single","High School"
108299,"Female","Hispanic or Latino","No","No","Married","Bachelor"
106810,"Female","White","No","No","Married","Doctorate"
102594,"Male","White","No","No","Married","Master"
108068,"Male","Hispanic or Latino","No","No","Married","High School"
104467,"Male","Asian","No","No","Married","Bachelor"
102123,"Female","Two or More Races","No","No","Single","Bachelor"
103075,"Female","Hispanic or Latino","No","No","Prefer Not to Say","Bachelor"
101662,"Male","Hispanic or Latino","No","No","Single","Master"
103349,"Female","White","No","No","Married","Associate"
104977,"Female","Asian","No","Prefer Not to Say","Single","Bachelor"
109614,"Female","Black or African American","No","No","Married","Bachelor"
109688,"Male","Asian","No","No","Married","Bachelor"
109872,"Female","White","No","No","Married","Master"
105068,"Female","Prefer Not to Say","No","No","Married","Bachelor"
105968,"Female","Asian","No","No","Married","Bachelor"
105114,"Female","Hispanic or Latino","No","No","Single","Doctorate"
103835,"Male","Black or African American","No","No","Divorced","Doctorate"
102189,"Female","Two or More Races","No","No","Single","High School"
100703,"Female","White","No","No","Married","Master"
102272,"Male","Asian","No","No","Married","Bachelor"
104267,"Female","Hispanic or Latino","No","No","Married","Master"
105689,"Male","Black or African American","No","No","Married","Master"
101198,"Male","White","No","No","Married","Master"
105949,"Female","White","No","Yes","Single","Master"
102295,"Male","Black or African American","Yes","No","Married","Bachelor"
104413,"Male","White","No","No","Married","Bachelor"
105061,"Male","Hispanic or Latino","Yes","No","Single","Bachelor"
107000,"Male","Asian","No","No","Single","Bachelor"
100958,"Female","Hispanic or Latino","No","No","Married","Master"
109714,"Male","White","No","No","Married","Master"
102107,"Female","Hispanic or Latino","No","No","Divorced","Bachelor"
101246,"Male","White","No","No","Divorced","Bachelor"
103139,"Female","Black or African American","No","Yes","Single","Master"
107059,"Male","Asian","No","No","Single","Master"
100052,"Female","Prefer Not to Say","No","Yes","Single","Bachelor"
108323,"Male","White","No","Prefer Not to Say","Prefer Not to Say","Bachelor"
103165,"Male","Black or African American","No","No","Single","Bachelor"
100632,"Male","White","Yes","No","Married","High School"
102688,"Male","Black or African American","No","No","Married","Bachelor"
107767,"Male","Hispanic or Latino","Yes","No","Married","Master"
104973,"Female","White","No","No","Single","Associate"
102038,"Male","Asian","No","No","Married","Bachelor"
108827,"Male","White","Yes","No","Married","High School"
106379,"Female","Asian","No","Prefer Not to Say","Married","Associate"
101606,"Female","White","Yes","No","Married","High School"
101721,"Male","Hispanic or Latino","No","No","Single","Bachelor"
102051,"Male","White","No","Yes","Married","Bachelor"
101285,"Female","Asian","No","No","Single","Bachelor"
107628,"Male","Black or African American","No","No","Single","Bachelor"
105215,"Male","White","Yes","No","Married","Bachelor"
103422,"Male","Prefer Not to Say","No","No","Single","Master"
106187,"Male","White","Yes","No","Single","Master"
107602,"Male","White","No","No","Married","Master"
100188,"Male","Black or African American","No","No","Divorced","Bachelor"
104224,"Female","Hispanic or Latino","No","Yes","Single","Associate"
106069,"Non-Binary","White","No","Yes","Divorced","High School"
107184,"Female","Prefer Not to Say","No","Yes","Single","Bachelor"
104197,"Female","Asian","Yes","No","Single","Bachelor"
108380,"Male","Hispanic or Latino","No","No","Single","Master"
105753,"Female","Hispanic or Latino","No","No","Married","Master"
100561,"Female","Hispanic or Latino","No","No","Single","Master"
100281,"Female","Black or African American","Yes","No","Divorced","Bachelor"
101204,"Male","Prefer Not to Say","No","No","Single","Bachelor"
102157,"Male","Hispanic or Latino","No","No","Single","Master"
106994,"Male","White","No","No","Married","Bachelor"
108201,"Male","White","No","No","Married","High School"
106644,"Male","White","No","No","Married","High School"
107922,"Female","Hispanic or Latino","No","No","Divorced","Bachelor"
104445,"Female","Hispanic or Latino","No","No","Married","Bachelor"
103626,"Female","White","No","No","Single","Bachelor"
108568,"Male","Asian","No","Yes","Married","Master"
102835,"Male","Hispanic or Latino","No","No","Married","High School"
100760,"Male","Asian","No","No","Divorced","High School"
106626,"Male","Black or African American","No","No","Single","High School"
101850,"Female","White","No","Prefer Not to Say","Single","High School"
100164,"Male","Prefer Not to Say","No","Prefer Not to Say","Married","High School"
101228,"Male","Asian","No","No","Married","Bachelor"
106890,"Female","Asian","No","No","Single","High School"
109863,"Female","Hispanic or Latino","No","No","Married","Master"
109836,"Male","Black or African American","No","No","Married","Bachelor"
108770,"Male","White","No","No","Married","Associate"
101488,"Female","American Indian or Alaska Native","No","No","Prefer Not to Say","High School"
108038,"Male","American Indian or Alaska Native","No","No","Married","Bachelor"
102734,"Male","Prefer Not to Say","No","No","Married","Bachelor"
109905,"Male","Hispanic or Latino","No","No","Single","Bachelor"
103725,"Male","Hispanic or Latino","No","No","Married","Bachelor"
103453,"Female","Asian","No","No","Married","Bachelor"
105932,"Male","Black or African American","Prefer Not to Say","No","Single","Bachelor"
105609,"Female","Black or African American","No","No","Single","Master"
100388,"Female","Black or African American","No","No","Single","Master"
106183,"Male","White","No","No","Married","Master"
106520,"Female","Two or More Races","No","Yes","Single","Master"
102326,"Female","Asian","No","No","Single","Bachelor"
100665,"Female","White","Prefer Not to Say","No","Married","Master"
100417,"Female","Asian","No","No","Prefer Not to Say","Doctorate"
107698,"Female","White","No","No","Single","Master"
105313,"Female","White","No","No","Single","High School"
108009,"Female","Hispanic or Latino","No","No","Single","Master"
100736,"Male","Hispanic or Latino","No","No","Single","Associate"
109219,"Female","White","No","No","Married","Master"
109637,"Female","White","No","No","Married","Bachelor"
108432,"Male","Hispanic or Latino","No","Yes","Single","Master"
100858,"Male","Hispanic or Latino","Yes","No","Married","Bachelor"
100460,"Female","Black or African American","No","No","Divorced","Bachelor"
107407,"Female","White","Yes","No","Single","Bachelor"
101918,"Female","Hispanic or Latino","No","No","Single","Master"
105754,"Female","Two or More Races","No","No","Single","Bachelor"
108119,"Male","White","Prefer Not to Say","No","Divorced","Bachelor"
104307,"Male","Hispanic or Latino","No","No","Single","Doctorate"
103072,"Male","White","No","No","Single","Bachelor"
103878,"Female","Hispanic or Latino","No","No","Married","Associate"
101038,"Male","White","No","No","Married","Master"
102945,"Male","Asian","No","No","Married","Associate"
107503,"Male","White","No","No","Divorced","High School"
100134,"Female","Hispanic or Latino","No","No","Married","Associate"
104830,"Female","Asian","No","No","Prefer Not to Say","Doctorate"
109732,"Female","Black or African American","No","No","Single","Master"
100602,"Female","Asian","No","No","Married","Bachelor"
108908,"Male","Two or More Races","No","No","Married","Master"
102186,"Male","Black or African American","No","No","Married","Master"
108808,"Female","Asian","Yes","No","Married","Bachelor"
105844,"Female","Prefer Not to Say","No","No","Single","Bachelor"
103917,"Male","Hispanic or Latino","No","No","Single","Bachelor"
100845,"Female","Prefer Not to Say","No","No","Prefer Not to Say","Master"
108858,"Male","Asian","No","No","Divorced","Bachelor"
107441,"Female","Prefer Not to Say","No","No","Single","Doctorate"
104492,"Female","White","Yes","No","Married","Master"
102393,"Male","Black or African American","Prefer Not to Say","No","Married","Master"
102492,"Female","Hispanic or Latino","No","No","Single","Associate"
105879,"Female","White","No","No","Single","Bachelor"
106490,"Female","White","No","No","Divorced","Master"
109423,"Female","Black or African American","No","No","Single","Bachelor"
103717,"Female","Black or African American","No","No","Married","Associate"
107027,"Male","White","No","No","Single","Master"
109777,"Male","Hispanic or Latino","No","No","Divorced","Master"
109135,"Female","White","No","No","Married","Master"
103443,"Male","Hispanic or Latino","No","No","Single","Master"
103457,"Male","Asian","No","No","Married","Bachelor"
109776,"Female","Prefer Not to Say","No","No","Divorced","High School"
103983,"Female","White","No","No","Married","Bachelor"
106137,"Female","Black or African American","No","No","Married","Bachelor"
108557,"Male","White","No","No","Married","Master"
105603,"Male","Black or African American","Prefer Not to Say","No","Single","Master"
108885,"Female","Hispanic or Latino","No","No","Married","Bachelor"
109474,"Female","White","No","No","Married","Bachelor"
102867,"Female","Black or African American","No","No","Single","Doctorate"
103470,"Male","Asian","No","Prefer Not to Say","Single","High School"
102681,"Female","White","No","No","Married","Bachelor"
106868,"Female","White","No","No","Married","Master"
109979,"Female","White","No","No","Single","Doctorate"
109560,"Female","Asian","No","No","Married","Bachelor"
106728,"Female","Hispanic or Latino","No","No","Divorced","Bachelor"
104551,"Male","Asian","No","No","Married","Associate"
102334,"Female","White","No","No","Single","Master"
103435,"Female","Two or More Races","No","No","Single","Master"
109125,"Male","Black or African American","No","No","Prefer Not to Say","Bachelor"
103814,"Male","Hispanic or Latino","No","No","Single","Bachelor"
101408,"Male","Black or African American","No","No","Married","Bachelor"
101841,"Female","White","No","No","Married","Bachelor"
100831,"Female","White","Yes","No","Married","Master"
100275,"Male","Two or More Races","No","No","Married","Bachelor"
108807,"Female","Hispanic or Latino","No","No","Single","High School"
105714,"Male","Hispanic or Latino","No","No","Single","Bachelor"
109653,"Female","Asian","No","No","Single","Bachelor"
102414,"Male","Black or African American","No","No","Single","Associate"
105184,"Female","Hispanic or Latino","No","No","Married","Bachelor"
104406,"Male","Asian","No","No","Married","Bachelor"
109810,"Female","Hispanic or Latino","No","No","Single","Bachelor"
103535,"Female","Hispanic or Latino","No","No","Married","Bachelor"
102259,"Male","White","No","No","Single","Associate"
102354,"Male","Asian","Yes","No","Single","Master"
100625,"Male","Asian","No","No","Married","Associate"
104149,"Male","Asian","No","No","Married","Master"
102869,"Female","Two or More Races","No","No","Single","Bachelor"
105812,"Male","White","No","No","Married","Master"
102898,"Male","Asian","No","No","Married","Associate"
105173,"Male","White","No","No","Prefer Not to Say","High School"
106498,"Female","Asian","Prefer Not to Say","No","Single","Bachelor"
107353,"Male","Asian","No","No","Single","Bachelor"
103915,"Male","Hispanic or Latino","Yes","No","Single","Master"
100567,"Male","Asian","No","No","Married","Bachelor"
106440,"Male","White","No","No","Married","Bachelor"
107573,"Non-Binary","Asian","No","No","Married","Bachelor"
100085,"Male","Asian","No","No","Single","High School"
104692,"Male","White","No","No","Single","Bachelor"
101980,"Male","Hispanic or Latino","Prefer Not to Say","No","Divorced","Bachelor"
102000,"Female","White","No","No","Single","Master"
102113,"Non-Binary","Hispanic or Latino","No","No","Married","High School"
104330,"Female","Black or African American","No","No","Single","Bachelor"
107400,"Female","Hispanic or Latino","No","No","Single","Master"
102152,"Male","White","No","Prefer Not to Say","Single","Master"
103035,"Female","White","No","Yes","Married","Bachelor"
101508,"Female","Black or African American","No","No","Married","Bachelor"
101928,"Female","Hispanic or Latino","No","No","Married","Master"
105421,"Male","White","No","No","Single","Doctorate"
102137,"Male","Asian","No","No","Single","Bachelor"
107550,"Male","Hispanic or Latino","No","Prefer Not to Say","Single","Bachelor"
102358,"Female","White","No","No","Married","Doctorate"
107752,"Male","Prefer Not to Say","No","No","Single","High School"
106899,"Female","Black or African American","No","No","Married","Master"
107416,"Male","White","No","No","Divorced","Bachelor"
106840,"Female","Asian","No","No","Single","Bachelor"
102391,"Female","White","No","No","Single","Bachelor"
100814,"Male","Asian","No","No","Single","Bachelor"
105726,"Female","Hispanic or Latino","No","No","Married","Bachelor"
104459,"Male","White","Yes","No","Married","High School"
105443,"Female","White","Yes","No","Married","Associate"
107475,"Female","White","No","No","Married","Master"
109242,"Non-Binary","Hispanic or Latino","No","No","Married","Bachelor"
105534,"Female","Prefer Not to Say","No","No","Married","Master"
101567,"Non-Binary","Black or African American","No","No","Married","High School"
100400,"Female","Asian","No","No","Single","Bachelor"
100682,"Male","Asian","Prefer Not to Say","No","Married","Bachelor"
108652,"Male","White","Yes","No","Divorced","Master"
100470,"Male","Prefer Not to Say","No","No","Married","Bachelor"
104804,"Male","Asian","No","No","Single","Master"
105804,"Female","Black or African American","No","No","Married","Bachelor"
101110,"Male","White","No","No","Single","Associate"
102364,"Female","Hispanic or Latino","No","No","Married","Bachelor"
107086,"Female","Prefer Not to Say","No","No","Single","High School"
109417,"Male","Hispanic or Latino","No","No","Married","Bachelor"
101350,"Male","Black or African American","No","Prefer Not to Say","Prefer Not to Say","Associate"
105271,"Male","Asian","Yes","No","Single","Bachelor"
102646,"Female","Prefer Not to Say","Yes","No","Married","Master"
108291,"Male","Prefer Not to Say","No","No","Married","Bachelor"
109204,"Female","Two or More Races","No","Prefer Not to Say","Married","Associate"
107966,"Male","Asian","No","No","Married","Associate"
102948,"Female","White","No","No","Married","Bachelor"
103472,"Female","Asian","Prefer Not to Say","Yes","Prefer Not to Say","Master"
107035,"Male","Asian","No","Yes","Married","Master"
101912,"Female","Hispanic or Latino","No","No","Married","High School"
105996,"Male","Hispanic or Latino","No","No","Married","Bachelor"
106530,"Male","White","No","No","Married","High School"
105275,"Female","White","No","No","Married","Bachelor"
109524,"Male","Hispanic or Latino","No","No","Married","Bachelor"
108813,"Male","White","No","No","Married","Master"
105646,"Male","Asian","No","No","Married","Bachelor"
102139,"Male","Prefer Not to Say","No","No","Single","High School"
101827,"Male","Hispanic or Latino","No","No","Married","High School"
107083,"Male","White","No","No","Divorced","Bachelor"
107492,"Male","Black or African American","Prefer Not to Say","No","Married","Bachelor"
102697,"Female","Hispanic or Latino","No","Yes","Divorced","Associate"
101763,"Female","White","No","No","Married","Master"
108076,"Male","Hispanic or Latino","No","No","Married","Bachelor"
107204,"Male","Black or African American","No","No","Single","Bachelor"
102586,"Female","Hispanic or Latino","No","No","Single","Master"
102905,"Male","White","No","Prefer Not to Say","Single","High School"
109722,"Male","Asian","No","No","Married","Associate"
103662,"Non-Binary","Hispanic or Latino","No","No","Married","Bachelor"
106201,"Male","Hispanic or Latino","No","No","Single","Associate"
108726,"Female","Hispanic or Latino","No","No","Married","High School"
108392,"Female","Hispanic or Latino","No","No","Single","Bachelor"
107057,"Female","Asian","No","No","Single","Master"
105548,"Female","Black or African American","No","Yes","Married","Bachelor"
106505,"Male","Hispanic or Latino","No","No","Married","Associate"
102672,"Female","Hispanic or Latino","No","No","Divorced","Bachelor"
106864,"Male","White","No","No","Single","High School"
100685,"Female","Hispanic or Latino","No","No","Married","Doctorate"
105841,"Female","White","Yes","No","Married","High School"
108473,"Male","White","No","No","Married","Associate"
108559,"Female","Hispanic or Latino","Prefer Not to Say","No","Single","Bachelor"
107180,"Female","Black or African American","Prefer Not to Say","No","Prefer Not to Say","Bachelor"
107610,"Male","Asian","No","No","Single","High School"
103458,"Male","Black or African American","No","No","Married","Bachelor"
106969,"Male","Prefer Not to Say","No","No","Married","Bachelor"
107186,"Male","Hispanic or Latino","No","Prefer Not to Say","Single","Master"
100116,"Female","White","No","No","Single","Master"
105708,"Male","White","No","No","Single","Master"
105750,"Female","White","No","No","Prefer Not to Say","Associate"
105582,"Female","White","No","Prefer Not to Say","Married","Master"
101202,"Male","Asian","No","No","Single","Bachelor"
102289,"Male","Black or African American","No","No","Divorced","Bachelor"
107709,"Female","White","No","No","Married","Master"
104292,"Female","Hispanic or Latino","No","No","Single","Master"
105416,"Female","Asian","No","No","Single","Master"
103216,"Non-Binary","White","No","No","Single","Bachelor"
103609,"Female","Asian","No","No","Married","Bachelor"
107952,"Male","Asian","No","No","Married","Bachelor"
100331,"Male","White","Prefer Not to Say","No","Married","Bachelor"
102768,"Male","Black or African American","No","No","Single","Bachelor"
106752,"Male","Black or African American","No","No","Single","Doctorate"
103380,"Male","Hispanic or Latino","Yes","Prefer Not to Say","Married","Bachelor"
109105,"Male","White","No","No","Divorced","Master"
100699,"Female","White","Yes","No","Married","Master"
101901,"Female","Black or African American","Yes","Yes","Single","High School"
108541,"Female","Hispanic or Latino","No","No","Divorced","Bachelor"
103891,"Male","Black or African American","Prefer Not to Say","No","Married","High School"
105583,"Female","Two or More Races","Yes","No","Single","Master"
109632,"Female","White","No","No","Single","Bachelor"
108761,"Male","Two or More Races","No","No","Married","Associate"
103502,"Female","Asian","No","No","Single","Bachelor"
106724,"Female","Prefer Not to Say","No","No","Married","Master"
101566,"Male","White","No","No","Married","Master"
103816,"Male","Two or More Races","No","No","Married","Master"
109967,"Female","Black or African American","No","No","Prefer Not to Say","Master"
103342,"Male","Hispanic or Latino","No","No","Married","Bachelor"
101343,"Male","Hispanic or Latino","No","No","Married","Bachelor"
104295,"Female","Black or African American","No","No","Married","Doctorate"
107552,"Female","White","No","Prefer Not to Say","Married","Master"
109503,"Female","White","Yes","No","Married","Associate"
103016,"Female","White","No","No","Married","Associate"
104170,"Male","White","No","No","Married","High School"
105064,"Male","White","No","No","Married","Master"
103232,"Non-Binary","Black or African American","Prefer Not to Say","No","Divorced","Doctorate"
103471,"Female","Black or African American","No","No","Married","Bachelor"
105945,"Male","Black or African American","No","No","Prefer Not to Say","Associate"
100916,"Female","White","No","No","Married","Bachelor"
109288,"Male","Black or African American","No","No","Single","Doctorate"
102546,"Male","White","No","No","Married","High School"
102975,"Male","Black or African American","No","No","Married","Bachelor"
103383,"Male","Hispanic or Latino","No","No","Single","Bachelor"
105047,"Female","White","No","No","Married","Bachelor"
105674,"Female","Hispanic or Latino","No","No","Single","Associate"
108646,"Non-Binary","Hispanic or Latino","No","No","Single","High School"
100436,"Female","White","No","No","Single","High School"
107509,"Male","Black or African American","No","No","Married","Master"
108123,"Male","Black or African American","Prefer Not to Say","No","Single","Associate"
103812,"Female","Black or African American","No","No","Married","Master"
105732,"Male","White","No","No","Single","Associate"
102188,"Male","White","No","No","Single","Bachelor"
100806,"Male","Hispanic or Latino","No","No","Married","High School"
100014,"Female","Hispanic or Latino","No","Yes","Single","Doctorate"
106691,"Female","Hispanic or Latino","No","No","Single","Master"
102381,"Female","Black or African American","No","No","Divorced","High School"
107505,"Male","Hispanic or Latino","No","Prefer Not to Say","Divorced","Bachelor"
105820,"Female","Asian","No","No","Single","Bachelor"
106358,"Female","Hispanic or Latino","No","Prefer Not to Say","Married","Bachelor"
103623,"Male","Asian","No","No","Prefer Not to Say","Bachelor"
100041,"Male","White","No","No","Single","High School"
104841,"Male","Asian","No","Yes","Married","Bachelor"
107403,"Female","Hispanic or Latino","No","No","Married","High School"
102937,"Female","Black or African American","Yes","No","Married","Bachelor"
101396,"Female","Hispanic or Latino","No","No","Divorced","High School"
105933,"Female","Hispanic or Latino","Yes","No","Married","Bachelor"
108071,"Female","White","No","No","Married","Bachelor"
102668,"Female","Black or African American","No","No","Single","Doctorate"
102974,"Male","White","No","No","Single","Master"
105000,"Female","Hispanic or Latino","No","No","Married","Bachelor"
102677,"Female","Asian","No","No","Single","High School"
100312,"Female","Asian","No","No","Single","High School"
105837,"Female","White","No","No","Married","Associate"
108019,"Male","American Indian or Alaska Native","No","No","Single","Bachelor"
102749,"Non-Binary","White","No","No","Married","Master"
108242,"Female","White","No","No","Married","Bachelor"
105456,"Male","White","No","No","Married","Bachelor"
109886,"Female","White","No","No","Married","Associate"
109704,"Female","Asian","No","No","Single","Master"
108096,"Female","Hispanic or Latino","No","Yes","Single","Bachelor"
100996,"Male","White","No","Yes","Single","Master"
101854,"Male","Asian","No","No","Divorced","Master"
108191,"Male","Black or African American","No","No","Single","Master"
102588,"Female","Asian","No","No","Single","Bachelor"
101671,"Male","White","No","No","Single","Associate"
107107,"Female","White","Prefer Not to Say","No","Single","Associate"
107168,"Female","Asian","No","No","Married","Bachelor"
107011,"Male","Two or More Races","No","No","Single","Master"
106257,"Male","Prefer Not to Say","No","No","Married","Bachelor"
104232,"Female","Two or More Races","No","Yes","Married","Bachelor"
103741,"Female","Asian","No","No","Single","Master"
103809,"Female","White","No","No","Married","Bachelor"
109293,"Male","Black or African American","No","No","Single","High School"
108585,"Female","Prefer Not to Say","No","Prefer Not to Say","Married","High School"
103207,"Male","Hispanic or Latino","No","No","Single","Bachelor"
103144,"Male","Hispanic or Latino","Prefer Not to Say","No","Single","Associate"
106496,"Male","Black or African American","No","No","Prefer Not to Say","Bachelor"
108313,"Female","Black or African American","No","No","Married","Bachelor"
107205,"Male","Asian","No","No","Single","Associate"
101705,"Female","Hispanic or Latino","Prefer Not to Say","No","Single","Doctorate"
102293,"Male","Hispanic or Latino","No","No","Married","Bachelor"
102371,"Female","American Indian or Alaska Native","Yes","No","Single","Doctorate"
106161,"Female","Asian","No","No","Single","Bachelor"
101872,"Female","White","No","No","Married","Master"
102550,"Female","Prefer Not to Say","No","Prefer Not to Say","Single","Bachelor"
101563,"Male","Hispanic or Latino","No","Yes","Single","Master"
104854,"Female","Hispanic or Latino","No","Yes","Married","Associate"
108779,"Female","Two or More Races","Yes","No","Single","Bachelor"
103161,"Male","Two or More Races","No","No","Single","High School"
107758,"Male","White","No","No","Married","Bachelor"
105878,"Female","White","No","Prefer Not to Say","Married","High School"
105191,"Female","Two or More Races","No","No","Married","Bachelor"
104054,"Male","Black or African American","No","No","Single","High School"
101976,"Male","White","No","No","Married","Master"
102081,"Male","Asian","No","No","Divorced","Bachelor"
104429,"Male","Prefer Not to Say","Yes","No","Married","Bachelor"
107005,"Male","American Indian or Alaska Native","Yes","No","Married","Bachelor"
104151,"Female","Hispanic or Latino","No","No","Single","Bachelor"
108710,"Male","Hispanic or Latino","No","No","Married","High School"
104439,"Female","Hispanic or Latino","No","No","Single","Master"
103576,"Female","Asian","No","No","Married","Doctorate"
101079,"Male","Black or African American","No","Prefer Not to Say","Prefer Not to Say","High School"
102547,"Female","Two or More Races","No","No","Married","Master"
101560,"Female","White","No","No","Married","Bachelor"
100669,"Male","Hispanic or Latino","No","Prefer Not to Say","Divorced","Bachelor"
104159,"Female","Hispanic or Latino","No","No","Married","Master"
103482,"Male","Asian","No","No","Prefer Not to Say","Associate"
105778,"Male","Black or African American","No","Prefer Not to Say","Married","Master"
107154,"Female","White","No","No","Married","High School"
100548,"Female","White","No","No","Married","High School"
103314,"Female","White","No","No","Married","Doctorate"
103765,"Female","Hispanic or Latino","Prefer Not to Say","No","Married","Associate"
102781,"Female","Hispanic or Latino","No","No","Single","Master"
102114,"Female","Black or African American","Yes","No","Divorced","Master"
104143,"Male","White","Prefer Not to Say","No","Single","High School"
105721,"Male","Hispanic or Latino","No","No","Single","Bachelor"
107620,"Female","Hispanic or Latino","No","No","Divorced","High School"
108956,"Male","Black or African American","No","Prefer Not to Say","Single","Bachelor"
102304,"Male","Asian","No","No","Married","High School"
102043,"Female","Asian","No","No","Married","Master"
100530,"Female","Prefer Not to Say","Prefer Not to Say","No","Single","Bachelor"
103868,"Female","Prefer Not to Say","Yes","No","Single","Bachelor"
103004,"Male","Hispanic or Latino","No","No","Divorced","Associate"
105435,"Male","Hispanic or Latino","No","No","Married","Bachelor"
104949,"Male","Black or African American","No","No","Single","Bachelor"
101305,"Female","Asian","No","No","Single","Master"
109433,"Female","White","No","No","Married","Bachelor"
105756,"Female","White","No","No","Single","High School"
106460,"Male","White","No","No","Single","Associate"
103971,"Female","Hispanic or Latino","No","No","Divorced","Bachelor"
101748,"Male","Black or African American","No","No","Married","Associate"
104123,"Female","Hispanic or Latino","No","No","Married","Associate"
104755,"Female","White","No","No","Married","High School"
105226,"Male","White","No","No","Divorced","Master"
106580,"Male","Hispanic or Latino","No","No","Single","Master"
103772,"Male","Hispanic or Latino","No","No","Single","Master"
104239,"Male","White","No","No","Married","Bachelor"
102578,"Female","Prefer Not to Say","No","No","Married","Associate"
108816,"Female","Hispanic or Latino","No","No","Single","Associate"
103652,"Male","Hispanic or Latino","No","No","Single","Associate"
105570,"Male","White","No","Prefer Not to Say","Single","Master"
100218,"Male","White","No","No","Single","Doctorate"
104430,"Female","Black or African American","No","No","Married","Master"
105377,"Male","Hispanic or Latino","No","No","Married","Bachelor"
105105,"Female","Black or African American","No","No","Married","Bachelor"
104209,"Female","Black or African American","No","Prefer Not to Say","Single","High School"
109990,"Female","Prefer Not to Say","No","No","Single","Associate"
106945,"Male","Two or More Races","No","No","Married","Associate"
108878,"Male","Asian","No","No","Married","Bachelor"
106132,"Male","Black or African American","No","No","Married","Associate"
109257,"Female","Hispanic or Latino","No","No","Married","Master"
102524,"Female","Black or African American","No","No","Divorced","Master"
105404,"Female","Two or More Races","No","No","Divorced","Master"
107727,"Male","Hispanic or Latino","No","No","Single","Associate"
103938,"Female","White","No","No","Married","Bachelor"
102729,"Female","White","No","No","Single","High School"
103675,"Female","Two or More Races","No","No","Married","Bachelor"
100457,"Female","White","No","No","Divorced","Bachelor"
101987,"Male","Hispanic or Latino","No","No","Single","High School"
104177,"Male","White","No","No","Married","Bachelor"
107225,"Male","Hispanic or Latino","No","No","Prefer Not to Say","Bachelor"
103723,"Male","Black or African American","No","No","Divorced","Associate"
104749,"Male","Asian","No","No","Married","Associate"
102213,"Female","White","No","No","Divorced","Master"
106020,"Female","Black or African American","No","No","Married","Doctorate"
104067,"Female","Black or African American","No","No","Divorced","Master"
109806,"Female","Asian","No","No","Single","Bachelor"
105980,"Male","Hispanic or Latino","No","No","Single","Master"
102856,"Male","Asian","No","No","Single","Master"
106538,"Female","Asian","No","No","Married","Bachelor"
105153,"Female","White","No","No","Single","Associate"
104272,"Male","White","No","Yes","Married","Master"
101542,"Male","Black or African American","No","No","Married","Master"
102981,"Male","White","No","No","Divorced","Associate"
109937,"Male","Asian","No","Prefer Not to Say","Single","Associate"
106392,"Female","Black or African American","No","No","Married","Associate"
107316,"Male","Two or More Races","No","No","Married","Doctorate"
109622,"Female","White","Yes","No","Married","Bachelor"
100812,"Female","Hispanic or Latino","No","No","Prefer Not to Say","High School"
102386,"Male","White","Yes","No","Single","Bachelor"
103339,"Female","Asian","No","No","Single","Master"
106396,"Male","White","No","Prefer Not to Say","Single","Master"
104206,"Female","Hispanic or Latino","No","No","Single","Master"
107299,"Female","White","No","No","Prefer Not to Say","Master"
104319,"Female","Asian","No","No","Married","Bachelor"
101941,"Female","White","Prefer Not to Say","No","Prefer Not to Say","Bachelor"
109109,"Female","Native Hawaiian or Pacific Islander","No","No","Married","Bachelor"
101457,"Female","Black or African American","No","No","Married","High School"
104199,"Female","Black or African American","No","No","Married","Bachelor"
106300,"Female","White","No","No","Divorced","Associate"
106669,"Male","White","Yes","No","Prefer Not to Say","High School"
106681,"Female","White","Prefer Not to Say","No","Married","Master"
100664,"Female","Black or African American","Prefer Not to Say","No","Single","Associate"
107817,"Male","Black or African American","No","No","Single","Master"
107848,"Female","Asian","No","No","Divorced","Bachelor"
108133,"Female","White","No","No","Single","Bachelor"
101717,"Female","Asian","Yes","No","Prefer Not to Say","Master"
103209,"Female","Hispanic or Latino","No","No","Divorced","Bachelor"
104504,"Male","Prefer Not to Say","No","No","Married","High School"
104839,"Male","White","No","No","Single","High School"
105542,"Male","Hispanic or Latino","Yes","No","Married","Associate"
102858,"Male","Two or More Races","No","No","Single","High School"
100869,"Female","Two or More Races","No","No","Single","Bachelor"
106204,"Female","Hispanic or Latino","No","No","Married","Associate"
104305,"Male","Asian","Prefer Not to Say","No","Divorced","Master"
108711,"Female","Prefer Not to Say","No","Yes","Single","Doctorate"
108889,"Female","Two or More Races","No","No","Married","Bachelor"
102306,"Male","Asian","No","No","Single","Bachelor"
106322,"Male","American Indian or Alaska Native","No","No","Single","Associate"
101670,"Female","Black or African American","No","No","Single","Master"
102255,"Male","Asian","Prefer Not to Say","No","Divorced","Bachelor"
108385,"Female","Prefer Not to Say","No","No","Divorced","Bachelor"
104496,"Male","Asian","No","Yes","Prefer Not to Say","Associate"
109840,"Female","Hispanic or Latino","No","Yes","Single","Associate"
108376,"Female","White","No","No","Prefer Not to Say","High School"
106142,"Male","White","No","Yes","Married","Master"
102540,"Female","White","Yes","No","Divorced","Doctorate"
106989,"Male","Hispanic or Latino","No","No","Single","Bachelor"
103984,"Female","Hispanic or Latino","No","No","Single","Bachelor"
108681,"Female","Asian","Yes","No","Single","Doctorate"
107265,"Male","White","Yes","No","Single","High School"
101227,"Female","White","Prefer Not to Say","No","Single","Bachelor"
108013,"Female","Black or African American","No","No","Single","Bachelor"
109475,"Female","Asian","Prefer Not to Say","No","Single","Associate"
106981,"Male","White","No","No","Single","Bachelor"
104173,"Male","Hispanic or Latino","No","No","Married","Bachelor"
106565,"Female","Hispanic or Latino","No","No","Married","Bachelor"
107021,"Female","White","No","No","Married","Master"
106248,"Female","Asian","No","No","Single","Master"
109976,"Female","Asian","No","No","Married","Master"
107216,"Female","Black or African American","No","Yes","Single","Bachelor"
102232,"Male","Hispanic or Latino","No","No","Married","Master"
103368,"Female","White","No","No","Single","Bachelor"
109285,"Female","White","No","No","Single","Bachelor"
107715,"Female","Asian","No","No","Married","Bachelor"
109987,"Male","White","No","No","Single","Bachelor"
107793,"Female","Hispanic or Latino","No","No","Married","Master"
104581,"Male","Asian","No","No","Prefer Not to Say","High School"
106731,"Female","Hispanic or Latino","No","No","Single","Master"
102322,"Male","Hispanic or Latino","No","No","Single","Associate"
108872,"Male","American Indian or Alaska Native","Yes","No","Married","Bachelor"
104241,"Female","Hispanic or Latino","No","No","Married","Bachelor"
102545,"Male","Hispanic or Latino","No","No","Married","Associate"
106847,"Male","White","No","No","Single","High School"
104059,"Female","Black or African American","No","No","Married","Associate"
107207,"Female","Asian","No","No","Single","Bachelor"
102915,"Male","White","No","No","Single","Master"
101081,"Female","Asian","No","No","Single","Doctorate"
104042,"Female","American Indian or Alaska Native","Prefer Not to Say","No","Single","Bachelor"
104821,"Male","Hispanic or Latino","No","No","Married","Associate"
105995,"Male","Hispanic or Latino","No","No","Married","Master"
103540,"Female","White","No","No","Married","Master"
102570,"Male","Two or More Races","No","No","Married","Associate"
105331,"Female","Black or African American","No","No","Married","Master"
106540,"Male","White","No","No","Married","Bachelor"
104449,"Female","Two or More Races","No","No","Single","High School"
108821,"Male","White","No","No","Single","Bachelor"
108379,"Female","Asian","No","No","Divorced","Bachelor"
101591,"Female","Black or African American","Yes","No","Married","High School"
107856,"Male","Hispanic or Latino","No","No","Prefer Not to Say","Bachelor"
104761,"Male","White","No","No","Prefer Not to Say","Bachelor"
102659,"Female","White","No","No","Single","Associate"
106126,"Female","White","No","No","Single","Bachelor"
104893,"Male","White","Yes","No","Married","Master"
108102,"Female","White","No","No","Divorced","Associate"
104352,"Female","Two or More Races","No","No","Married","Bachelor"
102198,"Male","Asian","No","No","Married","High School"
104103,"Female","Hispanic or Latino","No","No","Married","Associate"
100203,"Female","Asian","Yes","No","Single","Bachelor"
108546,"Female","Black or African American","No","No","Single","Bachelor"
100208,"Male","White","No","No","Single","High School"
108682,"Female","Hispanic or Latino","No","No","Single","Associate"
105221,"Female","Asian","No","No","Married","Master"
102606,"Male","White","No","No","Married","Bachelor"
100050,"Female","Black or African American","Prefer Not to Say","No","Divorced","Bachelor"
100975,"Female","Asian","No","No","Married","High School"
105892,"Male","White","No","No","Married","Associate"
101394,"Male","Black or African American","No","No","Single","High School"
104538,"Male","Asian","No","No","Single","Bachelor"
107179,"Male","Prefer Not to Say","No","No","Married","Bachelor"
105214,"Male","Black or African American","No","No","Married","Bachelor"
102872,"Male","Asian","No","No","Single","Bachelor"
101527,"Male","White","No","No","Single","Master"
103583,"Male","Asian","No","No","Prefer Not to Say","Master"
103073,"Female","White","No","No","Married","High School"
103550,"Female","Hispanic or Latino","Prefer Not to Say","No","Single","Bachelor"
104886,"Male","White","No","No","Divorced","Bachelor"
103786,"Male","White","No","No","Single","Associate"
101453,"Female","White","No","No","Married","Bachelor"
104934,"Male","White","No","No","Single","Master"
107684,"Female","Black or African American","Yes","No","Prefer Not to Say","Bachelor"
109243,"Female","Asian","Prefer Not to Say","Prefer Not to Say","Single","Bachelor"
102291,"Male","Asian","No","No","Married","Bachelor"
106422,"Male","White","No","No","Prefer Not to Say","Master"
109963,"Female","White","No","Yes","Single","High School"
106918,"Male","White","No","No","Married","Doctorate"
109148,"Male","Two or More Races","No","No","Married","High School"
106294,"Female","White","No","No","Married","Associate"
108526,"Male","Hispanic or Latino","No","No","Divorced","Bachelor"
104783,"Male","Prefer Not to Say","Prefer Not to Say","No","Married","Bachelor"
100649,"Female","Hispanic or Latino","No","No","Divorced","Bachelor"
103249,"Male","White","Prefer Not to Say","No","Married","High School"
108703,"Female","White","No","No","Married","Master"
106553,"Male","Black or African American","No","No","Married","Bachelor"
100473,"Female","White","No","No","Married","Bachelor"
105580,"Female","Hispanic or Latino","No","No","Single","Bachelor"
108322,"Male","Black or African American","No","No","Single","Master"
103030,"Female","Hispanic or Latino","No","No","Single","Master"
107912,"Male","White","No","No","Single","Master"
107827,"Female","Black or African American","No","No","Single","Bachelor"
107443,"Female","White","Yes","No","Married","Master"
106719,"Female","White","No","No","Married","Bachelor"
106048,"Male","Two or More Races","No","No","Married","Bachelor"
100557,"Male","Asian","No","No","Single","Bachelor"
100125,"Male","White","Prefer Not to Say","No","Married","Bachelor"
102427,"Male","Black or African American","No","No","Married","Bachelor"
106937,"Male","White","No","No","Divorced","Bachelor"
100690,"Female","White","No","No","Married","Master"
109256,"Female","White","No","No","Single","Bachelor"
102243,"Male","White","No","No","Married","Bachelor"
100242,"Female","White","No","No","Prefer Not to Say","Bachelor"
102629,"Female","White","No","No","Single","Master"
107085,"Male","Hispanic or Latino","No","No","Married","High School"
109399,"Male","White","No","No","Single","High School"
106377,"Female","Hispanic or Latino","No","No","Single","High School"
101460,"Non-Binary","Asian","No","No","Single","Associate"
108245,"Non-Binary","Asian","No","No","Married","Bachelor"
103671,"Female","Two or More Races","No","No","Married","High School"
109369,"Male","Hispanic or Latino","No","No","Divorced","Master"
103914,"Male","White","No","No","Single","Master"
102765,"Male","Hispanic or Latino","No","No","Married","Bachelor"
103178,"Male","Black or African American","No","No","Married","Master"
106488,"Male","Hispanic or Latino","No","No","Single","Doctorate"
105672,"Female","White","No","No","Married","Bachelor"
100046,"Male","White","No","No","Married","High School"
100900,"Female","Asian","No","No","Single","Bachelor"
103255,"Non-Binary","Prefer Not to Say","No","No","Single","Master"
104695,"Male","White","No","No","Single","High School"
106942,"Female","Prefer Not to Say","No","No","Married","Bachelor"
106826,"Female","White","Yes","Prefer Not to Say","Single","Doctorate"
102426,"Female","Black or African American","No","No","Married","Master"
104310,"Male","Hispanic or Latino","No","No","Single","Master"
100133,"Female","White","No","No","Single","Bachelor"
100696,"Female","Asian","No","No","Divorced","Bachelor"
107129,"Female","Hispanic or Latino","No","No","Single","Master"
101436,"Male","White","No","No","Single","Bachelor"
100167,"Male","Asian","No","No","Married","Master"
109445,"Female","Hispanic or Latino","No","No","Married","Bachelor"
106318,"Female","White","No","No","Married","Master"
103490,"Male","White","No","No","Single","Bachelor"
107930,"Male","White","No","No","Divorced","Doctorate"
102249,"Male","Asian","Prefer Not to Say","No","Married","High School"
108626,"Male","Black or African American","No","No","Married","Master"
108777,"Male","Hispanic or Latino","Yes","No","Prefer Not to Say","Bachelor"
109861,"Female","White","No","No","Married","Bachelor"
107190,"Male","Hispanic or Latino","No","No","Single","Bachelor"
102242,"Female","White","No","No","Prefer Not to Say","Doctorate"
108315,"Female","White","No","No","Married","High School"
105088,"Female","White","No","No","Divorced","Master"
100743,"Male","White","No","No","Married","Associate"
103068,"Female","White","No","No","Married","Bachelor"
109918,"Female","Black or African American","No","No","Single","Bachelor"
100744,"Female","Asian","No","No","Single","Master"
106307,"Male","Hispanic or Latino","No","No","Married","Bachelor"
100980,"Male","Native Hawaiian or Pacific Islander","No","No","Married","High School"
102374,"Female","Two or More Races","No","No","Single","Bachelor"
102549,"Male","White","No","No","Married","Master"
106061,"Female","Hispanic or Latino","No","No","Single","Bachelor"
103668,"Female","Hispanic or Latino","No","No","Single","Bachelor"
105257,"Female","Hispanic or Latino","Prefer Not to Say","No","Single","Associate"
107124,"Female","Two or More Races","No","No","Married","Bachelor"
108360,"Female","Hispanic or Latino","No","No","Prefer Not to Say","Master"
109700,"Male","Hispanic or Latino","Yes","No","Single","Bachelor"
108447,"Female","Asian","No","No","Single","Master"
105463,"Female","Black or African American","No","Prefer Not to Say","Single","Associate"
109975,"Female","White","Prefer Not to Say","No","Divorced","Bachelor"
102922,"Female","White","No","No","Married","Bachelor"
102633,"Female","Asian","No","No","Married","High School"
103441,"Male","White","No","No","Married","Master"
107960,"Male","Asian","No","No","Married","Bachelor"
109985,"Male","Prefer Not to Say","No","No","Married","High School"
106593,"Female","Two or More Races","No","No","Married","Bachelor"
109671,"Male","White","No","No","Single","Bachelor"
100081,"Female","Two or More Races","No","No","Single","Bachelor"
102942,"Male","Black or African American","No","No","Married","Bachelor"
104902,"Female","Two or More Races","No","No","Married","High School"
100456,"Male","White","No","No","Prefer Not to Say","Master"
109134,"Male","White","No","No","Married","Associate"
107301,"Male","Black or African American","No","No","Prefer Not to Say","High School"
104031,"Male","Two or More Races","No","No","Divorced","Bachelor"
102963,"Female","Asian","No","No","Married","Bachelor"
100429,"Male","Black or African American","Prefer Not to Say","No","Married","High School"
108192,"Female","Asian","No","No","Single","Bachelor"
106863,"Male","Black or African American","No","No","Single","Bachelor"
100232,"Female","Asian","Yes","Prefer Not to Say","Married","Associate"
101006,"Female","White","Prefer Not to Say","No","Single","Master"
102978,"Female","Asian","No","No","Married","High School"
108248,"Male","White","No","No","Married","Bachelor"
104594,"Male","Black or African American","No","No","Single","Bachelor"
103172,"Male","White","No","No","Married","Bachelor"
108895,"Male","Hispanic or Latino","Yes","No","Married","Bachelor"
101075,"Male","White","No","No","Married","Bachelor"
107886,"Male","Prefer Not to Say","Yes","No","Single","Bachelor"
106861,"Female","Asian","Yes","No","Single","Bachelor"
104482,"Female","Two or More Races","No","No","Single","Master"
101996,"Female","Asian","No","No","Divorced","High School"
100849,"Male","Asian","No","No","Married","Bachelor"
101593,"Male","White","No","No","Divorced","Associate"
104448,"Male","Black or African American","Yes","No","Married","Master"
102368,"Male","White","No","No","Prefer Not to Say","Bachelor"
107882,"Male","Two or More Races","No","Yes","Married","Master"
104536,"Male","Asian","No","No","Divorced","Bachelor"
105089,"Female","Black or African American","No","No","Married","Bachelor"
108970,"Male","Hispanic or Latino","No","No","Single","High School"
105494,"Male","Hispanic or Latino","No","No","Married","Master"
106364,"Female","White","No","No","Married","Bachelor"
106629,"Male","White","No","No","Married","Bachelor"
104075,"Male","White","No","No","Single","Bachelor"
108055,"Male","White","No","Prefer Not to Say","Divorced","Bachelor"
109667,"Male","Prefer Not to Say","No","No","Single","Master"
108051,"Male","White","No","No","Prefer Not to Say","Master"
105869,"Female","Black or African American","Yes","No","Single","Bachelor"
105039,"Male","Black or African American","No","No","Single","Bachelor"
106087,"Male","Hispanic or Latino","No","No","Married","Master"
100906,"Female","Hispanic or Latino","No","No","Married","Master"
106618,"Male","White","No","No","Married","Bachelor"
109299,"Female","Asian","Yes","Prefer Not to Say","Married","Bachelor"
104128,"Female","Two or More Races","No","No","Married","Associate"
108587,"Female","Native Hawaiian or Pacific Islander","No","No","Married","Bachelor"
102940,"Male","White","No","No","Married","Bachelor"
104616,"Non-Binary","Asian","No","No","Married","Bachelor"
101359,"Male","White","No","No","Divorced","Associate"
104093,"Male","White","No","Yes","Single","High School"
102532,"Male","Hispanic or Latino","Prefer Not to Say","No","Married","High School"
108467,"Female","Hispanic or Latino","No","Yes","Married","Master"
107531,"Male","White","No","No","Married","Bachelor"
108842,"Female","Prefer Not to Say","No","No","Single","Bachelor"
104564,"Male","Hispanic or Latino","No","No","Married","Bachelor"
106351,"Male","Hispanic or Latino","No","No","Single","Doctorate"
101393,"Female","White","No","No","Married","High School"
109164,"Female","White","No","No","Single","Associate"
105950,"Female","White","No","No","Married","Master"
102130,"Female","Hispanic or Latino","No","No","Divorced","Bachelor"
104368,"Female","White","No","No","Single","High School"
106056,"Female","Asian","No","No","Divorced","Master"
102248,"Female","Black or African American","No","No","Single","Associate"
102972,"Male","Hispanic or Latino","No","No","Single","Bachelor"
102271,"Male","Native Hawaiian or Pacific Islander","No","No","Single","High School"
102604,"Female","Black or African American","No","No","Single","Master"
109526,"Female","White","No","No","Married","Bachelor"
109822,"Male","Asian","No","No","Married","Bachelor"
103323,"Female","White","No","No","Married","Bachelor"
100394,"Male","Hispanic or Latino","No","No","Married","Bachelor"
101835,"Male","Black or African American","No","No","Divorced","Bachelor"
104727,"Male","White","No","Prefer Not to Say","Single","Master"
107006,"Male","Black or African American","No","No","Single","Bachelor"
101468,"Female","White","No","No","Married","Bachelor"
108479,"Female","Hispanic or Latino","No","No","Single","Master"
102890,"Female","White","No","Prefer Not to Say","Single","Doctorate"
109185,"Female","Black or African American","No","No","Single","Associate"
108762,"Male","White","No","No","Divorced","Associate"
107694,"Male","Asian","No","No","Married","Master"
108850,"Female","Black or African American","No","No","Married","Master"
107593,"Female","White","No","No","Married","Associate"
107289,"Male","Prefer Not to Say","No","No","Married","Associate"
102065,"Female","Two or More Races","No","No","Single","Master"
106100,"Female","Asian","No","No","Single","Bachelor"
100308,"Male","American Indian or Alaska Native","No","No","Prefer Not to Say","Bachelor"
103711,"Female","Asian","No","No","Single","Associate"
109576,"Female","American Indian or Alaska Native","No","No","Single","Doctorate"
103010,"Female","Hispanic or Latino","No","No","Single","High School"
108592,"Female","White","No","No","Married","Bachelor"
104863,"Female","White","No","No","Single","Master"
101808,"Female","White","No","No","Married","Bachelor"
104922,"Male","Hispanic or Latino","Prefer Not to Say","No","Married","Bachelor"
106534,"Female","Black or African American","No","No","Single","Bachelor"
100795,"Female","Asian","Prefer Not to Say","No","Single","Associate"
107051,"Male","Asian","No","No","Single","Master"
109385,"Female","White","No","No","Married","High School"
102976,"Female","White","No","No","Married","Associate"
107804,"Male","Asian","No","No","Single","High School"
104642,"Male","White","No","No","Married","Bachelor"
108080,"Female","White","Prefer Not to Say","No","Single","Doctorate"
100395,"Female","Black or African American","No","No","Married","Associate"
101265,"Female","White","Yes","Yes","Married","Doctorate"
100948,"Male","Hispanic or Latino","Yes","No","Married","High School"
106516,"Male","White","No","No","Single","Master"
104415,"Male","Asian","No","No","Married","High School"
103119,"Female","Black or African American","No","No","Prefer Not to Say","High School"
100311,"Male","Black or African American","No","No","Single","Bachelor"
108599,"Female","Black or African American","No","No","Divorced","Bachelor"
102715,"Female","Hispanic or Latino","Yes","No","Single","High School"
109497,"Female","Black or African American","No","No","Single","High School"
106458,"Female","Hispanic or Latino","No","No","Married","Bachelor"
102851,"Female","White","No","No","Divorced","Bachelor"
104980,"Male","Prefer Not to Say","Prefer Not to Say","No","Single","High School"
103986,"Male","White","No","No","Single","Master"
103965,"Female","Black or African American","Yes","No","Married","High School"
107651,"Male","White","No","No","Married","High School"
109588,"Female","White","Prefer Not to Say","No","Single","Master"
105549,"Female","White","No","No","Married","Master"
106916,"Male","Hispanic or Latino","No","Yes","Single","Bachelor"
101163,"Male","White","Yes","No","Married","Doctorate"
104101,"Female","Hispanic or Latino","No","No","Single","Bachelor"
100058,"Female","Black or African American","Prefer Not to Say","No","Prefer Not to Say","Associate"
106749,"Female","White","No","No","Single","Bachelor"
103094,"Female","White","No","No","Married","Doctorate"
103796,"Female","Hispanic or Latino","No","No","Prefer Not to Say","Associate"
103568,"Female","White","Prefer Not to Say","No","Married","High School"
100247,"Female","Asian","No","No","Married","Bachelor"
104056,"Female","White","No","No","Married","Bachelor"
101357,"Female","Hispanic or Latino","No","No","Single","Bachelor"
100192,"Male","Asian","No","Yes","Single","Master"
109047,"Male","White","No","No","Single","Master"
102519,"Non-Binary","White","No","No","Divorced","Master"
108790,"Male","White","No","No","Married","Bachelor"
101822,"Female","Two or More Races","No","No","Married","Bachelor"
105904,"Female","White","No","No","Married","Bachelor"
102969,"Male","Two or More Races","No","No","Married","Master"
103026,"Female","White","No","No","Married","Master"
104556,"Female","Hispanic or Latino","No","No","Single","Master"
106825,"Female","White","No","No","Divorced","High School"
107633,"Male","White","No","No","Prefer Not to Say","High School"
102565,"Female","Asian","No","No","Married","Bachelor"
102838,"Male","White","No","No","Married","Bachelor"
105210,"Male","Asian","No","No","Single","Master"
107656,"Male","Two or More Races","No","No","Divorced","Bachelor"
101979,"Female","Asian","No","No","Married","Bachelor"
100490,"Male","Hispanic or Latino","No","No","Single","Associate"
108871,"Male","White","No","No","Single","High School"
108543,"Female","Hispanic or Latino","No","No","Married","High School"
100425,"Female","White","No","No","Single","Bachelor"
105502,"Male","Asian","No","No","Married","Bachelor"
105161,"Male","White","No","No","Single","Associate"
106002,"Male","Black or African American","No","Prefer Not to Say","Divorced","Bachelor"
106929,"Female","Two or More Races","No","No","Divorced","Master"
103858,"Non-Binary","Hispanic or Latino","No","No","Single","Bachelor"
105550,"Female","Asian","No","No","Single","Bachelor"
104931,"Female","Asian","No","No","Married","Bachelor"
106258,"Male","Prefer Not to Say","No","No","Married","Bachelor"
107096,"Female","White","No","No","Married","Master"
108177,"Non-Binary","White","No","No","Single","Bachelor"
108381,"Female","Hispanic or Latino","No","Yes","Married","Associate"
109857,"Female","White","No","No","Prefer Not to Say","Bachelor"
101064,"Female","Asian","No","No","Divorced","High School"
104856,"Male","Hispanic or Latino","No","No","Married","Bachelor"
105178,"Female","Hispanic or Latino","No","Yes","Married","Doctorate"
103533,"Male","Hispanic or Latino","No","No","Single","Bachelor"
103361,"Female","Hispanic or Latino","No","No","Single","Master"
106773,"Male","Asian","No","No","Married","Bachelor"
105675,"Male","Asian","No","No","Married","Master"
105819,"Male","Prefer Not to Say","No","No","Prefer Not to Say","Bachelor"
107746,"Male","Hispanic or Latino","No","No","Single","Associate"
100852,"Male","Prefer Not to Say","No","No","Single","Bachelor"
100575,"Male","Two or More Races","No","No","Married","Master"
107844,"Female","Hispanic or Latino","No","No","Divorced","Associate"
101604,"Female","Two or More Races","No","No","Married","Master"
106006,"Male","White","Prefer Not to Say","Yes","Married","Bachelor"
104195,"Female","White","No","No","Married","Bachelor"
106836,"Male","Black or African American","No","No","Married","Bachelor"
109606,"Female","White","Yes","No","Single","Bachelor"
109015,"Female","Black or African American","No","No","Single","Bachelor"
103218,"Male","White","No","Prefer Not to Say","Divorced","High School"
109449,"Female","Black or African American","No","No","Married","Master"
104118,"Female","Black or African American","No","No","Single","High School"
102230,"Male","Native Hawaiian or Pacific Islander","No","No","Single","High School"
106689,"Female","White","Prefer Not to Say","No","Married","Bachelor"
100480,"Male","White","No","No","Married","Master"
100194,"Male","Black or African American","No","No","Married","Associate"
107499,"Male","Black or African American","No","No","Married","Master"
105423,"Male","Hispanic or Latino","No","No","Divorced","Master"
109044,"Male","White","No","No","Prefer Not to Say","Master"
107075,"Male","Black or African American","No","No","Single","Master"
102705,"Male","White","No","No","Single","High School"
108692,"Female","White","No","No","Married","Doctorate"
108280,"Female","Asian","No","No","Prefer Not to Say","Associate"
109731,"Male","Hispanic or Latino","No","No","Married","Associate"
100579,"Male","White","No","No","Divorced","Master"
104919,"Male","Prefer Not to Say","No","No","Prefer Not to Say","Master"
101325,"Male","Two or More Races","No","No","Married","High School"
104304,"Male","White","No","Yes","Married","Master"
107106,"Male","Asian","No","No","Married","Bachelor"
109019,"Female","Black or African American","Prefer Not to Say","No","Married","Doctorate"
109215,"Female","Hispanic or Latino","No","Prefer Not to Say","Married","Associate"
109336,"Female","Asian","No","No","Married","Bachelor"
108000,"Male","Asian","No","Yes","Single","Master"
109029,"Female","Hispanic or Latino","Yes","No","Single","Master"
102944,"Female","White","No","No","Married","Master"
101473,"Female","Black or African American","No","No","Married","Bachelor"
100087,"Male","Asian","No","Yes","Single","Bachelor"
109508,"Male","White","No","No","Married","Bachelor"
107486,"Female","White","No","No","Married","Doctorate"
103989,"Male","White","No","No","Married","Master"
109098,"Female","Hispanic or Latino","No","No","Married","Master"
105710,"Female","Asian","No","No","Married","Master"
107498,"Female","Asian","No","No","Divorced","High School"
109171,"Male","White","No","No","Married","Bachelor"
103902,"Female","Prefer Not to Say","No","No","Married","Bachelor"
107825,"Male","White","No","No","Married","Master"
102805,"Female","White","No","Prefer Not to Say","Single","Master"
105897,"Male","White","No","No","Married","Bachelor"
108480,"Male","Hispanic or Latino","No","No","Divorced","Associate"
102076,"Male","Hispanic or Latino","No","No","Single","High School"
107166,"Male","White","No","Yes","Married","Associate"
108157,"Male","Hispanic or Latino","No","No","Married","Bachelor"
104872,"Female","Black or African American","No","No","Married","Bachelor"
101550,"Male","Black or African American","No","No","Single","Master"
107128,"Female","White","Prefer Not to Say","Prefer Not to Say","Single","Master"
103751,"Male","White","No","No","Single","High School"
106668,"Female","White","No","No","Married","Master"
108037,"Male","White","No","Yes","Single","Bachelor"
101929,"Female","White","No","No","Single","Master"
104818,"Female","White","No","No","Married","Associate"
107885,"Male","Black or African American","No","No","Single","Master"
101565,"Female","Two or More Races","No","No","Married","Master"
102320,"Female","Hispanic or Latino","No","No","Single","Bachelor"
103080,"Male","White","No","No","Married","Bachelor"
100377,"Male","Prefer Not to Say","No","No","Single","Doctorate"
104450,"Female","Black or African American","No","No","Single","Associate"
107305,"Male","White","No","Yes","Divorced","Master"
109639,"Male","White","No","No","Married","Associate"
109212,"Female","Two or More Races","No","No","Married","Bachelor"
105834,"Male","Black or African American","No","No","Prefer Not to Say","Bachelor"
108673,"Female","Native Hawaiian or Pacific Islander","No","Prefer Not to Say","Married","Master"
108289,"Male","Black or African American","No","No","Divorced","Associate"
106736,"Female","Asian","No","No","Single","Bachelor"
106230,"Non-Binary","Asian","No","No","Single","Bachelor"
103612,"Female","Asian","No","No","Single","Bachelor"
108214,"Female","White","No","No","Single","Bachelor"
100810,"Male","Black or African American","No","Prefer Not to Say","Single","Bachelor"
106402,"Female","White","No","No","Single","Bachelor"
106926,"Female","Asian","Prefer Not to Say","Yes","Married","Master"
108840,"Female","White","No","No","Single","Master"
101070,"Female","White","No","No","Married","Master"
106426,"Female","White","No","No","Single","Master"
101456,"Male","Hispanic or Latino","No","No","Married","Master"
102759,"Female","Asian","No","No","Single","Associate"
106624,"Female","White","No","No","Single","Associate"
102182,"Female","Hispanic or Latino","No","No","Single","Master"
104316,"Female","Black or African American","No","No","Married","Master"
109645,"Male","Asian","No","No","Divorced","Doctorate"
101043,"Female","Black or African American","No","No","Prefer Not to Say","Bachelor"
106383,"Male","Hispanic or Latino","No","No","Single","Doctorate"
106686,"Female","White","No","No","Married","Associate"
104549,"Male","White","No","No","Single","Master"
103095,"Male","White","No","No","Married","High School"
101300,"Male","White","No","No","Single","Bachelor"
100119,"Male","White","No","No","Single","Associate"
106979,"Female","Asian","No","No","Married","Master"
107924,"Female","Asian","No","No","Married","Associate"
107237,"Male","Hispanic or Latino","No","No","Married","Doctorate"
107163,"Male","White","Prefer Not to Say","No","Married","Bachelor"
102787,"Male","White","No","No","Married","Associate"
105990,"Male","Hispanic or Latino","No","No","Single","High School"
102344,"Male","White","No","No","Single","Master"
102480,"Female","Hispanic or Latino","No","No","Single","Bachelor"
101860,"Female","White","No","No","Married","Master"
104963,"Male","Hispanic or Latino","No","No","Married","Bachelor"
108917,"Female","Asian","No","No","Married","Doctorate"
105872,"Female","Prefer Not to Say","Prefer Not to Say","No","Married","Bachelor"
102745,"Female","Hispanic or Latino","No","No","Married","Bachelor"
108780,"Female","Black or African American","No","No","Single","Doctorate"
100609,"Male","Hispanic or Latino","No","Yes","Divorced","Associate"
106449,"Male","Hispanic or Latino","No","No","Married","Bachelor"
105957,"Male","White","No","No","Single","Bachelor"
101449,"Female","White","No","No","Single","Master"
108873,"Male","White","No","No","Married","Bachelor"
107962,"Male","Asian","Yes","No","Married","Bachelor"
103468,"Male","Asian","Yes","No","Single","Associate"
106928,"Non-Binary","Hispanic or Latino","No","No","Married","High School"
109834,"Non-Binary","White","No","No","Married","Bachelor"
104682,"Male","American Indian or Alaska Native","Yes","No","Prefer Not to Say","Doctorate"
107913,"Female","White","No","No","Married","Bachelor"
103617,"Male","White","No","No","Single","Bachelor"
104190,"Female","Hispanic or Latino","No","No","Married","High School"
100231,"Male","White","No","No","Married","Associate"
105337,"Male","White","No","No","Single","High School"
108575,"Female","Native Hawaiian or Pacific Islander","No","No","Married","Associate"
107833,"Male","White","No","No","Married","Bachelor"
109830,"Female","White","No","No","Married","Bachelor"
108141,"Male","Asian","No","No","Married","Doctorate"
104347,"Female","American Indian or Alaska Native","No","No","Married","Master"
105204,"Male","Hispanic or Latino","No","No","Divorced","Associate"
105300,"Female","Hispanic or Latino","No","No","Prefer Not to Say","Associate"
108061,"Female","Hispanic or Latino","Prefer Not to Say","No","Single","Master"
106328,"Female","Asian","No","No","Divorced","Bachelor"
107877,"Male","White","No","No","Divorced","Bachelor"
107373,"Female","White","No","No","Single","Bachelor"
107706,"Male","Hispanic or Latino","No","No","Single","Bachelor"
109471,"Female","Hispanic or Latino","No","No","Married","Master"
107196,"Male","White","No","No","Married","Master"
100332,"Female","White","No","No","Divorced","Bachelor"
103955,"Male","Asian","No","No","Married","Bachelor"
103872,"Male","White","No","Yes","Married","Bachelor"
107136,"Female","White","Yes","No","Prefer Not to Say","Bachelor"
109175,"Male","White","No","No","Married","Bachelor"
103993,"Female","Hispanic or Latino","No","No","Married","Master"
102299,"Female","Asian","Yes","No","Married","Master"
107031,"Male","Two or More Races","No","No","Married","Bachelor"
102957,"Female","Hispanic or Latino","No","No","Married","High School"
107915,"Female","White","No","No","Married","Associate"
108639,"Male","White","No","No","Prefer Not to Say","Bachelor"
102621,"Male","Asian","No","No","Married","Bachelor"
106551,"Female","Asian","No","No","Single","Bachelor"
104968,"Male","White","No","Yes","Married","Bachelor"
108208,"Female","Two or More Races","Yes","No","Married","Bachelor"
108689,"Male","White","No","No","Divorced","Master"
100799,"Female","Black or African American","No","No","Married","Bachelor"
104905,"Female","Prefer Not to Say","No","Yes","Married","Associate"
106554,"Female","Two or More Races","No","No","Single","Associate"
106114,"Female","Asian","No","No","Married","Bachelor"
106224,"Female","Asian","No","No","Married","Master"
108383,"Male","Two or More Races","No","No","Married","Bachelor"
107202,"Male","White","No","No","Divorced","Master"
107662,"Male","Black or African American","No","Yes","Prefer Not to Say","Bachelor"
105513,"Female","White","No","No","Single","High School"
105733,"Male","Two or More Races","No","No","Married","Master"
107408,"Female","White","No","Prefer Not to Say","Married","High School"
109026,"Male","Two or More Races","No","No","Married","Associate"
107147,"Female","White","No","No","Single","Bachelor"
104234,"Male","White","No","No","Single","Bachelor"
101765,"Male","Hispanic or Latino","No","No","Single","Master"
105784,"Male","Asian","No","No","Married","Doctorate"
107652,"Male","Black or African American","No","No","Single","Associate"
104230,"Female","Prefer Not to Say","No","No","Single","High School"
109422,"Female","Hispanic or Latino","No","No","Married","Associate"
106091,"Male","Hispanic or Latino","Prefer Not to Say","No","Prefer Not to Say","Bachelor"
103166,"Female","Two or More Races","No","No","Single","Bachelor"
109624,"Male","Asian","No","No","Single","Associate"
103673,"Male","Asian","Prefer Not to Say","No","Married","High School"
104519,"Male","American Indian or Alaska Native","No","No","Prefer Not to Say","Master"
109669,"Male","Hispanic or Latino","No","No","Single","Bachelor"
101893,"Male","Asian","No","No","Married","Master"
100836,"Male","Hispanic or Latino","No","No","Married","High School"
106012,"Female","White","No","No","Single","Bachelor"
101445,"Female","Asian","No","No","Married","Bachelor"
108846,"Male","Black or African American","No","No","Single","High School"
107575,"Female","Hispanic or Latino","No","No","Married","Master"
108727,"Female","Two or More Races","No","No","Married","Bachelor"
109174,"Male","White","No","No","Single","Bachelor"
101164,"Female","White","Prefer Not to Say","No","Prefer Not to Say","Bachelor"
109812,"Female","Black or African American","No","No","Single","Bachelor"
106068,"Male","Black or African American","No","No","Single","Associate"
108333,"Female","Hispanic or Latino","Yes","No","Married","Associate"
103784,"Female","Black or African American","Prefer Not to Say","No","Single","Associate"
104426,"Male","White","No","No","Single","Bachelor"
107764,"Female","White","No","No","Single","High School"
107203,"Male","White","No","No","Married","Bachelor"
102656,"Male","White","No","No","Married","High School"
105830,"Female","Asian","Yes","No","Single","Doctorate"
108983,"Male","Black or African American","No","No","Single","Bachelor"
103106,"Female","Black or African American","No","No","Married","Bachelor"
109994,"Male","White","No","Yes","Married","Master"
105515,"Female","Hispanic or Latino","No","No","Single","Master"
104780,"Female","Black or African American","No","No","Married","High School"
109405,"Male","Two or More Races","No","No","Married","High School"
100755,"Female","Hispanic or Latino","No","No","Single","Bachelor"
109940,"Male","Black or African American","No","No","Single","Associate"
104434,"Male","Asian","No","No","Married","High School"
102023,"Female","Hispanic or Latino","No","No","Single","Master"
102999,"Female","White","No","Yes","Married","Bachelor"
103635,"Male","White","Yes","No","Married","Bachelor"
109965,"Female","Two or More Races","No","No","Single","Master"
102796,"Female","White","No","No","Single","Bachelor"
107472,"Female","Asian","No","No","Married","Bachelor"
109386,"Male","Hispanic or Latino","Prefer Not to Say","No","Divorced","Bachelor"
104117,"Male","Asian","No","No","Married","High School"
109315,"Male","Hispanic or Latino","No","No","Single","Bachelor"
104907,"Male","Two or More Races","No","No","Prefer Not to Say","Master"
106821,"Male","White","No","No","Single","Doctorate"
100891,"Female","Hispanic or Latino","No","Prefer Not to Say","Married","Bachelor"
100248,"Male","Black or African American","No","No","Married","Bachelor"
103385,"Female","Asian","No","Prefer Not to Say","Married","Bachelor"
108036,"Male","Hispanic or Latino","No","No","Single","Bachelor"
108391,"Female","Hispanic or Latino","Yes","No","Single","Bachelor"
103604,"Female","Asian","No","No","Married","Master"
109318,"Male","Prefer Not to Say","No","No","Married","Associate"
102883,"Female","White","Yes","No","Married","High School"
104791,"Male","White","No","No","Married","Associate"
105743,"Male","White","No","No","Married","Associate"
108427,"Male","Asian","No","No","Married","Master"
105497,"Female","Hispanic or Latino","No","No","Married","High School"
102434,"Female","Hispanic or Latino","No","No","Married","Bachelor"
109116,"Female","Hispanic or Latino","No","No","Divorced","Bachelor"
106475,"Male","White","No","Prefer Not to Say","Married","High School"
109082,"Female","Hispanic or Latino","No","No","Married","Bachelor"
104414,"Male","White","No","Prefer Not to Say","Single","High School"
103227,"Male","Black or African American","No","No","Married","Doctorate"
100840,"Female","White","No","No","Married","Bachelor"
106442,"Female","Hispanic or Latino","No","No","Married","Bachelor"
109099,"Female","Asian","No","No","Single","Bachelor"
107971,"Male","Asian","No","No","Married","Associate"
106684,"Male","Prefer Not to Say","No","No","Single","Bachelor"
103631,"Female","White","Prefer Not to Say","No","Married","Master"
102794,"Female","Prefer Not to Say","No","No","Married","Bachelor"
102121,"Female","White","No","No","Prefer Not to Say","Doctorate"
105862,"Female","Hispanic or Latino","Yes","No","Single","Associate"
106459,"Male","White","No","No","Married","Bachelor"
103753,"Female","Two or More Races","No","No","Married","Bachelor"
102751,"Female","White","No","No","Married","Bachelor"
108217,"Male","White","No","No","Married","Bachelor"
104748,"Male","Black or African American","No","No","Single","Bachelor"
103488,"Male","White","No","Yes","Single","Bachelor"
109151,"Female","Asian","Prefer Not to Say","Yes","Divorced","Bachelor"
102470,"Female","White","No","No","Married","High School"
102899,"Female","Hispanic or Latino","No","No","Married","Bachelor"
103373,"Male","Two or More Races","No","Prefer Not to Say","Single","High School"
102131,"Female","Hispanic or Latino","No","No","Divorced","Bachelor"
102024,"Female","Black or African American","No","No","Divorced","Master"
109654,"Male","Hispanic or Latino","No","No","Divorced","Doctorate"
108907,"Male","White","Yes","No","Single","Bachelor"
106924,"Female","Asian","No","No","Married","Bachelor"
102689,"Male","White","No","No","Single","Bachelor"
102418,"Female","White","No","Prefer Not to Say","Single","Master"
108003,"Female","Hispanic or Latino","No","No","Prefer Not to Say","High School"
100002,"Female","Hispanic or Latino","No","Yes","Married","Bachelor"
108750,"Non-Binary","White","No","No","Married","Master"
109384,"Female","White","Prefer Not to Say","No","Prefer Not to Say","Bachelor"
109781,"Male","White","No","Yes","Married","Bachelor"
109236,"Male","Hispanic or Latino","No","No","Married","Bachelor"
103449,"Female","Two or More Races","No","No","Married","High School"
102208,"Male","Hispanic or Latino","No","No","Married","High School"
100740,"Male","Asian","No","No","Married","Bachelor"
102285,"Female","Black or African American","No","No","Single","Master"
105317,"Female","White","No","No","Married","Doctorate"
106948,"Male","Asian","No","Prefer Not to Say","Married","High School"
106305,"Male","Black or African American","No","No","Prefer Not to Say","Bachelor"
100767,"Male","Black or African American","Prefer Not to Say","No","Married","Associate"
109294,"Female","Black or African American","No","No","Divorced","High School"
105127,"Female","Asian","No","No","Prefer Not to Say","Bachelor"
100056,"Female","Two or More Races","Yes","No","Single","Bachelor"
102752,"Female","Prefer Not to Say","No","No","Married","High School"
109461,"Female","Hispanic or Latino","No","No","Single","High School"
105006,"Female","Black or African American","No","No","Single","Bachelor"
102018,"Female","American Indian or Alaska Native","Yes","No","Married","Bachelor"
103454,"Female","Hispanic or Latino","No","Prefer Not to Say","Married","Bachelor"
103419,"Female","White","No","No","Married","High School"
103500,"Female","White","No","No","Married","Bachelor"
101024,"Female","Hispanic or Latino","No","No","Single","Bachelor"
105376,"Male","Black or African American","No","No","Divorced","High School"
108359,"Male","Asian","No","No","Single","Bachelor"
107139,"Male","Black or African American","No","No","Married","Bachelor"
106417,"Male","White","No","No","Married","Master"
109397,"Female","White","No","No","Married","High School"
104257,"Male","Hispanic or Latino","No","No","Married","Bachelor"
103163,"Female","Hispanic or Latino","No","No","Single","Bachelor"
104666,"Female","Asian","No","No","Prefer Not to Say","High School"
107084,"Male","Hispanic or Latino","No","No","Single","Bachelor"
104065,"Male","Black or African American","No","No","Divorced","Bachelor"
107680,"Female","White","No","No","Single","Bachelor"
107584,"Male","Asian","No","No","Prefer Not to Say","High School"
102211,"Male","White","Yes","No","Single","Bachelor"
100238,"Female","Black or African American","No","No","Prefer Not to Say","Bachelor"
103845,"Female","White","No","No","Single","Bachelor"
102644,"Female","Black or African American","No","No","Married","Doctorate"
105562,"Female","White","Prefer Not to Say","No","Married","Bachelor"
109891,"Female","Asian","Yes","No","Single","Associate"
106085,"Female","White","No","No","Single","Bachelor"
100972,"Male","Two or More Races","No","No","Single","Associate"
105888,"Male","Two or More Races","No","No","Divorced","Associate"
105141,"Male","Prefer Not to Say","No","No","Married","High School"
105449,"Male","Prefer Not to Say","No","No","Divorced","Associate"
100384,"Male","Black or African American","No","No","Married","Bachelor"
102262,"Male","Asian","Yes","No","Single","High School"
104952,"Female","Hispanic or Latino","No","No","Single","Master"
100015,"Female","White","No","No","Single","High School"
101324,"Male","Hispanic or Latino","No","No","Single","Bachelor"
105644,"Male","Black or African American","No","No","Single","Bachelor"
101335,"Female","Hispanic or Latino","No","No","Single","Master"
109156,"Male","Asian","No","Prefer Not to Say","Married","High School"
105382,"Male","Hispanic or Latino","No","No","Married","Master"
102779,"Male","White","No","Prefer Not to Say","Single","Master"
102103,"Female","Prefer Not to Say","Yes","No","Divorced","Bachelor"
103738,"Female","Asian","No","No","Married","Master"
108195,"Male","Black or African American","No","No","Married","Associate"
104835,"Male","White","No","No","Divorced","Bachelor"
101153,"Female","Hispanic or Latino","No","No","Married","Bachelor"
103516,"Female","Hispanic or Latino","No","No","Married","Bachelor"
101218,"Female","Asian","No","No","Prefer Not to Say","Bachelor"
105240,"Female","Asian","No","No","Married","Bachelor"
102486,"Male","White","No","No","Single","High School"
108654,"Male","Hispanic or Latino","Yes","No","Married","Bachelor"
103832,"Female","Asian","No","No","Single","High School"
100959,"Female","White","No","No","Married","Master"
106210,"Non-Binary","Hispanic or Latino","No","No","Married","High School"
107989,"Male","White","No","No","Single","Master"
105705,"Female","White","No","No","Single","Associate"
103273,"Male","White","No","No","Prefer Not to Say","Bachelor"
102111,"Female","Hispanic or Latino","No","No","Married","Bachelor"
104649,"Female","White","Prefer Not to Say","No","Single","Master"
106754,"Female","White","No","No","Single","High School"
104205,"Female","White","No","No","Single","High School"
107717,"Female","Hispanic or Latino","No","No","Married","Bachelor"
108182,"Female","Asian","No","No","Married","Master"
105731,"Male","Hispanic or Latino","No","No","Married","Doctorate"
104675,"Male","White","No","No","Married","Associate"
101090,"Female","Hispanic or Latino","No","No","Divorced","Bachelor"
109283,"Female","White","No","Yes","Married","Bachelor"
100108,"Male","American Indian or Alaska Native","No","No","Married","Master"
105604,"Male","Asian","No","No","Single","High School"
103316,"Female","Asian","Yes","No","Prefer Not to Say","Master"
102674,"Female","Two or More Races","No","No","Married","Bachelor"
109520,"Female","Black or African American","No","Yes","Divorced","Doctorate"
106983,"Female","White","No","No","Married","High School"
105547,"Male","White","No","No","Married","Bachelor"
108060,"Female","Black or African American","No","No","Prefer Not to Say","Associate"
106064,"Male","Hispanic or Latino","No","No","Married","Bachelor"
100091,"Female","White","Yes","No","Divorced","Associate"
107446,"Female","White","No","No","Single","Bachelor"
109742,"Male","Asian","No","No","Married","Master"
108155,"Male","Hispanic or Latino","No","No","Married","Bachelor"
107849,"Male","White","No","No","Married","Bachelor"
108595,"Female","Asian","No","No","Married","Associate"
103215,"Female","White","No","No","Single","Bachelor"
101443,"Male","Two or More Races","No","No","Married","High School"
109677,"Female","White","Yes","No","Divorced","Associate"
104023,"Male","Asian","No","No","Divorced","High School"
102562,"Male","Prefer Not to Say","No","No","Divorced","Associate"
104684,"Female","Black or African American","No","No","Married","Bachelor"
102479,"Female","Black or African American","No","No","Single","Doctorate"
104006,"Female","White","No","No","Married","Doctorate"
101516,"Female","Hispanic or Latino","No","No","Single","Master"
107872,"Male","Two or More Races","Yes","No","Single","High School"
105441,"Male","Asian","No","No","Single","High School"
105142,"Female","Asian","No","No","Married","Bachelor"
109647,"Female","Black or African American","No","No","Married","Master"
103642,"Male","White","No","No","Single","Master"
100276,"Female","Asian","No","No","Single","Bachelor"
103437,"Male","Asian","No","No","Married","Master"
103233,"Female","White","No","No","Married","Associate"
103613,"Male","Hispanic or Latino","Prefer Not to Say","No","Single","Bachelor"
104707,"Female","Two or More Races","No","No","Divorced","Bachelor"
100857,"Male","Asian","No","No","Single","Bachelor"
105194,"Female","Black or African American","No","No","Prefer Not to Say","High School"
108699,"Male","Black or African American","No","No","Single","High School"
105613,"Female","White","No","No","Married","Master"
104663,"Female","Hispanic or Latino","No","No","Divorced","Master"
100874,"Female","American Indian or Alaska Native","No","No","Single","Associate"
100777,"Female","Hispanic or Latino","No","Yes","Divorced","Bachelor"
106041,"Male","Hispanic or Latino","No","No","Divorced","Associate"
103728,"Male","Native Hawaiian or Pacific Islander","No","No","Single","Master"
106172,"Female","Hispanic or Latino","No","Prefer Not to Say","Married","Master"
109590,"Male","Asian","No","No","Divorced","Associate"
105828,"Female","Prefer Not to Say","Yes","No","Married","Bachelor"
102750,"Female","Asian","No","No","Single","Bachelor"
102185,"Male","Hispanic or Latino","No","No","Single","High School"
102946,"Non-Binary","White","No","No","Married","Bachelor"
103197,"Female","White","No","No","Single","Doctorate"
103156,"Female","White","Prefer Not to Say","Prefer Not to Say","Single","Doctorate"
103438,"Male","Two or More Races","No","Prefer Not to Say","Single","Master"
106770,"Female","White","Yes","No","Married","Bachelor"
104793,"Male","Black or African American","Yes","Prefer Not to Say","Married","Doctorate"
108922,"Male","White","No","Yes","Married","Bachelor"
105165,"Female","Native Hawaiian or Pacific Islander","No","Prefer Not to Say","Single","Associate"
104344,"Female","White","No","No","Single","Master"
105864,"Male","Hispanic or Latino","No","No","Married","Bachelor"
101816,"Male","Hispanic or Latino","No","No","Married","Bachelor"
103802,"Male","Black or African American","No","No","Single","Doctorate"
100206,"Female","Prefer Not to Say","Prefer Not to Say","No","Single","Bachelor"
100152,"Male","White","No","No","Single","Bachelor"
103311,"Male","Black or African American","No","No","Single","Bachelor"
105329,"Female","Hispanic or Latino","No","No","Single","Bachelor"
108638,"Female","White","No","No","Divorced","Master"
103183,"Female","Hispanic or Latino","No","No","Divorced","Bachelor"
106563,"Female","White","No","No","Married","Associate"
108966,"Female","White","No","No","Single","Master"
102862,"Male","Black or African American","Prefer Not to Say","No","Married","Bachelor"
100138,"Male","American Indian or Alaska Native","Yes","No","Single","Bachelor"
105189,"Female","Hispanic or Latino","No","No","Single","Master"
109279,"Non-Binary","Asian","No","No","Married","High School"
104803,"Female","Hispanic or Latino","No","No","Single","Master"
107245,"Female","White","No","Yes","Divorced","Bachelor"
107309,"Male","White","No","No","Single","Master"
107823,"Female","Black or African American","No","No","Married","Bachelor"
104735,"Female","Black or African American","No","No","Married","High School"
105683,"Male","White","No","No","Divorced","Bachelor"
103200,"Female","White","No","No","Married","Bachelor"
102619,"Male","Black or African American","No","Prefer Not to Say","Married","High School"
104254,"Male","Hispanic or Latino","No","No","Single","Associate"
106816,"Female","Asian","Yes","No","Divorced","High School"
106001,"Female","Black or African American","No","No","Married","Bachelor"
108117,"Female","Hispanic or Latino","No","No","Single","Master"
101313,"Male","White","No","No","Prefer Not to Say","Doctorate"
106066,"Male","White","Prefer Not to Say","No","Divorced","Master"
101787,"Female","American Indian or Alaska Native","No","No","Married","Bachelor"
100095,"Non-Binary","White","No","No","Single","Master"
108951,"Male","Hispanic or Latino","No","No","Married","Associate"
106783,"Male","White","No","Yes","Single","Master"
107528,"Non-Binary","Hispanic or Latino","No","No","Single","Bachelor"
100392,"Female","Black or African American","No","No","Married","Master"
106010,"Female","Asian","No","No","Married","Bachelor"
106651,"Male","Asian","No","No","Married","Associate"
109661,"Female","White","No","No","Single","High School"
100681,"Female","White","No","No","Divorced","High School"
106616,"Male","White","No","No","Single","Master"
104198,"Male","Prefer Not to Say","No","No","Married","Master"
105794,"Female","Black or African American","No","No","Single","Doctorate"
109188,"Female","Black or African American","No","No","Married","High School"
109993,"Male","White","No","No","Married","Doctorate"
102857,"Female","White","No","No","Married","High School"
107448,"Male","White","No","No","Single","High School"
109096,"Female","Asian","No","No","Single","Master"
105727,"Female","White","No","No","Divorced","Master"
107098,"Male","Black or African American","No","Yes","Married","Bachelor"
105894,"Female","White","Yes","No","Married","Master"
109485,"Female","Prefer Not to Say","No","No","Single","High School"
102430,"Male","Two or More Races","No","Yes","Single","High School"
102875,"Male","Black or African American","No","No","Divorced","Bachelor"
100587,"Female","White","No","No","Married","Doctorate"
107515,"Female","White","No","No","Married","High School"
107133,"Female","Hispanic or Latino","No","No","Divorced","Bachelor"
100940,"Male","Asian","No","No","Married","Associate"
107349,"Female","Hispanic or Latino","No","No","Married","High School"
103130,"Male","Asian","No","No","Single","Bachelor"
101530,"Male","White","No","No","Married","Doctorate"
108531,"Female","Hispanic or Latino","No","Prefer Not to Say","Single","Master"
104801,"Male","Black or African American","No","No","Married","High School"
102397,"Female","Hispanic or Latino","No","No","Married","Bachelor"
107800,"Female","White","No","No","Married","Bachelor"
101921,"Male","American Indian or Alaska Native","No","No","Single","Master"
109683,"Female","Hispanic or Latino","No","No","Married","Master"
104022,"Female","White","No","No","Divorced","Bachelor"
105112,"Male","Asian","No","No","Married","Bachelor"
109741,"Male","Hispanic or Latino","No","Prefer Not to Say","Single","Associate"
100191,"Female","Black or African American","No","No","Married","High School"
106222,"Female","White","No","No","Divorced","Bachelor"
100920,"Female","White","Yes","No","Married","Associate"
103069,"Female","Black or African American","Yes","No","Single","Bachelor"
109509,"Male","White","No","No","Married","Bachelor"
108210,"Male","White","No","No","Single","Bachelor"
109942,"Male","Asian","No","No","Single","Doctorate"
101902,"Female","Hispanic or Latino","No","Prefer Not to Say","Single","High School"
101770,"Female","White","Prefer Not to Say","No","Prefer Not to Say","Bachelor"
107019,"Male","White","No","No","Married","Bachelor"
103664,"Female","White","No","No","Married","Bachelor"
100643,"Male","Asian","No","No","Divorced","Bachelor"
102919,"Female","White","No","No","Married","Bachelor"
106522,"Female","Two or More Races","No","No","Single","Bachelor"
102510,"Female","Black or African American","No","No","Single","Bachelor"
107418,"Male","Asian","No","Yes","Married","Bachelor"
109191,"Male","White","No","No","Married","Master"
101125,"Male","White","No","No","Single","Bachelor"
109302,"Male","White","No","No","Married","Bachelor"
102385,"Male","White","No","No","Divorced","High School"
109060,"Female","Black or African American","No","No","Married","Doctorate"
108485,"Female","Black or African American","No","No","Married","Doctorate"
100393,"Female","Asian","No","No","Prefer Not to Say","High School"
106360,"Male","White","No","No","Single","Master"
109374,"Female","Hispanic or Latino","No","No","Single","Master"
101270,"Male","Two or More Races","No","No","Single","Bachelor"
107951,"Male","Asian","Prefer Not to Say","No","Married","Bachelor"
108791,"Male","Hispanic or Latino","Yes","Yes","Single","Bachelor"
100854,"Male","White","Prefer Not to Say","No","Single","High School"
101496,"Male","White","Yes","No","Married","Associate"
108188,"Non-Binary","White","Yes","Yes","Married","Master"
109190,"Female","White","No","Yes","Married","Doctorate"
105664,"Male","Two or More Races","No","No","Single","Associate"
109879,"Female","Hispanic or Latino","Prefer Not to Say","Prefer Not to Say","Married","High School"
103179,"Male","White","No","No","Single","Doctorate"
104516,"Female","White","No","No","Single","Bachelor"
102277,"Male","Asian","Yes","No","Married","Bachelor"
109613,"Male","Black or African American","No","No","Married","Master"
105464,"Male","Black or African American","Yes","Yes","Married","Bachelor"
103943,"Male","White","No","No","Single","High School"
100739,"Male","Black or African American","No","Prefer Not to Say","Married","Bachelor"
109955,"Female","Black or African American","No","No","Single","Master"
106737,"Female","White","No","No","Married","High School"
103022,"Female","White","No","No","Divorced","Bachelor"
106950,"Male","Two or More Races","No","No","Single","Master"
100114,"Male","White","Prefer Not to Say","No","Married","Associate"
100217,"Male","White","No","Yes","Single","Master"
105425,"Female","White","No","No","Married","Bachelor"
105265,"Female","White","No","No","Married","Bachelor"
106582,"Male","White","Prefer Not to Say","No","Divorced","Associate"
103292,"Male","Hispanic or Latino","No","No","Married","Associate"
100018,"Female","White","No","No","Divorced","Bachelor"
103788,"Male","White","No","No","Married","Master"
104119,"Male","Prefer Not to Say","No","No","Married","Master"
109226,"Female","White","No","No","Married","Bachelor"
100565,"Female","Black or African American","Yes","No","Single","Bachelor"
106875,"Male","Hispanic or Latino","No","No","Single","High School"
109551,"Male","White","No","No","Single","Bachelor"
103556,"Female","Hispanic or Latino","No","No","Married","High School"
105123,"Female","Two or More Races","No","No","Married","Doctorate"
100728,"Male","Asian","No","No","Married","Bachelor"
101261,"Male","White","No","No","Married","Master"
104913,"Male","Prefer Not to Say","No","No","Married","Doctorate"
101151,"Female","White","No","No","Prefer Not to Say","Bachelor"
100782,"Male","Asian","No","No","Married","Master"
102457,"Male","White","No","No","Married","Doctorate"
107932,"Male","Hispanic or Latino","No","No","Divorced","Associate"
108896,"Male","Hispanic or Latino","No","No","Divorced","High School"
103447,"Female","Prefer Not to Say","No","No","Single","Bachelor"
106832,"Female","Prefer Not to Say","No","Yes","Single","Bachelor"
102241,"Female","White","No","No","Married","Master"
105055,"Female","Hispanic or Latino","No","No","Married","Bachelor"
105883,"Male","Prefer Not to Say","No","No","Married","High School"
100721,"Male","Asian","Prefer Not to Say","No","Prefer Not to Say","Bachelor"
107389,"Male","Two or More Races","No","No","Married","Bachelor"
101967,"Female","Hispanic or Latino","No","No","Divorced","Associate"
107790,"Female","White","No","No","Single","Associate"
100749,"Female","Asian","No","No","Single","Master"
107766,"Female","Prefer Not to Say","No","No","Single","Master"
102124,"Male","White","No","Yes","Divorced","Associate"
108005,"Female","White","No","No","Single","Bachelor"
103690,"Male","Asian","No","No","Married","Bachelor"
103876,"Female","Two or More Races","No","No","Married","Bachelor"
101191,"Male","White","No","No","Single","Master"
104169,"Male","Hispanic or Latino","Yes","No","Married","Master"
103376,"Male","White","No","No","Divorced","High School"
104215,"Male","Two or More Races","No","No","Married","Bachelor"
105501,"Female","Hispanic or Latino","Yes","No","Married","Master"
101093,"Male","White","No","No","Single","Master"
105468,"Male","Prefer Not to Say","Prefer Not to Say","No","Married","Bachelor"
105798,"Male","Hispanic or Latino","No","No","Single","Bachelor"
106324,"Female","Hispanic or Latino","No","No","Single","Master"
105272,"Female","White","No","No","Divorced","Bachelor"
108625,"Male","Hispanic or Latino","No","No","Married","Bachelor"
107117,"Male","White","No","No","Married","Doctorate"
109796,"Female","Hispanic or Latino","No","No","Married","Bachelor"
102193,"Male","White","No","No","Single","High School"
106722,"Female","White","No","No","Divorced","Bachelor"
105299,"Female","White","No","No","Married","Bachelor"
105558,"Male","White","No","No","Married","Bachelor"
102873,"Male","American Indian or Alaska Native","No","No","Married","Associate"
101404,"Female","Black or African American","Prefer Not to Say","No","Single","Associate"
109531,"Male","Two or More Races","No","No","Married","Master"
107334,"Female","Hispanic or Latino","No","No","Prefer Not to Say","Master"
107557,"Male","Two or More Races","No","No","Married","Bachelor"
100036,"Non-Binary","Asian","No","No","Single","Associate"
105668,"Female","White","No","No","Married","Associate"
107976,"Male","Hispanic or Latino","No","Yes","Married","Doctorate"
106762,"Male","Asian","No","Yes","Married","High School"
108649,"Female","White","No","No","Prefer Not to Say","Associate"
109528,"Female","Hispanic or Latino","No","No","Single","Master"
108253,"Male","Black or African American","No","No","Married","Bachelor"
108798,"Male","White","No","No","Married","Bachelor"
103524,"Non-Binary","Asian","No","No","Single","Bachelor"
104326,"Female","White","No","No","Divorced","Bachelor"
103527,"Male","Asian","No","No","Married","Bachelor"
103661,"Male","Asian","No","No","Married","Bachelor"
107702,"Male","Black or African American","No","Yes","Divorced","Associate"
104527,"Male","Black or African American","No","No","Married","Bachelor"
104465,"Female","White","No","No","Divorced","Bachelor"
105401,"Female","White","No","No","Single","Bachelor"
107039,"Female","White","No","No","Married","Associate"
108059,"Male","Two or More Races","No","No","Single","Master"
103223,"Male","White","No","Yes","Single","Associate"
104728,"Male","Hispanic or Latino","No","No","Single","High School"
102400,"Female","Asian","No","No","Married","Associate"
101458,"Female","Hispanic or Latino","No","No","Married","Associate"
102543,"Female","White","No","No","Married","Master"
101065,"Female","Hispanic or Latino","No","No","Married","Master"
102337,"Male","White","No","No","Married","Associate"
100689,"Male","Hispanic or Latino","No","No","Single","Doctorate"
101435,"Female","White","No","No","Married","Associate"
102433,"Female","White","No","No","Single","Bachelor"
106285,"Male","White","No","No","Married","Bachelor"
107249,"Female","Hispanic or Latino","No","No","Married","High School"
108347,"Female","White","No","No","Single","Master"
101258,"Female","White","No","No","Single","Doctorate"
108050,"Male","Asian","No","No","Divorced","Bachelor"
101374,"Male","Asian","No","Prefer Not to Say","Married","Master"
104464,"Male","Hispanic or Latino","No","No","Married","Master"
105531,"Female","White","No","No","Prefer Not to Say","Bachelor"
105660,"Male","White","No","No","Single","Doctorate"
107171,"Male","Asian","No","No","Divorced","High School"
103827,"Male","Asian","No","No","Married","Bachelor"
109945,"Male","White","No","No","Single","Bachelor"
106849,"Female","White","Yes","No","Single","Master"
106637,"Male","Hispanic or Latino","Yes","No","Married","Bachelor"
102670,"Female","Native Hawaiian or Pacific Islander","No","Yes","Single","Master"
101465,"Female","Hispanic or Latino","No","No","Married","Bachelor"
106014,"Female","Black or African American","No","No","Married","Bachelor"
105903,"Male","Hispanic or Latino","No","No","Married","Bachelor"
102097,"Male","Black or African American","No","No","Married","Master"
105553,"Male","White","No","No","Single","Bachelor"
104100,"Male","White","No","No","Married","Bachelor"
105083,"Female","White","No","No","Single","Bachelor"
108614,"Female","Native Hawaiian or Pacific Islander","No","Prefer Not to Say","Single","Associate"
101187,"Female","Hispanic or Latino","No","No","Prefer Not to Say","Bachelor"
102226,"Male","Black or African American","No","No","Married","Master"
107868,"Male","Black or African American","No","No","Single","Master"
109137,"Male","Prefer Not to Say","No","No","Married","Master"
103370,"Female","White","Prefer Not to Say","No","Married","Bachelor"
109488,"Male","Asian","No","No","Married","Bachelor"
100337,"Female","Hispanic or Latino","No","No","Single","Bachelor"
100461,"Male","White","No","No","Married","Associate"
106807,"Female","White","No","No","Single","Bachelor"
103657,"Male","Hispanic or Latino","No","No","Single","Master"
101518,"Male","Asian","No","No","Prefer Not to Say","Associate"
100978,"Male","Hispanic or Latino","No","No","Married","Bachelor"
103066,"Female","American Indian or Alaska Native","No","No","Single","Bachelor"
108651,"Female","Hispanic or Latino","No","Yes","Single","Master"
100330,"Male","White","No","No","Single","Master"
100447,"Female","Asian","No","No","Married","Bachelor"
109591,"Male","Prefer Not to Say","No","No","Married","Associate"
107156,"Male","Hispanic or Latino","No","No","Married","High School"
101753,"Female","Hispanic or Latino","No","No","Divorced","Bachelor"
104717,"Male","Asian","No","No","Married","Bachelor"
104494,"Male","Hispanic or Latino","No","No","Married","Bachelor"
107659,"Male","White","Prefer Not to Say","No","Single","High School"
107890,"Female","Hispanic or Latino","No","No","Single","Bachelor"
109410,"Male","White","No","No","Single","Bachelor"
106932,"Female","White","Yes","No","Married","Bachelor"
104512,"Male","Asian","No","No","Married","Master"
102655,"Male","Asian","No","Prefer Not to Say","Single","High School"
109297,"Female","White","No","No","Married","Doctorate"
104756,"Male","White","No","No","Single","Associate"
105701,"Male","Asian","No","No","Married","Doctorate"
108092,"Female","Prefer Not to Say","No","No","Prefer Not to Say","Associate"
104671,"Female","Hispanic or Latino","No","Prefer Not to Say","Single","Bachelor"
106776,"Female","White","No","No","Married","High School"
104452,"Male","Asian","No","No","Single","Associate"
108957,"Non-Binary","White","No","Prefer Not to Say","Single","Bachelor"
101844,"Male","White","No","No","Single","Bachelor"
107214,"Female","Asian","No","No","Married","Bachelor"
103279,"Female","Prefer Not to Say","No","No","Single","High School"
103596,"Female","Hispanic or Latino","No","No","Divorced","High School"
104984,"Female","Native Hawaiian or Pacific Islander","No","No","Married","High School"
108324,"Male","Hispanic or Latino","No","No","Single","Associate"
101199,"Female","White","No","No","Married","Bachelor"
104647,"Male","Prefer Not to Say","No","No","Single","Master"
106212,"Female","Hispanic or Latino","No","No","Divorced","Bachelor"
107312,"Male","Asian","No","No","Married","Bachelor"
109545,"Female","White","Prefer Not to Say","No","Married","Bachelor"
100282,"Male","White","No","No","Married","Doctorate"
109884,"Female","White","No","No","Married","Master"
103653,"Male","Hispanic or Latino","Yes","No","Married","Master"
104724,"Female","Hispanic or Latino","No","No","Single","High School"
109339,"Male","Asian","No","No","Married","Doctorate"
108345,"Female","Hispanic or Latino","No","No","Married","Bachelor"
100519,"Male","White","No","No","Married","Bachelor"
101796,"Female","Hispanic or Latino","No","No","Divorced","Doctorate"
107255,"Female","Hispanic or Latino","Yes","No","Married","Master"
101815,"Female","Asian","No","No","Married","Associate"
100834,"Male","White","Yes","No","Single","Bachelor"
107361,"Male","White","No","No","Married","High School"
109016,"Female","White","No","No","Married","Associate"
107072,"Female","Hispanic or Latino","No","Prefer Not to Say","Divorced","Associate"
101502,"Male","White","No","Yes","Married","Associate"
109947,"Female","White","No","No","Prefer Not to Say","High School"
108062,"Male","Asian","Yes","No","Single","Bachelor"
102553,"Male","Hispanic or Latino","No","Prefer Not to Say","Married","Bachelor"
107560,"Male","White","No","No","Married","High School"
109961,"Male","White","No","Yes","Married","Associate"
108952,"Male","Hispanic or Latino","Prefer Not to Say","No","Single","Doctorate"
104417,"Female","Hispanic or Latino","No","No","Single","High School"
100613,"Female","Hispanic or Latino","No","No","Divorced","Master"
104533,"Male","Asian","No","No","Married","Master"
104299,"Male","Black or African American","No","No","Married","Master"
105728,"Male","Black or African American","No","No","Single","Bachelor"
108804,"Female","American Indian or Alaska Native","No","Yes","Single","Bachelor"
106828,"Female","Two or More Races","No","No","Married","Associate"
108139,"Male","White","No","No","Single","Bachelor"
106925,"Female","Hispanic or Latino","No","No","Married","High School"
106833,"Female","Asian","No","No","Single","Bachelor"
107542,"Male","Hispanic or Latino","Prefer Not to Say","No","Married","High School"
100882,"Male","White","No","No","Single","Master"
103564,"Female","White","Yes","No","Single","Master"
103202,"Female","Hispanic or Latino","No","No","Married","Master"
104335,"Male","Hispanic or Latino","No","No","Single","Bachelor"
104850,"Female","Hispanic or Latino","No","No","Married","Master"
105118,"Female","Black or African American","No","No","Married","Bachelor"
103001,"Male","White","No","No","Single","Bachelor"
102101,"Female","White","No","Prefer Not to Say","Single","Bachelor"
109041,"Female","Prefer Not to Say","Prefer Not to Say","Yes","Divorced","Master"
104025,"Male","Two or More Races","Yes","No","Single","Bachelor"
109925,"Male","Black or African American","No","Yes","Married","Bachelor"
106293,"Male","Hispanic or Latino","No","No","Married","Bachelor"
107307,"Female","Black or African American","No","No","Divorced","Bachelor"
103032,"Female","Prefer Not to Say","No","No","Single","High School"
100881,"Female","White","No","No","Married","High School"
103364,"Female","Asian","No","No","Married","Bachelor"
107481,"Female","White","No","No","Prefer Not to Say","Bachelor"
101779,"Male","Asian","No","No","Married","Associate"
105457,"Female","White","No","Prefer Not to Say","Married","Associate"
108202,"Male","Asian","No","No","Married","High School"
100839,"Female","Asian","No","No","Single","Bachelor"
108308,"Female","Asian","Yes","No","Married","Bachelor"
105408,"Non-Binary","Hispanic or Latino","Yes","No","Married","Doctorate"
107044,"Male","White","No","No","Married","Doctorate"
104693,"Female","Hispanic or Latino","No","No","Married","Associate"
105781,"Male","Black or African American","No","No","Single","Bachelor"
105652,"Non-Binary","White","No","No","Single","High School"
109657,"Female","White","No","No","Single","Bachelor"
104733,"Male","White","No","No","Single","High School"
109356,"Female","Prefer Not to Say","No","No","Single","Bachelor"
101711,"Female","White","Yes","No","Single","Bachelor"
107234,"Female","Black or African American","No","No","Single","Bachelor"
105452,"Female","White","No","No","Married","High School"
100719,"Female","Black or African American","No","No","Married","Bachelor"
105786,"Female","Black or African American","No","No","Single","High School"
107471,"Female","Hispanic or Latino","No","No","Married","Master"
107256,"Male","Two or More Races","No","No","Married","Bachelor"
107837,"Female","White","No","No","Single","Bachelor"
103879,"Male","Hispanic or Latino","No","No","Married","Master"
104882,"Male","White","No","No","Single","Bachelor"
107401,"Male","White","No","No","Married","Master"
106477,"Male","White","No","Yes","Married","High School"
106987,"Female","Hispanic or Latino","No","No","Married","Bachelor"
100917,"Female","Hispanic or Latino","No","No","Married","Bachelor"
106579,"Male","Black or African American","No","No","Married","Bachelor"
102405,"Female","Asian","No","No","Married","Master"
103737,"Male","Two or More Races","No","No","Married","Associate"
100277,"Male","Hispanic or Latino","No","No","Single","Bachelor"
107955,"Male","Hispanic or Latino","No","No","Married","Bachelor"
101452,"Female","Prefer Not to Say","No","No","Single","Bachelor"
109817,"Female","Black or African American","No","No","Married","Bachelor"
109901,"Female","White","Yes","No","Married","Bachelor"
106709,"Female","White","No","No","Single","Bachelor"
106730,"Male","White","No","No","Single","Associate"
105622,"Female","White","No","No","Married","Bachelor"
106646,"Male","Hispanic or Latino","No","No","Married","Associate"
108027,"Female","Native Hawaiian or Pacific Islander","No","No","Single","Bachelor"
108031,"Male","Hispanic or Latino","No","No","Prefer Not to Say","Doctorate"
104466,"Male","Hispanic or Latino","No","No","Married","Master"
100828,"Male","Prefer Not to Say","No","No","Married","Associate"
107047,"Female","Hispanic or Latino","No","No","Married","Bachelor"
107433,"Male","Hispanic or Latino","No","No","Single","Doctorate"
101762,"Male","White","No","No","Married","Associate"
108405,"Male","Hispanic or Latino","Yes","No","Single","Doctorate"
106342,"Female","Hispanic or Latino","No","No","Divorced","Associate"
105887,"Male","Two or More Races","No","No","Prefer Not to Say","Master"
109919,"Female","Black or African American","No","No","Single","High School"
100633,"Male","Hispanic or Latino","No","No","Single","Bachelor"
109730,"Male","Hispanic or Latino","No","No","Single","Bachelor"
108364,"Male","Prefer Not to Say","No","No","Single","Bachelor"
102061,"Male","White","No","No","Married","High School"
107076,"Male","White","No","Yes","Divorced","Bachelor"
105855,"Female","White","No","Prefer Not to Say","Single","Associate"
105229,"Male","Hispanic or Latino","No","No","Single","Master"
108163,"Male","Two or More Races","No","No","Married","Bachelor"
109971,"Male","White","No","No","Single","High School"
109517,"Male","Black or African American","No","No","Divorced","Master"
103037,"Female","Native Hawaiian or Pacific Islander","No","No","Married","High School"
102726,"Male","Asian","No","No","Single","Master"
108277,"Male","White","No","No","Divorced","Associate"
100556,"Female","White","Yes","No","Married","Doctorate"
108786,"Female","White","No","No","Single","Bachelor"
106982,"Female","White","No","No","Married","Doctorate"
103546,"Female","White","No","No","Married","Doctorate"
103926,"Male","White","No","No","Married","Bachelor"
106254,"Male","White","No","No","Married","Associate"
102077,"Male","Black or African American","No","No","Single","Associate"
101376,"Male","Hispanic or Latino","No","No","Married","High School"
104995,"Male","White","No","No","Married","Bachelor"
106780,"Male","Hispanic or Latino","Yes","No","Divorced","High School"
104892,"Female","Hispanic or Latino","No","No","Married","Doctorate"
106572,"Female","Hispanic or Latino","No","No","Married","Master"
101490,"Female","Asian","No","No","Married","Bachelor"
103881,"Male","Black or African American","No","No","Married","Master"
106911,"Female","White","No","Yes","Prefer Not to Say","Bachelor"
108669,"Female","Hispanic or Latino","No","No","Married","Master"
102932,"Female","Hispanic or Latino","Yes","No","Married","Master"
104178,"Female","Hispanic or Latino","Prefer Not to Say","No","Married","Bachelor"
105293,"Female","White","No","No","Married","Bachelor"
101579,"Female","Asian","No","No","Married","Associate"
108676,"Male","Hispanic or Latino","No","No","Married","Master"
107198,"Male","White","No","Prefer Not to Say","Married","Master"
109494,"Female","Hispanic or Latino","No","No","Married","Bachelor"
106583,"Non-Binary","Black or African American","No","No","Single","Bachelor"
105716,"Female","White","No","Prefer Not to Say","Married","Master"
100684,"Female","Black or African American","Yes","No","Married","Bachelor"
109801,"Female","Black or African American","No","No","Married","Associate"
101323,"Female","Prefer Not to Say","No","No","Married","Bachelor"
107246,"Female","Two or More Races","No","Yes","Married","Bachelor"
106147,"Male","Hispanic or Latino","No","No","Single","Bachelor"
104349,"Male","Hispanic or Latino","No","No","Divorced","Master"
101727,"Male","Hispanic or Latino","No","No","Married","High School"
101534,"Male","White","No","No","Prefer Not to Say","Bachelor"
102845,"Male","Asian","No","No","Prefer Not to Say","Bachelor"
109607,"Female","Asian","No","No","Married","High School"
100123,"Male","Black or African American","No","No","Divorced","Associate"
107641,"Male","Asian","No","No","Prefer Not to Say","Bachelor"
102440,"Male","White","No","No","Single","Master"
103086,"Female","Hispanic or Latino","No","No","Single","Master"
106416,"Female","Asian","No","No","Single","High School"
104529,"Male","Black or African American","No","No","Prefer Not to Say","Bachelor"
106619,"Female","Hispanic or Latino","No","No","Divorced","High School"
103619,"Male","Prefer Not to Say","No","No","Married","High School"
107858,"Male","White","No","No","Married","Bachelor"
106546,"Male","White","No","No","Married","Bachelor"
104817,"Female","Hispanic or Latino","No","No","Divorced","Master"
102784,"Female","American Indian or Alaska Native","No","No","Prefer Not to Say","Doctorate"
104714,"Non-Binary","Black or African American","No","No","Single","Master"
107415,"Male","Asian","Prefer Not to Say","No","Single","High School"
109101,"Male","White","No","No","Married","Master"
101178,"Non-Binary","Asian","Yes","No","Single","Associate"
100219,"Female","Native Hawaiian or Pacific Islander","No","No","Single","Master"
100838,"Female","White","No","Prefer Not to Say","Married","High School"
105960,"Female","Two or More Races","No","No","Single","Bachelor"
102666,"Male","Two or More Races","Yes","No","Married","Master"
109361,"Female","Hispanic or Latino","No","No","Single","Bachelor"
100783,"Female","Hispanic or Latino","No","Prefer Not to Say","Married","Master"
101223,"Female","Hispanic or Latino","No","No","Divorced","High School"
109685,"Female","Black or African American","No","Prefer Not to Say","Married","Associate"
109862,"Female","White","No","No","Married","Master"
103758,"Female","Hispanic or Latino","No","No","Prefer Not to Say","Bachelor"
104775,"Female","White","No","No","Married","Bachelor"
109350,"Male","Hispanic or Latino","No","No","Single","Bachelor"
106385,"Female","Hispanic or Latino","No","No","Single","Bachelor"
102780,"Male","White","No","No","Married","High School"
104379,"Female","White","No","No","Married","High School"
107321,"Female","White","No","No","Divorced","Associate"
102028,"Female","White","No","No","Married","Bachelor"
103162,"Male","Hispanic or Latino","No","No","Married","Master"
106670,"Female","White","No","No","Single","High School"
103684,"Male","Prefer Not to Say","No","No","Married","Bachelor"
104053,"Female","Asian","No","No","Divorced","High School"
108475,"Male","White","No","No","Married","High School"
107583,"Female","White","No","No","Single","Associate"
100527,"Male","Black or African American","No","Yes","Divorced","Bachelor"
102853,"Male","Asian","Yes","No","Married","Bachelor"
102075,"Female","White","No","No","Married","Doctorate"
102011,"Female","Hispanic or Latino","No","No","Divorced","Bachelor"
103834,"Male","White","No","No","Divorced","High School"
107857,"Male","Black or African American","No","Yes","Married","Doctorate"
102815,"Female","White","No","No","Single","Bachelor"
108876,"Male","Black or African American","Yes","No","Single","Associate"
102210,"Female","White","No","Yes","Divorced","Bachelor"
106763,"Female","Two or More Races","No","No","Married","Master"
105551,"Non-Binary","White","No","No","Single","Doctorate"
105092,"Female","White","No","No","Single","Master"
106427,"Female","Hispanic or Latino","No","No","Divorced","Bachelor"
101792,"Female","White","Yes","No","Prefer Not to Say","Bachelor"
107720,"Male","White","No","Yes","Divorced","Bachelor"
108160,"Female","Black or African American","No","Prefer Not to Say","Single","Bachelor"
108382,"Female","Black or African American","Prefer Not to Say","No","Married","Bachelor"
109253,"Female","Hispanic or Latino","No","No","Divorced","High School"
107465,"Male","Hispanic or Latino","No","No","Divorced","Bachelor"
108677,"Female","Asian","No","No","Single","Master"
102026,"Male","Native Hawaiian or Pacific Islander","No","No","Married","Master"
109843,"Male","Asian","Yes","No","Married","Bachelor"
103256,"Female","White","No","No","Married","Master"
103126,"Female","White","No","No","Married","Master"
101956,"Female","White","No","No","Married","High School"
105529,"Female","Black or African American","No","No","Single","Bachelor"
102488,"Male","White","Prefer Not to Say","No","Married","Master"
104107,"Female","Hispanic or Latino","No","No","Married","Master"
104553,"Male","White","Yes","No","Single","High School"
102854,"Male","White","No","Yes","Married","High School"
108186,"Female","Hispanic or Latino","No","No","Single","Bachelor"
104891,"Female","Hispanic or Latino","No","No","Prefer Not to Say","Bachelor"
104852,"Female","Two or More Races","No","No","Married","Master"
103636,"Male","Hispanic or Latino","No","Yes","Married","Bachelor"
106331,"Female","White","No","No","Married","Master"
107280,"Male","Black or African American","Yes","No","Married","High School"
109022,"Male","Hispanic or Latino","No","No","Single","Master"
101528,"Female","Prefer Not to Say","No","No","Single","Master"
109409,"Female","Asian","Yes","No","Single","High School"
105724,"Male","Hispanic or Latino","No","No","Married","Bachelor"
105094,"Female","White","No","No","Married","Doctorate"
102053,"Male","White","No","No","Divorced","Master"
109309,"Male","White","No","No","Married","Associate"
101981,"Female","Prefer Not to Say","No","No","Divorced","Bachelor"
102264,"Female","White","No","Yes","Single","High School"
106231,"Female","Hispanic or Latino","No","No","Single","Associate"
102988,"Male","White","No","No","Single","Bachelor"
107664,"Female","White","No","Prefer Not to Say","Married","Master"
103213,"Female","Native Hawaiian or Pacific Islander","No","No","Married","Master"
109017,"Female","Black or African American","Prefer Not to Say","No","Married","Doctorate"
102307,"Male","Asian","No","No","Married","Associate"
109665,"Female","Hispanic or Latino","No","No","Single","Bachelor"
109031,"Female","Black or African American","No","No","Married","Bachelor"
101818,"Non-Binary","Hispanic or Latino","Prefer Not to Say","No","Divorced","Bachelor"
100859,"Male","Black or African American","No","No","Single","Master"
101484,"Female","Hispanic or Latino","Yes","No","Divorced","Associate"
104125,"Female","Asian","No","Yes","Married","Associate"
101870,"Male","White","Yes","No","Married","High School"
106347,"Female","Asian","No","No","Prefer Not to Say","Bachelor"
107883,"Female","Hispanic or Latino","No","No","Single","Bachelor"
105367,"Female","Asian","No","No","Married","Master"
104203,"Female","Black or African American","No","No","Divorced","Bachelor"
107789,"Female","Black or African American","Yes","No","Single","Master"
101897,"Female","Hispanic or Latino","No","No","Prefer Not to Say","Master"
106919,"Male","Prefer Not to Say","No","No","Divorced","Bachelor"
105867,"Female","White","No","No","Married","High School"
104436,"Male","White","No","Prefer Not to Say","Single","Doctorate"
108053,"Male","Hispanic or Latino","No","No","Married","Bachelor"
100640,"Male","Black or African American","No","No","Single","Bachelor"
105759,"Female","White","No","Yes","Single","Master"
101188,"Male","Black or African American","No","No","Married","Master"
108793,"Female","White","No","Prefer Not to Say","Prefer Not to Say","Master"
100005,"Female","White","No","No","Single","Bachelor"
109521,"Female","Asian","No","Prefer Not to Say","Married","Bachelor"
106502,"Female","White","No","No","Married","Bachelor"
104127,"Male","Black or African American","No","No","Divorced","Associate"
103477,"Male","Prefer Not to Say","No","No","Married","Master"
108433,"Male","White","Yes","No","Married","Bachelor"
109014,"Non-Binary","White","No","No","Single","Bachelor"
106463,"Female","Black or African American","No","No","Married","High School"
107007,"Male","White","No","No","Married","Bachelor"
104956,"Female","Hispanic or Latino","No","No","Single","Master"
108623,"Female","Asian","No","No","Married","Associate"
106049,"Male","Hispanic or Latino","No","No","Married","Bachelor"
100491,"Male","White","No","No","Prefer Not to Say","Bachelor"
102865,"Male","Black or African American","No","No","Single","Bachelor"
108989,"Male","Asian","No","No","Single","Master"
102462,"Female","White","Yes","No","Married","Bachelor"
100592,"Female","Two or More Races","No","No","Single","Bachelor"
105625,"Female","White","No","No","Divorced","Bachelor"
101023,"Female","White","No","No","Married","Bachelor"
107613,"Female","Hispanic or Latino","No","No","Married","Master"
102830,"Male","Hispanic or Latino","No","Yes","Married","High School"
103880,"Female","Hispanic or Latino","No","Yes","Single","Bachelor"
100280,"Male","Prefer Not to Say","No","No","Married","Master"
106484,"Female","Hispanic or Latino","No","No","Single","Bachelor"
109895,"Male","White","No","No","Divorced","Bachelor"
109180,"Female","White","No","No","Single","High School"
104165,"Female","White","No","No","Single","Associate"
107876,"Female","Asian","No","No","Divorced","Master"
104771,"Male","Black or African American","No","No","Divorced","Master"
108263,"Male","Asian","Prefer Not to Say","No","Single","Master"
104689,"Male","Hispanic or Latino","No","No","Single","Master"
102084,"Female","Black or African American","Prefer Not to Say","No","Single","Doctorate"
102252,"Female","Prefer Not to Say","No","No","Single","High School"
100644,"Male","Hispanic or Latino","No","No","Married","Bachelor"
101937,"Female","Black or African American","No","No","Single","Doctorate"
100772,"Male","White","No","No","Single","Bachelor"
102379,"Female","Two or More Races","No","No","Married","Master"
104506,"Male","White","No","No","Prefer Not to Say","Bachelor"
108684,"Male","Hispanic or Latino","No","No","Married","Associate"
104355,"Male","Two or More Races","No","No","Single","Doctorate"
100713,"Female","Hispanic or Latino","Prefer Not to Say","No","Single","Doctorate"
101005,"Male","Hispanic or Latino","No","No","Married","Master"
106879,"Male","Hispanic or Latino","No","No","Married","Associate"
100362,"Male","Hispanic or Latino","No","No","Married","Bachelor"
102649,"Non-Binary","White","No","No","Single","High School"
106497,"Male","White","Prefer Not to Say","No","Married","High School"
105857,"Female","Asian","No","No","Single","Bachelor"
104147,"Male","Hispanic or Latino","No","No","Divorced","Master"
107874,"Male","Two or More Races","No","No","Prefer Not to Say","High School"
109502,"Female","White","No","No","Married","Master"
107362,"Female","Hispanic or Latino","No","No","Married","Associate"
103994,"Female","Asian","No","No","Divorced","Master"
107217,"Female","Hispanic or Latino","No","No","Divorced","Bachelor"
106288,"Male","White","No","Prefer Not to Say","Single","Bachelor"
106016,"Male","White","No","No","Single","High School"
108686,"Female","Black or African American","Yes","Yes","Single","Bachelor"
100294,"Male","Hispanic or Latino","No","No","Single","Bachelor"
102596,"Male","White","No","No","Married","Master"
103397,"Female","White","No","No","Single","High School"
103467,"Male","White","Prefer Not to Say","No","Married","Bachelor"
102477,"Male","White","No","No","Married","Bachelor"
106834,"Female","Hispanic or Latino","No","No","Married","Bachelor"
106386,"Male","Hispanic or Latino","No","No","Single","High School"
109198,"Male","Hispanic or Latino","No","No","Married","Master"
102822,"Male","White","No","No","Married","Bachelor"
103282,"Male","Asian","Prefer Not to Say","No","Married","Bachelor"
102458,"Male","Asian","No","No","Married","Master"
105022,"Male","Hispanic or Latino","No","Yes","Single","Bachelor"
105139,"Female","Hispanic or Latino","No","No","Single","Bachelor"
103523,"Female","Hispanic or Latino","Yes","No","Prefer Not to Say","High School"
100942,"Female","White","Yes","No","Married","Bachelor"
109566,"Male","White","Yes","No","Married","Bachelor"
109869,"Female","Hispanic or Latino","No","No","Married","Associate"
102641,"Female","Hispanic or Latino","No","No","Married","Bachelor"
107937,"Male","White","No","No","Married","Master"
109027,"Male","White","No","No","Prefer Not to Say","High School"
100741,"Female","Hispanic or Latino","No","Prefer Not to Say","Divorced","Bachelor"
105679,"Male","Black or African American","No","No","Single","Associate"
101622,"Female","Asian","No","No","Divorced","High School"
101639,"Female","Hispanic or Latino","Prefer Not to Say","No","Prefer Not to Say","Associate"
106384,"Female","Asian","No","Yes","Married","Master"
104510,"Female","Black or African American","No","No","Married","Doctorate"
100418,"Male","Hispanic or Latino","Yes","No","Married","Associate"
102339,"Male","White","No","No","Single","Bachelor"
105163,"Male","Hispanic or Latino","No","No","Single","Bachelor"
108399,"Female","White","No","No","Married","Associate"
106074,"Male","Hispanic or Latino","No","No","Single","Master"
102544,"Male","Asian","Prefer Not to Say","No","Single","Bachelor"
109761,"Female","Hispanic or Latino","No","No","Single","Master"
108663,"Female","White","No","No","Single","Associate"
105912,"Male","White","No","No","Single","Bachelor"
102605,"Female","White","No","No","Married","Master"
107141,"Female","White","No","No","Single","Bachelor"
105619,"Male","American Indian or Alaska Native","No","No","Married","Bachelor"
102823,"Female","American Indian or Alaska Native","No","No","Divorced","Associate"
105380,"Female","White","No","No","Single","Master"
107776,"Female","Hispanic or Latino","No","No","Married","High School"
105898,"Male","White","No","No","Single","Bachelor"
102573,"Female","Hispanic or Latino","No","No","Divorced","Bachelor"
109565,"Female","Asian","No","No","Married","Bachelor"
105490,"Non-Binary","White","Yes","No","Single","Doctorate"
109646,"Female","White","No","No","Single","Master"
108090,"Female","Black or African American","No","No","Single","Bachelor"
108995,"Female","White","No","No","Single","Bachelor"
106639,"Male","White","No","No","Married","Bachelor"
103343,"Female","Hispanic or Latino","No","No","Married","Associate"
101654,"Female","White","No","No","Single","High School"
102033,"Non-Binary","Hispanic or Latino","No","No","Married","Bachelor"
106887,"Female","White","No","No","Prefer Not to Say","High School"
107979,"Male","Prefer Not to Say","No","No","Single","High School"
101236,"Male","Black or African American","No","No","Single","Bachelor"
107690,"Female","White","No","No","Divorced","Bachelor"
104264,"Male","White","No","No","Single","Master"
100207,"Female","Asian","No","No","Married","Associate"
102313,"Male","Asian","No","No","Single","Bachelor"
102690,"Female","White","No","No","Divorced","Bachelor"
108993,"Male","Hispanic or Latino","No","No","Married","Bachelor"
107485,"Male","Asian","No","No","Married","Associate"
107071,"Male","White","No","No","Married","Master"
107476,"Male","Asian","No","No","Married","High School"
101428,"Female","Asian","No","No","Single","Doctorate"
100412,"Female","Prefer Not to Say","No","No","Married","Bachelor"
107630,"Female","Hispanic or Latino","No","No","Single","Bachelor"
105543,"Female","Asian","No","Yes","Single","Doctorate"
109090,"Female","Hispanic or Latino","No","No","Married","High School"
100165,"Male","Native Hawaiian or Pacific Islander","No","No","Single","High School"
108967,"Male","Hispanic or Latino","No","No","Single","Bachelor"
104166,"Female","Black or African American","No","No","Married","Associate"
105145,"Male","American Indian or Alaska Native","No","No","Single","High School"
106723,"Female","Asian","No","No","Single","Bachelor"
107068,"Male","Hispanic or Latino","No","No","Divorced","Master"
103395,"Female","Hispanic or Latino","No","No","Married","Bachelor"
108222,"Male","White","Prefer Not to Say","No","Married","Bachelor"
101192,"Female","Asian","No","No","Single","Bachelor"
108702,"Female","White","No","No","Single","Bachelor"
101021,"Female","Black or African American","No","No","Married","High School"
101539,"Male","Black or African American","Yes","No","Divorced","Bachelor"
103663,"Male","Hispanic or Latino","Yes","No","Married","High School"
109083,"Male","Asian","No","No","Prefer Not to Say","Bachelor"
107555,"Female","Hispanic or Latino","No","No","Single","Associate"
104920,"Male","White","No","No","Single","High School"
105599,"Female","Prefer Not to Say","No","No","Married","Master"
102934,"Male","Asian","No","No","Divorced","Master"
101633,"Female","Hispanic or Latino","No","No","Single","Doctorate"
105162,"Female","White","No","No","Married","High School"
102571,"Non-Binary","White","No","No","Married","High School"
108959,"Female","White","No","No","Married","High School"
108007,"Male","Black or African American","No","No","Married","Bachelor"
106296,"Male","Black or African American","No","No","Single","Bachelor"
109247,"Female","White","No","No","Prefer Not to Say","Bachelor"
106170,"Female","White","Yes","No","Married","Bachelor"
107728,"Female","White","No","No","Married","Associate"
109601,"Female","Black or African American","No","No","Married","Associate"
109813,"Male","Hispanic or Latino","No","No","Single","Master"
108052,"Female","Hispanic or Latino","No","No","Single","High School"
109676,"Male","White","No","No","Divorced","Bachelor"
107469,"Male","White","No","No","Married","Associate"
108912,"Male","Hispanic or Latino","No","No","Married","Bachelor"
108014,"Male","Black or African American","No","No","Single","Bachelor"
104029,"Female","White","No","No","Married","Associate"
105715,"Male","White","No","No","Prefer Not to Say","High School"
108196,"Female","Hispanic or Latino","No","No","Married","High School"
108493,"Male","Asian","No","No","Married","Bachelor"
108344,"Female","Hispanic or Latino","No","No","Married","Bachelor"
101988,"Male","Asian","No","No","Married","Associate"
101375,"Male","Hispanic or Latino","No","No","Married","Bachelor"
100254,"Female","White","No","Yes","Married","High School"
103863,"Female","Hispanic or Latino","No","No","Married","Master"
105345,"Female","White","Prefer Not to Say","No","Single","Master"
108469,"Female","White","No","No","Single","High School"
104967,"Female","Asian","No","No","Single","Bachelor"
108270,"Male","Asian","No","No","Married","Bachelor"
107522,"Male","White","No","No","Single","Bachelor"
109334,"Male","Hispanic or Latino","No","No","Married","Bachelor"
108158,"Male","Hispanic or Latino","No","No","Married","Bachelor"
100366,"Male","White","No","No","Married","Master"
101455,"Female","Asian","No","No","Married","High School"
106255,"Male","White","No","No","Married","Bachelor"
103689,"Female","Hispanic or Latino","No","No","Single","High School"
102933,"Female","Black or African American","No","No","Married","Master"
101679,"Male","Asian","Prefer Not to Say","No","Married","Doctorate"
109319,"Male","Black or African American","No","Prefer Not to Say","Married","Doctorate"
100285,"Male","Asian","No","No","Married","Associate"
105244,"Male","Black or African American","No","No","Single","Associate"
104064,"Male","Hispanic or Latino","No","No","Divorced","Master"
102091,"Male","White","No","No","Married","Master"
105385,"Female","White","Yes","No","Single","Associate"
109111,"Male","White","No","No","Single","Bachelor"
100127,"Male","Hispanic or Latino","No","No","Divorced","Associate"
104998,"Female","White","No","No","Divorced","Bachelor"
102783,"Male","Black or African American","No","No","Single","Bachelor"
102938,"Female","Black or African American","No","No","Married","Master"
101498,"Male","Asian","No","No","Married","Associate"
108127,"Female","Hispanic or Latino","No","No","Married","Bachelor"
103205,"Female","White","No","No","Single","High School"
105197,"Female","Hispanic or Latino","No","No","Married","High School"
104040,"Female","Asian","No","No","Single","Bachelor"
108018,"Male","White","No","No","Single","Bachelor"
108129,"Male","Black or African American","No","No","Married","Bachelor"
108771,"Male","White","No","No","Single","Bachelor"
100029,"Male","Hispanic or Latino","No","No","Married","High School"
106655,"Male","Hispanic or Latino","No","No","Married","Doctorate"
100612,"Male","Black or African American","No","No","Single","Master"
107950,"Female","White","No","No","Married","Bachelor"
105611,"Female","White","No","No","Single","Bachelor"
104425,"Male","Asian","No","No","Single","Associate"
109943,"Female","Asian","No","No","Married","Bachelor"
105509,"Female","White","No","No","Divorced","Doctorate"
101259,"Male","Hispanic or Latino","No","Prefer Not to Say","Single","Bachelor"
108960,"Male","Native Hawaiian or Pacific Islander","No","Prefer Not to Say","Married","Bachelor"
102825,"Male","Black or African American","No","No","Married","Associate"
102829,"Male","Hispanic or Latino","Yes","No","Married","High School"
106652,"Female","White","No","No","Married","Doctorate"
108824,"Female","White","No","No","Single","Bachelor"
102580,"Male","White","No","No","Single","Bachelor"
106209,"Female","Asian","No","No","Married","Master"
103005,"Female","Black or African American","No","No","Single","Bachelor"
104814,"Female","White","Yes","No","Married","Associate"
101077,"Male","Asian","No","No","Divorced","High School"
105451,"Female","White","No","No","Single","Bachelor"
107631,"Male","White","No","No","Single","Associate"
109411,"Female","Asian","No","No","Single","Master"
105323,"Female","White","No","No","Married","Bachelor"
103940,"Male","Prefer Not to Say","No","No","Married","Master"
109395,"Female","Asian","Yes","No","Single","Bachelor"
103733,"Male","Hispanic or Latino","No","No","Single","Master"
105159,"Male","White","No","No","Single","Associate"
103945,"Female","Prefer Not to Say","No","Yes","Single","Master"
104851,"Female","White","No","No","Single","Associate"
108437,"Female","White","No","No","Married","Master"
101781,"Female","White","Yes","Prefer Not to Say","Married","Bachelor"
108529,"Female","White","Prefer Not to Say","No","Single","Doctorate"
106567,"Female","Hispanic or Latino","No","No","Married","Associate"
108144,"Male","White","No","No","Married","High School"
103259,"Female","Two or More Races","No","No","Married","Bachelor"
102437,"Male","Black or African American","No","No","Divorced","Master"
106521,"Male","Asian","No","No","Married","Bachelor"
104262,"Female","Black or African American","No","No","Single","Associate"
106245,"Female","Asian","No","No","Single","Associate"
109077,"Female","White","No","No","Married","Associate"
102718,"Male","Black or African American","No","No","Single","Associate"
107182,"Male","Black or African American","Prefer Not to Say","No","Married","Bachelor"
103538,"Female","Prefer Not to Say","No","No","Married","Associate"
105438,"Female","Black or African American","No","No","Divorced","Bachelor"
104515,"Male","Asian","No","No","Married","Bachelor"
101660,"Male","Black or African American","No","No","Married","Doctorate"
101965,"Female","White","Yes","Yes","Single","High School"
106481,"Male","Hispanic or Latino","Prefer Not to Say","No","Single","Bachelor"
107050,"Male","Two or More Races","No","No","Married","Associate"
101506,"Female","Hispanic or Latino","No","Prefer Not to Say","Married","Master"
105573,"Female","Black or African American","No","No","Married","Bachelor"
104631,"Female","Asian","No","No","Married","High School"
104360,"Male","Hispanic or Latino","No","No","Single","Bachelor"
101783,"Female","White","No","No","Married","High School"
104229,"Female","Hispanic or Latino","No","No","Divorced","Associate"
100109,"Male","Hispanic or Latino","Yes","No","Single","High School"
108990,"Male","Hispanic or Latino","No","No","Single","Associate"
102763,"Male","White","No","No","Single","High School"
106343,"Male","White","No","Prefer Not to Say","Prefer Not to Say","Bachelor"
106733,"Male","Black or African American","No","No","Single","Bachelor"
107615,"Male","Hispanic or Latino","No","No","Divorced","Master"
101702,"Female","White","No","No","Married","Bachelor"
103352,"Female","Black or African American","No","No","Single","Master"
102601,"Male","White","No","No","Single","Bachelor"
100145,"Male","Asian","No","No","Single","Associate"
102438,"Female","White","No","No","Prefer Not to Say","Associate"
106338,"Female","Black or African American","No","No","Married","Bachelor"
109392,"Female","Two or More Races","Prefer Not to Say","No","Married","High School"
102503,"Female","Hispanic or Latino","No","No","Married","Bachelor"
104168,"Male","Black or African American","No","No","Married","Doctorate"
101774,"Male","Asian","No","No","Married","Associate"
107262,"Female","Black or African American","No","No","Married","High School"
101768,"Female","Asian","No","No","Divorced","Bachelor"
104669,"Male","Hispanic or Latino","No","No","Married","Associate"
106959,"Female","Prefer Not to Say","No","No","Married","Master"
108552,"Female","Asian","No","No","Single","Associate"
106814,"Male","Asian","Prefer Not to Say","No","Single","Associate"
104989,"Male","White","Prefer Not to Say","No","Single","Bachelor"
100485,"Female","Hispanic or Latino","No","No","Married","Associate"
102803,"Female","Black or African American","No","No","Married","Bachelor"
101857,"Male","Hispanic or Latino","No","No","Married","Bachelor"
107320,"Non-Binary","Prefer Not to Say","No","No","Married","Bachelor"
102566,"Male","Hispanic or Latino","Yes","No","Married","Bachelor"
106963,"Female","White","No","Yes","Single","Associate"
102761,"Male","Black or African American","No","No","Single","Bachelor"
103140,"Female","White","No","No","Single","Master"
104240,"Female","Hispanic or Latino","Prefer Not to Say","No","Single","Bachelor"
104002,"Male","Hispanic or Latino","No","No","Married","Master"
101414,"Male","Hispanic or Latino","No","Yes","Single","Bachelor"
102811,"Male","Hispanic or Latino","No","No","Married","Bachelor"
101152,"Male","White","No","No","Married","High School"
106666,"Female","White","No","No","Single","Associate"
108011,"Male","White","Yes","No","Single","Doctorate"
102790,"Female","White","Prefer Not to Say","No","Single","Master"
107325,"Female","White","No","No","Married","Bachelor"
103347,"Male","Black or African American","No","No","Divorced","Bachelor"
108486,"Female","Asian","No","No","Single","Master"
109476,"Female","Asian","No","No","Married","High School"
107087,"Female","White","No","No","Prefer Not to Say","High School"
104382,"Female","Asian","No","No","Married","High School"
106138,"Male","American Indian or Alaska Native","No","No","Single","Bachelor"
100472,"Female","White","No","No","Married","Bachelor"
108722,"Male","Asian","No","No","Single","High School"
107721,"Female","White","Yes","No","Married","Master"
101029,"Female","White","No","No","Single","Master"
108221,"Female","White","No","No","Married","High School"
108261,"Female","Asian","No","No","Married","Bachelor"
107064,"Male","Two or More Races","No","Yes","Divorced","Bachelor"
100618,"Female","White","No","No","Married","Bachelor"
100479,"Male","Hispanic or Latino","No","No","Married","Bachelor"
103046,"Female","Hispanic or Latino","No","No","Married","Bachelor"
105684,"Male","American Indian or Alaska Native","No","No","Single","Bachelor"
105772,"Female","Hispanic or Latino","No","No","Single","Bachelor"
104014,"Male","White","No","Yes","Married","Master"
100752,"Female","Prefer Not to Say","No","No","Single","Bachelor"
101701,"Male","Hispanic or Latino","No","No","Married","High School"
101886,"Male","Asian","No","No","Married","Bachelor"
109380,"Male","Two or More Races","No","No","Married","Bachelor"
103951,"Male","Asian","No","No","Single","Bachelor"
105474,"Female","White","No","No","Prefer Not to Say","High School"
107410,"Male","Asian","Yes","Yes","Divorced","Doctorate"
101171,"Female","Black or African American","No","No","Single","Bachelor"
107881,"Male","Hispanic or Latino","No","No","Prefer Not to Say","Bachelor"
105861,"Female","Hispanic or Latino","No","No","Married","Associate"
109561,"Female","Asian","No","No","Married","Doctorate"
108636,"Male","Hispanic or Latino","No","Prefer Not to Say","Married","High School"
106944,"Female","Hispanic or Latino","No","No","Single","Master"
109427,"Female","Asian","No","No","Single","Bachelor"
102552,"Male","White","No","No","Married","High School"
105444,"Male","Hispanic or Latino","No","No","Married","Bachelor"
103009,"Female","White","No","No","Single","Bachelor"
104552,"Female","White","No","No","Single","Bachelor"
108112,"Non-Binary","Prefer Not to Say","No","No","Married","Master"
102911,"Male","Black or African American","No","No","Divorced","High School"
100661,"Female","White","No","No","Single","Master"
105574,"Female","Asian","No","No","Single","Bachelor"
107763,"Male","White","Prefer Not to Say","No","Single","Associate"
102597,"Male","Hispanic or Latino","No","No","Married","Master"
103248,"Male","Hispanic or Latino","No","No","Divorced","Associate"
109557,"Male","White","No","No","Single","Bachelor"
104020,"Female","Two or More Races","No","No","Married","Bachelor"
103939,"Female","Asian","No","No","Prefer Not to Say","High School"
101184,"Female","Asian","No","No","Single","Master"
100423,"Female","Two or More Races","Prefer Not to Say","Yes","Single","Associate"
106576,"Female","Hispanic or Latino","No","Yes","Single","Master"
100804,"Female","Two or More Races","No","No","Married","Doctorate"
100505,"Male","Prefer Not to Say","No","No","Single","Bachelor"
109470,"Female","Asian","No","No","Married","High School"
105024,"Female","Asian","No","No","Single","Bachelor"
102834,"Female","White","No","No","Married","Associate"
106706,"Male","White","No","No","Married","Bachelor"
109274,"Female","White","No","No","Married","Master"
106025,"Male","Black or African American","No","No","Single","Bachelor"
107442,"Male","Hispanic or Latino","No","No","Single","Master"
105176,"Male","Asian","No","No","Prefer Not to Say","Associate"
101361,"Male","White","No","No","Single","High School"
103150,"Female","Asian","No","No","Single","Bachelor"
104212,"Female","Asian","No","No","Divorced","High School"
103645,"Male","Asian","No","No","Married","High School"
102055,"Male","White","No","No","Single","High School"
106206,"Female","Hispanic or Latino","No","No","Married","Master"
106234,"Male","White","Yes","No","Married","High School"
104832,"Female","White","No","No","Married","Master"
108753,"Female","Hispanic or Latino","No","No","Married","Master"
108209,"Male","Hispanic or Latino","No","No","Married","High School"
104575,"Male","Asian","No","No","Divorced","High School"
104106,"Male","Prefer Not to Say","No","No","Single","Bachelor"
105290,"Female","Hispanic or Latino","No","No","Single","Bachelor"
108099,"Female","Hispanic or Latino","No","No","Married","Bachelor"
107670,"Male","White","No","No","Divorced","Associate"
101264,"Male","White","No","No","Single","Bachelor"
102595,"Female","White","No","No","Married","High School"
104419,"Female","Asian","No","No","Divorced","Bachelor"
107432,"Female","White","No","No","Married","Associate"
103065,"Male","Hispanic or Latino","No","No","Married","High School"
103283,"Male","White","No","No","Married","Associate"
109625,"Female","White","No","No","Married","High School"
108004,"Female","Hispanic or Latino","No","No","Married","Bachelor"
101895,"Female","Hispanic or Latino","No","No","Married","Associate"
104981,"Female","White","No","No","Married","High School"
106104,"Female","White","No","Prefer Not to Say","Single","High School"
103978,"Female","Asian","No","Yes","Divorced","Bachelor"
105943,"Male","Hispanic or Latino","No","No","Married","High School"
109786,"Female","Asian","No","Yes","Prefer Not to Say","Master"
107949,"Female","White","No","No","Divorced","Bachelor"
102402,"Male","Asian","No","No","Single","Bachelor"
100908,"Male","Black or African American","No","No","Married","Bachelor"
109644,"Female","Hispanic or Latino","No","No","Single","Master"
109757,"Non-Binary","Asian","Yes","No","Prefer Not to Say","Bachelor"
100398,"Male","White","No","Prefer Not to Say","Single","Bachelor"
106718,"Female","Hispanic or Latino","No","Yes","Single","Master"
103181,"Non-Binary","Black or African American","No","Prefer Not to Say","Single","High School"
105261,"Male","White","Yes","No","Single","Bachelor"
103616,"Male","Hispanic or Latino","No","No","Married","Associate"
109072,"Female","Asian","No","Prefer Not to Say","Married","High School"
107609,"Female","Hispanic or Latino","No","No","Single","Bachelor"
102136,"Male","Two or More Races","No","No","Divorced","Bachelor"
100057,"Female","Two or More Races","No","No","Single","High School"
106367,"Female","Hispanic or Latino","Yes","No","Single","High School"
108945,"Female","Asian","Prefer Not to Say","No","Divorced","Bachelor"
107785,"Male","Hispanic or Latino","No","No","Married","High School"
101755,"Female","White","Prefer Not to Say","No","Married","Bachelor"
100753,"Female","Asian","No","No","Single","Bachelor"
100878,"Male","Hispanic or Latino","No","No","Married","Bachelor"
108622,"Female","Hispanic or Latino","No","No","Single","Bachelor"
108461,"Male","White","No","No","Divorced","Bachelor"
106207,"Male","Hispanic or Latino","Prefer Not to Say","No","Divorced","Master"
105801,"Female","Asian","No","No","Single","Associate"
103294,"Male","White","No","No","Single","Master"
109775,"Female","Two or More Races","No","No","Divorced","Bachelor"
108264,"Male","White","No","No","Married","Associate"
100862,"Female","White","No","No","Married","Bachelor"
104673,"Male","White","No","No","Married","Bachelor"
101927,"Male","Hispanic or Latino","No","No","Single","Bachelor"
103337,"Male","White","No","No","Married","Bachelor"
105466,"Male","Hispanic or Latino","No","No","Single","Bachelor"
104112,"Male","White","Yes","No","Married","High School"
109150,"Female","White","No","Prefer Not to Say","Single","Associate"
109734,"Female","Hispanic or Latino","No","No","Prefer Not to Say","Bachelor"
103088,"Female","White","No","No","Married","Master"
109103,"Female","White","No","No","Single","Master"
102164,"Female","White","No","No","Divorced","Bachelor"
104918,"Male","Prefer Not to Say","Yes","No","Married","Master"
105931,"Female","Black or African American","No","No","Prefer Not to Say","Bachelor"
108294,"Female","Asian","No","No","Married","Bachelor"
107253,"Female","Hispanic or Latino","No","No","Married","Master"
103946,"Male","White","No","No","Married","High School"
102308,"Female","Black or African American","No","No","Single","Associate"
107831,"Male","Black or African American","No","Prefer Not to Say","Married","Bachelor"
103304,"Male","White","No","Yes","Single","Associate"
102893,"Male","Black or African American","No","No","Single","Master"
105600,"Male","Asian","No","No","Married","Master"
102345,"Female","Asian","No","Yes","Married","High School"
104615,"Non-Binary","Two or More Races","No","No","Married","Bachelor"
103442,"Male","White","No","No","Prefer Not to Say","Associate"
106158,"Female","White","No","No","Single","Associate"
105796,"Male","White","No","No","Married","Doctorate"
100662,"Male","White","No","No","Single","Master"
105718,"Female","Hispanic or Latino","No","Prefer Not to Say","Married","Bachelor"
100237,"Female","Hispanic or Latino","Prefer Not to Say","No","Married","Bachelor"
101785,"Female","White","No","Prefer Not to Say","Single","Associate"
109611,"Male","Hispanic or Latino","No","No","Single","Associate"
104440,"Female","Black or African American","No","No","Married","Master"
109703,"Male","Hispanic or Latino","Yes","No","Married","Master"
106566,"Female","Hispanic or Latino","No","No","Single","Associate"
103512,"Male","Prefer Not to Say","No","No","Married","Associate"
102741,"Female","Hispanic or Latino","No","No","Married","Master"
104285,"Male","White","No","No","Married","Master"
108675,"Female","Hispanic or Latino","No","No","Single","Bachelor"
106813,"Male","White","No","No","Married","Master"
109736,"Male","Black or African American","No","No","Single","Master"
103496,"Female","Asian","No","No","Married","High School"
101628,"Female","White","No","No","Single","Bachelor"
105424,"Female","Two or More Races","No","No","Married","Master"
104027,"Female","Hispanic or Latino","No","No","Married","Bachelor"
101930,"Female","Asian","Yes","No","Divorced","High School"
105884,"Female","White","No","No","Married","Doctorate"
101913,"Male","Black or African American","No","No","Divorced","Master"
103841,"Male","White","No","No","Single","Master"
103530,"Male","Hispanic or Latino","No","No","Divorced","Bachelor"
109115,"Female","White","No","No","Single","Bachelor"
108162,"Male","Black or African American","No","No","Married","Master"
101790,"Male","Prefer Not to Say","No","No","Married","High School"
106397,"Female","Native Hawaiian or Pacific Islander","No","No","Single","Master"
107484,"Male","White","No","No","Single","Master"
103192,"Male","White","No","No","Single","Associate"
107257,"Female","White","Prefer Not to Say","No","Married","Bachelor"
105882,"Female","Asian","No","No","Single","Bachelor"
105164,"Female","Hispanic or Latino","No","No","Married","High School"
108582,"Female","Hispanic or Latino","No","No","Single","Bachelor"
100896,"Male","Two or More Races","No","No","Married","Bachelor"
106764,"Female","Black or African American","No","No","Married","Doctorate"
105414,"Female","Asian","No","No","Married","Bachelor"
106200,"Male","Hispanic or Latino","Yes","No","Divorced","Associate"
108645,"Non-Binary","Black or African American","No","No","Married","Master"
101512,"Female","Hispanic or Latino","No","No","Prefer Not to Say","Bachelor"
105097,"Male","White","Prefer Not to Say","No","Married","Master"
106823,"Female","White","No","No","Single","Bachelor"
108169,"Female","White","No","No","Married","Master"
100754,"Female","Asian","Yes","No","Married","Doctorate"
100210,"Male","Hispanic or Latino","No","No","Married","Master"
104589,"Male","Hispanic or Latino","No","No","Married","Doctorate"
100323,"Male","Asian","No","No","Single","Bachelor"
101026,"Male","White","No","No","Prefer Not to Say","Bachelor"
108366,"Female","White","No","No","Single","Associate"
109430,"Male","Black or African American","No","No","Single","Bachelor"
101740,"Male","White","No","No","Married","Bachelor"
109269,"Male","White","No","No","Married","Master"
106790,"Male","Asian","No","Yes","Married","Associate"
100084,"Male","Hispanic or Latino","No","No","Married","Bachelor"
106713,"Female","Hispanic or Latino","No","No","Single","Master"
102432,"Non-Binary","White","No","No","Married","Master"
104343,"Male","Hispanic or Latino","No","No","Single","Associate"
102590,"Male","Hispanic or Latino","No","No","Single","Doctorate"
104208,"Male","White","No","No","Married","Associate"
101057,"Male","Black or African American","No","No","Single","High School"
107346,"Female","Prefer Not to Say","No","No","Single","Bachelor"
107392,"Male","White","No","No","Married","Associate"
101742,"Female","White","No","No","Married","Bachelor"
101286,"Female","Black or African American","No","No","Single","Bachelor"
105535,"Male","Black or African American","No","No","Single","Bachelor"
105725,"Female","Prefer Not to Say","No","No","Married","Bachelor"
103634,"Female","American Indian or Alaska Native","No","No","Single","Bachelor"
105539,"Female","Hispanic or Latino","No","No","Married","Bachelor"
109580,"Female","Black or African American","No","No","Divorced","Master"
108275,"Female","Prefer Not to Say","No","No","Married","High School"
107183,"Female","Prefer Not to Say","No","No","Married","Bachelor"
107494,"Male","Black or African American","No","No","Single","Bachelor"
100105,"Male","White","No","No","Single","Bachelor"
109738,"Female","Asian","No","No","Married","Bachelor"
102491,"Male","White","Yes","No","Single","Bachelor"
101915,"Male","Hispanic or Latino","No","No","Married","High School"
102013,"Female","Hispanic or Latino","No","No","Single","Bachelor"
101017,"Female","Hispanic or Latino","No","No","Married","Bachelor"
101973,"Male","White","No","Yes","Married","High School"
106885,"Female","Black or African American","No","No","Single","High School"
108130,"Male","Native Hawaiian or Pacific Islander","No","No","Single","Master"
107638,"Female","Hispanic or Latino","No","No","Divorced","Bachelor"
103334,"Female","Hispanic or Latino","No","No","Married","Doctorate"
108958,"Male","Hispanic or Latino","No","No","Married","Bachelor"
106078,"Female","Prefer Not to Say","No","No","Married","Bachelor"
104460,"Male","White","No","No","Married","Bachelor"
103968,"Male","Prefer Not to Say","No","No","Single","High School"
102921,"Female","Hispanic or Latino","No","No","Married","Bachelor"
109585,"Male","Asian","No","No","Married","High School"
101249,"Male","White","Prefer Not to Say","No","Married","Bachelor"
108490,"Male","Black or African American","No","No","Single","Bachelor"
108171,"Male","White","No","Yes","Single","Bachelor"
108767,"Non-Binary","White","No","No","Married","Associate"
103110,"Male","Hispanic or Latino","No","No","Divorced","Bachelor"
101083,"Male","Black or African American","No","No","Married","Bachelor"
100935,"Male","Black or African American","No","No","Single","Bachelor"
108859,"Male","Hispanic or Latino","No","No","Single","Bachelor"
108519,"Female","White","No","No","Prefer Not to Say","Master"
100375,"Male","Hispanic or Latino","No","No","Single","High School"
102068,"Female","Two or More Races","No","Yes","Married","High School"
104686,"Male","Hispanic or Latino","Yes","No","Single","Associate"
108346,"Female","Two or More Races","No","No","Married","High School"
100261,"Male","Hispanic or Latino","No","No","Single","Bachelor"
105874,"Female","White","No","No","Married","High School"
104155,"Female","Prefer Not to Say","No","No","Single","Master"
104322,"Male","Black or African American","Yes","No","Single","Master"
103336,"Male","Prefer Not to Say","No","No","Single","High School"
107152,"Female","White","No","No","Single","Associate"
106375,"Male","White","No","No","Divorced","Bachelor"
101574,"Male","White","No","No","Single","Master"
104898,"Female","White","No","No","Married","Bachelor"
100487,"Female","Two or More Races","No","No","Married","Bachelor"
105805,"Male","White","No","No","Married","Bachelor"
101507,"Female","Hispanic or Latino","No","No","Single","Bachelor"
106860,"Male","Hispanic or Latino","No","No","Single","Doctorate"
107026,"Female","Hispanic or Latino","No","No","Married","High School"
108314,"Female","White","No","No","Single","Bachelor"
100723,"Female","Hispanic or Latino","No","Yes","Prefer Not to Say","Associate"
107756,"Male","Hispanic or Latino","No","No","Married","Bachelor"
106154,"Female","Asian","Yes","Prefer Not to Say","Single","Master"
101733,"Male","Hispanic or Latino","No","No","Single","High School"
107594,"Female","American Indian or Alaska Native","No","No","Married","Master"
100430,"Female","White","No","No","Married","Master"
100427,"Male","White","No","No","Single","Bachelor"
107516,"Female","Asian","No","No","Married","High School"
104929,"Male","White","No","No","Single","Bachelor"
101212,"Male","Hispanic or Latino","No","No","Single","Master"
102297,"Female","Hispanic or Latino","No","Prefer Not to Say","Married","High School"
105340,"Female","Black or African American","No","No","Single","High School"
108265,"Male","White","No","No","Married","Master"
109873,"Male","White","No","No","Single","Bachelor"
109538,"Male","Hispanic or Latino","No","No","Single","Master"
103463,"Male","White","No","No","Single","High School"
100178,"Non-Binary","Hispanic or Latino","No","No","Single","Associate"
102127,"Male","White","No","No","Single","Associate"
106157,"Male","Hispanic or Latino","No","No","Married","High School"
105745,"Male","Prefer Not to Say","No","No","Single","Master"
100746,"Male","Prefer Not to Say","No","No","Married","Bachelor"
100598,"Female","Hispanic or Latino","No","No","Single","Associate"
105375,"Male","Hispanic or Latino","No","No","Married","High School"
100176,"Female","Hispanic or Latino","No","No","Single","Master"
108271,"Male","White","No","No","Married","Bachelor"
109241,"Male","Two or More Races","No","No","Married","Bachelor"
107490,"Male","Asian","Prefer Not to Say","No","Single","Bachelor"
101724,"Female","Hispanic or Latino","Prefer Not to Say","No","Married","Master"
103102,"Female","Black or African American","Yes","No","Single","Associate"
105417,"Female","Asian","No","No","Married","High School"
101713,"Male","Native Hawaiian or Pacific Islander","No","No","Single","Associate"
101035,"Female","Hispanic or Latino","No","Yes","Married","Bachelor"
104498,"Male","Prefer Not to Say","No","No","Married","Bachelor"
100068,"Male","Native Hawaiian or Pacific Islander","No","Yes","Single","Bachelor"
104833,"Male","Hispanic or Latino","No","No","Married","Bachelor"
102569,"Male","White","No","No","Married","Master"
100911,"Female","Asian","Prefer Not to Say","No","Married","Associate"
107308,"Female","Hispanic or Latino","Prefer Not to Say","No","Single","Bachelor"
102896,"Male","Asian","No","No","Single","High School"
108220,"Male","Hispanic or Latino","No","No","Single","Bachelor"
101419,"Female","Black or African American","Prefer Not to Say","No","Married","Bachelor"
109398,"Female","White","No","No","Married","Bachelor"
109107,"Female","Hispanic or Latino","No","No","Single","Bachelor"
108443,"Female","Asian","No","No","Single","Master"
103705,"Female","Hispanic or Latino","No","No","Single","Bachelor"
104369,"Female","Hispanic or Latino","No","No","Married","Master"
107396,"Male","Black or African American","No","Yes","Divorced","Bachelor"
109744,"Male","Black or African American","No","No","Married","High School"
109305,"Female","Asian","No","No","Single","Bachelor"
104455,"Female","Hispanic or Latino","No","No","Divorced","Master"
102498,"Male","Two or More Races","No","No","Married","Doctorate"
108309,"Female","Asian","No","No","Married","Master"
105489,"Male","White","No","No","Single","Master"
102527,"Female","White","No","No","Prefer Not to Say","Doctorate"
100229,"Female","Two or More Races","No","No","Married","Associate"
109059,"Female","Asian","No","No","Single","Bachelor"
102072,"Female","Asian","No","Prefer Not to Say","Single","High School"
109307,"Female","White","No","No","Married","High School"
104758,"Female","American Indian or Alaska Native","No","No","Single","Bachelor"
109273,"Male","Asian","No","No","Single","High School"
106623,"Female","Hispanic or Latino","No","No","Single","Master"
101983,"Female","Asian","No","No","Married","High School"
101333,"Male","Prefer Not to Say","No","No","Married","Doctorate"
108159,"Male","Asian","No","Yes","Divorced","Bachelor"
103324,"Male","White","No","No","Divorced","Bachelor"
106394,"Male","White","No","No","Married","High School"
100424,"Male","Hispanic or Latino","No","No","Single","Bachelor"
106037,"Female","White","No","No","Married","Master"
103060,"Female","White","No","No","Divorced","Master"
108225,"Female","Black or African American","No","No","Prefer Not to Say","Bachelor"
101332,"Female","Asian","Yes","No","Single","Bachelor"
102828,"Female","White","No","Yes","Divorced","Bachelor"
103871,"Male","White","No","No","Single","Bachelor"
100894,"Male","White","No","No","Single","Doctorate"
109910,"Female","Hispanic or Latino","No","No","Single","Master"
108950,"Female","Hispanic or Latino","No","No","Married","Bachelor"
108984,"Female","Hispanic or Latino","No","No","Married","Bachelor"
109023,"Male","Prefer Not to Say","No","No","Single","Associate"
108041,"Female","White","No","No","Prefer Not to Say","Bachelor"
104282,"Female","Hispanic or Latino","No","Yes","Married","Bachelor"
106997,"Female","Hispanic or Latino","No","No","Married","Bachelor"
105563,"Male","Asian","No","No","Single","Bachelor"
101536,"Female","White","Yes","No","Single","Doctorate"
100179,"Female","Asian","No","No","Married","Bachelor"
