"ManagerID","DirectReports","ManagerName","ManagerDepartmentID","ManagerJobID"
100001,1,"Seth Rockleyman",2,6
100003,1,"Elizabeth Monerton",10,36
100004,1,"Noah Becksonmont",10,36
100006,2,"Angela Rainarshire",10,36
100007,1,"Kendall Dalenbrook",2,6
100010,7,"Stella Riveriway",7,27
100012,4,"Juliana Westelstead",3,11
100016,1,"Kiara Swaninstead",9,33
100017,2,"Allison Radunson",9,33
100020,3,"Emerson Rainsonquist",4,15
100024,1,"Nicole Finelwin",2,5
100028,2,"Kiara Millfield",2,5
100032,3,"Brianna Elluman",11,39
100039,2,"Mason Oaklinlin",10,36
100043,1,"Evan Roseham",5,17
100044,2,"Hudson Glensonford",8,30
100055,4,"Elliot Bramiway",9,34
100059,6,"Ella Yorkellwall",3,11
100060,4,"Alice Foxellberg",2,7
100061,1,"Liam Clarkarden",3,10
100063,2,"Isabella Pineostead",8,29
100064,2,"Sebastian Barinshire",2,6
100070,7,"Alexis Reedleyham",9,34
100074,6,"Melanie Blacklinmont",2,8
100079,4,"Finley Clarkelworth",5,18
100080,9,"Evan Fieldiwood",8,31
100090,1,"Alexander Valeelson",9,33
100093,1,"Miles Kingson",2,5
100094,2,"Luis Windleycott",6,23
100097,2,"Matthew Valetonquist",7,26
100100,2,"Jonathan Radthorne",2,7
100101,1,"Adrian Thornimere",6,21
100104,2,"Eden Sandettden",7,26
100111,8,"Michael Millcrest",2,8
100117,2,"Eden Brightubrook",2,6
100118,3,"Delilah Cartonthorne",8,29
100120,4,"Aiden Quillenstone",9,34
100124,1,"James Cranicott",10,36
100130,2,"Taylor Foxustone",9,33
100131,2,"Anna Goldorham",11,39
100135,2,"Phoenix Colewellson",3,11
100136,1,"Samantha Colearsen",10,36
100137,2,"Zoe Brightundale",3,10
100139,2,"Bella Kingtonstone",2,5
100141,3,"Dylan Lakeelwin",8,30
100144,1,"Blair Rowtonstead",8,29
100148,1,"Phoenix Willarham",6,21
100149,2,"Kennedy Willettcott",9,33
100150,5,"Grace Benningwell",2,7
100158,2,"Dakota Beckettbry",5,17
100161,3,"Dakota Chandingward",5,18
100163,1,"Gabriel Bararland",7,26
100166,1,"Avery Rockmont",6,22
100168,3,"Andrew Coletonstead",3,12
100172,3,"Maria Kinganwall",9,33
100173,1,"Jason Blandinman",9,33
100182,1,"Audrey Coleunlin",8,29
100183,1,"Marcus Perryorridge",2,6
100187,7,"Anna Thornimere",3,12
100196,1,"Avery Adlersonley",2,7
100202,2,"Stella Parkonford",3,10
100204,1,"Layla Hayham",9,33
100215,1,"Casey Hollufield",3,10
100216,3,"Naomi Brookinstrom",8,30
100220,3,"Autumn Hartelin",2,5
100221,4,"Destiny Yorkoward",9,34
100222,2,"Nathan Meadsonson",2,5
100226,1,"Jackson Rockland",2,5
100227,2,"Vincent Caraquist",10,36
100235,4,"Zoe Wrenuncroft",6,22
100236,2,"Isaac Brookunwell",2,6
100245,4,"Wesley Blandaden",2,7
100246,2,"Preston Eastumond",2,5
100249,1,"Audrey Delwellward",9,33
100250,2,"Oliver Caldtonbrook",8,30
100251,1,"Emily Swaningdale",2,6
100252,1,"Aria Hollerdale",3,11
100253,1,"Dakota Crowucott",9,33
100255,1,"Parker Rainumont",8,29
100257,4,"Luna Bellonridge",2,6
100259,1,"Tyler Swanesen",3,11
100264,2,"Dakota Wrenohart",9,33
100270,1,"Carter Lakesonwin",3,10
100271,1,"Dylan Burnley",2,6
100273,3,"Seth Oakoham",9,33
100274,1,"Kaitlyn Rowwellwall",2,5
100283,4,"Theodore Springanmore",9,33
100284,2,"Charlie Northstead",2,5
100286,3,"Angela Greenonden",10,37
100289,3,"Sawyer Silveranbry",9,33
100292,1,"Amy Kingettquist",2,5
100295,2,"Nora Ashson",2,7
100298,2,"George Fairandale",2,6
100306,3,"Leah Wolfingman",11,39
100315,4,"Luna Northwellton",2,7
100317,1,"Julian Stoneormore",2,5
100318,5,"Christopher Burnettcott",9,33
100320,1,"Alan Presoley",6,22
100322,3,"Samantha Parkoquist",6,22
100324,2,"Paul Barobry",8,30
100327,4,"Charlotte Glenanman",7,27
100329,1,"Julian Quillanford",6,21
100333,4,"Miles Clarkerworth",4,15
100334,2,"Joel Longarshire",6,21
100335,2,"Wesley Brightuward",10,36
100340,4,"Addison Brightby",3,11
100344,1,"Jeremiah Raintonmere",8,29
100345,5,"Wesley Kingenmond",4,15
100349,2,"Harley Riverwellway",9,33
100353,2,"Carmen Fairinton",2,6
100355,1,"Julian Deltonden",10,36
100358,2,"Leo Parkormond",3,11
100363,1,"Eden Ellarcroft",8,29
100364,1,"Violet Willwood",2,6
100365,2,"Stephen Goldeway",11,39
100367,3,"Aiden Carsonmont",2,8
100368,8,"Kingston Belltoncrest",10,37
100369,2,"Lane Greenedale",2,8
100373,1,"Kai Chandiway",8,29
100378,1,"Sydney Eastoby",2,6
100380,2,"Paul Millstead",6,22
100382,1,"Xavier Longcrest",4,15
100387,1,"Owen Fieldelman",2,5
100391,1,"Sage Foxarstone",8,29
100396,1,"Thomas Dunewall",2,7
100397,4,"Phoenix Haysen",10,37
100401,2,"Maria Darnenmere",8,30
100403,2,"Lily Barunmont",10,36
100404,3,"Evan Fairingham",7,27
100406,7,"Jack Crowunward",8,31
100407,2,"Gianna Windsoncrest",6,22
100413,2,"Nicholas Millridge",6,22
100414,2,"Caleb Rowonlin",2,7
100415,4,"Patrick Eastenson",7,27
100420,1,"Penelope Pineerhart",4,14
100431,2,"Erica Ashorquist",7,26
100438,10,"Alexis Parkondale",9,34
100439,1,"Sebastian Stormorwood",4,14
100440,2,"Savannah Camwellcott",2,6
100443,1,"Matthew Westingsen",2,5
100444,6,"Emma Stoneellford",2,6
100446,2,"Jonathan Croweward",8,29
100448,2,"Charlotte Wardestone",3,10
100451,7,"William Meadsonstone",5,19
100454,2,"Skyler Hawklinridge",5,17
100459,1,"Diana Eastenmere",3,10
100463,3,"Adam Parkonfield",4,14
100464,3,"Seth Bennunwell",9,33
100465,1,"Angela Grantenford",2,6
100467,1,"Maria Holliwood",2,6
100468,5,"Madison Stoneerridge",8,30
100475,1,"Sarah Summerarberg",9,33
100481,1,"Eden Torrlinmere",2,5
100482,4,"Emily Caldwancrest",5,18
100483,1,"Drew Preswellwall",2,5
100484,4,"Paige Hayonwin",10,36
100492,1,"Christopher Radorton",6,23
100493,1,"Rebecca Brookwellham",3,10
100495,1,"Alicia Lakeelwin",9,33
100499,5,"Jasmine Ashlinden",8,30
100502,2,"Alexis Camarquist",5,18
100504,4,"Gabriel Wrenenway",2,8
100511,1,"Riley Fieldellway",8,29
100513,1,"Zachary Blandtonmore",2,5
100516,2,"Carlos Marlinwin",4,15
100517,2,"Bailey Duniley",10,36
100518,4,"Morgan Beckenwin",2,7
100522,3,"Jasmine Stoneanmont",7,26
100524,1,"Hailey Chandunland",3,10
100529,2,"Finley Windtonwall",2,6
100531,1,"Rowan Foxahart",9,33
100532,2,"Gavin Ashleyham",7,26
100534,2,"Andrea Careland",2,6
100535,4,"Patrick Baroby",5,18
100536,2,"Dominic Barsonham",6,22
100538,1,"Aubrey Roseingworth",2,6
100540,2,"Oliver Reederstrom",8,30
100543,3,"Charles Barubry",7,26
100544,1,"Aaron Fieldwellham",2,5
100545,6,"Parker Ashwood",10,37
100547,1,"Emma Hartemore",3,10
100549,1,"Reese Lakeridge",4,14
100550,2,"Landon Pineson",5,18
100551,6,"Emerson Foxanbry",9,33
100552,1,"Grace Bennlinridge",8,29
100553,2,"Hayden Oakormond",2,6
100554,2,"Ashley Parkoquist",9,33
100559,4,"Elijah Yorkobrook",6,23
100560,2,"Ana Delunstone",2,7
100562,2,"Valentina Foxsonbrook",6,22
100564,1,"Nathan Blandustead",4,14
100571,3,"Alan Emham",7,26
100572,2,"Austin Grantenfield",2,6
100573,1,"Aiden Colewellman",10,36
100574,1,"Noah Hollercrest",2,5
100578,1,"Micah Norfield",9,33
100580,1,"Sage Colewellman",10,36
100581,3,"Rafael Willfield",2,7
100583,4,"Daniel Mononberg",10,36
100586,2,"Faith Carorfield",4,15
100588,2,"Harper Baruhart",2,6
100596,8,"Lucas Ashleyham",8,31
100597,7,"Evelyn Hayuton",3,12
100603,2,"Andrea Finway",2,7
100606,4,"Evan Cranorton",3,12
100615,1,"Quinn Kendton",5,17
100619,1,"Evelyn Bramtonmore",10,36
100622,6,"Sophia Caldworcrest",2,7
100623,4,"Nathan Rockanford",3,11
100624,1,"Leah Crowathorne",6,22
100630,3,"Penelope Fieldanridge",10,36
100635,1,"Delilah Roseonbrook",2,6
100636,2,"Carla Chandemont",9,33
100637,1,"Owen Greenarhart",2,5
100638,1,"Camila Oakuden",4,14
100641,2,"Rebecca Longanberg",3,11
100642,4,"Jessica Dalingman",9,33
100645,3,"Phoenix Rockland",8,29
100650,1,"Stella Wardcroft",5,17
100651,6,"Violet Ellettstead",2,6
100655,3,"Addison Perrycrest",5,17
100657,4,"Alex Fieldstead",8,30
100666,2,"Daniel Valewellmere",5,17
100667,2,"Juliana Ashemond",3,10
100670,1,"Aria Ellanwin",5,17
100671,3,"Seth Marerwell",8,29
100674,2,"Casey Colearwood",8,30
100678,1,"Patrick Riverormore",2,6
100683,5,"Joshua Rosesonham",10,36
100691,2,"Andrew Crossanworth",5,17
100693,3,"Kennedy Halleford",10,36
100695,1,"Anthony Marinfield",7,26
100700,1,"Ethan Hallerstrom",6,21
100701,2,"Anthony Valeinquist",10,36
100705,2,"Melanie Carmere",5,18
100708,2,"Logan Stoneinway",9,33
100709,2,"Layla Glenellstone",4,14
100710,3,"Melanie Wrenland",6,22
100712,1,"Jacob Hallerham",2,5
100715,1,"Patrick Hayancrest",7,26
100716,1,"Thomas Martonstone",8,29
100718,1,"Ian Caminwall",2,5
100720,3,"Sarah Meadoncrest",4,15
100722,9,"Christian Ashwellin",2,8
100725,1,"Joel Reedlinman",4,14
100729,1,"Luis Lakearcroft",2,5
100732,10,"Parker Westelstead",5,19
100733,6,"Ryan Norarman",2,8
100737,3,"Alexis Willettcott",6,22
100738,1,"Kevin Rowacott",2,5
100742,4,"Roman Radson",8,30
100747,3,"Eliana Finencott",9,33
100748,1,"Rose Blakeaden",2,6
100750,2,"Victor Fairunland",2,5
100751,1,"Christopher Brookelwood",9,33
100756,1,"Kendall Emuwell",4,14
100761,2,"Paige Blackway",2,6
100762,6,"Faith Windarmere",2,8
100766,1,"Nolan Stoneermere",10,36
100768,3,"Valentina Northercott",2,7
100771,2,"Wesley Haytonquist",2,5
100773,2,"Mia Dunanstrom",2,6
100776,1,"Emma Dunonquist",8,29
100779,1,"Logan Monsonwell",6,22
100784,2,"Jayden Wrenwellmere",2,7
100786,1,"Harper Caldwanridge",2,5
100787,4,"Jasmine Halluberg",8,29
100788,1,"Micah Eastarwin",8,30
100790,9,"Miles Hayingcroft",8,31
100791,2,"Elijah Summermond",3,10
100792,4,"Harley Coleunlin",9,33
100800,1,"Nora Bellson",2,5
100801,1,"Amelia Dunelstead",2,5
100805,3,"Harley Reedwellway",7,26
100809,4,"Elliot Rainarshire",9,33
100811,3,"Kiara Delormond",9,33
100815,7,"Ella Summerimore",2,8
100816,5,"Xavier Deltonman",2,8
100819,1,"Maya Brightiquist",2,5
100820,4,"Chloe Hallelworth",10,37
100822,1,"Audrey Coleuridge",8,29
100824,6,"Alex Roseway",3,11
100825,3,"Liam Perryinson",2,7
100829,2,"Grant Wolfingcroft",2,6
100830,1,"Robert Rainarlin",8,29
100835,3,"Ava Faircott",4,15
100837,2,"Adrian Willtonquist",2,5
100842,2,"Mason Lakeincott",5,17
100843,3,"Cameron Parkinman",2,6
100846,3,"Nathan Whitorwall",8,30
100847,2,"Jasmine Foxarwood",9,33
100848,1,"Jackson Crossleywell",6,22
100853,1,"Layla Millubry",7,26
100861,5,"Andrew Riverenbrook",2,7
100863,2,"Austin Bennethorne",2,6
100864,6,"Isaac Grayanson",8,30
100868,1,"Alexander Summerbrook",6,21
100871,3,"Vincent Torrelden",10,36
100873,2,"Jacob Glenorbry",3,11
100880,1,"Addison Grantlinsen",3,10
100884,1,"Jose Kendorthorne",2,5
100885,3,"Carmen Stonecott",8,29
100886,2,"Hailey Caldtonstrom",2,6
100888,2,"Kevin Blackinwall",2,7
100889,1,"Daniel Autumniman",3,11
100892,5,"Bailey Fairtonford",9,33
100901,1,"Marcus Colewellmont",5,17
100904,3,"Maria Hallersen",5,17
100905,1,"Jordan Whiteberg",8,30
100912,7,"Eleanor Willellcroft",2,8
100913,2,"Grant Oakinwin",8,30
100915,3,"Layla Summerenman",2,6
100923,2,"Cameron Carelwood",3,11
100926,2,"Justin Stormellwell",7,26
100927,3,"Alice Fairellway",2,5
100928,1,"Austin Quillanford",8,30
100929,1,"Maria Cranorton",2,6
100931,2,"Gianna Crossonward",3,10
100933,1,"Avery Autumnihart",2,6
100937,2,"Lillian Holloden",6,23
100938,1,"Gavin Yorkimere",2,5
100939,4,"Brianna Hawkman",3,12
100943,3,"Aiden Perryunfield",6,23
100945,3,"Caleb Bellushire",2,7
100947,4,"Albert Westbry",2,8
100949,1,"Nicholas Blakeiham",5,17
100952,2,"James Roseormore",2,6
100953,1,"Connor Longlincrest",8,29
100956,2,"Clara Stormistead",8,29
100957,2,"Alexis Brookinstrom",9,33
100960,3,"Sawyer Westuland",2,7
100964,1,"Aiden Summerenmond",2,5
100966,3,"Samantha Delormond",7,26
100967,3,"Benjamin Torremore",9,33
100969,4,"Gabriel Finusen",2,7
100970,3,"Elliot Clarkanbrook",2,7
100974,4,"Evan Wolfarden",2,6
100981,2,"Mason Carsonmont",4,14
100982,4,"Albert Norunberg",2,7
100983,1,"Valentina Moncrest",9,33
100986,1,"Jade Cranerward",3,11
100990,1,"Peyton Kendham",3,10
100991,3,"Victoria Hallardale",9,33
100993,1,"Camila Valeden",6,21
100994,1,"Albert Milleymore",8,29
100995,1,"River Hartelin",7,26
100998,1,"Daniel Rainleyman",2,5
101002,1,"Samantha Grayunstrom",2,7
101003,1,"Clara Grayleyman",2,7
101007,1,"Anthony Wolftoncott",9,33
101008,13,"Charles Springorberg",8,31
101015,3,"Sarah Riveronstead",3,10
101018,2,"Vincent Springsonlin",2,5
101020,3,"Jennifer Fairunberg",6,23
101027,6,"Roman Crowerworth",7,27
101028,3,"Nicholas Westsonby",6,23
101030,4,"Caleb Brightubrook",2,7
101032,1,"Owen Quillonberg",3,10
101033,1,"Marcus Hollorwood",2,5
101034,1,"Ashley Ellerlin",9,33
101039,4,"Madison Torriden",2,6
101041,2,"Kendall Millinman",2,6
101042,1,"Jamie Beckorbry",2,6
101049,2,"Jose Roseanlin",3,10
101053,1,"Wesley Windsoncrest",6,21
101055,1,"Carla Torruby",8,30
101059,1,"Eli Northanwell",4,14
101066,2,"Micah Parkonbrook",10,36
101069,1,"Amelia Raineford",2,6
101074,4,"Sebastian Rowiley",8,31
101080,1,"Isla Raineford",2,6
101082,3,"Hudson Goldlinland",9,33
101084,1,"Addison Willettcott",3,11
101086,1,"Samuel Blandtonbry",2,6
101087,1,"Jack Ashson",6,21
101088,1,"Brandon Lakeunwood",7,26
101092,2,"Henry Wardinmere",2,7
101095,1,"Chloe Grayonwin",2,6
101096,3,"Logan Whiteberg",2,5
101098,5,"Julia Westastead",5,18
101099,4,"Lucy Mononcroft",8,31
101101,1,"Scarlett Hawkaley",4,14
101102,3,"Nora Radabry",4,14
101104,3,"Lily Wrensonbry",6,22
101106,2,"Alexander Reedarman",3,11
101107,1,"Landon Hartanberg",3,10
101108,6,"Harper Daleby",7,27
101111,2,"Paige Wrenenthorne",2,5
101112,1,"Chloe Roseestead",10,36
101113,4,"Natalie Riverobrook",8,30
101114,1,"Maya Ellefield",8,29
101116,2,"Nora Rowleybry",6,22
101117,1,"Patrick Pineinghart",2,7
101119,1,"Seth Wrenunden",8,30
101121,1,"Drew Wolfunworth",3,11
101122,2,"Autumn Goldellridge",2,5
101130,3,"Finley Silverindale",10,37
101131,2,"Arthur Crowlin",10,36
101132,11,"Christopher Fairinton",2,8
101135,4,"Jason Torrormere",2,7
101138,4,"Adam Yorkunbrook",2,7
101140,3,"Morgan Burnonridge",4,15
101144,6,"Hailey Clarktonton",7,27
101148,3,"Genesis Parkingmere",2,5
101149,3,"Mason Bennaridge",4,15
101150,1,"Evelyn Longonwall",2,5
101158,1,"Roman Adlerunton",6,22
101167,5,"Mateo Daloncrest",10,37
101168,5,"Stella Glenorson",2,7
101169,4,"Daniel Grayunstrom",9,33
101170,1,"Noah Riverormore",2,5
101172,4,"Julia Bellonworth",8,31
101173,2,"Taylor Torrerby",9,33
101175,5,"Ana Foxinman",9,34
101176,1,"Aiden Caldanwell",2,6
101180,2,"Tyler Blakeaham",2,6
101181,6,"Isla Dalettridge",6,23
101182,6,"William Dunlinfield",4,15
101183,2,"Rose Burnemont",2,6
101185,4,"Alexis Rowbry",5,18
101186,3,"Scarlett Wardestone",2,7
101195,3,"Preston Foxustone",9,34
101197,1,"Luke Colewellson",2,5
101200,2,"Aubrey Whitwall",6,22
101201,2,"Luke Hollaby",8,29
101206,5,"Lillian Sandasen",4,15
101207,1,"Victoria Burnelway",8,29
101209,6,"Jasmine Sandtonway",10,37
101210,2,"Richard Presermere",2,6
101213,1,"Jade Burnquist",2,5
101214,1,"Nicole Crossanwood",3,11
101215,2,"Isla Grayathorne",8,30
101217,9,"Bella Hallanquist",10,37
101222,2,"Mateo Longlincrest",8,29
101225,1,"Julia Wardinridge",2,5
101226,6,"Jayden Ellham",10,37
101229,5,"Arthur Mondale",2,7
101231,1,"Savannah Glenellman",2,5
101233,2,"Hazel Bennaridge",2,6
101237,1,"Aisha Hollaridge",2,5
101241,2,"Jacob Monorbrook",6,22
101247,2,"Kiara Mononridge",2,5
101248,1,"Harley Parkiton",2,6
101250,1,"Eden Parktonby",3,10
101252,3,"Tyler Wolfuway",6,22
101254,4,"Ashley Barlinworth",2,7
101256,1,"Cole Clarkellway",8,29
101257,1,"Emerson Foxarway",2,6
101266,2,"Ashley Wardinridge",2,7
101267,1,"Kevin Reedellford",4,14
101268,5,"Christopher Halleyland",7,27
101275,1,"Carla Bennettland",4,15
101276,2,"Ava Winteribry",3,10
101277,2,"Elliot Hartemore",2,5
101278,3,"Alan Chandercott",2,7
101279,2,"Harper Hallellmore",8,29
101280,3,"Lane Yorkardale",10,36
101282,1,"Bella Stoneunlin",6,22
101287,1,"Jeremiah Brookinstrom",6,22
101290,6,"Adam Wolfinsen",8,30
101291,2,"Delilah Stoneshire",2,7
101292,2,"Abigail Wrenford",6,21
101298,4,"Grant Brightoncott",9,33
101301,4,"Penelope Craniwin",7,26
101303,1,"Caleb Goldelby",2,6
101304,4,"Sofia Summererham",8,30
101307,2,"Reese Greenuncroft",8,30
101309,1,"Aubrey Willwood",9,33
101310,2,"Gabriel Oakohart",4,14
101312,1,"Matthew Beckorton",2,5
101316,2,"Rowan Deltonman",5,17
101317,1,"Maya Blandlinlin",10,36
101318,4,"Parker Fairowin",2,7
101319,3,"Dakota Clarkellway",9,33
101321,5,"Madison Darnshire",3,11
101326,1,"Stephen Lakeanden",5,17
101327,1,"Cole Stormshire",2,6
101329,1,"Ella Crossonward",2,6
101330,6,"Thomas Brookinstrom",4,15
101339,5,"Isla Radellway",9,34
101340,1,"Michael Summerton",6,21
101341,2,"Savannah Asheldale",2,5
101347,4,"Leah Quilledale",2,8
101352,2,"Casey Oakadale",4,14
101360,4,"Brianna Riveranstone",10,37
101362,1,"Colin Torrwellwin",8,29
101364,1,"Reese Wolfonbry",8,30
101365,1,"Quinn Stoneaman",5,17
101367,4,"Xavier Rosearstone",2,7
101371,1,"Eden Kendorridge",7,26
101378,2,"River Monberg",10,36
101379,1,"Emily Baringway",8,30
101380,2,"Isabella Northleybry",2,7
101381,2,"Sophia Springorwell",5,17
101382,2,"Benjamin Torranquist",8,29
101384,3,"Taylor Eastinlin",6,22
101385,1,"Rafael Fordsonwell",5,18
101387,2,"Taylor Rainley",2,6
101391,2,"Paige Kenduton",8,30
101392,2,"Amy Rainustrom",2,5
101395,1,"Nathan Thornleydale",8,30
101397,4,"Nicole Summerarberg",2,7
101398,1,"Michael Silverarway",10,36
101401,2,"Reese Thornlinwin",8,29
101403,2,"River Parkoridge",2,6
101405,1,"Simon Greenlinwell",8,29
101406,1,"Sage Wolflinmond",2,5
101410,2,"Bailey Hayusen",2,6
101412,4,"Violet Sandarworth",2,7
101413,4,"Henry Millindale",4,15
101415,2,"Alice Stormunridge",2,6
101418,2,"Charles Torremore",10,36
101420,2,"Madeline Meadelbrook",2,7
101421,2,"Gabriella Fairunberg",4,14
101424,1,"Claire Reedham",6,22
101425,4,"Gavin Presfield",5,18
101427,1,"Elliot Delington",8,30
101433,2,"Jamie Kenduton",4,14
101438,3,"Isaac Swanberg",8,29
101439,4,"Maya Rainettmond",2,6
101444,3,"Grant Rainworth",5,18
101450,2,"Elena Roseelhart",2,6
101451,1,"Eden Noraway",5,17
101454,6,"Violet Sandham",3,12
101461,3,"Abigail Oaksonwin",6,23
101462,1,"Christopher Brookettby",8,29
101463,5,"Vincent Wintercott",4,15
101464,3,"Delilah Westson",9,33
101466,1,"Grace Radanwin",2,5
101467,5,"Audrey Meadelmere",2,7
101469,1,"Alicia Dunettman",4,14
101470,1,"Delilah Hawkencott",5,17
101474,1,"Elizabeth Sandinman",2,5
101476,3,"Mason Silveronwall",4,14
101477,1,"Andrew Grantsonwell",2,6
101478,1,"Melanie Valeenridge",2,5
101479,11,"Owen Monellwood",11,40
101481,1,"River Crowleybry",8,29
101485,3,"Savannah Hartaford",7,26
101487,2,"Lucas Quilleyland",4,15
101491,3,"Alex Beckorshire",6,23
101492,1,"Charlotte Hayenquist",3,10
101499,1,"Jack Crowecott",2,7
101504,1,"Oliver Grantleyward",8,30
101509,2,"Jeremiah Carelwood",2,6
101510,5,"Anna Raderstone",6,23
101511,5,"Joshua Grantenford",2,7
101514,1,"Cole Carettden",2,7
101517,6,"Wesley Presewall",2,7
101520,1,"Henry Clarketton",8,29
101521,7,"Dylan Longonwall",10,37
101522,1,"Gavin Crossansen",5,18
101523,2,"Carlos Springocroft",4,14
101524,1,"Joel Hawkwood",9,33
101526,1,"Peter Hallelcrest",4,14
101529,4,"Diana Faironridge",7,27
101531,2,"Isabella Torrunshire",8,30
101532,11,"Audrey Blakeelridge",2,8
101535,1,"Gabriella Crowinstone",8,29
101538,2,"Emily Glensen",9,33
101541,1,"Sebastian Blackellin",8,29
101543,6,"Paul Clarkman",10,37
101544,4,"Alyssa Thornerstrom",6,23
101545,1,"Mia Stoneellford",8,29
101546,2,"Albert Emuman",6,22
101547,1,"Parker Brookman",9,33
101548,1,"Henry Wreningmont",6,21
101549,2,"Anthony Moncrest",4,14
101551,1,"Evan Foxwellridge",8,29
101553,3,"Carter Hallaton",9,33
101556,2,"Jonathan Brightaford",9,33
101558,2,"Emma Winterarwood",8,29
101561,4,"Kingston Thornthorne",6,22
101564,7,"Ariel Burnoman",9,34
101568,3,"Miles Parkettford",8,30
101573,2,"Blair Parkormond",10,36
101575,3,"Kennedy Calderman",10,36
101576,1,"Sage Ellustead",2,5
101577,2,"Amy Willanham",9,33
101585,4,"Oliver Caldellridge",7,27
101586,1,"Vincent Grayanbrook",2,7
101587,2,"Maria Reedsonmore",5,18
101590,2,"Penelope Sandusen",11,39
101601,7,"Jacob Burnuwood",2,8
101603,2,"Alexa Caldwihart",2,8
101605,8,"Hazel Rainlinstead",7,27
101607,1,"Nicole Barcroft",7,26
101608,2,"Austin Rainelwall",10,36
101609,1,"River Blanducroft",3,10
101610,1,"Lucas Hollinwell",2,5
101612,2,"Kevin Silvererland",8,30
101613,1,"Evelyn Valeenridge",5,17
101614,2,"Blake Norettwood",2,5
101618,2,"Charlotte Torrwellwin",6,23
101619,2,"Christopher Presorstrom",8,29
101621,2,"Evelyn Windettbry",9,33
101625,4,"Christian Camawall",7,26
101627,2,"Logan Perryorridge",2,7
101630,1,"Kai Blackunbry",7,27
101636,1,"Anthony Blackefield",2,5
101637,5,"Brianna Riveruworth",9,33
101638,2,"Isla Greenleyway",2,6
101640,1,"Aisha Eastwellmont",6,23
101642,1,"Faith Autumnanby",6,21
101644,4,"Jeremiah Brookeshire",8,30
101646,5,"Lucy Whitanmere",2,8
101647,2,"Julia Brightoncott",8,29
101653,9,"Jason Presalin",9,34
101655,2,"Peter Torremore",3,12
101656,1,"Ryan Sandarfield",8,29
101657,1,"Victoria Chanderbrook",2,5
101658,1,"Isla Wardellquist",5,17
101659,1,"Daniel Fordettquist",2,5
101661,2,"Zoe Glenshire",2,7
101663,1,"Blair Radellmond",8,29
101664,1,"Aubrey Swananwell",7,26
101665,1,"Sarah Hallardale",2,5
101668,2,"Camila Glenacott",2,7
101669,3,"Ella Autumnorberg",2,6
101672,1,"Delilah Crossettford",2,5
101673,1,"Phoenix Silverumere",5,17
101678,7,"Anthony Quillenstone",2,8
101680,5,"Sofia Hayingthorne",6,22
101687,4,"Elliot Clarklinwall",7,27
101688,4,"Dominic Darneward",7,27
101690,3,"Nicole Finerley",6,22
101691,4,"Justin Pineumont",8,30
101693,4,"Samuel Parktonby",9,33
101694,1,"Brooklyn Summersonden",2,7
101695,1,"Gabriella Swanmore",2,6
101696,2,"Isaac Northercrest",3,10
101698,1,"Austin Rainenthorne",6,21
101700,2,"Leo Millorsen",4,15
101704,3,"Abigail Kendway",2,6
101706,1,"Jade Ellettlin",2,5
101708,2,"Charlie Oakerquist",7,26
101710,1,"Sofia Langland",2,5
101712,3,"Anna Fairafield",7,26
101714,1,"Jordan Riveroworth",2,6
101715,4,"Violet Westridge",9,34
101716,2,"Connor Norsonton",5,18
101718,3,"Hailey Silvererland",7,27
101719,2,"Addison Glenerdale",3,10
101720,4,"Gabriel Blacktonmond",3,11
101722,1,"Kendall Wolftoncott",4,14
101728,1,"Nicholas Wolfuward",10,36
101729,1,"Oliver Wardleyton",4,14
101730,1,"Luna Stoneubry",3,10
101731,1,"Kingston Ashorridge",2,6
101737,3,"Micah Norellwall",2,6
101738,3,"Grant Hartenstone",6,22
101743,3,"Olivia Valeanson",2,6
101746,1,"Hazel Glenward",8,29
101747,4,"Simon Brightaridge",6,23
101751,2,"Brianna Hollinwell",8,30
101754,3,"Parker Perryuby",8,30
101757,1,"Blake Pinecott",8,30
101759,1,"Nicholas Hallcott",5,17
101760,2,"Michael Springorberg",9,33
101764,1,"Allison Hartlinwin",2,5
101771,4,"Alyssa Yorkson",10,37
101772,9,"Rafael Moneland",2,8
101775,5,"Kiara Wrenarstone",2,8
101777,6,"Benjamin Reedsonwell",3,12
101780,1,"Gavin Crowettcroft",4,15
101782,2,"Madeline Kingoridge",3,10
101791,2,"Rachel Caldwmont",8,29
101795,2,"Quinn Norington",2,6
101797,2,"Ryan Whitsonbrook",9,33
101799,2,"Lucas Ashwood",2,6
101800,2,"Gavin Chandewall",2,6
101802,3,"Owen Kingby",7,26
101803,1,"Peter Meadunbrook",5,17
101805,5,"Cole Glenellman",2,7
101810,2,"Kingston Eastilin",6,22
101811,4,"Ashley Wardinquist",3,11
101812,3,"Avery Rivererton",2,7
101814,3,"Eliana Winterettway",2,6
101817,3,"Bailey Finwellman",2,6
101819,1,"Alexander Winteralin",7,26
101820,2,"Ethan Winterarwood",3,10
101821,2,"Asher Perrytonham",5,17
101823,8,"Audrey Hayeson",9,34
101826,2,"Maya Hawkeby",2,6
101828,8,"Sophia Foxellworth",7,27
101832,2,"Matthew Halltonman",2,5
101833,3,"Carla Marleywall",4,15
101836,1,"Carla Valeden",10,36
101838,2,"Amelia Burnley",7,26
101842,7,"Peter Stormenden",3,12
101843,2,"Preston Bennuman",9,33
101847,2,"Mateo Bellson",8,29
101849,2,"Alyssa Preselthorne",2,6
101852,1,"Caleb Barunthorne",8,30
101853,2,"Melanie Hawkaberg",9,34
101855,1,"Layla Fieldsonsen",8,29
101858,2,"Felix Preslinman",2,6
101861,3,"Dakota Burninton",5,18
101862,3,"Abigail Longormont",7,26
101867,1,"Maria Radman",10,36
101868,4,"Benjamin Grantleyward",6,23
101869,2,"Jacob Hallettshire",2,6
101876,7,"Natalie Clarkwellton",3,12
101877,2,"Emily Crowathorne",8,30
101883,1,"Joshua Chandanby",2,5
101887,6,"Jose Finestrom",5,19
101888,2,"Joshua Oakarberg",5,18
101890,1,"Kai Chandistead",2,6
101892,1,"Nicole Foxahart",5,17
101894,1,"Andrew Carabry",2,5
101904,1,"Parker Whitwall",10,36
101906,5,"Julian Crowicroft",5,18
101907,1,"Henry Fieldridge",4,14
101908,5,"Gabriella Longleybrook",10,36
101909,2,"Zachary Rosesonfield",9,33
101910,1,"Ethan Westustead",9,33
101925,3,"Carla Barstrom",8,30
101932,2,"Michael Finencott",5,17
101934,3,"Kennedy Northershire",9,33
101935,2,"Preston Granttonmore",8,29
101938,1,"Robert Silveranbry",2,6
101944,1,"Micah Winterelward",10,36
101948,3,"Emma Radellmond",4,14
101950,2,"Jack Caldawall",7,26
101951,2,"Hayden Swanarshire",2,7
101957,1,"Micah Riveringwell",8,30
101959,2,"Lily Bennettcroft",8,29
101960,1,"Anna Wolftoncott",7,26
101961,2,"Sophia Glenorton",10,36
101962,1,"David Roseanlin",4,14
101969,1,"Robert Crossinstone",8,30
101972,1,"Morgan Windorberg",10,36
101978,3,"Thomas Bennlinridge",2,7
101984,3,"Mia Millunbrook",5,17
101985,1,"Phoenix Monellwood",2,5
101989,2,"Alexis Summerenman",2,7
101991,1,"Chloe Hayhart",8,30
102001,2,"Drew Bramelward",8,29
102003,3,"Patrick Caldothorne",6,23
102004,1,"Sage Marucroft",2,5
102006,3,"Elena Torroden",9,33
102007,1,"Phoenix Rosetonmond",4,14
102008,2,"Emma Brightustone",2,6
102009,1,"Mia Blakeingman",2,6
102015,5,"Blair Silveronwall",2,8
102016,8,"Destiny Caldellridge",6,23
102019,1,"Penelope Crowtonridge",10,36
102029,2,"Mia Grantenwell",6,23
102031,3,"David Swanarshire",5,17
102032,12,"Layla Hayushire",2,8
102035,5,"Dakota Northonwin",2,7
102040,1,"Kai Dunlinridge",4,14
102041,3,"Lucy Caldwwellson",5,18
102047,5,"Ana Emdale",9,33
102050,2,"Jack Meadettstone",4,14
102052,14,"Colin Radoton",11,40
102054,1,"Justin Winterarwall",3,10
102059,1,"Kiara Caldweman",5,18
102060,1,"Elena Stormenwin",2,5
102062,1,"Brooklyn Oakonridge",2,6
102063,9,"Caroline Longarford",8,31
102067,3,"Charlotte Winteribry",2,7
102071,4,"Luna Wardellquist",6,23
102074,1,"Noah Haytonward",6,21
102083,5,"Layla Hayecott",8,30
102088,1,"Austin Goldeway",8,29
102089,1,"Logan Riverarworth",2,5
102090,3,"Elijah Westson",10,36
102092,4,"Sage Grayelmont",2,7
102094,1,"Alicia Carensen",9,33
102095,2,"Addison Presleyman",10,36
102100,2,"Aaron Dalfield",6,22
102106,3,"Emma Sandawin",2,7
102108,2,"Landon Wrenellquist",2,7
102112,3,"Ian Ashson",4,15
102115,5,"Preston Greenorwood",11,39
102117,2,"Blake Bennamore",2,7
102118,1,"Madeline Rockanford",2,6
102119,3,"Leah Wolfleyberg",9,34
102120,1,"Rachel Lakewall",10,36
102125,1,"Kevin Caldelstone",2,5
102126,2,"Gabriella Parksonham",2,5
102129,2,"Carlos Beckettbry",2,6
102134,4,"Lily Hollfield",4,14
102135,1,"Charles Northerberg",2,5
102138,1,"Drew Radarman",4,14
102140,1,"Logan Reedsonman",2,5
102141,1,"Caroline Rockarward",2,5
102144,3,"Eva Hallenford",2,7
102145,1,"Patrick Rainsonquist",5,17
102148,2,"Caleb Caldwawell",10,36
102149,5,"Eliana Parksonson",2,8
102150,1,"Leo Riverelwall",5,18
102159,4,"Rachel Brookelworth",5,17
102160,6,"Leah Blackimore",10,37
102161,1,"Peyton Foxerway",2,6
102162,1,"Nora Caldweman",2,5
102169,3,"Lillian Windellmond",3,11
102170,1,"Nicole Monsonwell",3,10
102171,3,"Sofia Greenarhart",3,11
102173,1,"Amy Blackefield",6,21
102178,1,"Adrian Bellinberg",6,22
102179,2,"Andrea Yorkberg",6,21
102190,5,"Albert Hollaby",8,30
102192,2,"Evan Sandishire",2,7
102195,2,"Amelia Presorway",2,7
102196,2,"Xavier Bartonstone",6,21
102197,5,"Dominic Bennlinstead",8,30
102200,1,"Charlotte Hawkiman",2,5
102202,1,"Anthony Rockedale",2,6
102206,4,"Rafael Dallinworth",9,34
102207,4,"Jackson Whitaland",4,15
102209,2,"Destiny Yorkonmont",8,29
102218,2,"Jackson Camelman",4,14
102222,5,"Jamie Wrenleyward",5,19
102224,2,"Hannah Maranway",2,7
102228,2,"Madeline Barellward",8,30
102229,1,"Julia Beckleyley",10,36
102233,2,"Ashley Hollettden",6,21
102234,1,"Julian Langamere",10,36
102235,1,"Avery Rowsonbrook",6,23
102239,1,"Gianna Adlerasen",4,14
102246,4,"Kiara Presinstead",7,27
102250,4,"James Carettridge",6,23
102254,4,"Cameron Caringwin",9,34
102256,1,"Isla Hawktonby",7,26
102257,3,"Scarlett Ashingquist",8,29
102258,2,"Colin Northuwell",3,10
102260,11,"Mateo Dununridge",6,24
102261,1,"Jade Wardarmond",3,10
102268,1,"Ava Windsoncrest",2,6
102269,2,"Isabella Monubry",6,22
102274,6,"Victor Millellmere",2,7
102275,2,"Genesis Wintermont",8,30
102276,2,"Seth Northcott",2,6
102278,3,"Gavin Wolfermond",2,6
102279,1,"Joel Ellman",2,6
102281,1,"Rose Caldwford",6,22
102283,1,"Brandon Chandanby",6,23
102287,6,"Madeline Burnerson",2,7
102292,2,"Julian Torroridge",2,5
102294,11,"Naomi Wardarwall",10,37
102296,2,"Genesis Raineford",4,14
102302,1,"Harper Hollinlin",2,6
102305,1,"James Kinginsen",6,22
102311,4,"Finley Meadettwood",3,11
102312,4,"Harper Stoneelham",8,30
102314,2,"Elena Calderman",3,10
102315,1,"Sydney Cranorford",2,7
102316,2,"Alan Presoman",10,36
102317,2,"Lane Meadleyson",5,17
102319,1,"Brianna Windiley",9,33
102323,1,"Samuel Stoneelwin",5,17
102324,2,"Camila Marorsen",2,6
102327,1,"Nathan Asharhart",8,29
102328,2,"Aiden Meadunbrook",2,6
102329,6,"Caroline Blakeardale",5,19
102333,4,"Quinn Stormsen",2,7
102336,2,"Kingston Kendinfield",2,7
102341,1,"Brooklyn Swanleyton",2,5
102347,3,"Rachel Bellonworth",8,30
102349,7,"Elena Roseunham",8,31
102350,2,"Mateo Valealey",5,18
102351,1,"Elijah Silvermond",6,22
102352,1,"Carlos Swanunfield",4,14
102362,2,"Evelyn Finonstone",2,7
102372,10,"Skyler Goldwelley",2,8
102375,1,"Hudson Perryonmond",2,6
102376,1,"Benjamin Kingiwood",3,10
102382,1,"Luke Rockunwell",2,6
102384,2,"Ashley Coleinbry",5,17
102387,4,"Dylan Beckaton",8,30
102389,1,"Kennedy Yorkobrook",2,6
102398,3,"Kevin Greenistone",2,6
102399,1,"Victoria Crossumont",2,6
102401,2,"Grant Kendarland",5,18
102408,1,"Sarah Glenshire",11,39
102409,3,"Ana Crantonfield",8,30
102410,1,"Evelyn Stoneermont",8,29
102411,2,"Riley Caldwoton",2,5
102419,1,"Finley Milleysen",7,26
102420,2,"Alexander Bellinberg",10,36
102421,2,"Hazel Springacroft",2,7
102422,2,"Samantha Foxinman",2,6
102423,3,"Simon Hartingridge",7,26
102431,1,"Ella Sandorwin",5,17
102435,3,"Henry Delettford",4,15
102441,1,"Genesis Valeason",8,29
102442,1,"Dylan Grantleyward",3,10
102447,2,"Hailey Stormshire",7,26
102449,1,"Micah Reediwood",5,17
102450,2,"Carter Hartaford",6,22
102451,2,"Ian Grantimore",10,36
102452,1,"Lucas Pineton",7,26
102453,1,"Alexander Stormistead",5,18
102455,5,"Erica Windlinstone",9,34
102459,2,"Grace Radorton",2,7
102461,2,"Adam Hartcroft",2,7
102466,3,"James Rockanmond",6,21
102472,1,"Elizabeth Bramenlin",2,5
102474,2,"Kingston Rainarland",5,18
102475,1,"Brandon Delenman",2,7
102482,3,"Gavin Caldellden",2,5
102483,3,"Skyler Caldwcott",2,7
102484,4,"Julian Wrenellquist",4,15
102487,2,"Rafael Crowettfield",10,36
102490,1,"Jayden Burnwellcott",9,33
102493,4,"Kendall Ashsonshire",2,7
102494,3,"Aria Hayridge",10,36
102497,6,"Charlotte Parkettford",2,8
102500,1,"Dylan Pinecott",2,6
102501,1,"Madeline Caldweman",7,26
102505,7,"Nicholas Barleymont",5,19
102506,4,"Jackson Ashawood",3,11
102507,2,"William Coleinbry",2,6
102511,1,"Andrew Blakeumore",2,5
102514,3,"Blair Blacktonmond",10,36
102516,5,"Drew Hayhart",6,23
102518,4,"Isabella Pineonley",3,11
102520,4,"Sage Chandiridge",2,7
102522,1,"Alyssa Yorkandale",5,17
102525,1,"Phoenix Oaklinmond",5,17
102526,1,"Camila Yorkorridge",8,29
102528,2,"Isaac Quillonberg",2,5
102529,5,"Preston Oakmond",9,33
102530,5,"Isabella Stoneorwall",8,31
102533,1,"Sydney Crowathorne",6,22
102535,5,"Sofia Maringby",2,7
102536,1,"Naomi Dunuberg",4,15
102539,2,"Tyler Quilltonford",9,33
102542,3,"Valentina Dunermere",3,11
102551,1,"Henry Beckettcrest",2,5
102554,1,"William Perryenson",4,14
102557,2,"Kai Delettford",5,18
102560,1,"Angela Craniwin",8,29
102564,1,"Zoe Grantingdale",4,14
102567,1,"Harley Blakearwood",3,11
102574,2,"Rowan Kendorcroft",3,11
102575,18,"Stephen Hollingley",6,24
102577,3,"Joel Roseufield",2,7
102583,7,"Camila Mondale",9,33
102585,1,"Melanie Yorkellwall",2,7
102591,1,"Gabriel Grantufield",5,17
102593,3,"Sawyer Wolflinmond",10,36
102598,8,"Erica Langeden",7,27
102602,1,"Parker Reedham",9,33
102608,1,"Brian Belltonbry",8,29
102609,1,"Connor Wolfwelland",8,29
102614,2,"Tyler Daloberg",2,7
102617,1,"Bella Carlinham",2,6
102620,1,"Ruby Hartlinberg",2,5
102622,1,"Gabriella Finenberg",7,26
102626,2,"Jose Colebrook",10,36
102630,2,"Robert Wolfwellwell",9,33
102631,1,"Asher Blakeinby",9,33
102634,1,"Gianna Wrenleyridge",4,14
102635,1,"Colin Dunwall",3,10
102636,6,"Adrian Halltonridge",7,27
102642,6,"Rebecca Clarkellway",6,23
102645,1,"Jasmine Lakeerden",3,10
102647,12,"Blake Windlinsen",8,31
102653,3,"Jack Ashonridge",9,33
102660,1,"Abigail Deltonman",4,14
102661,4,"Simon Caldwendale",7,27
102662,1,"Felix Barson",2,5
102665,3,"Abigail Willarham",8,30
102667,3,"Valentina Rosequist",6,23
102671,7,"Logan Dunellbry",2,8
102673,9,"Sydney Blackelldale",11,40
102678,1,"Cameron Hallenford",7,26
102679,1,"Mason Rowettsen",2,6
102682,1,"Penelope Crossarmond",2,6
102683,1,"Arthur Stormansen",2,7
102687,8,"Connor Wrenlinman",3,12
102692,3,"Sawyer Stonesen",4,15
102696,1,"Samuel Emenstone",8,30
102698,5,"Nolan Reedstrom",8,31
102699,2,"Nicholas Bennaford",2,6
102707,2,"Adrian Grantunton",3,10
102708,1,"Jade Windcroft",6,21
102710,1,"Micah Rainellmond",2,5
102711,1,"Thomas Reedleyham",4,14
102712,1,"Destiny Millsonbrook",7,26
102713,1,"Alexis Baroby",11,39
102714,1,"Brian Wrenincrest",2,5
102717,1,"Jeremiah Parkenwall",8,29
102720,3,"Alex Glentonwell",5,17
102721,2,"Victoria Bramuden",10,36
102722,2,"Alicia Beckibry",2,6
102727,2,"Julia Burnland",8,29
102728,2,"Dominic Noraway",8,29
102733,1,"Chloe Longarridge",2,5
102735,5,"Aisha Kendetthorne",10,37
102737,2,"Hazel Clarkingwall",5,17
102738,10,"Autumn Ellington",10,37
102743,5,"Diana Reedingmont",7,26
102747,2,"Christopher Fieldstead",9,34
102753,3,"Sawyer Goldtonden",8,30
102756,1,"Peyton Grayettworth",2,6
102757,1,"Victoria Bellerbrook",10,36
102762,2,"Phoenix Rockanwell",7,26
102764,1,"Jose Westastead",4,14
102769,1,"Micah Fordleyham",9,33
102771,4,"Henry Parkomont",10,36
102774,1,"Christopher Laketonsen",9,33
102775,7,"Nolan Baroby",5,19
102782,2,"Owen Crowanstead",2,7
102785,1,"Leah Westason",2,5
102786,2,"Rachel Silveronwall",10,36
102788,6,"Reese Oakenfield",2,8
102789,2,"Peyton Warduway",5,17
102791,3,"Tyler Lakelinford",2,7
102795,3,"Oliver Bramingcrest",2,7
102797,2,"Faith Carabry",8,29
102799,2,"Austin Crowtonridge",9,33
102801,1,"Kiara Torrleymere",9,33
102806,3,"Alexis Delarridge",2,6
102807,2,"Jessica Blandlinlin",2,5
102813,1,"Casey Norunworth",2,7
102814,7,"Dominic Darnushire",9,34
102816,4,"Henry Burnoward",2,7
102818,1,"Connor Fairmere",5,18
102826,1,"Diana Hayecott",7,26
102827,3,"Albert Bennufield",9,33
102832,3,"Sarah Willellstead",3,11
102836,3,"Michael Hartleyman",4,14
102837,2,"Aria Wolfwellby",2,7
102839,2,"Kaitlyn Holliwood",2,7
102840,1,"Caroline Ashbrook",7,26
102842,2,"Lane Northoridge",6,23
102846,2,"Maya Presumere",4,14
102847,7,"Elijah Hallettstrom",3,12
102848,6,"Hayden Grayby",9,34
102855,1,"Jessica Valeanson",8,30
102860,1,"Kevin Cranicott",9,33
102863,4,"Anthony Thornberg",6,22
102866,1,"Tyler Wrenerwin",4,14
102874,1,"Roman Caldweson",2,5
102876,2,"Mason Delington",2,6
102878,5,"Maria Burnwellcott",2,6
102879,1,"Victor Torreby",9,33
102880,2,"Eliana Rivertonmere",10,36
102884,3,"Alyssa Greeneby",6,22
102885,2,"Peter Camellstead",5,17
102886,3,"Rachel Ellinfield",10,36
102889,4,"Amelia Crossonstead",3,11
102891,2,"Hazel Hollelwell",9,33
102892,3,"Alyssa Lakeerman",5,18
102894,3,"Casey Goldinmond",7,26
102895,2,"Isabella Sandley",8,30
102897,4,"Ian Presinbry",3,12
102902,2,"Wesley Crossettford",3,10
102904,4,"Sebastian Rosearstone",9,33
102907,3,"Carlos Crowingstrom",9,33
102908,2,"Valentina Lakeerden",7,26
102909,1,"Elijah Delman",9,33
102913,3,"Sydney Valeden",2,6
102947,1,"Colin Langelquist",3,11
102955,2,"Caroline Ashinmont",11,39
102958,1,"Jose Fordilin",2,6
102959,1,"George Caldeford",2,5
102960,4,"Alan Presarwell",5,18
102961,1,"Jade Barleyton",2,6
102965,2,"Albert Bramuden",8,29
102966,2,"Reese Blakeermond",9,33
102967,4,"Nolan Delsonbry",2,6
102979,2,"Colin Summeruwall",2,6
102980,2,"Layla Whitaland",10,37
102982,2,"Grace Carabry",4,15
102983,3,"Erica Radoland",6,21
102985,3,"Eva Kendsonquist",2,7
102986,2,"River Hartenstone",5,18
102987,2,"Dakota Windinwall",2,6
102990,2,"Casey Hayham",10,36
102991,2,"Jamie Whitorland",10,36
102994,2,"Cameron Norumont",8,29
102996,1,"Nathan Caldtonbrook",2,6
103002,4,"Gabriella Barinstone",8,30
103003,2,"Natalie Brookunson",3,11
103011,1,"Benjamin Emewood",7,26
103014,1,"Maria Chandleyman",6,22
103017,4,"Madison Wardorcrest",4,15
103018,2,"Rafael Ellettlin",2,5
103021,4,"Justin Blakequist",2,7
103023,4,"Juliana Greenwellby",10,36
103027,1,"Hailey Wardstrom",10,36
103029,1,"Carmen Longeland",8,30
103031,1,"Sebastian Colestead",2,5
103034,1,"Violet Bramalin",8,29
103039,3,"Daniel Hartsonfield",2,7
103040,2,"Naomi Grantenford",2,5
103041,2,"Felix Greenley",3,10
103042,4,"Sage Torronmore",5,18
103045,1,"Kingston Beckcroft",7,26
103048,5,"Joshua Whitsonhart",2,7
103049,1,"Jordan Fieldwellham",3,10
103050,9,"Alyssa Quillinmond",10,37
103051,3,"Lily Grayelmont",8,30
103053,1,"Kayla Kendhart",10,36
103056,1,"Noah Norstrom",3,10
103061,3,"Rebecca Benninmore",2,7
103070,2,"Mason Norarshire",8,29
103076,3,"Joel Radustead",2,5
103077,7,"Kevin Hartaford",9,34
103081,2,"Rafael Rocksonfield",5,18
103087,3,"Kevin Goldorstrom",2,6
103089,3,"Nolan Brightuward",9,33
103090,1,"Melanie Kendunbrook",10,36
103092,2,"Savannah Granteson",2,6
103093,4,"Xavier Camelman",3,11
103098,4,"Vincent Burningbrook",4,15
103100,1,"Claire Crowermond",10,36
103109,1,"Kevin Colealin",10,36
103111,2,"Eliana Delistone",5,17
103114,5,"Jennifer Cararlin",3,12
103115,3,"Xavier Valeinby",8,29
103116,10,"Grace Yorkanby",9,34
103120,6,"Olivia Wrenleyridge",2,7
103123,7,"Valentina Rainumont",2,8
103124,5,"Brian Rowonlin",2,7
103125,1,"Alice Deloshire",5,18
103127,2,"Aiden Fairafield",10,36
103128,1,"Connor Goldettstead",6,22
103129,1,"Mason Wolfofield",3,10
103134,2,"Victoria Whitwell",5,18
103135,1,"Zachary Dalleysen",4,14
103136,1,"Sage Summerstead",2,6
103142,2,"Emma Oakland",2,6
103145,1,"Noah Darninwall",5,17
103147,1,"Riley Reedsonmore",2,5
103149,1,"Preston Beckorbry",7,26
103152,1,"Delilah Dalleythorne",4,14
103153,1,"Gabriella Hayewin",10,36
103155,8,"Drew Kendendale",2,8
103157,2,"Preston Crossunworth",2,6
103159,6,"Alexa Wreningbrook",8,31
103171,1,"Nathan Chandocott",2,6
103175,2,"Hayden Reedelmore",9,33
103176,2,"Ana Stoneihart",2,7
103182,5,"Samantha Riveranshire",9,34
103184,2,"Hazel Burnellwin",2,5
103185,1,"Elizabeth Chandermont",10,36
103189,1,"Alexa Parkawell",2,5
103190,2,"Samuel Delwellberg",4,15
103191,3,"Noah Foxtonridge",3,11
103194,4,"Erica Quilliway",2,7
103198,2,"Jayden Clarkellby",2,7
103201,2,"Cameron Stormbrook",2,6
103203,1,"Samantha Emuley",2,6
103208,2,"Eli Wolfenridge",8,30
103210,4,"Lucy Oakinwin",4,15
103212,2,"Cole Rockosen",5,18
103217,4,"Zachary Glenacott",2,7
103219,2,"Gabriella Hayleywell",2,6
103220,1,"River Riverarworth",3,10
103221,1,"Rowan Caldwingcott",2,5
103226,1,"Alicia Elluman",9,33
103231,1,"Patrick Crowingstrom",2,5
103234,2,"Mason Beckencroft",2,5
103238,2,"Samuel Quilluberg",2,7
103240,1,"Kiara Burnuwood",10,36
103241,3,"Maya Fairleystead",2,7
103243,2,"Landon Fordcrest",2,6
103245,5,"Charlie Duninridge",2,7
103250,3,"Eleanor Northellberg",8,30
103252,2,"Alicia Stormwell",6,21
103253,2,"Charles Ellettlin",8,29
103254,1,"Eva Marelmont",2,6
103260,3,"Phoenix Brightiquist",8,30
103261,3,"Felix Riverolin",3,11
103263,1,"Erica Riverobrook",5,18
103265,1,"Sebastian Marinwall",2,5
103266,2,"Evelyn Barwellman",4,15
103269,1,"Delilah Grayorstead",7,26
103271,2,"Matthew Wardcroft",2,5
103274,2,"Alexander Dalunmore",7,26
103275,4,"Maya Bennarbrook",3,10
103276,3,"Ashley Greenanhart",7,26
103278,4,"Bailey Eastidale",2,7
103280,1,"Lucas Stoneermont",6,21
103286,4,"Diana Darnarman",7,26
103288,3,"Jessica Raderstone",8,30
103289,2,"Christopher Fairorwin",2,5
103290,1,"Jack Crossonward",8,29
103291,2,"Daniel Harttoncroft",5,17
103300,2,"Violet Coleettlin",8,30
103301,3,"Olivia Presarwell",9,33
103302,1,"Emily Goldenbrook",2,5
103303,3,"Isla Barettden",8,29
103306,1,"Alyssa Parkingmere",3,10
103309,1,"Kai Blandinman",5,17
103310,4,"Bella Wrenuwin",5,18
103313,1,"Leo Northoson",5,17
103315,2,"Logan Wrenunquist",6,23
103317,4,"Bella Greenanhart",4,15
103318,1,"Chloe Chanderden",4,14
103319,1,"Elena Blacktonmond",5,17
103321,2,"Connor Rowerstrom",6,22
103327,5,"Alicia Radorton",2,7
103328,6,"Robert Caldlin",10,37
103330,2,"Rebecca Rockedale",2,6
103331,7,"Samuel Summeremere",2,8
103332,3,"Amelia Lakeellmore",2,7
103333,1,"Victoria Greenistone",2,6
103338,2,"Paige Rockland",4,15
103340,1,"Leo Kingbrook",2,5
103341,1,"Anna Blandtonmere",6,22
103344,5,"David Longtonland",4,15
103346,1,"Joel Willarham",10,36
103348,2,"Drew Oakuden",2,7
103353,9,"Aubrey Fordaman",8,31
103354,4,"Preston Montonstead",10,37
103359,1,"Destiny Rowostead",3,10
103362,4,"Thomas Bramelward",3,11
103367,1,"Nicholas Westson",2,5
103369,4,"Savannah Cranerwell",9,33
103371,1,"Asher Blacksonland",6,21
103372,6,"Faith Marorthorne",9,34
103375,6,"Gabriel Adlerlinson",7,27
103378,4,"Sydney Hallersen",8,31
103379,5,"Blair Fininworth",2,6
103382,5,"Natalie Colealin",9,34
103384,2,"Audrey Sandsonstead",5,17
103387,2,"Taylor Coletonstead",6,22
103388,2,"Zachary Fordoman",2,8
103389,2,"Carlos Marelmont",2,7
103393,10,"Seth Baroby",2,8
103398,3,"Rebecca Parkondale",2,7
103401,4,"Lillian Emunmere",4,15
103402,8,"Grace Chandanby",8,31
103404,1,"Charles Hollellberg",8,30
103405,2,"Paul Presfield",2,7
103406,3,"Charles Meadleyfield",2,7
103407,1,"Vincent Bramenton",8,29
103415,3,"Lane Bartonley",9,33
103416,7,"Harley Radunson",10,37
103417,9,"Maya Halltonman",2,8
103418,4,"Aria Oakarridge",4,15
103428,4,"Richard Kingorbry",10,37
103429,5,"Madeline Wolfleyberg",4,15
103431,4,"Lucas Yorkelfield",5,18
103432,4,"Madeline Camondale",4,15
103434,6,"Charlie Rainonwin",8,31
103436,2,"Evan Pineanworth",2,7
103439,4,"Jessica Goldenman",10,36
103440,6,"Robert Pineingward",3,12
103446,7,"Charlotte Crowman",8,31
103448,5,"Jasmine Rowerthorne",2,7
103450,2,"Harper Halltonridge",4,14
103455,1,"Luke Grantenfield",3,10
103459,4,"Paul Bramsondale",8,30
103462,11,"Madison Finford",5,19
103465,1,"Kingston Fairelberg",10,36
103469,2,"Emerson Blackshire",4,15
103483,1,"Aaron Blakeardale",4,14
103492,8,"Leo Crowehart",2,7
103494,1,"Aaron Preselman",2,5
103495,1,"Gabriella Foxufield",8,29
103499,2,"Angela Norfield",8,29
103501,4,"Evelyn Rainoworth",8,30
103503,3,"Thomas Rainleyway",7,26
103507,4,"Amelia Delansen",7,26
103508,1,"Alexa Chandiridge",5,17
103509,2,"Alex Ashettstead",2,5
103513,3,"Reese Swanwelley",8,30
103520,3,"Bella Reedanstrom",2,6
103522,2,"Avery Springsonlin",2,6
103525,1,"Aubrey Windarmere",9,33
103526,1,"Julian Glenunbrook",7,26
103537,3,"Sage Crossanberg",2,6
103539,3,"Savannah Thornarbry",8,30
103542,1,"Kai Finhart",2,6
103544,4,"Sawyer Torrtonward",3,11
103549,1,"Destiny Barenden",10,36
103551,4,"Addison Hawkorstrom",10,37
103552,2,"Blair Westlinman",8,30
103553,1,"Daniel Thornerstrom",9,33
103557,3,"Carlos Sandellman",2,7
103559,3,"Jade Meadiwin",4,14
103562,6,"Ariel Cranelshire",8,30
103563,7,"Elena Hayway",9,34
103566,3,"Christian Grantingford",3,11
103567,2,"Charles Finencott",7,26
103575,1,"Luke Ellinbry",2,5
103577,2,"Abigail Glenarstead",3,10
103579,1,"Charles Millwellwell",7,26
103581,3,"Taylor Valeorridge",10,36
103585,6,"Nathan Caldwingberg",2,7
103588,1,"Charlotte Goldarman",8,30
103590,3,"Ariel Stormarfield",5,17
103591,1,"Daniela Perrytonham",5,18
103593,1,"Liam Coleellmere",7,26
103594,2,"Peter Blakeermond",8,30
103595,1,"Charles Brookenstrom",8,29
103598,3,"Allison Bartonley",2,6
103599,1,"Camila Raderstone",5,17
103600,2,"Ruby Grantustone",9,34
103605,1,"Emma Kingerfield",8,29
103615,2,"Jamie Rowwellway",8,30
103620,1,"Claire Foxahart",6,23
103622,5,"Avery Grayocroft",9,34
103625,9,"Rachel Fordwood",10,37
103627,2,"Jennifer Goldinmond",3,11
103628,5,"Blake Milland",2,6
103629,4,"Nora Roseunham",9,33
103633,2,"Ava Valeelson",8,29
103637,1,"Finley Oakermont",9,33
103639,2,"Eden Fairunstrom",2,6
103644,1,"Brianna Marelthorne",2,5
103646,1,"Maria Quillellwood",9,33
103647,1,"Adrian Marorbry",2,7
103650,2,"Jessica Foxincrest",4,14
103651,1,"Tyler Lakeerman",3,10
103654,1,"Kayla Greentondale",8,29
103655,5,"Jennifer Barenden",7,26
103658,1,"Jessica Thornenmere",7,26
103659,2,"Emerson Deluncrest",8,30
103665,3,"William Ashinmont",3,11
103667,5,"Kiara Clarkettward",7,27
103669,1,"Blair Torrelmore",2,5
103674,6,"Dylan Stormunridge",10,37
103676,3,"Kai Blackellin",3,11
103677,3,"Jayden Longleybrook",8,30
103681,7,"Samantha Pineingward",2,8
103683,2,"Roman Langordale",2,6
103691,5,"River Autumnestead",10,37
103695,2,"Phoenix Wolfeway",2,5
103701,1,"Nicholas Bellonsen",5,17
103704,2,"Eliana Caldwonby",7,26
103708,5,"Isaac Westson",2,7
103710,2,"Scarlett Caringcroft",7,26
103713,3,"Jessica Sandsonstone",10,36
103715,4,"Hannah Oakinwin",3,11
103716,1,"Jamie Barsonley",4,14
103720,6,"James Sandasen",2,7
103722,8,"Juliana Silverworth",10,37
103726,2,"Aria Kendhart",6,21
103730,2,"Jordan Hallersen",6,23
103731,1,"Brian Dunermere",10,36
103732,3,"Ashley Milloman",2,6
103734,3,"Alan Stormshire",4,14
103740,1,"Emma Westuland",2,6
103745,3,"Aubrey Silverlinlin",6,22
103747,4,"Abigail Millinmore",5,18
103748,1,"Elizabeth Stormiley",9,33
103750,3,"Sage Wrenincrest",6,23
103754,4,"Hailey Brightelsen",2,8
103755,6,"Dylan Harteridge",10,37
103756,2,"Luna Yorkson",2,6
103760,1,"Amelia Caldingstead",7,26
103761,18,"Daniel Hartemore",6,24
103764,6,"Ashley Westelquist",2,8
103767,2,"Patrick Pressonmond",9,33
103768,2,"Henry Eastmere",3,10
103773,2,"Phoenix Northunwell",7,26
103774,1,"Kiara Bellenford",4,14
103776,1,"Bailey Delington",2,6
103777,1,"Natalie Swaningwood",9,33
103778,2,"Victor Bennelman",2,6
103781,2,"Phoenix Ashwellin",2,6
103783,2,"Andrea Millwellwell",9,33
103787,2,"Melanie Graylinson",9,33
103790,2,"Ariel Riveringwell",7,27
103792,2,"Anthony Northenmore",10,36
103793,3,"Amelia Caraquist",11,39
103794,1,"Dakota Wrenelthorne",5,18
103795,1,"Ariel Wrenleyridge",2,5
103797,2,"Kayla Kingson",5,18
103798,3,"Claire Ellsoncott",6,21
103800,1,"Samantha Crowingstrom",8,29
103801,1,"Xavier Hollellberg",3,10
103808,3,"Zoe Blakewall",2,6
103817,2,"Valentina Barubry",4,14
103818,5,"Abigail Stormenden",10,37
103823,1,"Jordan Lakeleymont",4,15
103824,2,"River Ellsoncott",2,6
103826,1,"Emily Swaneson",8,29
103829,2,"Anna Granterward",3,11
103836,6,"Julian Parkettford",2,7
103837,1,"Charles Stoneorman",8,29
103838,1,"Finley Bennunmont",2,6
103840,2,"Penelope Rowiham",10,36
103842,2,"Aisha Brookercott",8,29
103843,3,"Zachary Grayford",9,34
103848,1,"Andrea Sandishire",6,22
103854,1,"Maya Meaderidge",2,5
103857,2,"Austin Caldellden",4,14
103865,1,"Xavier Langamere",4,14
103866,1,"Jonathan Finford",8,29
103870,1,"Ariel Burntonway",7,26
103873,1,"Ana Roseafield",8,29
103874,5,"Madeline Monelcroft",2,7
103882,5,"Aubrey Springettham",3,11
103884,1,"Madeline Caldarwood",4,14
103885,3,"Hannah Riverordale",4,14
103887,4,"Logan Finercott",10,37
103888,2,"Elizabeth Eastham",9,33
103890,3,"Marcus Greenanwood",5,17
103892,4,"Owen Millsonquist",2,6
103894,3,"Kayla Fieldilin",6,23
103895,2,"Faith Raineford",2,5
103899,2,"Madeline Camawin",8,29
103900,2,"Joel Whitilin",7,26
103903,3,"Stella Beckleyley",8,29
103920,10,"Taylor Reedstrom",2,8
103921,3,"Hayden Stormerway",8,29
103922,2,"Connor Caldostead",5,17
103923,6,"Ryan Stormwell",7,27
103924,3,"Jack Bellanmont",10,36
103925,1,"Ella Valeunley",7,26
103929,1,"Anthony Blandincrest",4,14
103930,3,"Genesis Yorkellwall",7,26
103933,2,"Melanie Hartelland",8,30
103934,5,"Delilah Whiticrest",5,18
103935,1,"Alexander Beckleyby",8,29
103942,2,"Grant Glenward",6,22
103947,2,"Kai Swanansen",2,7
103948,8,"George Pineton",5,19
103952,3,"Naomi Oakonway",3,11
103956,1,"Eden Roseelridge",7,26
103957,1,"Alice Roseonbrook",7,26
103958,4,"Quinn Stoneinstead",6,23
103959,3,"Jordan Deloshire",7,26
103960,1,"Hayden Crosscroft",2,5
103961,1,"Adam Kingiwell",2,6
103969,1,"Kai Yorkinley",3,10
103970,3,"Angela Hallinford",7,26
103973,1,"Eden Glenleyridge",2,5
103974,1,"Colin Stoneihart",2,6
103975,2,"Claire Raininland",8,30
103979,4,"Jonathan Quilleward",10,36
103980,1,"Finley Daloward",9,33
103985,4,"Penelope Barleymont",10,36
103987,2,"Olivia Bramsondale",3,11
103995,2,"Joshua Blakeellman",2,7
103998,3,"Adrian Willoham",9,33
103999,4,"Naomi Ellanwin",2,8
104000,1,"Vincent Longonwall",8,29
104001,1,"Elijah Ellustead",8,29
104005,3,"Taylor Grayorland",3,11
104008,6,"Camila Blackorfield",2,8
104009,3,"Marcus Oaksonstone",5,18
104010,3,"Carla Blacklinmont",2,7
104011,3,"Rowan Hayusen",3,11
104013,1,"Diana Hawkorson",3,10
104016,2,"Albert Eastwellmont",9,33
104017,1,"Victor Riveranstone",2,6
104018,3,"Brian Hallinmore",4,15
104019,4,"Aiden Meadleywin",4,15
104021,1,"Simon Torrorcroft",9,33
104030,5,"Madison Perryuby",5,18
104032,2,"Elliot Rainleyway",9,33
104037,3,"Sophia Graytonwell",8,30
104039,2,"Aiden Delarridge",3,11
104043,3,"Autumn Hawkaberg",2,7
104045,2,"Daniel Fintonford",3,11
104048,1,"Amy Blakeaden",4,14
104050,3,"Adam Meadiwin",10,37
104055,1,"Matthew Carenridge",2,6
104058,1,"River Maronshire",2,7
104068,2,"George Faironcott",4,14
104070,3,"Isla Northellin",2,5
104071,5,"Avery Summeruwall",2,7
104074,2,"Jose Wolforcroft",2,6
104082,2,"Dylan Cartonthorne",6,22
104086,4,"Skyler Oakarfield",4,15
104087,2,"Caroline Bellwellhart",6,23
104088,1,"Dakota Rockenmore",10,36
104089,1,"Patrick Goldmond",2,5
104090,3,"Sofia Parkoman",6,23
104091,3,"William Stoneihart",7,26
104092,3,"Eden Caldimore",2,7
104094,2,"Sydney Silveristead",7,26
104095,1,"Caroline Glenanton",5,17
104096,2,"Stella Ellerlin",5,18
104098,1,"William Chandelden",2,5
104099,1,"Chloe Quillebry",7,26
104102,1,"Aaron Pineingham",3,11
104104,4,"Carmen Springeridge",5,18
104105,1,"Evelyn Caldustone",2,6
104110,2,"Noah Mononcroft",6,22
104111,2,"Christopher Perryenson",8,30
104115,7,"Hudson Beckibry",9,34
104116,3,"Charlie Camiton",2,7
104129,2,"Autumn Chandanby",3,10
104132,2,"Anthony Darnerfield",7,26
104133,3,"Ariel Langorwell",4,15
104138,2,"Melanie Roseufield",8,29
104139,2,"Jack Hartenridge",8,29
104144,1,"Miles Fordunquist",2,5
104145,1,"Kiara Golduham",6,22
104152,8,"Cameron Norarridge",9,34
104157,1,"Stephen Autumnuham",2,6
104158,3,"Madeline Hayinridge",4,15
104160,2,"Genesis Goldlinbrook",2,7
104161,10,"Tyler Beckellham",8,31
104162,4,"Alex Crowman",2,7
104163,1,"Carmen Brightelham",5,18
104175,3,"Avery Roseawall",7,27
104176,2,"Autumn Crossosen",9,33
104179,5,"Riley Kingerfield",2,6
104180,2,"Bella Stormwell",8,29
104181,1,"Victor Hayonbry",2,5
104182,4,"Ana Dunwood",2,6
104185,2,"Jasmine Bramalin",9,33
104186,1,"Emily Craniwin",10,36
104187,2,"Jamie Wrenton",2,7
104188,10,"Brandon Barsonstead",2,8
104189,1,"Rebecca Silverleyson",6,22
104192,10,"Aisha Bellunridge",3,12
104193,1,"Penelope Torroton",8,30
104201,4,"Carter Rosetonmond",2,6
104202,2,"Alexa Stoneerridge",4,14
104207,10,"Riley Autumnanson",8,31
104210,2,"Zoe Windinby",2,7
104211,2,"Kyle Millcrest",4,14
104213,2,"George Finenmere",3,11
104218,2,"Nicole Rowonlin",9,33
104220,8,"Blake Blakeiham",10,37
104226,2,"Jacob Westelbry",3,11
104227,2,"Connor Valeiworth",2,6
104233,2,"Patrick Hawkaberg",2,6
104236,4,"Autumn Northanwell",8,30
104237,5,"Jamie Caraquist",3,11
104238,4,"Ella Sandunby",10,37
104242,2,"Ella Kingson",8,30
104243,1,"Carlos Rockorlin",5,18
104244,5,"Elizabeth Riveranshire",7,27
104248,5,"Mia Greenaridge",3,12
104253,1,"Amelia Bramingcrest",8,29
104256,2,"Allison Rainsonsen",10,36
104259,2,"Caleb Grantward",8,30
104265,1,"Albert Winteraford",8,29
104266,1,"Brian Marwood",5,17
104269,4,"Reese Torrorwall",7,26
104270,3,"Elena Warduway",5,18
104271,2,"Kyle Coleettbrook",6,22
104273,1,"Mason Deltonman",2,5
104274,1,"Owen Wrenland",2,5
104275,2,"Victor Quillenstone",2,7
104276,6,"Austin Wreneham",9,33
104278,1,"Julian Westerman",2,6
104279,2,"Lucas Torrelmore",3,10
104280,2,"Brian Rockettfield",10,36
104281,1,"Liam Whitaland",8,29
104283,5,"Naomi Torrorwall",9,34
104284,1,"Charlie Clarkingland",8,30
104286,2,"Melanie Delarlin",8,29
104289,1,"Ryan Stoneensen",2,6
104290,4,"Dylan Ellinstrom",8,29
104296,2,"Joel Ashorridge",9,33
104298,2,"Xavier Reedwell",2,6
104301,3,"Dakota Torrunshire",3,11
104312,1,"Lucas Glentonwell",8,29
104313,2,"Blair Finanhart",5,18
104314,1,"Charlie Roseustone",2,5
104318,2,"Finley Blandison",7,26
104320,1,"Ethan Ashmore",4,15
104321,2,"Abigail Grayocroft",2,6
104323,4,"Christopher Silvererford",8,30
104324,4,"Sawyer Kendtonland",9,33
104328,2,"Clara Fieldwellham",9,33
104329,1,"Caleb Clarkwellton",4,14
104331,3,"Roman Hawkwell",2,6
104332,4,"Ethan Yorkettcrest",3,10
104334,2,"Quinn Hawkman",2,5
104336,2,"Scarlett Monudale",10,36
104338,6,"Connor Longsoncroft",7,27
104341,5,"Eleanor Calderquist",5,19
104342,1,"Sophia Hawkanberg",2,7
104346,2,"Julian Fairtonford",2,5
104348,3,"Albert Meadlinbrook",8,29
104353,2,"Zachary Bennamore",7,26
104354,1,"Erica Hallelley",10,36
104356,2,"Kiara Lakeorstone",6,21
104361,3,"Olivia Coletonstone",3,11
104363,1,"Alex Baramore",3,11
104364,2,"Asher Elleycott",2,7
104373,2,"Cole Willwood",8,30
104374,5,"Jose Yorkelland",2,7
104375,2,"Rebecca Riverarford",10,36
104378,1,"Aaron Parksonridge",7,26
104380,2,"Cole Caldumore",7,26
104383,3,"Sofia Clarkastone",9,33
104388,4,"Preston Lakewellberg",2,5
104389,1,"Evelyn Cranerward",2,7
104391,2,"Eva Radson",8,30
104392,3,"Phoenix Wolfellworth",9,33
104394,1,"Ryan Bellsonbrook",5,17
104395,3,"Luke Silveroford",9,33
104398,3,"Diana Silveraridge",3,11
104401,3,"Kendall Hallinby",9,34
104405,2,"Roman Swaningwood",4,15
104408,1,"Sydney Grantenford",4,14
104409,4,"Eden Haythorne",8,31
104410,2,"Madison Maranshire",8,30
104416,6,"Amy Barcrest",10,37
104421,4,"Claire Parkonfield",8,30
104422,2,"Colin Caldettson",8,30
104424,5,"Gabriel Raininland",9,34
104428,4,"Nora Fairelberg",8,31
104433,7,"Nicole Wolfuridge",5,19
104438,3,"Ethan Fairleystead",2,7
104442,6,"Amelia Oakosen",4,15
104443,1,"Jackson Rockorlin",9,33
104444,1,"Violet Meadsonden",2,6
104446,4,"Miles Silveroford",6,23
104447,1,"Valentina Blandleyhart",7,26
104453,2,"Xavier Fieldsonsen",5,18
104454,2,"Phoenix Brightostead",4,15
104458,2,"Nathan Darnshire",8,29
104470,6,"Richard Westastead",10,37
104472,1,"Dakota Silvererland",10,36
104476,1,"Alex Windtonwall",2,6
104477,2,"Madison Riverithorne",11,39
104478,9,"Nathan Yorkarmore",4,15
104481,1,"Claire Gleniley",10,36
104483,6,"Ashley Thornberg",2,8
104484,1,"Owen Lakeorstone",2,6
104488,4,"Chloe Chandettwood",9,33
104489,1,"Jackson Brookinstrom",4,14
104493,2,"Peter Beckorbry",8,29
104497,2,"Rose Finlinden",4,14
104502,3,"Zoe Wrenellquist",9,34
104509,4,"Finley Presoman",9,33
104511,2,"Erica Meadelbrook",2,7
104513,8,"Olivia Hartaford",5,19
104514,3,"Destiny Rowwellwood",8,30
104518,2,"Cameron Kendasen",8,30
104521,9,"Jayden Burnelwin",2,7
104522,5,"Jack Radwellwood",8,30
104523,20,"Madeline Bramingstrom",6,24
104524,1,"Kaitlyn Wardiwin",2,6
104525,2,"River Finelwin",4,14
104526,2,"Harley Foxerway",7,27
104528,3,"Alice Reedwellway",7,26
104537,1,"Maya Dunonridge",2,6
104540,1,"Emerson Lakesonson",6,23
104543,7,"Madison Bramiway",8,31
104544,3,"Harper Caldwtonland",10,36
104548,3,"Alex Yorkonmont",2,6
104554,1,"Skyler Chandellwell",3,10
104557,1,"Miles Wardarwall",8,29
104558,4,"Mateo Coleemond",5,18
104559,5,"Elliot Brookelbrook",9,34
104560,2,"Oliver Halleymond",8,30
104561,6,"Rafael Glenihart",10,37
104563,2,"Emerson Wardinmere",4,14
104565,2,"Logan Oaklinmond",2,6
104566,1,"Ella Fordettden",7,26
104567,3,"Mia Windlinworth",6,23
104568,1,"Ella Rowford",2,7
104570,2,"Michael Ashettstead",2,6
104573,3,"Vincent Mondale",8,30
104574,1,"Faith Oakunham",10,36
104576,3,"Colin Hayenlin",3,11
104577,3,"Preston Parkumore",10,36
104579,3,"Jessica Camelworth",2,7
104585,2,"Christian Dalleysen",8,29
104586,1,"Kayla Clarkerworth",2,5
104588,4,"Christopher Grayihart",7,27
104596,2,"Jackson Radthorne",2,8
104598,1,"Ian Camlinby",8,29
104599,1,"Phoenix Grayathorne",2,5
104604,2,"Autumn Stormolin",8,30
104611,1,"Quinn Greenonsen",9,33
104612,5,"Isabella Windellmond",8,30
104613,2,"Victoria Burninton",10,36
104614,1,"Aisha Summerenmond",3,10
104619,2,"Quinn Cranenworth",3,11
104625,3,"Carter Delwellberg",9,33
104626,4,"Andrea Carelwood",2,7
104629,1,"Emma Brookorcrest",10,36
104630,1,"Cole Grayden",2,5
104633,1,"Sebastian Stormerberg",9,33
104635,5,"Sydney Hallonwood",2,8
104636,5,"Elizabeth Hartandale",7,26
104637,5,"Abigail Rainonhart",4,15
104638,1,"Leah Langstead",10,36
104640,1,"Aiden Roseway",8,30
104645,1,"Rowan Blakeudale",4,14
104646,5,"Evan Adlerelbry",3,12
104650,1,"Evan Adlerman",4,14
104651,1,"Charlie Gleneldale",2,6
104652,5,"Alexis Radwellwall",2,7
104656,2,"Rafael Caldanmere",2,6
104657,4,"Sydney Parkonford",2,6
104658,5,"Kingston Quilliway",4,15
104659,2,"Sebastian Glenunmont",6,22
104661,2,"Adrian Bennathorne",2,6
104664,6,"Leah Hollerberg",4,15
104668,1,"Dylan Ashwellmond",2,5
104670,1,"Dakota Fieldanridge",2,5
104678,3,"Wesley Braminghart",5,18
104685,3,"Elliot Fieldelstead",4,15
104687,3,"Delilah Quillershire",6,22
104694,2,"Thomas Parkinman",5,18
104697,9,"Peter Wolfwellwell",2,8
104700,2,"Ethan Wrenellwell",3,10
104701,1,"Albert Presecott",2,6
104702,1,"Abigail Fairtonford",2,5
104703,1,"Bailey Hayorwood",6,22
104706,1,"Jayden Blakeardale",3,11
104708,2,"Mia Hayingthorne",9,33
104709,2,"Aria Reedstrom",10,36
104715,2,"Aiden Valeingby",4,14
104716,1,"Landon Wolfunworth",8,29
104718,3,"Chloe Fieldeson",3,11
104720,5,"Carlos Coleemond",2,6
104721,1,"Lillian Swanonland",6,22
104722,2,"Roman Finanhart",5,17
104725,1,"Daniel Brookorcrest",4,14
104730,1,"Ethan Rockarward",2,6
104737,5,"Penelope Windleycott",6,22
104739,1,"Patrick Clarkerworth",9,33
104740,1,"Gabriel Delumere",11,39
104742,9,"Albert Perrytonham",4,15
104743,1,"Mia Whitellfield",11,39
104751,5,"William Foxleystrom",8,30
104754,1,"Christopher Monridge",2,6
104760,3,"Daniel Crossanberg",7,26
104764,2,"Brian Wolfeway",8,30
104765,1,"Diana Graylinson",2,7
104766,1,"Juliana Stormansen",9,33
104768,1,"Autumn Blackelstone",8,29
104770,1,"Thomas Goldingbry",6,21
104772,2,"Emma Pineelthorne",10,36
104773,2,"Casey Westisen",9,33
104776,3,"Elena Carunway",2,7
104777,3,"Arthur Burntonway",9,33
104781,1,"Sebastian Blandtonmore",4,14
104784,3,"Maya Presleyward",3,12
104786,9,"Peter Meadsonwood",8,31
104792,1,"Wesley Eastumond",10,36
104794,4,"Aria Monodale",4,15
104796,1,"Alice Emtonshire",8,29
104797,5,"Rebecca Rainellton",2,7
104798,5,"Kennedy Colewellwell",2,7
104799,1,"Julia Torruby",4,14
104800,1,"Luna Caldwridge",4,14
104806,5,"Victoria Monenby",10,37
104808,2,"Matthew Bellwellhart",8,30
104810,1,"Oliver Roseesen",6,22
104812,2,"Dylan Summerton",9,33
104813,6,"Quinn Winterarwood",8,31
104816,1,"Nicholas Foxingmore",8,29
104819,3,"Victoria Dalemore",7,27
104822,5,"Charles Crosslinmere",10,36
104823,7,"Felix Stormtonman",2,8
104824,2,"Erica Emtonshire",8,29
104834,5,"Owen Finingland",7,27
104838,6,"Carter Pinetonshire",2,8
104842,3,"Arthur Swaninmore",9,33
104846,1,"Camila Millunberg",9,33
104847,1,"Erica Carettridge",9,33
104853,3,"Liam Meadeway",5,17
104857,3,"Eliana Roseunridge",5,18
104858,2,"Diana Brightettman",4,14
104859,1,"Dakota Caldwcott",2,5
104862,1,"Theodore Crosson",6,21
104867,9,"Alex Bennarbrook",5,19
104869,3,"Rowan Roseleystone",8,29
104871,2,"Christian Reedlinman",10,36
104876,3,"William Windanwall",2,7
104878,2,"Charles Meadiwin",8,29
104879,1,"Ian Fairmere",6,22
104880,4,"Austin Burninford",10,37
104884,2,"Mia Bramonland",3,10
104885,2,"Bella Northanwell",2,6
104888,1,"Jacob Crowingstrom",2,5
104890,2,"Arthur Foxlinhart",5,18
104896,1,"Bailey Longsonsen",7,26
104899,1,"Alan Grantellhart",6,23
104903,4,"Eli Valelinford",7,26
104906,1,"Brian Torrleymere",7,26
104910,1,"Melanie Holleyquist",4,14
104911,1,"Violet Crossansen",3,11
104914,1,"Richard Chandarway",10,36
104917,1,"Reese Chandiman",9,33
104932,3,"Grant Swanilin",6,23
104935,2,"James Roseellson",5,18
104936,5,"Henry Westisen",5,18
104937,1,"Charles Fairanstone",8,29
104939,1,"Xavier Pineomere",8,29
104940,1,"Brian Langanham",2,5
104945,2,"Paige Finellthorne",3,10
104946,3,"Riley Rainlinstead",2,7
104947,1,"Wesley Grayden",6,21
104950,1,"Rowan Westelbry",2,5
104955,1,"Eli Sanduncroft",2,5
104960,3,"Leo Hartehart",9,33
104962,2,"Kingston Dunonquist",2,7
104965,1,"Parker Kendorstead",8,29
104970,1,"Jamie Raininland",2,5
104972,1,"Asher Preshart",2,6
104974,3,"Bailey Crosslinmere",4,15
104975,1,"Savannah Wrenford",2,5
104978,1,"Daniel Chandistead",6,21
104982,2,"Felix Pinearworth",7,26
104985,1,"Alexa Radundale",4,14
104987,6,"Cameron Dalbrook",2,8
104990,2,"Chloe Kendmore",8,29
104992,10,"Phoenix Wardaland",9,34
104993,3,"Patrick Darnonley",4,15
104996,2,"Emily Riveronward",8,30
104999,2,"Christian Rainsonsen",2,5
105004,1,"Matthew Delshire",2,6
105005,11,"Liam Bramenlin",9,34
105008,8,"Paul Oakleylin",6,23
105010,2,"Benjamin Lakeunwall",2,7
105014,3,"Avery Valewellmere",10,36
105015,2,"Jackson Milland",9,33
105017,1,"Kennedy Chandocott",8,30
105018,3,"Aiden Millenshire",5,17
105020,2,"Austin Willridge",5,17
105021,1,"Asher Rockbry",3,10
105026,1,"Aisha Willbry",5,18
105029,1,"Samuel Norlinway",3,10
105034,1,"Ella Silveruton",8,29
105037,1,"Harley Blakeorwin",2,5
105040,1,"Alexa Rainleyshire",6,22
105041,2,"Angela Willanstead",2,7
105042,2,"Ana Colestrom",4,14
105045,3,"Riley Eastellin",2,7
105048,1,"Brooklyn Whittonman",9,33
105050,3,"Madison Reedellby",8,30
105051,2,"Elliot Beckfield",10,36
105052,1,"Nicholas Fairtonford",2,6
105054,2,"Jackson Caldworcrest",2,6
105056,1,"Kingston Chandettwood",8,29
105058,3,"Ryan Wolfunwood",4,15
105060,3,"Emma Whitaland",9,33
105065,1,"Evelyn Finlinden",3,10
105069,2,"Hannah Dalleysen",4,15
105071,1,"Austin Haythorne",10,36
105076,5,"Audrey Hartunway",7,27
105078,2,"Elizabeth Stoneiward",2,5
105081,1,"Richard Ashbrook",2,7
105082,2,"Eleanor Oakuden",8,30
105086,6,"Kevin Grantunton",4,15
105093,2,"Maya Daloberg",2,5
105096,3,"Evan Wrenocroft",2,7
105100,2,"Seth Langancott",6,21
105104,5,"Leah Hartemore",6,23
105107,2,"Jonathan Glenellstone",8,29
105109,1,"Gabriel Kendmore",2,5
105110,6,"Alex Caldman",7,26
105115,1,"Richard Fordonthorne",5,17
105124,1,"Emily Baruhart",2,5
105125,1,"Ethan Yorkonmont",9,33
105131,5,"Gabriella Wrenerwin",7,27
105132,1,"Justin Clarkmont",9,33
105133,1,"Jennifer Darnushire",8,29
105135,1,"Rebecca Whitunward",4,15
105148,3,"Olivia Foximond",8,30
105150,1,"Jayden Caldwellwin",4,14
105151,2,"Claire Torrelworth",4,15
105154,1,"Peyton Burninford",3,10
105156,3,"Bailey Darnindale",7,26
105158,7,"Hannah Parktonby",7,27
105168,6,"Kevin Willoham",9,33
105171,6,"Miles Clarkthorne",2,7
105174,2,"William Whitmere",2,6
105177,7,"Alexander Glensonford",10,37
105179,4,"Peyton Rockleyshire",2,8
105181,5,"Ian Marellcroft",2,7
105183,9,"Nicholas Dalarridge",7,27
105185,11,"Savannah Parkonbrook",8,31
105187,1,"Elena Presewall",2,7
105195,1,"Elena Bennamore",7,26
105201,11,"Layla Westerquist",2,8
105202,1,"Theodore Wardinridge",2,6
105205,3,"Brandon Reedarman",8,30
105208,1,"Valentina Meadtoncrest",2,6
105209,1,"Alexis Hallwall",2,5
105211,3,"Sophia Emensen",5,19
105213,2,"Stella Burnemont",9,33
105216,2,"Richard Swanorcott",6,23
105217,1,"Kai Hartleyman",2,6
105218,2,"Noah Fieldcroft",2,5
105219,1,"Naomi Valeiworth",2,5
105220,4,"Justin Hartlinwin",10,36
105222,1,"Ana Meadleyson",9,33
105225,2,"Emily Belloway",2,6
105227,2,"Quinn Roseanlin",2,7
105228,6,"Eden Radson",7,27
105231,5,"Lane Millsonquist",6,23
105233,1,"Kai Rowtonstead",2,5
105237,2,"Oliver Pineasen",3,10
105241,2,"Brooklyn Kendton",2,5
105246,3,"Hudson Parkomont",5,18
105250,3,"William Parkoway",6,21
105252,1,"Layla Summerorlin",8,29
105256,4,"Hazel Darnbry",2,7
105258,3,"Quinn Fairanbry",4,14
105259,1,"Miles Goldmond",2,6
105260,2,"Blake Darnindale",2,5
105263,2,"Mia Stormstead",2,7
105267,4,"Lucas Crowtonridge",2,7
105268,3,"Jason Presonman",6,23
105276,3,"Dominic Sanderworth",2,7
105277,1,"Eliana Kingenmond",3,10
105278,2,"Julia Foxenfield",8,30
105280,6,"Richard Blakeaman",8,31
105284,5,"Ava Blakeerfield",7,26
105291,2,"Blake Valeenridge",8,30
105292,6,"Victor Blakeingman",3,11
105297,1,"Dakota Craninstone",4,15
105302,3,"Lillian Northercrest",8,30
105305,3,"Caroline Glenlinford",10,36
105308,2,"Savannah Yorkinley",2,7
105314,5,"Casey Wolfwellwell",9,34
105315,8,"Logan Blackerland",9,34
105318,5,"Vincent Blandenwood",4,15
105322,3,"Mateo Hartaford",2,6
105325,1,"Andrew Rowwellway",5,17
105326,1,"Isabella Oakelland",4,14
105327,2,"David Foxlinhart",7,26
105330,2,"Hayden Carsonthorne",2,6
105332,2,"Micah Emenstone",8,30
105334,2,"Harper Caldeford",2,6
105336,2,"Scarlett Barsonstead",9,33
105339,5,"Riley Valeleybry",5,19
105341,1,"Ella Halleyson",2,6
105343,2,"Julia Longcrest",2,7
105346,2,"Harper Wreneham",9,33
105347,3,"Anthony Hollaridge",10,36
105349,13,"Emma Valeanson",8,31
105350,2,"Emily Blakeonman",4,14
105353,2,"Asher Greenistone",8,29
105354,2,"Lane Hollorward",10,36
105357,1,"Ryan Sandorwin",4,14
105359,1,"Simon Milland",2,6
105360,3,"Layla Bellonshire",9,33
105361,3,"Gavin Maranwood",6,23
105365,2,"Stella Monicroft",2,7
105371,2,"Felix Foxustone",9,33
105374,4,"Adam Moneland",10,37
105379,3,"Justin Northoson",11,39
105384,1,"Victoria Kingfield",5,17
105387,2,"Isaac Roseonway",2,5
105388,1,"William Sandinman",5,17
105389,3,"Richard Cararmont",4,15
105391,3,"Noah Blakeermond",2,7
105395,4,"Savannah Torroridge",8,30
105398,2,"Paul Darntonlin",2,6
105399,1,"Adam Rainarshire",8,30
105400,2,"Rose Swanwelley",7,26
105402,3,"Cameron Willettcott",2,5
105406,1,"Matthew Silverarmont",4,14
105409,6,"Gabriel Monelcroft",8,30
105410,1,"Kevin Brookiwell",2,6
105411,1,"Albert Millenshire",3,10
105412,12,"Alexis Glenihart",9,34
105418,1,"Micah Hollercrest",2,5
105420,1,"Ava Glenorson",2,6
105426,1,"Oliver Kendowall",5,17
105430,2,"Finley Dunolin",6,21
105433,1,"Julia Hayham",4,14
105434,4,"Colin Pineasen",8,30
105437,5,"Alicia Caldwellwin",8,31
105439,4,"Olivia Hallellman",10,36
105445,2,"Julian Coleingham",4,14
105447,3,"Roman Darnanby",8,30
105450,4,"Autumn Finelwin",3,11
105467,3,"Julian Wrenoson",8,29
105470,4,"Jasmine Nororidge",10,36
105472,2,"Diana Dalimond",8,30
105475,1,"Liam Ellerlin",2,5
105476,5,"Harper Coletonstone",10,37
105478,1,"Lucas Torroton",2,5
105479,2,"Aubrey Bennenman",9,33
105481,1,"Hailey Craniwin",5,18
105483,3,"Olivia Grayihart",8,30
105484,1,"Luke Sandarfield",8,29
105486,17,"Erica Chandelden",6,24
105487,3,"Emily Riverunsen",2,6
105488,6,"Hudson Rowinden",5,19
105491,2,"Samantha Nororward",2,6
105496,6,"Gabriel Westwellwood",2,7
105500,2,"Nathan Blandinghart",8,30
105507,3,"Maria Dunelcrest",4,15
105511,5,"Elena Kingoridge",8,30
105514,6,"Clara Emiworth",7,27
105521,2,"Olivia Winteralin",7,26
105523,1,"Kai Adlerason",6,21
105526,4,"Harley Barellward",2,7
105527,4,"Peter Bellsonbrook",4,15
105532,6,"Zachary Riveranmere",2,7
105537,1,"Henry Camencroft",2,5
105540,1,"Caroline Brookelworth",6,22
105552,1,"Ana Millunberg",2,6
105555,3,"Finley Perryoncroft",10,36
105556,1,"Noah Crowerwell",3,10
105560,1,"Anthony Sandanstead",8,29
105565,1,"Brianna Foxsonbrook",5,18
105571,3,"Riley Camerridge",2,6
105572,1,"Destiny Fieldiquist",3,10
105575,6,"Harley Brightelsen",7,27
105576,2,"Ava Fieldelquist",2,5
105577,2,"Drew Radtonwin",2,5
105586,2,"Angela Fairorland",9,33
105588,3,"Hailey Sandsonstead",10,36
105589,1,"Miles Coleifield",2,5
105590,4,"James Emunmere",6,22
105591,2,"Aria Silverworth",10,36
105592,1,"Theodore Sandawin",2,7
105596,1,"Christopher Summeramore",2,6
105598,9,"Jacob Craninden",9,34
105607,13,"Lucas Whitetthart",8,31
105608,1,"Elliot Windmont",8,29
105614,14,"Lillian Graysonlin",8,31
105615,1,"William Monuden",4,14
105616,2,"Kai Fieldonby",10,36
105618,2,"Addison Quilluman",10,36
105620,1,"Justin Fordiman",2,6
105629,3,"Alexis Roseden",4,14
105632,1,"Angela Summerstead",2,6
105636,6,"Leo Wardford",10,37
105639,1,"Valentina Delleysen",8,29
105640,2,"Isabella Northford",10,36
105642,3,"Alexa Chandthorne",7,27
105643,4,"Avery Rainarlin",9,33
105648,4,"Sarah Milleymore",2,6
105649,2,"Nora Whitleyshire",9,33
105650,4,"Nora Hayushire",3,12
105656,1,"Henry Dalinberg",10,36
105659,2,"Jeremiah Caldwellwin",9,33
105661,1,"Alyssa Finbrook",2,5
105662,1,"Jonathan Rocksonfield",2,6
105663,1,"Isla Riverormore",6,22
105666,3,"Cameron Darnellmond",7,27
105669,2,"Simon Greenedale",2,6
105670,1,"River Swanesen",9,33
105676,4,"Gianna Chandelden",8,30
105677,1,"Oliver Norlinsen",2,5
105681,3,"Genesis Presoman",8,30
105685,2,"Thomas Brighttonton",3,10
105687,3,"Gabriella Fieldonwell",2,5
105690,3,"Kendall Monwellridge",9,33
105692,4,"Brooklyn Dalemond",2,6
105693,2,"Julia Grayingbrook",2,5
105695,5,"Julian Eastumond",2,8
105696,1,"Connor Craninstrom",3,10
105698,2,"Kayla Perryellsen",9,33
105713,1,"Oliver Summerenmond",2,5
105719,4,"Bella Caraquist",2,5
105720,1,"Maya Wardabrook",2,5
105730,1,"Nicholas Delelldale",7,26
105737,2,"Sarah Darnleystrom",2,7
105738,1,"Gabriella Yorkimere",4,14
105739,5,"Jonathan Westingridge",7,27
105740,2,"Peyton Stoneinway",2,6
105744,1,"Taylor Eastumond",2,5
105746,1,"Felix Duninridge",2,5
105748,1,"Lily Fairellway",3,10
105752,4,"Preston Rowensen",8,29
105755,1,"Aaron Kendbrook",3,11
105757,3,"Alice Crowecott",2,6
105758,1,"Layla Glenistone",3,10
105761,4,"Marcus Rowbry",8,29
105762,2,"Madeline Quilluman",9,33
105766,1,"Emma Oakormond",10,36
105769,4,"Marcus Wardleyton",9,33
105775,1,"Peyton Preslinman",3,11
105777,1,"Hayden Windoberg",3,10
105780,2,"Audrey Foxlinhart",4,14
105782,3,"Sage Stormunridge",7,27
105799,1,"Oliver Fordaman",6,21
105800,2,"Ariel Fairoway",4,15
105802,1,"Richard Grantlinsen",2,6
105803,3,"Luis Longanberg",4,14
105808,1,"Isla Millunridge",9,33
105810,4,"Juliana Finford",2,6
105811,2,"Michael Camelbry",8,30
105816,2,"Victoria Winduridge",9,33
105817,4,"Rose Goldelwall",10,36
105821,3,"Violet Valeettridge",8,29
105825,2,"Luis Radundale",10,36
105826,1,"Clara Hartunberg",8,29
105831,1,"Ryan Whitanmere",2,6
105832,1,"Stella Fairunland",2,5
105833,8,"Mia Wolfarward",3,12
105835,2,"Faith Fielderworth",6,23
105838,4,"Eliana Wolfingman",3,10
105840,6,"Tyler Goldellham",9,33
105842,1,"Michael Lakesonson",2,5
105843,3,"Mateo Longarshire",9,33
105849,1,"Christian Fieldarman",10,36
105851,2,"Gianna Bramstone",2,7
105852,1,"Jack Duniley",2,6
105863,3,"Jade Brightellbry",7,26
105868,2,"Lily Longerthorne",6,22
105870,3,"Alexa Ellinstrom",2,7
105871,2,"Matthew Ashellden",9,33
105875,1,"Emerson Barinstone",2,5
105876,4,"Hannah Stoneanward",5,18
105877,1,"Brian Reedostead",8,29
105880,8,"Autumn Holleyquist",9,34
105881,2,"Hailey Hayenquist",2,6
105886,1,"Harley Fairuman",2,5
105895,2,"Oliver Dunuberg",7,27
105900,1,"Richard Caldelstone",6,22
105902,1,"Simon Presinbry",6,22
105905,3,"Stella Oakellworth",9,33
105906,1,"Brian Hollton",3,10
105909,1,"Alicia Eastellin",4,14
105910,3,"Henry Eastenson",8,30
105911,3,"Lucas Reedumere",9,33
105913,5,"River Wolfinstead",4,15
105915,3,"Rowan Hallanquist",2,7
105917,3,"Kyle Finencott",3,12
105918,2,"Jackson Colewellwell",8,29
105919,1,"Taylor Fieldefield",2,5
105920,1,"Kennedy Fairwellway",3,11
105922,1,"Justin Finanstead",6,21
105923,10,"Carlos Elliton",2,8
105926,5,"Alexander Sandenward",4,15
105928,1,"Jennifer Blakeford",3,10
105929,1,"Justin Wolfermond",2,5
105930,5,"Avery Rockelland",4,15
105934,1,"Gabriella Norettshire",2,6
105935,1,"Kai Valetonquist",5,17
105937,2,"Elijah Torrlinmere",10,36
105938,4,"Brandon Finarwood",3,12
105942,2,"William Northumere",2,6
105947,1,"Finley Valewellcott",2,6
105948,5,"Seth Westworth",6,24
105953,1,"Thomas Fordettden",3,10
105954,4,"Dylan Fairlinworth",4,15
105958,3,"Ella Eastenmere",10,36
105962,2,"Caleb Northwellton",2,5
105964,3,"Albert Winterhart",8,30
105969,3,"Sebastian Emanman",7,26
105972,4,"Maria Camocroft",9,33
105973,3,"Chloe Crantonfield",2,6
105974,4,"Joel Camafield",9,34
105979,1,"Isabella Fordunmont",5,17
105983,2,"Kaitlyn Dalleysen",10,37
105985,2,"Valentina Oakermont",2,7
105988,1,"Oliver Brightelham",8,29
105991,2,"Adam Perryelshire",10,36
105993,3,"Elijah Gleniley",8,30
105994,2,"Aria Windobrook",3,11
105998,3,"Evan Oakland",2,6
105999,1,"Maya Caldwonwall",2,5
106000,2,"Destiny Rowberg",8,30
106004,1,"Kai Oaksonby",7,26
106005,3,"Harper Radby",7,26
106007,2,"Emma Roseden",5,18
106008,2,"Oliver Springacroft",2,5
106009,3,"Felix Halltonstrom",3,10
106017,2,"Hazel Hayenby",8,29
106018,2,"Sawyer Winterettway",10,36
106019,2,"Nolan Silverleyson",4,15
106028,2,"Xavier Greenarhart",7,26
106029,7,"Ella Caldwcroft",2,8
106032,1,"Destiny Bellwellham",2,5
106034,1,"Amy Brooksonsen",4,14
106036,2,"Jayden Haytonward",10,36
106038,1,"William Rainelmond",7,26
106040,1,"Noah Perrywellden",7,26
106043,6,"Naomi Chandleyman",8,31
106044,10,"Jayden Hayway",2,8
106046,1,"Noah Colearcott",8,29
106047,1,"Stella Goldmond",10,36
106054,4,"Alyssa Glenellstone",10,36
106057,2,"Kyle Torrelmore",8,29
106060,3,"Madison Blakehart",2,6
106065,5,"Parker Careberg",8,31
106070,3,"Cameron Langorwell",2,7
106071,3,"Carter Cranleymore",8,31
106073,3,"Leah Reediwood",4,14
106079,2,"Harper Darnushire",8,29
106080,2,"Lucas Kendorstead",10,36
106082,3,"Benjamin Emunworth",2,6
106084,2,"Autumn Fieldcroft",6,22
106088,1,"Victor Rockanmond",2,5
106090,7,"Kaitlyn Willwood",2,7
106092,1,"Dominic Winteribry",2,7
106093,3,"Brianna Fairincroft",8,30
106095,6,"Carter Kenderton",10,37
106096,1,"Savannah Perryinstone",2,5
106098,2,"Kayla Bellanmont",3,10
106099,2,"Parker Valeinquist",2,5
106101,4,"Rachel Lakeoworth",2,7
106102,1,"Camila Caminby",8,29
106105,4,"Phoenix Windlinwall",10,37
106106,3,"Finley Beckebrook",6,23
106111,4,"Taylor Torroridge",2,6
106112,2,"Kyle Delistone",10,37
106117,4,"Stella Radoton",2,7
106120,2,"Owen Glenshire",10,36
106121,2,"Samantha Hollton",2,7
106125,10,"Brian Marwellstrom",3,12
106127,1,"Zachary Hollanstead",10,36
106128,3,"Alan Wrenimore",4,14
106129,3,"Jose Crowellcott",7,26
106133,1,"Ashley Westunford",8,30
106134,1,"Aubrey Chandmere",2,5
106139,2,"Charles Valeenstrom",10,36
106140,4,"Eli Longonbrook",2,7
106148,3,"Victor Riveruworth",8,29
106150,2,"Chloe Swaningwood",8,29
106151,12,"Adam Reedingstrom",5,19
106152,2,"Hailey Autumnanson",8,29
106153,2,"Finley Emorton",2,5
106156,5,"Cameron Crowafield",5,18
106162,5,"Eden Maranwood",9,33
106163,1,"Connor Rowbry",8,29
106164,4,"Rebecca Clarkeshire",7,26
106166,2,"Bella Kendunwall",5,17
106168,2,"Jessica Valeiden",6,22
106171,3,"Thomas Hallaberg",5,18
106173,1,"Allison Longenden",6,21
106177,1,"Maria Roseleystone",4,14
106178,7,"Ashley Hollton",9,34
106180,2,"Evelyn Millistone",2,6
106181,1,"Sophia Emanman",4,14
106185,1,"Rose Longermond",2,7
106186,3,"Finley Valeorridge",10,36
106189,1,"Alice Whitmere",4,14
106190,1,"Juliana Hartingridge",2,6
106193,4,"Lucy Foxellberg",10,36
106194,1,"Amy Langawin",3,10
106198,7,"Kendall Foxifield",7,27
106202,2,"Brianna Calderquist",4,14
106205,3,"Dylan Delington",9,33
106211,1,"Victoria Foxlinhart",8,29
106213,6,"Liam Burnanton",2,7
106215,1,"Caleb Brightinman",3,10
106217,1,"Jeremiah Westason",11,39
106218,1,"Adrian Burnanton",2,6
106219,1,"Gabriel Fordlincrest",8,29
106220,2,"Brandon Radwellwell",9,34
106221,1,"Jessica Clarklinwall",4,14
106226,2,"Emily Ashwellridge",6,21
106232,2,"Noah Camafield",2,5
106233,1,"Michael Radustead",8,29
106235,1,"Andrew Dalingman",2,6
106237,4,"Maya Northashire",3,11
106239,1,"Rafael Milloman",8,30
106242,1,"Violet Sandoquist",4,14
106243,1,"Mateo Colestrom",2,5
106244,2,"Maria Sandsonbrook",7,26
106250,2,"Jacob Valewellmere",4,14
106251,5,"Kennedy Rainumont",3,11
106252,2,"Avery Eastwelland",7,26
106253,1,"Erica Becklinridge",2,5
106259,3,"Delilah Beckormont",10,36
106262,4,"Nathan Swanwelley",10,37
106264,3,"Eli Hollincrest",2,7
106265,3,"Seth Westridge",11,39
106267,3,"Robert Rockthorne",6,23
106271,1,"Carter Greenastead",2,5
106272,1,"Alexis Quillerley",2,5
106273,6,"Adam Eastarland",8,31
106277,1,"Rachel Blakeercrest",2,7
106280,1,"Stephen Foxaman",2,6
106281,1,"Allison Rainelmond",2,6
106283,3,"Ashley Clarkingland",2,8
106284,1,"Rafael Craningworth",9,33
106290,4,"Henry Yorkorridge",2,8
106291,2,"Layla Kendinstone",6,22
106292,2,"Violet Torramont",8,30
106297,3,"Kevin Goldlinland",10,36
106299,4,"Carmen Fininworth",2,7
106301,1,"Owen Northley",8,29
106302,9,"Robert Autumneridge",11,40
106306,2,"Evan Barwellman",3,10
106308,4,"Peter Coleifield",11,39
106311,3,"George Wrenonbry",2,8
106317,2,"Hannah Wardford",9,33
106319,2,"Kai Torroman",7,26
106321,1,"Eva Coleetthart",9,33
106323,2,"Sawyer Chandanby",8,30
106325,2,"Nicole Westtonridge",2,7
106326,2,"Arthur Barcroft",2,7
106327,1,"Kendall Kinglindale",4,15
106329,3,"Sophia Brookonmore",3,11
106330,1,"Elizabeth Rowulin",7,26
106332,2,"Gabriel Marunson",2,6
106334,11,"Adrian Blackincott",2,8
106337,1,"Amelia Kingumond",8,30
106341,1,"Drew Marettcrest",3,11
106346,1,"Jonathan Wrenarstone",4,14
106348,1,"Rebecca Blandorson",10,36
106352,3,"Carter Fordwood",2,7
106357,3,"Faith Maranway",7,26
106359,1,"Justin Crowcrest",8,30
106361,14,"Hannah Summerorlin",6,24
106366,1,"Kyle Riverlinbry",2,5
106369,1,"Addison Fordoman",8,29
106370,7,"Autumn Foxustone",8,30
106371,1,"Sebastian Chandleyman",4,14
106373,1,"Alexis Brookenstrom",5,17
106380,1,"Cole Hollanstead",5,17
106387,1,"River Valeettworth",7,26
106389,4,"Sawyer Barellward",2,7
106390,1,"Jacob Goldellridge",6,21
106391,1,"Jason Westuland",2,6
106398,1,"Zoe Carensen",6,21
106403,1,"Arthur Westelstead",5,18
106404,2,"Aisha Fordilin",3,11
106406,3,"William Willason",2,7
106407,2,"Grace Fieldellway",3,10
106409,4,"Claire Riverelridge",7,27
106411,7,"Alexis Sandoquist",2,7
106418,1,"Kyle Radwellwall",8,29
106419,2,"Kennedy Beckerson",6,21
106421,1,"Genesis Swanonland",6,22
106423,7,"Aiden Whitunward",8,31
106424,1,"Cameron Burnwellcott",2,5
106428,1,"Hailey Chandway",2,6
106431,3,"Alice Brooklinwin",4,15
106434,6,"Caleb Pineerhart",3,12
106436,8,"Casey Hayeson",5,19
106438,3,"Jennifer Sandunby",10,36
106441,5,"Sawyer Oakecroft",7,26
106446,1,"Elijah Caldwingham",4,14
106447,1,"Leo Hallardale",8,29
106451,1,"Sydney Westwellward",2,6
106455,1,"Justin Wrensonbry",5,18
106457,1,"Austin Bramstone",10,36
106464,1,"Rebecca Torrlinmere",2,5
106466,2,"Caleb Winterarwood",10,36
106469,2,"Natalie Millindale",9,33
106473,1,"Riley Wardstrom",5,17
106474,2,"Michael Burnerstrom",8,29
106479,8,"Jayden Coleinfield",2,8
106487,1,"Sage Hollinlin",2,6
106489,1,"Stella Fordenstrom",2,6
106500,1,"Lily Wrenelthorne",4,14
106501,2,"Destiny Caldtonbrook",10,36
106503,7,"Blake Ashbrook",2,7
106508,3,"Thomas Goldwelley",7,26
106513,1,"Justin Radanridge",2,5
106515,5,"Anna Reedonson",8,31
106517,2,"Jack Wardinmere",2,6
106518,3,"Faith Perrycrest",5,18
106519,1,"Mason Glenlinford",3,10
106525,5,"Blair Blackelldale",2,7
106529,1,"Sage Wrenworth",2,7
106532,1,"Evelyn Bellsonbrook",2,5
106533,5,"Madison Whittonman",2,7
106542,3,"Madeline Hartandale",2,6
106543,7,"Morgan Eastiberg",8,31
106544,3,"Lucy Beckerstone",5,18
106550,1,"Kingston Brightinman",2,5
106555,2,"Jackson Fieldonwell",2,6
106557,1,"Penelope Foxtonway",5,17
106558,4,"Colin Windodale",9,34
106559,1,"Ashley Roseunmere",6,23
106561,3,"Adrian Valeingmere",4,15
106564,2,"Jonathan Chandleyman",11,39
106568,4,"Avery Rainanmore",10,36
106571,1,"Casey Chandunbrook",6,21
106574,1,"Rafael Stoneelwell",2,5
106577,1,"Brandon Fairwellway",8,29
106586,1,"Lucas Yorkanby",8,29
106587,2,"Arthur Oakarberg",9,33
106589,1,"Kiara Valeenman",3,10
106590,1,"Luke Stoneunquist",8,29
106592,1,"Alan Monistead",4,14
106599,2,"Rowan Caldman",2,6
106600,2,"Claire Fordenlin",7,26
106601,4,"Gianna Emunson",9,34
106604,2,"Luis Goldequist",8,30
106605,4,"Preston Riverithorne",10,37
106608,4,"Justin Eastellin",11,39
106612,2,"Riley Reedelmore",10,36
106614,1,"Eden Valeman",10,36
106615,3,"Xavier Clarkman",8,29
106617,1,"Ariel Parkiton",8,29
106620,3,"Albert Elleson",5,17
106621,1,"River Wolfleyberg",9,33
106627,4,"Natalie Oakarberg",4,15
106628,1,"Skyler Hallham",2,6
106631,1,"Valentina Rowunstead",5,18
106635,1,"Christopher Darnmond",8,29
106638,1,"Harley Rainlinwin",2,6
106641,1,"Wesley Darninwall",3,11
106642,7,"Ashley Radustead",3,12
106645,3,"Adam Caldwinberg",8,30
106650,8,"River Stormtonson",8,31
106657,4,"Hailey Rockencroft",2,6
106658,1,"Emerson Faireley",3,10
106661,1,"Evan Blackamond",2,7
106662,1,"Delilah Bennethorne",3,10
106663,1,"Isaac Willsen",7,26
106664,4,"Jason Reedenwell",6,22
106673,1,"Adrian Ashemond",3,11
106676,2,"Simon Greenorwood",10,37
106677,2,"Dakota Wrenwellmere",10,36
106678,5,"Finley Hollton",3,12
106679,2,"Alexis Coleleyley",2,6
106688,1,"Connor Hawkemore",8,29
106690,1,"Samantha Roseafield",4,14
106693,1,"Alyssa Ashelin",4,14
106694,1,"Carter Springby",3,10
106700,1,"Peter Wolftonshire",10,36
106701,3,"Albert Kendorstead",6,23
106705,2,"Kingston Pineingcrest",2,7
106708,4,"Gabriel Maranway",3,11
106710,1,"Sydney Dalellsen",2,7
106711,1,"Daniela Finoby",9,33
106714,3,"Hudson Rowwellwall",4,15
106717,3,"Jamie Wardtonstrom",2,7
106725,4,"Emily Monibry",2,7
106727,2,"Charles Rainleyshire",4,14
106732,4,"Hailey Bennelberg",8,30
106734,3,"Allison Coleetthart",10,37
106735,2,"Wesley Pineingward",6,23
106739,4,"Benjamin Hollercrest",5,18
106742,3,"Carla Bennonton",3,11
106743,3,"Hayden Willarham",8,30
106744,2,"George Ellford",8,29
106745,1,"Sage Monlinmont",10,36
106755,1,"Connor Clarkman",10,36
106756,1,"Penelope Marellcroft",10,36
106757,3,"Andrea Delettham",9,33
106758,6,"Erica Chandunland",10,37
106759,5,"Hailey Beckwell",7,27
106760,2,"Jasmine Langleyward",7,26
106761,1,"Carlos Hayenlin",3,10
106768,3,"Elena Northleyway",9,33
106771,2,"Scarlett Blackerland",2,5
106772,1,"Avery Willarstone",8,30
106775,4,"Addison Valeothorne",4,15
106778,7,"Zoe Norden",9,34
106779,6,"Alicia Summeronmont",8,30
106787,1,"Jonathan Pineingham",2,6
106788,2,"Riley Silverlinlin",4,14
106789,3,"Harley Lakeerman",2,7
106794,5,"Felix Emleyway",2,7
106795,5,"Alexis Autumnolin",9,33
106797,1,"Roman Kingarman",6,23
106798,3,"Parker Perryenson",4,15
106800,2,"Theodore Rainistrom",7,26
106802,1,"Simon Windmont",2,6
106806,3,"Charlie Cranicott",7,26
106808,1,"Kingston Northerberg",10,36
106811,1,"Delilah Rainellmond",8,30
106812,1,"Jacob Darnbry",5,17
106815,2,"Luna Ashtonthorne",8,30
106819,1,"Jackson Langebry",5,17
106820,1,"Isla Riveringham",8,29
106822,6,"Riley Greenenwood",8,31
106829,2,"George Longstead",2,6
106830,2,"Jennifer Brookunwell",6,22
106835,4,"Natalie Greenanhart",5,18
106837,1,"Matthew Swanahart",5,17
106838,4,"Kendall Hallardale",8,30
106839,2,"Christopher Fielduley",2,6
106841,4,"Abigail Parkenwall",3,11
106842,4,"Elizabeth Chandiway",8,30
106848,5,"Roman Finbrook",2,7
106850,1,"Kaitlyn Thornuby",8,30
106852,4,"Maria Marsonwood",3,11
106854,4,"Sophia Hartehart",5,18
106855,1,"Joel Roseenridge",4,14
106866,1,"Riley Presingmont",8,29
106867,2,"Quinn Hallinghart",8,30
106871,1,"Christian Preselmore",2,5
106872,2,"Daniela Hayhart",4,15
106880,1,"Kevin Rowonlin",8,29
106886,3,"Diana Fordingmond",8,30
106889,5,"Jade Emerman",2,8
106893,1,"Andrea Blanducroft",4,14
106896,3,"Matthew Barocroft",8,29
106897,1,"Olivia Swanansen",2,5
106900,3,"Jordan Brookinstrom",2,7
106905,3,"Andrea Blackanridge",10,37
106906,2,"Zachary Crowhart",2,7
106908,1,"Ava Wrenleyward",6,21
106909,6,"Ruby Colearwood",3,11
106913,6,"Cole Delarlin",2,7
106915,2,"Sofia Oakingwin",3,10
106920,5,"Aisha Stoneermere",10,37
106921,1,"Claire Valeawin",7,26
106922,1,"Brandon Rivererton",2,7
106930,4,"Gabriella Beckettcrest",3,11
106934,2,"Nolan Wardingwin",5,18
106939,2,"Drew Whitsonmond",2,6
106940,1,"Oliver Rainlinwin",11,39
106941,2,"River Greenley",10,36
106943,1,"Kyle Ashellden",9,33
106946,1,"Aaron Colesoncrest",2,5
106951,1,"Landon Valeinby",8,29
106952,1,"Isabella Bellettbry",8,29
106953,1,"Nicole Torranquist",2,5
106955,2,"Richard Blackelstone",2,6
106956,1,"Jonathan Colearsen",2,6
106958,5,"Casey Lakemont",9,34
106960,3,"Hannah Chandermont",8,30
106962,4,"Isaac Torranquist",4,15
106965,4,"Harley Clarkleymond",9,33
106974,2,"Rose Springanmore",10,36
106975,3,"Ana Beckcroft",7,27
106985,4,"Marcus Bellunridge",3,12
106986,3,"Charlie Chandway",2,6
106988,7,"Arthur Norleystrom",2,8
106992,1,"Allison Grantunton",8,30
106996,2,"Jeremiah Colewellwell",9,33
106998,1,"Daniela Bramandale",8,29
107002,1,"Caleb Marinmere",2,7
107008,1,"Micah Dunwall",8,29
107010,3,"Asher Kingby",2,6
107013,1,"Brooklyn Stoneinway",6,21
107016,1,"Zachary Darnshire",9,33
107020,1,"David Norettman",9,33
107022,7,"Roman Dalfield",10,37
107023,1,"Connor Stormman",2,6
107024,1,"Alexander Thornenmere",2,6
107025,2,"Noah Blakeecott",10,36
107028,2,"Hudson Sandasen",6,22
107029,2,"Asher Ashingridge",7,26
107034,3,"Aaron Rivererton",6,23
107037,6,"Xavier Swanenworth",9,34
107041,5,"Peter Windingdale",4,15
107045,3,"Wesley Wardaland",8,29
107046,2,"Julian Hawkwood",2,6
107048,4,"Jordan Fieldstrom",9,33
107052,2,"Aaron Willfield",5,18
107054,1,"Eleanor Kingarman",11,39
107055,1,"Elliot Brookettby",3,11
107058,3,"Hudson Finlincroft",9,33
107065,1,"Michael Torrelmore",2,5
107067,1,"Hazel Roseway",10,36
107069,2,"Nolan Rowettsen",4,14
107078,1,"Andrew Valeustead",9,33
107079,1,"Bailey Sandawin",3,10
107081,4,"River Roseanlin",4,14
107082,1,"Alexander Coleemond",5,17
107088,1,"Parker Hartsonmond",7,26
107090,8,"Sebastian Delistone",10,37
107091,5,"Cole Northenward",2,8
107094,2,"Daniela Whitsonbrook",10,37
107095,6,"Ana Norinman",4,15
107097,1,"Sarah Marwood",10,36
107099,2,"Luna Ellanwin",9,33
107102,1,"Peter Wrenanmond",5,17
107103,5,"Henry Hollinwall",2,7
107105,1,"Sage Willtonquist",6,21
107113,2,"Victor Rockmont",2,6
107114,4,"Stella Carorley",7,26
107116,1,"Caroline Reedelmore",2,5
107126,4,"Daniel Grantingdale",2,7
107127,10,"Wesley Kendorquist",9,34
107131,1,"Kennedy Barestead",6,22
107132,4,"Joshua Ashwellridge",9,34
107143,1,"Nora Perryenson",10,36
107146,1,"Avery Rowwellwall",3,10
107151,2,"Paige Bennufield",7,26
107157,4,"Jasmine Springenton",4,15
107162,1,"Alexander Hartonbry",3,11
107165,5,"Drew Carenson",8,31
107167,2,"Claire Yorkunmond",2,5
107169,1,"Colin Hawkustone",8,29
107172,1,"Valentina Perrywood",3,10
107174,1,"Kennedy Summerinland",2,6
107175,2,"Ethan Norarman",2,7
107177,1,"Nathan Marleymore",8,29
107178,1,"Julian Fieldanridge",3,10
107181,5,"Kyle Cranicott",4,14
107191,1,"Quinn Belltoncrest",4,14
107194,2,"Samuel Grayunmond",2,7
107195,1,"Chloe Hartandale",2,5
107197,1,"Jacob Parkoway",5,18
107199,4,"Natalie Holloden",3,11
107213,2,"Andrew Hayiland",3,10
107219,1,"Eleanor Rainlinstead",8,29
107220,3,"James Sanderworth",4,15
107221,1,"Rachel Oakecroft",7,26
107227,2,"Eleanor Delonmere",9,34
107228,8,"Julian Rainelberg",2,8
107231,2,"Camila Norettwood",8,29
107233,2,"Caroline Coleunlin",2,7
107235,7,"Emma Rainarshire",9,34
107239,2,"Jordan Stormenden",2,6
107242,1,"Landon Crossellin",8,30
107247,6,"Destiny Darnleystrom",8,31
107250,2,"Savannah Caraquist",2,6
107251,2,"Bella Longenwood",2,5
107261,3,"Bailey Yorkardale",11,39
107267,3,"Ana Adlerasen",4,15
107268,2,"Luke Rockenmore",6,22
107269,1,"Alicia Blackorton",6,21
107270,1,"Reese Chandiridge",3,10
107271,1,"Elliot Cranleyley",2,5
107272,1,"George Greenonford",4,14
107273,4,"Elena Coleinbry",7,27
107278,8,"Kennedy Bellsonbrook",9,34
107284,1,"Victor Meadsonden",10,36
107285,3,"Ariel Camelman",8,30
107286,4,"Bella Grayuwell",8,30
107288,2,"Addison Delenstrom",6,23
107291,4,"Ana Stormowall",9,33
107300,1,"Bailey Foxellberg",8,29
107303,5,"Finley Darnormont",3,11
107304,3,"Jeremiah Dalfield",5,18
107310,1,"Rachel Sandunton",3,10
107313,2,"Austin Pressonworth",7,26
107318,6,"Albert Windtonworth",2,8
107319,1,"Olivia Clarkuward",10,36
107322,6,"Richard Quillanby",9,34
107324,7,"Eleanor Norettman",3,12
107326,4,"Seth Northarberg",2,7
107328,2,"Dominic Wardarmond",6,23
107331,1,"Noah Cambrook",6,21
107335,1,"Elliot Fieldistrom",2,5
107336,1,"Addison Beckunley",2,7
107338,5,"Faith Hayway",3,12
107340,1,"Brian Burnley",2,5
107342,5,"Emily Langingford",4,15
107344,3,"Nicole Westellshire",8,29
107347,4,"Valentina Wolfinsen",2,7
107348,2,"Hazel Fieldonby",2,6
107350,2,"Samuel Rockunwell",8,30
107351,5,"Ethan Stormman",5,18
107352,2,"Phoenix Pinefield",10,36
107354,4,"Delilah Northercrest",7,27
107355,1,"Luke Finuthorne",10,36
107357,1,"Jennifer Cartonthorne",6,21
107360,4,"Kyle Winderdale",9,33
107364,2,"Avery Valeiden",4,14
107365,2,"James Delman",7,26
107368,1,"Lane Cranlinley",2,5
107369,1,"Audrey Stoneorman",4,14
107371,1,"Nolan Presabry",6,21
107374,2,"Arthur Grayford",7,26
107376,1,"Leo Camelbry",4,14
107377,3,"Paige Caronden",10,36
107379,1,"Hudson Windlinwall",2,5
107380,2,"Felix Grayton",2,7
107381,1,"Eva Halluberg",9,33
107382,2,"Richard Westandale",3,11
107383,4,"Samuel Millindale",8,31
107384,6,"Bailey Sandoquist",2,7
107386,1,"Sawyer Stoneingsen",2,6
107387,1,"Kennedy Wrenunway",3,11
107388,3,"Layla Rockanmond",3,10
107393,2,"Kyle Ashonman",2,7
107395,1,"Rowan Northellberg",8,29
107398,1,"Tyler Emewood",2,6
107406,5,"Andrew Goldley",6,23
107411,2,"Theodore Ellelin",9,33
107412,1,"Victor Finelcott",3,10
107421,2,"Kayla Windstrom",3,10
107424,1,"Owen Darnshire",4,14
107426,4,"Simon Hawkaley",2,7
107427,5,"Brian Beckleyby",10,36
107428,2,"David Wardabry",8,30
107429,9,"Benjamin Eastorward",4,15
107434,1,"Christian Caldwanridge",8,29
107436,1,"Amelia Coleellin",10,36
107440,3,"Ethan Fairellson",8,30
107447,1,"Destiny Caringcroft",6,21
107449,1,"Albert Chandarmore",4,15
107452,6,"Sawyer Beckcroft",8,30
107454,3,"Preston Stoneinstead",4,14
107458,4,"Isla Hollinlin",2,7
107461,1,"Maria Willarsen",2,5
107462,1,"Peter Fordingmond",10,36
107466,3,"Jonathan Camocroft",2,7
107467,2,"Jasmine Torroridge",3,10
107470,2,"Colin Millorsen",2,7
107477,2,"Adam Crowonlin",5,17
107478,3,"Rafael Mononcroft",9,33
107482,2,"Alexis Windobrook",6,23
107488,1,"Samuel Rowunlin",4,14
107491,1,"Anna Presinbry",6,21
107496,1,"Lily Kingiwood",2,5
107500,5,"Nora Marettcrest",7,26
107502,2,"Blair Pinearworth",8,30
107504,1,"Blake Westisen",2,6
107507,3,"Zachary Elleycott",6,22
107508,1,"Aria Eastumond",4,14
107512,4,"Brooklyn Fairlinworth",10,37
107514,3,"Carmen Burnonridge",6,22
107518,5,"Harper Blakeaden",7,26
107519,5,"Elijah Blakeorwin",8,30
107520,5,"Rowan Winterenman",8,30
107527,5,"Wesley Grayellway",4,15
107529,1,"Preston Wolfewood",6,22
107530,2,"Daniela Bennathorne",2,5
107532,1,"Alex Dalingwall",8,29
107533,2,"Zoe Riverordale",2,6
107534,1,"Carlos Reedlinman",10,36
107535,4,"Albert Chandcott",2,5
107537,8,"David Presfield",8,31
107539,4,"Bailey Windarmere",8,30
107544,3,"Chloe Valeman",3,11
107545,1,"Sarah Darninwall",2,7
107548,4,"Julia Reeduman",2,7
107549,1,"Mason Clarkman",2,6
107551,1,"Mateo Parkonford",8,29
107558,1,"Aiden Perryorridge",2,5
107561,8,"Daniela Norlinsen",7,27
107562,1,"Peyton Goldley",2,5
107563,1,"Parker Milloman",3,10
107564,4,"Emerson Hawkorstrom",2,7
107566,3,"Natalie Nororworth",2,5
107567,2,"Sarah Radunstone",10,36
107569,2,"Justin Caldimore",7,26
107570,2,"Layla Blackarberg",8,29
107572,1,"Miles Beckerstone",4,14
107574,1,"Amy Presingbry",10,37
107578,2,"Nolan Lakeanden",6,23
107580,1,"Harper Goldenman",4,14
107581,1,"Lucy Brightefield",9,33
107585,2,"Kendall Caldellquist",10,36
107588,5,"Jasmine Darnellson",10,36
107591,1,"Savannah Lakesonmere",7,26
107592,3,"Eden Grantorden",5,18
107595,4,"Marcus Eastunmore",8,30
107597,1,"Brooklyn Northenmore",5,18
107600,5,"Emily Reedostead",3,12
107603,4,"Wesley Rainworth",2,8
107608,1,"Casey Hawkewood",5,17
107619,2,"Elizabeth Barsonley",2,5
107624,1,"Sage Winteringham",2,6
107629,3,"Caleb Parkomont",8,30
107637,3,"Dominic Lakewellberg",7,26
107639,2,"Sofia Foxerden",4,14
107640,2,"Connor Barsonstead",9,33
107642,4,"Elizabeth Chandlinton",5,18
107643,1,"Connor Rockanford",2,7
107644,3,"Daniel Ashingridge",7,26
107645,2,"Arthur Westtonridge",8,29
107646,1,"Julia Longonbrook",8,29
107647,1,"Rafael Quillebry",2,7
107648,1,"Amelia Langanford",4,15
107650,5,"Alexander Barenden",8,30
107660,6,"Faith Kendway",2,7
107665,7,"Samuel Deliberg",9,34
107666,1,"Nora Blandleyhart",2,5
107667,7,"Claire Caldwingham",2,8
107672,1,"Mateo Greenanhart",6,22
107673,5,"Joshua Grantettberg",11,40
107677,2,"Gavin Millwellwell",8,30
107678,1,"Michael Hallorquist",3,10
107679,1,"Kaitlyn Hawkaley",10,36
107683,1,"Aubrey Valeenridge",4,14
107686,1,"Dylan Thornistone",2,5
107687,1,"Amy Greenenwood",9,33
107688,1,"Allison Fieldorcrest",8,29
107689,2,"Andrea Rainleyway",3,10
107691,1,"Mason Baroby",10,36
107692,3,"Albert Roseestead",2,7
107693,7,"Peyton Bellonshire",10,37
107695,2,"Diana Wrenuwin",2,7
107696,1,"Henry Parkoman",6,21
107700,2,"Sydney Burntonway",4,15
107701,1,"Peter Radunstone",4,14
107704,7,"Hailey Rocklinmore",3,12
107705,1,"Casey Hartemore",4,14
107708,3,"Jayden Blackincrest",10,36
107714,2,"Layla Parkenwall",9,33
107718,2,"Zachary Ellham",2,7
107719,1,"Charlie Swanunfield",8,29
107723,3,"Harper Foxtonridge",2,6
107724,3,"Sarah Millwellwell",8,30
107725,1,"Eliana Sandley",8,29
107730,2,"Simon Daluworth",8,30
107733,10,"Delilah Silverequist",9,34
107739,1,"Samantha Oakormond",3,10
107742,1,"Blake Caldwonwall",8,29
107743,1,"Charles Valeelmond",2,7
107745,3,"Michael Foxorworth",3,11
107748,1,"Julia Rocklinshire",2,5
107754,3,"Charlie Longanberg",7,26
107755,1,"Audrey Rainonwin",5,17
107769,1,"Zachary Oakland",8,29
107771,1,"Richard Camiton",6,21
107774,3,"Adrian Silveraquist",7,26
107777,2,"Finley Belltonbry",6,23
107779,1,"Hudson Riveranshire",2,7
107780,1,"Harley Willellcroft",8,29
107781,3,"Quinn Stormberg",2,7
107783,3,"Adrian Westward",9,33
107784,1,"Isla Raininmore",10,36
107787,2,"Joel Presumere",6,22
107795,1,"Amelia Deltonden",8,29
107796,1,"Thomas Silveremont",6,21
107797,3,"Eli Brightellbry",8,29
107798,1,"Landon Barunton",6,22
107799,2,"Paige Torrorcroft",8,30
107805,1,"Lucas Wolfunworth",9,33
107812,1,"Carmen Westisen",2,5
107813,1,"Justin Silveristead",4,14
107814,1,"James Autumnolin",5,17
107816,1,"Ryan Kenduden",2,6
107818,9,"Maria Rowwellwood",2,8
107819,4,"Lily Fintonden",10,37
107821,1,"Landon Grantettberg",6,21
107822,2,"Evelyn Parkormond",6,22
107824,2,"Dylan Norquist",10,36
107826,1,"Lily Barsonham",8,29
107829,1,"Noah Chandanford",2,7
107832,11,"Jeremiah Radenson",8,31
107835,2,"Peter Greenley",9,33
107838,2,"Isla Burningquist",2,5
107839,3,"Peter Finenmere",9,33
107840,1,"Carla Hartercroft",9,33
107841,2,"Jennifer Parksonson",2,5
107843,1,"Sophia Brookhart",11,39
107852,1,"Cameron Northarstrom",5,17
107859,2,"Kingston Marwellstrom",3,11
107860,1,"Charlotte Monwellridge",2,7
107862,1,"Jasmine Blandordale",3,11
107864,1,"Elliot Dunettman",10,36
107869,1,"Hudson Silverellden",2,5
107873,1,"Elliot Caldworcrest",8,29
107878,3,"George Dellinwell",9,34
107879,2,"Finley Pinearworth",7,27
107880,2,"Aisha Hayridge",2,5
107884,5,"Stephen Finwellman",9,34
107888,3,"Gabriella Summeruwall",2,6
107891,1,"Joel Wrenenthorne",5,17
107893,7,"Micah Windmont",9,34
107895,4,"Ava Riverlinbry",2,7
107896,2,"Jade Bellwellhart",2,6
107899,3,"Elliot Grantiman",3,10
107901,3,"Kendall Greenedale",2,7
107902,2,"Adam Marlin",9,33
107903,1,"Leah Valeenstrom",4,14
107904,2,"Joshua Crowtonland",2,6
107905,3,"Gianna Presonman",9,33
107907,1,"Samantha Silveraridge",2,5
107908,3,"Rachel Valeenwall",2,5
107909,4,"Emma Oaklinlin",7,26
107911,2,"Lane Yorkobrook",10,36
107914,2,"Felix Whitinbrook",2,6
107917,2,"Stephen Windsonmere",5,17
107918,7,"Ryan Fairunberg",9,34
107920,1,"Jack Springerwall",6,22
107921,2,"Ruby Barleycroft",5,17
107923,4,"Preston Rainonhart",2,7
107933,1,"Erica Chandunden",7,26
107938,3,"Scarlett Hallerhart",8,29
107939,1,"Brandon Longonbrook",2,5
107940,3,"Elizabeth Burnley",7,26
107942,2,"Jordan Sandellman",8,30
107943,1,"Landon Hallinghart",9,33
107944,6,"Daniela Foxlinhart",10,37
107947,1,"Nathan Burnonridge",4,14
107948,1,"Theodore Brightellbry",4,15
107956,1,"Hailey Summerastrom",3,10
107959,3,"Michael Burnoman",5,17
107961,1,"Hudson Fintonden",2,6
107963,5,"Angela Lakearlin",9,33
107968,2,"Skyler Meaderby",6,21
107970,4,"Kingston Goldellridge",2,8
107972,1,"Colin Silverarmont",7,26
107973,2,"Jamie Crossarmond",2,6
107974,1,"Hannah Bennaridge",7,26
107975,1,"Nicholas Belltonbry",2,6
107983,1,"Dakota Quillinmond",11,39
107984,7,"Albert Forderson",2,8
107985,2,"Ian Caldibrook",6,21
107986,2,"Gabriel Swanarfield",2,6
107987,5,"Oliver Westisen",9,34
107990,2,"Nicholas Crowerworth",7,26
107991,8,"Aria Roseestead",7,27
107992,4,"Ruby Cararlin",2,6
107993,2,"Mason Wolfwelland",5,18
107994,2,"Jade Halltonley",10,36
107995,4,"Stephen Ashingbry",2,8
107997,2,"Nora Stormellwell",6,22
108001,1,"Nora Oakingstead",4,14
108006,1,"Evelyn Adlerman",2,7
108016,4,"Jasmine Monelcroft",10,36
108017,1,"Gabriella Caldenway",2,5
108020,3,"Andrew Windsonmere",7,26
108023,2,"Rebecca Perryunfield",2,7
108025,3,"Delilah Brightustone",2,6
108026,1,"Ariel Willridge",3,10
108029,2,"Rowan Rockelland",3,11
108030,1,"Claire Silveroford",9,33
108035,1,"Micah Lakeeward",3,10
108039,1,"Aisha Crossosen",8,30
108047,3,"Quinn Delleysen",6,23
108049,4,"Emily Glenenbrook",2,7
108056,3,"William Blackelstone",8,30
108057,2,"Faith Blackelldale",6,22
108063,1,"Alan Ellberg",4,15
108069,1,"Paige Blakeorwin",6,22
108070,3,"Connor Goldemond",2,7
108072,2,"Adrian Blanducroft",2,6
108074,1,"Gabriel Barleycroft",2,5
108081,1,"Phoenix Torrettwell",2,5
108082,2,"Brian Springacroft",8,30
108083,2,"Tyler Parkoquist",4,14
108087,1,"Gavin Halltonman",9,33
108097,1,"Phoenix Northunlin",2,5
108103,1,"Jose Burninton",7,26
108105,7,"Kiara Pineingcrest",9,34
108106,6,"Madeline Northarberg",2,8
108107,4,"Eli Norington",11,39
108110,2,"Addison Radenson",2,6
108113,1,"Reese Monwellridge",2,5
108115,2,"Ethan Hartunway",2,5
108118,2,"Dominic Brookarwin",8,29
108121,2,"Austin Blakelin",8,29
108128,1,"Rowan Cranleyley",2,5
108131,4,"Gabriel Grayoden",9,34
108132,2,"Aisha Roseingway",9,33
108134,1,"Chloe Stoneingsen",8,29
108136,1,"Anthony Eastlinmere",2,6
108142,3,"Stella Raininmore",8,30
108145,2,"Samantha Carettridge",4,15
108147,1,"Allison Rockthorne",9,33
108149,3,"Asher Longerthorne",8,30
108151,3,"Leah Barunthorne",8,30
108153,4,"Robert Hallettstrom",9,33
108156,3,"Avery Willsonstead",5,18
108165,1,"Jackson Grayden",7,26
108166,5,"Melanie Langorman",2,7
108167,1,"Thomas Kendsen",6,22
108170,2,"Hazel Stoneunlin",3,10
108172,1,"Samuel Bennstead",2,6
108175,1,"Kendall Dunewall",2,6
108179,2,"Carla Goldenbrook",2,6
108184,1,"Destiny Lakeunwall",8,29
108189,6,"Natalie Greenaridge",2,8
108194,8,"Christopher Dunonridge",9,34
108198,2,"Nathan Grantlinberg",3,11
108199,1,"Audrey Crowinstone",5,17
108205,3,"Colin Windlinwall",2,7
108206,3,"Simon Ashingquist",5,18
108211,2,"Matthew Silvererford",3,10
108213,6,"Christian Delansen",3,12
108228,1,"Jamie Monobry",4,14
108229,3,"Scarlett Presonman",3,10
108235,3,"Juliana Greenorby",2,7
108236,1,"Victor Grayettworth",2,6
108238,4,"Vincent Bartonthorne",9,34
108241,1,"Arthur Millanwell",2,6
108246,1,"Austin Oakarfield",3,10
108251,3,"Alicia Westellshire",9,33
108255,9,"Kyle Wolfleyberg",2,8
108256,4,"Bella Perryleyman",8,30
108260,4,"Andrea Swanshire",10,37
108262,2,"Landon Brookman",9,33
108267,1,"Sawyer Halluberg",6,21
108268,2,"Aisha Wolfenridge",9,33
108272,2,"Valentina Blakeudale",8,29
108278,2,"Aaron Hawkleyway",3,11
108282,6,"Melanie Reedlinman",9,34
108283,3,"Lucy Craninden",10,36
108284,3,"Jason Rockleyby",2,5
108285,1,"Casey Rockunwell",2,6
108288,1,"Owen Bramsondale",9,33
108292,1,"Eliana Caldetthorne",2,7
108295,2,"Nora Chandemere",2,6
108297,4,"Daniela Windlinworth",5,18
108300,3,"Alex Pineuwin",10,36
108307,1,"Noah Beckunley",3,10
108310,4,"Nicole Greenerby",6,22
108312,1,"Stephen Beckorman",2,6
108318,1,"Colin Swanshire",2,5
108320,3,"River Foxenfield",4,15
108326,1,"Gabriel Pressonworth",4,14
108328,3,"Olivia Springby",8,29
108330,3,"Sarah Fairlinworth",4,15
108332,1,"Anna Riveranmere",7,26
108338,1,"Violet Whitarridge",2,7
108341,1,"Phoenix Halloden",6,21
108343,2,"Drew Reedonstone",8,30
108348,1,"Kyle Crowehart",8,29
108350,2,"Gabriel Camerridge",2,7
108356,2,"Eva Rainunman",10,36
108358,2,"Avery Wrenunway",6,22
108361,1,"Xavier Wrenonfield",4,14
108362,2,"Brandon Parkettridge",2,6
108365,9,"Logan Crossmond",2,8
108371,10,"Erica Bartonley",10,37
108372,2,"David Lakelinford",9,33
108373,4,"Brandon Blandustead",8,30
108374,2,"Elena Beckunden",9,33
108375,1,"Adam Northenward",4,14
108388,2,"Aiden Sandoward",7,26
108389,1,"Autumn Rockunberg",6,22
108393,1,"Mateo Beckisen",5,17
108396,1,"Natalie Monwellridge",8,29
108398,3,"Claire Wrenerwin",10,36
108402,4,"Wesley Greenarhart",10,36
108407,2,"Seth Riveronstead",7,26
108410,1,"Simon Finenwell",2,5
108414,1,"William Delberg",4,14
108416,1,"Paul Valeinquist",8,29
108417,5,"Mia Kendinfield",9,34
108418,2,"Harper Finiridge",2,7
108424,2,"Stephen Clarkuward",7,26
108426,2,"Aubrey Fordenlin",8,29
108428,1,"Aubrey Westwellwood",8,30
108429,1,"Penelope Roseorham",2,6
108436,2,"Kingston Rosearcott",2,6
108439,674,"Rose Quillingberg",1,1
108441,2,"Phoenix Springward",4,15
108449,1,"Sarah Wolforson",2,5
108451,3,"Richard Hawktonby",2,7
108452,3,"Peter Stoneensen",2,7
108453,14,"Felix Reedenwell",2,8
108454,1,"Leah Clarkerland",5,18
108462,1,"Patrick Greenward",8,29
108468,2,"Rebecca Sandleystead",4,15
108470,3,"Gabriella Goldwelley",2,6
108471,4,"Amy Kendsonquist",2,7
108477,4,"Blake Crowingstrom",2,7
108478,2,"Valentina Norunberg",9,33
108481,4,"Claire Clarkleywell",4,15
108484,2,"Eden Dallinworth",3,11
108487,2,"Genesis Caldellquist",3,11
108488,3,"Isaac Camarwood",9,33
108491,2,"Hannah Beckenmere",2,5
108492,1,"Aiden Bennacroft",5,17
108495,1,"Maria Halleyman",2,5
108496,3,"Kevin Eastonberg",8,30
108498,3,"Scarlett Pinetonman",8,29
108499,8,"Zoe Valelinford",8,31
108500,9,"Taylor Radson",9,34
108502,1,"Dakota Carsonthorne",2,6
108503,2,"Brianna Wrenocroft",6,22
108505,4,"Oliver Emohart",4,15
108508,1,"Paul Windettbry",2,5
108509,1,"Reese Crossanworth",9,33
108510,5,"Gabriella Adlerwellman",9,34
108514,4,"Lucy Summererham",2,7
108517,1,"Richard Oakingwin",6,21
108521,1,"Joel Pineingcrest",3,10
108522,1,"Nolan Perryinson",6,21
108524,1,"Mateo Becklinshire",8,29
108525,1,"Owen Oaktonley",2,6
108527,2,"Juliana Wolfermond",2,6
108528,2,"Mateo Cranleymore",2,6
108539,3,"Rafael Rockunberg",8,29
108540,1,"Brian Clarkleymond",6,21
108542,4,"Rachel Cranlinley",8,30
108544,2,"Robert Crossonhart",5,18
108547,2,"Olivia Dunellbry",2,7
108548,1,"Andrea Delonmere",6,21
108551,5,"Dominic Quilleymont",6,23
108553,4,"Victoria Fordcrest",10,36
108555,1,"Jack Foxanbry",9,33
108556,2,"Simon Fieldcroft",2,6
108561,5,"Aubrey Martonstone",3,11
108562,1,"Hailey Perrywood",2,7
108563,2,"Rebecca Eastoquist",2,6
108565,1,"Emerson Beckerstone",4,14
108566,2,"Wesley Blackerland",10,36
108574,1,"Genesis Thornanson",8,29
108576,3,"Caleb Hollenley",2,8
108577,2,"Eva Chandercott",5,17
108579,7,"Justin Marlinwin",3,11
108581,2,"Jack Hollinwall",5,18
108583,1,"Lane Torrincott",2,5
108584,1,"Maya Wardlincroft",9,33
108586,3,"Peyton Hawkcroft",5,17
108588,3,"Penelope Fordinbrook",7,26
108589,5,"Colin Dunanstrom",6,23
108590,1,"Luna Yorkobrook",3,10
108593,1,"Preston Valeettworth",6,21
108594,2,"Juliana Hollorwood",2,7
108597,8,"Maria Whitmere",7,27
108598,1,"Julian Radleyberg",4,14
108606,1,"Daniel Windorberg",2,5
108609,3,"Gabriel Torrleylin",2,5
108610,2,"Sage Northeworth",8,29
108611,2,"Ella Bennunwell",9,33
108613,1,"Daniela Norunson",9,33
108615,3,"Eva Lakeland",6,22
108619,1,"Paul Marinmere",2,7
108620,6,"Jamie Beckormont",10,37
108621,4,"Mia Brightelsen",8,30
108627,2,"Alan Roseunmere",7,26
108629,1,"Savannah Fielduley",2,5
108631,1,"Kennedy Meadcroft",2,5
108632,1,"Leah Swanenworth",9,33
108633,1,"Jacob Yorkenstone",6,21
108635,3,"Dakota Camlinby",11,39
108644,2,"Hannah Chandmere",2,7
108648,2,"Noah Dalarridge",10,36
108650,3,"Ava Radabry",2,7
108655,1,"Jonathan Pineingward",3,10
108656,3,"Jacob Stoneelham",2,5
108657,1,"Sofia Wardarmond",8,29
108658,1,"Morgan Grantleyway",3,10
108659,3,"Richard Deloshire",8,29
108661,1,"Abigail Fordunridge",2,6
108662,2,"Lily Crowerwell",6,22
108664,3,"Mia Barcroft",8,30
108665,3,"Paige Bellettcroft",6,22
108666,4,"Peyton Willwood",5,18
108668,3,"Emma Bennanley",8,30
108670,1,"Carter Marlinwin",2,5
108671,7,"Preston Blakewall",2,8
108678,2,"William Eastinlin",7,26
108683,4,"Eleanor Pineson",9,34
108687,2,"Hailey Hayorwood",2,6
108688,6,"Ryan Roseinstrom",8,30
108690,2,"Penelope Careland",9,33
108691,2,"Nicole Reedleyham",2,7
108693,1,"Anthony Fairingridge",8,29
108695,4,"Emerson Fordaquist",9,33
108697,11,"Savannah Bellwellham",7,27
108701,4,"Dylan Chandarwood",2,7
108704,6,"Madeline Kendelby",4,15
108707,3,"Ashley Yorkimere",2,7
108708,4,"Carter Caredale",8,30
108712,1,"Noah Reedstead",2,6
108713,2,"Violet Wardestone",2,5
108715,2,"Luna Fieldeson",9,33
108717,2,"Kiara Caldworth",8,29
108718,4,"Thomas Adlersonwell",8,30
108719,2,"Alan Camelbry",3,11
108720,2,"Richard Wreningsen",9,34
108721,1,"Asher Goldorridge",4,14
108728,1,"Adrian Bennleywood",2,5
108729,2,"Victoria Westellshire",2,6
108730,3,"Ethan Springinglin",10,36
108731,1,"Samantha Fieldstead",6,21
108732,1,"Harper Crowcrest",8,29
108733,5,"Asher Camarwood",9,33
108736,2,"Sofia Lakewall",7,26
108739,1,"Victor Crowelby",3,10
108741,2,"Landon Blakeaden",2,5
108742,1,"Jackson Blackamond",6,23
108744,2,"Leo Bennelway",8,30
108746,7,"Kai Silverman",5,19
108749,2,"Amy Wardarman",5,17
108754,1,"Finley Burnelway",4,14
108757,2,"Landon Harttoncroft",4,15
108760,8,"Kai Eastwellmont",2,8
108763,1,"Adrian Fordaquist",2,5
108765,2,"Jordan Graywellwood",7,26
108766,1,"Autumn Willsonstead",4,15
108774,2,"Jacob Crosston",4,15
108776,1,"Bella Foxifield",2,5
108781,6,"Caleb Valeley",8,31
108784,2,"Ariel Radestone",3,11
108785,1,"Lillian Monlinmont",7,26
108794,2,"Henry Bennufield",2,7
108799,4,"Natalie Hollanmont",8,30
108812,2,"Oliver Hollufield",3,10
108814,1,"Paige Greentondale",4,14
108817,3,"Seth Rockthorne",2,7
108820,6,"Aria Bellushire",10,37
108823,8,"Casey Delanwin",9,34
108828,1,"Sage Grayonquist",6,21
108830,1,"Cameron Crowsonby",9,33
108831,1,"Elijah Fordenlin",6,21
108832,3,"Xavier Rowelbry",9,33
108834,5,"Grant Burnley",8,30
108835,3,"Lane Hollunfield",2,7
108836,1,"Harley Crossonhart",4,14
108837,5,"Mason Foxerden",9,34
108838,1,"Madeline Langordale",2,5
108839,2,"Skyler Parkeham",8,29
108841,8,"Ethan Sanderidge",2,8
108844,2,"Phoenix Kingbrook",9,34
108845,4,"Ava Crantonfield",10,36
108848,2,"Samantha Stormiley",4,14
108849,2,"Abigail Autumnlinman",4,15
108852,5,"Joshua Valetonquist",2,8
108856,4,"Alyssa Clarkeshire",8,30
108857,1,"Henry Perryinson",4,14
108861,5,"Penelope Beckorbry",2,7
108864,1,"Sarah Millanson",3,10
108866,4,"Isaac Pinestone",2,7
108867,2,"Jeremiah Presecroft",3,10
108868,5,"Isla Northunwell",2,7
108874,1,"Dakota Reederwell",4,15
108875,1,"Claire Craningworth",3,10
108879,2,"Justin Fieldlinbry",2,5
108886,2,"Marcus Ashemond",8,29
108887,2,"Jason Hartunberg",4,14
108893,2,"Maya Brookorfield",8,30
108902,7,"Hazel Springeridge",8,31
108903,1,"Eliana Darnormont",4,14
108910,3,"Alex Wolferden",8,30
108911,3,"Elijah Delorson",9,33
108915,1,"Hannah Reederwell",10,36
108916,5,"Rowan Oaklinlin",2,7
108919,6,"Layla Windanwall",10,37
108920,1,"Ella Maranshire",5,17
108925,6,"Eleanor Ashingridge",9,34
108926,4,"Kiara Emleyway",5,18
108930,1,"Preston Parkawell",6,21
108931,7,"Sarah Wardleyward",7,27
108936,1,"Lily Halloden",9,33
108938,2,"Kyle Lakearlin",2,6
108940,1,"Melanie Wrenonridge",4,15
108949,1,"Elijah Halldale",2,6
108953,2,"Aaron Hartcroft",6,21
108962,5,"Chloe Grayelson",5,19
108963,1,"Jordan Hayushire",5,17
108965,2,"Addison Hayinridge",2,6
108971,1,"Jamie Camlinberg",6,21
108972,1,"Seth Fairafield",5,18
108973,1,"Jason Burnunstead",4,14
108974,1,"Benjamin Northashire",10,36
108976,10,"Victoria Greentondale",8,31
108979,2,"George Blakeaham",6,23
108981,3,"Ethan Silveruton",8,29
108982,3,"Harley Clarkbry",2,6
108987,3,"Jamie Torrofield",3,11
108991,1,"Charles Cransonley",4,14
108992,5,"Wesley Lakearlin",6,23
108994,1,"Dominic Marelmont",4,14
108997,3,"Delilah Rainuby",9,33
108999,1,"Rose Radington",10,36
109002,1,"Abigail Crowinman",2,6
109003,2,"Valentina Darnaberg",2,7
109005,1,"Naomi Longiworth",6,21
109006,1,"Quinn Caringwin",2,5
109007,2,"Emma Rockarward",4,14
109010,1,"Ryan Fairaridge",3,10
109011,2,"Albert Perryothorne",2,7
109012,1,"Ana Millanson",9,33
109020,1,"Delilah Oakormond",6,22
109021,1,"Alexis Hawkaberg",7,26
109024,1,"Camila Bennfield",2,6
109028,1,"Isla Thornlinwin",5,17
109030,1,"Austin Lakesonmond",3,11
109032,3,"Joshua Kingfield",9,33
109035,3,"Hazel Barstrom",8,29
109037,1,"Ian Kingbrook",8,29
109038,2,"Rachel Finwellman",10,36
109040,3,"Alicia Fairaridge",5,18
109042,1,"Anna Radman",2,7
109045,1,"Hailey Holliford",2,6
109046,1,"Luke Chandetton",2,7
109048,1,"Victor Foximont",3,10
109054,1,"Carlos Stoneshire",9,33
109056,1,"Rachel Reedufield",4,14
109061,1,"Gabriella Goldenbrook",2,6
109064,1,"Kennedy Springerwall",6,23
109069,4,"Henry Stoneley",6,23
109070,1,"Alexa Lakeson",2,6
109073,1,"James Brookercott",3,10
109074,1,"Erica Windorberg",3,11
109076,1,"Sebastian Autumnimond",3,10
109078,2,"Aisha Caldwleyton",7,26
109079,6,"Erica Windanwall",5,19
109080,2,"Faith Dallinworth",8,29
109085,1,"Noah Glenormont",7,26
109086,1,"Claire Kendinstone",7,26
109093,1,"Micah Northarstrom",10,36
109094,5,"Alicia Fordingmond",2,7
109095,2,"Genesis Wolfwellwell",3,11
109097,9,"Oliver Millridge",10,37
109102,2,"Kyle Quillinstrom",8,29
109106,1,"Kiara Dalerway",10,36
109112,2,"Genesis Dunelworth",9,33
109113,4,"Aaron Graywellman",8,30
109118,2,"Jeremiah Summerward",2,5
109120,1,"Alice Meadunbrook",5,18
109122,4,"Amelia Pineson",10,37
109123,2,"Reese Chandarmore",2,6
109124,1,"Clara Radarman",6,22
109129,3,"Elena Eastelbrook",2,6
109138,1,"Chloe Hollonworth",2,6
109140,2,"Blake Grayorland",5,18
109141,2,"Patrick Norelman",2,6
109145,8,"Roman Grantellhart",5,19
109146,1,"Stephen Perrylin",8,29
109147,2,"Ryan Craninstone",8,29
109152,5,"Sophia Swaneson",9,33
109153,8,"Claire Roseonway",2,7
109155,1,"David Sandunton",5,17
109157,1,"Hazel Norenwell",8,30
109158,6,"Sydney Beckmond",4,15
109159,2,"Sophia Valeleybry",3,11
109161,2,"Eleanor Clarkettward",9,33
109165,1,"Christian Haysonford",2,5
109166,2,"Sawyer Hallonwood",9,33
109168,1,"Ella Delberg",3,10
109170,4,"Hailey Ashbrook",2,7
109176,1,"Elliot Camafield",2,5
109177,2,"Natalie Blandlinlin",3,11
109179,2,"Nathan Winterman",6,22
109184,3,"James Adlerunbry",7,27
109186,1,"Hudson Brookarwell",3,11
109189,1,"Elizabeth Springlinwin",2,5
109192,11,"Hudson Grayihart",7,27
109193,2,"Layla Hawkashire",6,22
109196,1,"Vincent Hayenquist",5,17
109199,3,"Kaitlyn Goldettberg",2,6
109207,1,"James Crowman",2,5
109209,1,"Abigail Riveranshire",9,33
109210,1,"Liam Fairowin",6,21
109214,2,"Christopher Coleuquist",2,6
109217,1,"Adrian Fairoway",2,5
109220,2,"Eli Rainworth",8,29
109221,1,"Logan Ellelin",10,36
109223,1,"Stephen Dalemore",2,6
109224,1,"Harper Rockunwell",9,33
109227,3,"Juliana Stormbrook",11,39
109228,1,"Lillian Northonwin",2,5
109230,2,"Alice Valeawin",2,7
109235,3,"Scarlett Radecrest",5,18
109237,2,"Logan Stormarlin",7,26
109239,1,"Hudson Parkenwall",2,6
109252,2,"William Kingmond",6,21
109254,5,"Jasmine Chandercott",2,7
109258,2,"Reese Brookecroft",2,5
109259,7,"Reese Roselin",2,7
109260,3,"Allison Yorkelland",6,23
109266,1,"Ariel Meadustead",9,33
109268,3,"Oliver Summertonham",3,11
109271,4,"Diana Darnaberg",5,18
109272,1,"Charlotte Springoworth",3,10
109276,3,"Allison Caldwiley",5,18
109281,7,"Arthur Whitanmere",4,15
109290,1,"Xavier Barsonham",7,26
109291,3,"Harper Asharhart",6,23
109292,2,"Isabella Fieldlinbry",8,29
109295,2,"Isabella Coleettlin",2,7
109296,2,"Caleb Greenorwood",2,5
109298,3,"Kaitlyn Thornden",10,36
109306,2,"Carmen Rockosen",4,15
109310,3,"Zachary Pineson",7,27
109313,4,"Eleanor Brookellcott",10,37
109317,2,"Charlie Crossunway",8,29
109320,3,"Carter Fairtonford",6,22
109323,3,"Miles Wrenarstone",2,6
109324,4,"Nicole Parkoquist",8,30
109325,1,"Dylan Wolfermond",2,5
109326,1,"Oliver Hollenridge",8,29
109327,1,"Gabriel Craninstone",8,30
109330,5,"Joel Burnowood",2,7
109331,2,"Gabriel Reedumere",10,37
109332,1,"Casey Ashinland",4,14
109335,2,"Emma Rockosen",9,33
109338,1,"Audrey Brookinstrom",6,22
109340,3,"Alicia Parkunward",2,7
109341,2,"Brianna Torrunshire",8,30
109349,4,"Tyler Finingmond",6,23
109355,2,"William Finonridge",2,7
109357,1,"Addison Blackoley",5,17
109358,5,"Peyton Westason",5,18
109362,2,"Brianna Blakemond",8,29
109363,1,"Kiara Hawkcroft",6,22
109364,1,"Quinn Fieldonby",3,11
109367,6,"Evelyn Foxustone",4,15
109368,1,"Aaron Emtonshire",8,29
109375,2,"Elizabeth Goldson",9,33
109379,1,"Evan Rivertonmere",2,6
109383,1,"Brandon Chandeman",8,29
109389,3,"Casey Bramquist",7,26
109391,2,"Peter Dunlinridge",2,7
109393,2,"Jade Northiwell",7,26
109396,2,"Sebastian Ashwellridge",3,10
109401,4,"Jessica Grantlinden",6,23
109402,2,"Eden Rowulin",9,33
109403,3,"Liam Brookenstrom",10,36
109406,1,"Samuel Grayarham",3,10
109408,3,"Natalie Pineinford",2,7
109413,4,"Micah Greenanwood",6,23
109415,1,"Adrian Springby",2,5
109416,6,"Morgan Wrentonstrom",7,27
109419,1,"Jack Roseunmere",4,14
109420,4,"Lucy Burninstrom",5,18
109421,1,"Delilah Presinstead",6,21
109424,7,"Jason Stoneanmore",2,8
109425,1,"Anthony Beckorshire",2,7
109429,2,"Hailey Hollincrest",4,14
109431,1,"Justin Millunridge",3,10
109432,4,"Michael Parkellquist",5,18
109434,2,"Alyssa Dunewall",5,18
109435,2,"Alicia Eastidale",7,26
109436,3,"Isla Carenridge",2,7
109437,2,"Connor Hollerstrom",2,6
109440,3,"Allison Thornthorne",2,7
109442,2,"Cole Rainonwin",2,7
109443,5,"Vincent Brookman",6,22
109444,1,"Mateo Emunmere",9,33
109447,2,"Ashley Fordettquist",8,30
109450,1,"Hudson Beckonstone",8,29
109451,8,"Avery Chandanby",10,37
109457,4,"Gabriella Marleymore",9,33
109458,2,"Julian Hawklinridge",2,7
109462,1,"Isla Calderward",3,10
109464,1,"Evan Yorkenman",7,26
109465,1,"Isabella Meadiwin",2,6
109477,3,"Stephen Wrenleyridge",2,8
109479,6,"Andrea Eastenmere",2,7
109487,2,"Aubrey Fieldorcrest",9,33
109489,2,"Valentina Hartelway",9,34
109490,2,"Jeremiah Camafield",4,15
109491,3,"Parker Rainleyway",6,22
109500,2,"Julian Halleymond",4,14
109501,1,"Jessica Pineelthorne",2,5
109506,2,"Kiara Oakuward",8,29
109507,4,"Destiny Willison",9,34
109511,1,"Leah Brightby",2,5
109513,2,"George Riveranmere",8,29
109516,3,"Asher Camelbry",2,7
109519,1,"Chloe Delettford",3,10
109527,5,"Landon Oaklinlin",10,37
109529,4,"Carmen Oaklinlin",8,29
109532,1,"Justin Kenderton",2,5
109534,1,"Morgan Deloton",10,36
109540,1,"Autumn Clarkmont",8,29
109541,2,"Xavier Cransonley",8,30
109542,2,"Marcus Presoman",8,30
109544,4,"Sawyer Wrenoson",7,26
109546,1,"Nora Radwellwood",2,5
109548,1,"Andrew Kenduden",3,10
109549,1,"Justin Norquist",2,7
109550,2,"Luke Delettford",8,29
109553,5,"Elliot Goldwelley",7,27
109554,1,"Harley Rainerwood",9,33
109556,1,"Emily Stonesonham",4,14
109558,3,"Lucy Wrenford",2,7
109559,3,"Andrew Oakunham",10,36
109562,5,"Dakota Caminwall",8,30
109568,2,"Jamie Brooksonsen",10,36
109579,1,"Caroline Millanson",8,29
109581,3,"Felix Kendtonland",2,6
109583,6,"Hayden Wolftoncott",7,27
109587,1,"Nathan Marunson",2,6
109589,1,"Christian Stoneubry",9,33
109592,1,"Sage Roseanlin",5,17
109593,1,"Finley Northarstrom",2,6
109595,1,"Ana Radabry",2,7
109596,3,"Brianna Lakeiford",10,36
109597,2,"Stella Rockelland",2,6
109602,3,"Addison Carlinford",2,5
109608,1,"Logan Northaquist",2,5
109609,1,"Christopher Rainleyman",4,14
109616,2,"Mateo Wrenford",4,15
109617,2,"Ruby Summerenmond",8,29
109620,2,"Evan Chandemont",3,10
109621,2,"Skyler Cranbry",10,36
109623,3,"Brianna Winduridge",3,11
109626,5,"Brian Beckuland",2,7
109633,1,"Carter Bellwellhart",8,29
109638,1,"Sebastian Marenway",2,6
109641,1,"Sarah Oakunham",9,33
109648,1,"Daniela Elleley",4,14
109649,3,"Jonathan Ellinbry",10,36
109650,1,"Genesis Lakewellmere",9,33
109651,3,"Kingston Whiteberg",2,7
109652,4,"Ashley Greenanmond",9,33
109655,2,"Carla Beckebrook",6,21
109656,2,"Erica Greenonden",2,7
109660,7,"Mason Marwood",8,31
109664,5,"Joel Craninghart",9,34
109666,1,"Charles Kingsonmont",7,26
109670,2,"Rebecca Meadsonstone",5,17
109672,1,"Emma Milloman",10,36
109674,1,"Nicholas Delenman",8,29
109680,4,"Phoenix Westelstead",8,30
109682,1,"Ryan Rainistrom",10,36
109686,2,"Valentina Riveronstead",7,26
109687,1,"Madeline Meadiwin",2,5
109690,1,"Austin Autumnanby",2,5
109693,2,"Thomas Springsonlin",4,15
109694,1,"Xavier Cartonthorne",9,33
109695,3,"Emily Torrleymere",6,23
109698,2,"Alice Finestrom",4,14
109701,1,"Mia Willarham",2,7
109702,1,"Julia Fairorwin",9,33
109705,4,"Rafael Silveranbry",6,23
109706,1,"Kingston Halleyman",7,26
109707,2,"Rose Bennathorne",4,15
109710,2,"Christian Maringby",2,8
109711,10,"Savannah Lakeorstone",3,12
109712,2,"Mateo Caldawall",8,30
109715,2,"Bailey Caldwancrest",7,27
109716,1,"Jack Riverwell",8,29
109723,9,"Caroline Parkellin",7,27
109725,2,"Jade Meaderman",7,26
109728,2,"Alexis Rockthorne",8,30
109733,1,"River Brightubrook",8,29
109735,1,"Roman Riverobrook",8,29
109739,3,"Adrian Oakby",8,30
109743,1,"Xavier Longermond",2,5
109746,4,"Mason Calduford",8,30
109748,1,"Destiny Yorkberg",2,5
109750,3,"Isabella Finestrom",10,36
109751,1,"Cole Radellway",6,21
109753,4,"Aaron Springlinwin",7,26
109755,3,"Alexa Parkerwin",2,7
109756,1,"Cameron Reedorbrook",9,33
109762,6,"Rowan Grantenwell",5,19
109767,2,"Alexa Thornerstrom",11,39
109771,2,"Caleb Chandelden",7,26
109772,1,"Ashley Oakelden",7,26
109773,5,"Matthew Stonelinwin",5,18
109774,1,"Caroline Lakewellberg",9,33
109778,2,"Vincent Rockingmore",6,23
109780,4,"Alyssa Fairingbry",8,29
109787,2,"Erica Camwellquist",5,18
109788,2,"Morgan Norquist",8,30
109793,12,"Carlos Perryleybry",5,19
109799,3,"Jack Riveronridge",3,11
109802,5,"Naomi Burnunstead",3,11
109803,3,"Maria Delanwin",8,29
109804,6,"Aiden Parkenwall",9,34
109805,2,"Carmen Springellsen",6,23
109807,2,"Andrew Riverarford",4,15
109808,2,"Blake Torrorwall",10,36
109809,1,"Alice Finerley",2,5
109811,4,"Chloe Daluworth",11,40
109815,2,"Harley Wrenohart",4,15
109820,2,"Diana Willettcott",8,29
109821,1,"Daniela Kendunwall",5,18
109823,2,"Phoenix Kinginsen",6,22
109827,2,"Mia Clarkman",2,5
109829,1,"Gavin Monabrook",10,36
109832,5,"Christopher Maranshire",4,15
109839,2,"Oliver Marunson",2,6
109844,5,"Carter Rockleyshire",10,37
109845,4,"Sebastian Whitunward",6,22
109849,7,"Adam Greenoman",9,34
109855,1,"Addison Mononridge",8,29
109858,2,"Allison Kendunwall",9,33
109859,1,"Julia Fieldsonman",2,5
109864,1,"Reese Dalelson",9,33
109865,3,"Morgan Bennunmere",10,37
109866,3,"Jordan Whitetthart",8,29
109868,4,"Jayden Bramhart",4,14
109871,1,"Eva Wrenonridge",2,6
109874,2,"Mia Fordelland",9,34
109875,5,"Jasmine Northelcroft",2,7
109878,6,"Lillian Parkerlin",8,31
109881,6,"Kaitlyn Grantward",9,34
109885,3,"Rebecca Swanleyton",2,8
109887,13,"Clara Fieldorcrest",2,8
109889,2,"Ariel Northley",2,6
109893,1,"Ava Radsondale",6,21
109894,1,"Eli Colewellham",3,10
109898,2,"Xavier Bararland",2,6
109900,12,"Luis Parkeham",6,24
109902,1,"Autumn Emodale",2,6
109907,2,"Kevin Silvererwell",2,6
109908,5,"Ariel Kingstone",6,23
109909,1,"Blake Lakesonmond",2,5
109911,7,"Elena Yorkelfield",2,8
109913,3,"Leo Caringshire",3,12
109920,1,"Hayden Bartonthorne",4,15
109921,6,"Lillian Crowsen",4,15
109922,2,"Alexander Norenson",9,33
109926,4,"Leah Northunland",8,30
109927,1,"Jason Brookelbrook",2,6
109929,1,"Faith Rowunlin",10,36
109930,3,"Seth Caldwiley",2,7
109931,3,"Skyler Barenden",3,11
109932,3,"Oliver Chanderbrook",4,14
109935,4,"Isaac Pineensen",2,8
109936,3,"Phoenix Lakesonmere",5,18
109939,6,"Victor Camlinham",2,8
109948,4,"Jason Emimere",2,8
109949,2,"Anthony Eastarway",2,5
109951,2,"Kennedy Oaklinlin",3,10
109956,6,"Lucy Barunmont",7,27
109958,1,"Jennifer Yorkorridge",2,6
109960,8,"Adrian Norettridge",10,37
109966,1,"Rafael Hollinwall",8,29
109968,4,"Albert Grantlinberg",2,6
109973,1,"Henry Hayanthorne",2,6
109974,2,"Ana Norenwell",8,29
109978,7,"Harley Ashonridge",7,27
109981,2,"Luke Hartunway",7,26
109982,3,"Elizabeth Preselson",7,26
109986,2,"Aria Caldwawell",8,30
109991,1,"Casey Chandunden",2,5
109995,6,"Abigail Rainerwood",9,33
109997,1,"Eliana Chandanford",3,11
109998,2,"Alyssa Springham",2,7
