"RequisitionID","JobID","OpenDate","Recruiter","RequisitionStatus","Openings","DepartmentID","JobTitle","JobLevel","HiringManagerID","HiringManagerName","CloseDate"
700001,24,2025-10-25,"J. Watson","Open",1,6,"Director of HR",6,100162,NA,NA
700002,26,2025-04-24,"M. Davis","Closed",1,7,"Digital Marketing Manager",3,106883,NA,2025-07-10
700003,28,2025-06-11,"K. Brown","Closed",1,8,"Sales Development Representative",1,106638,NA,2025-07-31
700004,38,2024-11-12,"S. Lee","Open",3,11,"Legal Analyst",2,108075,NA,NA
700005,22,2025-02-03,"S. Lee","On Hold",2,6,"HR Business Partner",3,102314,NA,2025-02-11
700006,32,2024-01-24,"D. Patel","Closed",1,9,"Operations Analyst",2,100651,NA,2024-03-21
700007,26,2024-06-05,"T. Nguyen","Closed",1,7,"Digital Marketing Manager",3,102347,NA,2024-07-17
700008,34,2024-12-19,"T. Nguyen","Closed",1,9,"Director of Operations",6,104730,NA,2025-02-18
700009,8,2024-08-25,"A. Carter","Open",1,2,"Director of Engineering",6,109157,NA,NA
700010,1,2026-02-11,"T. Nguyen","Open",1,1,"Chief Executive Officer",10,107386,NA,NA
700011,15,2024-02-18,"D. Patel","Closed",1,4,"IT Manager",4,108972,NA,2024-04-02
700012,23,2025-04-07,"T. Nguyen","Closed",1,6,"HR Manager",4,102533,"Sydney Crowathorne",2025-05-03
700013,23,2024-05-20,"A. Carter","Closed",1,6,"HR Manager",4,107502,NA,2024-06-24
700014,25,2025-09-11,"J. Watson","Open",1,7,"Marketing Specialist",1,107724,NA,NA
700015,22,2025-08-20,"T. Nguyen","Closed",1,6,"HR Business Partner",3,108300,NA,2025-11-09
700016,28,2024-06-28,"A. Carter","Closed",1,8,"Sales Development Representative",1,109266,NA,2024-08-23
700017,4,2025-09-30,"R. Thomas","Closed",2,2,"Software Engineer I",1,107304,NA,2025-10-24
700018,15,2025-06-19,"A. Carter","Open",1,4,"IT Manager",4,102827,NA,NA
700019,31,2024-01-27,"K. Brown","Closed",1,8,"Director of Sales",6,100905,"Jordan Whiteberg",2024-02-28
700020,22,2024-08-20,"K. Brown","Closed",1,6,"HR Business Partner",3,106252,NA,2024-11-16
700021,40,2024-08-20,"R. Thomas","Open",2,11,"General Counsel",8,101485,NA,NA
700022,3,2024-10-14,"M. Davis","Closed",1,1,"Vice President",8,109826,NA,2024-12-02
700023,9,2025-08-20,"M. Davis","Open",1,3,"Product Analyst",2,108241,NA,NA
700024,18,2024-07-09,"J. Watson","Open",1,5,"Finance Manager",4,100271,NA,NA
700025,37,2024-08-11,"T. Nguyen","Open",2,10,"Director of Customer Support",5,100630,"Penelope Fieldanridge",NA
700026,36,2024-05-15,"R. Thomas","Cancelled",1,10,"Customer Support Manager",3,102455,NA,2024-06-17
700027,25,2024-10-20,"D. Patel","Open",1,7,"Marketing Specialist",1,102150,NA,NA
700028,29,2024-05-22,"S. Lee","Closed",2,8,"Account Executive",2,109199,NA,2024-06-29
700029,33,2025-10-19,"K. Brown","Open",1,9,"Operations Manager",4,106794,NA,NA
700030,40,2024-03-19,"R. Thomas","Open",1,11,"General Counsel",8,100863,NA,NA
700031,15,2025-04-11,"K. Brown","Closed",1,4,"IT Manager",4,108837,NA,2025-06-23
700032,18,2024-02-12,"T. Nguyen","Open",1,5,"Finance Manager",4,104936,"Henry Westisen",NA
700033,11,2025-12-24,"J. Watson","Cancelled",1,3,"Senior Product Manager",4,103123,NA,2026-01-25
700034,22,2025-02-25,"J. Watson","Closed",1,6,"HR Business Partner",3,105650,NA,2025-04-03
700035,1,2024-02-29,"R. Thomas","Cancelled",1,1,"Chief Executive Officer",10,108260,NA,2024-03-11
700036,12,2024-09-27,"M. Davis","Cancelled",1,3,"Director of Product",6,109086,NA,2024-11-03
700037,39,2024-08-23,"S. Lee","Open",1,11,"Corporate Counsel",4,101712,NA,NA
700038,21,2025-05-01,"J. Watson","On Hold",1,6,"HR Generalist",2,103198,NA,2025-05-10
700039,17,2025-10-12,"R. Thomas","Open",2,5,"Senior Financial Analyst",3,106561,NA,NA
700040,36,2025-04-16,"D. Patel","Closed",3,10,"Customer Support Manager",3,103620,NA,2025-07-20
700041,18,2024-10-30,"K. Brown","Open",3,5,"Finance Manager",4,107751,NA,NA
700042,9,2024-10-16,"D. Patel","On Hold",2,3,"Product Analyst",2,108707,NA,2024-11-08
700043,29,2025-11-20,"D. Patel","Open",1,8,"Account Executive",2,102799,NA,NA
700044,29,2025-05-16,"M. Davis","Cancelled",1,8,"Account Executive",2,101040,NA,2025-05-29
700045,17,2024-04-11,"J. Watson","Open",2,5,"Senior Financial Analyst",3,101391,NA,NA
700046,17,2025-05-20,"T. Nguyen","Closed",1,5,"Senior Financial Analyst",3,103720,NA,2025-08-06
700047,33,2025-04-21,"M. Davis","Open",1,9,"Operations Manager",4,107462,NA,NA
700048,34,2024-04-11,"R. Thomas","Closed",1,9,"Director of Operations",6,103432,NA,2024-05-21
700049,23,2024-10-19,"S. Lee","Open",3,6,"HR Manager",4,102178,"Adrian Bellinberg",NA
700050,6,2024-04-20,"K. Brown","Open",1,2,"Senior Software Engineer",3,103459,NA,NA
700051,10,2024-05-21,"S. Lee","On Hold",1,3,"Product Manager",3,104237,"Jamie Caraquist",2024-06-09
700052,31,2025-08-01,"M. Davis","Open",2,8,"Director of Sales",6,103702,NA,NA
700053,37,2025-08-27,"R. Thomas","Closed",1,10,"Director of Customer Support",5,103208,NA,2025-11-07
700054,18,2024-03-07,"T. Nguyen","Closed",3,5,"Finance Manager",4,104691,NA,2024-04-15
700055,3,2024-06-17,"A. Carter","Cancelled",3,1,"Vice President",8,107704,NA,2024-06-24
700056,35,2024-08-29,"T. Nguyen","Cancelled",1,10,"Customer Support Representative",1,103300,NA,2024-10-06
700057,11,2025-02-18,"J. Watson","Closed",2,3,"Senior Product Manager",4,101904,NA,2025-05-01
700058,29,2025-06-05,"K. Brown","Open",2,8,"Account Executive",2,103042,NA,NA
700059,8,2025-10-06,"T. Nguyen","Closed",1,2,"Director of Engineering",6,105327,NA,2025-10-25
700060,17,2024-09-21,"R. Thomas","Closed",4,5,"Senior Financial Analyst",3,100146,NA,2024-11-10
700061,39,2024-10-30,"S. Lee","Open",2,11,"Corporate Counsel",4,103888,NA,NA
700062,10,2024-10-27,"J. Watson","Closed",4,3,"Product Manager",3,107708,NA,2024-12-11
700063,26,2025-07-27,"J. Watson","Cancelled",2,7,"Digital Marketing Manager",3,103778,NA,2025-08-25
700064,2,2024-03-21,"R. Thomas","Closed",1,1,"Chief Operating Officer",9,106262,NA,2024-05-03
700065,9,2025-01-21,"D. Patel","On Hold",1,3,"Product Analyst",2,101810,NA,2025-02-06
700066,28,2024-02-24,"S. Lee","Closed",2,8,"Sales Development Representative",1,104700,NA,2024-05-18
700067,31,2025-04-13,"J. Watson","Open",1,8,"Director of Sales",6,104857,NA,NA
700068,32,2025-10-19,"J. Watson","Closed",1,9,"Operations Analyst",2,108920,NA,2025-11-27
700069,40,2024-09-14,"T. Nguyen","Closed",4,11,"General Counsel",8,107029,NA,2024-12-14
700070,10,2025-11-17,"K. Brown","Open",1,3,"Product Manager",3,101720,"Gabriel Blacktonmond",NA
700071,19,2025-08-04,"J. Watson","Open",2,5,"Director of Finance",6,103058,NA,NA
700072,7,2024-04-20,"J. Watson","Open",1,2,"Engineering Manager",4,107261,NA,NA
700073,25,2025-08-09,"M. Davis","Closed",2,7,"Marketing Specialist",1,105559,"Nora Greenorwood",2025-10-21
700074,19,2025-01-17,"T. Nguyen","Closed",1,5,"Director of Finance",6,103670,NA,2025-04-01
700075,7,2025-02-13,"R. Thomas","Open",1,2,"Engineering Manager",4,103836,"Julian Parkettford",NA
700076,28,2024-02-02,"M. Davis","Closed",1,8,"Sales Development Representative",1,107914,NA,2024-04-06
700077,10,2024-02-14,"J. Watson","On Hold",1,3,"Product Manager",3,104709,NA,2024-03-04
700078,30,2024-05-01,"J. Watson","Open",1,8,"Sales Manager",4,106129,NA,NA
700079,20,2025-07-28,"A. Carter","Closed",4,6,"HR Coordinator",1,102818,NA,2025-09-05
700080,23,2026-02-01,"A. Carter","Open",1,6,"HR Manager",4,100788,NA,NA
700081,23,2025-06-09,"S. Lee","On Hold",4,6,"HR Manager",4,105361,"Gavin Maranwood",2025-06-22
700082,17,2025-07-25,"T. Nguyen","Open",2,5,"Senior Financial Analyst",3,100847,NA,NA
700083,15,2024-06-01,"M. Davis","Open",1,4,"IT Manager",4,108179,NA,NA
700084,1,2025-11-04,"S. Lee","Closed",3,1,"Chief Executive Officer",10,104104,NA,2025-12-04
700085,35,2025-01-15,"J. Watson","Cancelled",4,10,"Customer Support Representative",1,109694,NA,2025-02-14
700086,9,2024-12-16,"K. Brown","Closed",1,3,"Product Analyst",2,107608,NA,2025-02-09
700087,6,2025-07-13,"A. Carter","Cancelled",1,2,"Senior Software Engineer",3,109887,"Clara Fieldorcrest",2025-08-09
700088,23,2025-11-17,"K. Brown","Open",1,6,"HR Manager",4,106976,NA,NA
700089,4,2024-01-06,"S. Lee","Open",2,2,"Software Engineer I",1,107936,NA,NA
700090,31,2025-04-03,"T. Nguyen","Open",1,8,"Director of Sales",6,109466,NA,NA
700091,16,2025-12-01,"R. Thomas","Open",3,5,"Financial Analyst",2,101828,NA,NA
700092,6,2024-11-29,"K. Brown","Closed",1,2,"Senior Software Engineer",3,108183,NA,2025-02-04
700093,29,2024-10-21,"A. Carter","Open",1,8,"Account Executive",2,100378,NA,NA
700094,8,2025-07-30,"R. Thomas","Closed",2,2,"Director of Engineering",6,107426,"Simon Hawkaley",2025-08-30
700095,40,2025-07-01,"T. Nguyen","Open",1,11,"General Counsel",8,109656,NA,NA
700096,11,2024-04-04,"T. Nguyen","On Hold",1,3,"Senior Product Manager",4,102421,NA,2024-04-24
700097,15,2025-06-15,"T. Nguyen","Closed",2,4,"IT Manager",4,102453,NA,2025-08-15
700098,38,2025-11-29,"T. Nguyen","Open",1,11,"Legal Analyst",2,103646,NA,NA
700099,28,2025-09-04,"R. Thomas","Closed",2,8,"Sales Development Representative",1,109711,NA,2025-10-28
700100,39,2025-06-05,"K. Brown","Closed",1,11,"Corporate Counsel",4,107091,NA,2025-08-24
700101,19,2024-03-12,"R. Thomas","Closed",1,5,"Director of Finance",6,105667,NA,2024-05-02
700102,11,2024-09-05,"D. Patel","Closed",3,3,"Senior Product Manager",4,107519,NA,2024-11-07
700103,36,2026-01-27,"D. Patel","Closed",1,10,"Customer Support Manager",3,102909,NA,2026-03-30
700104,33,2026-01-06,"R. Thomas","Open",1,9,"Operations Manager",4,101613,NA,NA
700105,39,2024-05-03,"M. Davis","Closed",1,11,"Corporate Counsel",4,105450,NA,2024-06-25
700106,36,2025-03-20,"T. Nguyen","Open",1,10,"Customer Support Manager",3,106869,NA,NA
700107,5,2025-09-18,"A. Carter","Closed",1,2,"Software Engineer II",2,104784,NA,2025-12-19
700108,22,2024-11-28,"T. Nguyen","Closed",1,6,"HR Business Partner",3,105211,NA,2024-12-26
700109,32,2025-04-12,"D. Patel","Closed",1,9,"Operations Analyst",2,104157,NA,2025-05-01
700110,40,2024-09-15,"D. Patel","Open",1,11,"General Counsel",8,105058,NA,NA
700111,1,2024-07-20,"R. Thomas","Open",2,1,"Chief Executive Officer",10,103425,NA,NA
700112,14,2025-08-11,"J. Watson","Closed",1,4,"Systems Administrator",2,109705,NA,2025-10-24
700113,35,2024-01-21,"T. Nguyen","Closed",1,10,"Customer Support Representative",1,102487,"Rafael Crowettfield",2024-02-15
700114,38,2024-09-07,"J. Watson","Closed",1,11,"Legal Analyst",2,101233,NA,2024-11-29
700115,22,2026-02-05,"T. Nguyen","Open",4,6,"HR Business Partner",3,100982,NA,NA
700116,20,2024-06-18,"D. Patel","Open",1,6,"HR Coordinator",1,105592,NA,NA
700117,5,2025-06-12,"S. Lee","Closed",1,2,"Software Engineer II",2,106602,NA,2025-08-03
700118,23,2024-04-19,"T. Nguyen","Closed",1,6,"HR Manager",4,105411,NA,2024-06-05
700119,12,2025-07-08,"A. Carter","Open",1,3,"Director of Product",6,109152,NA,NA
700120,16,2024-01-30,"J. Watson","Open",1,5,"Financial Analyst",2,107973,NA,NA
700121,25,2024-05-24,"A. Carter","Closed",1,7,"Marketing Specialist",1,104636,"Elizabeth Hartandale",2024-07-01
700122,5,2024-02-18,"T. Nguyen","Cancelled",1,2,"Software Engineer II",2,101467,"Audrey Meadelmere",2024-03-27
700123,12,2025-09-26,"D. Patel","Closed",1,3,"Director of Product",6,108039,NA,2025-11-03
700124,9,2025-05-24,"T. Nguyen","Closed",1,3,"Product Analyst",2,106517,NA,2025-08-25
700125,29,2025-08-11,"K. Brown","Open",1,8,"Account Executive",2,102507,NA,NA
700126,20,2025-09-01,"T. Nguyen","Open",1,6,"HR Coordinator",1,108919,NA,NA
700127,4,2024-09-18,"A. Carter","Open",1,2,"Software Engineer I",1,106678,NA,NA
700128,17,2024-12-27,"D. Patel","Cancelled",1,5,"Senior Financial Analyst",3,108784,NA,2025-01-27
700129,13,2025-02-02,"A. Carter","Closed",1,4,"IT Support Specialist",1,106193,NA,2025-04-14
700130,37,2025-09-05,"D. Patel","Open",1,10,"Director of Customer Support",5,106819,NA,NA
700131,16,2024-10-15,"T. Nguyen","Closed",2,5,"Financial Analyst",2,109707,NA,2024-11-21
700132,18,2025-03-31,"A. Carter","Closed",1,5,"Finance Manager",4,103894,NA,2025-06-11
700133,1,2025-07-16,"T. Nguyen","Open",1,1,"Chief Executive Officer",10,100790,NA,NA
700134,28,2024-12-12,"A. Carter","Closed",3,8,"Sales Development Representative",1,100547,NA,2025-01-07
700135,13,2024-04-26,"T. Nguyen","Open",1,4,"IT Support Specialist",1,100919,NA,NA
700136,20,2024-08-27,"T. Nguyen","Cancelled",3,6,"HR Coordinator",1,103710,NA,2024-10-04
700137,32,2024-07-28,"S. Lee","Open",1,9,"Operations Analyst",2,103979,NA,NA
700138,16,2024-03-03,"J. Watson","Open",1,5,"Financial Analyst",2,102891,NA,NA
700139,20,2025-06-21,"J. Watson","Open",4,6,"HR Coordinator",1,105294,NA,NA
700140,39,2024-03-04,"A. Carter","Closed",2,11,"Corporate Counsel",4,100974,NA,2024-05-06
700141,2,2025-05-28,"J. Watson","Closed",1,1,"Chief Operating Officer",9,100333,NA,2025-07-14
700142,36,2024-05-09,"D. Patel","Closed",1,10,"Customer Support Manager",3,102575,NA,2024-06-04
700143,21,2024-07-16,"J. Watson","Closed",4,6,"HR Generalist",2,104045,NA,2024-10-03
700144,21,2024-08-03,"K. Brown","Closed",1,6,"HR Generalist",2,108339,NA,2024-10-05
700145,39,2026-01-31,"S. Lee","Closed",1,11,"Corporate Counsel",4,104884,NA,2026-04-24
700146,29,2025-08-05,"K. Brown","Closed",1,8,"Account Executive",2,103353,"Aubrey Fordaman",2025-10-07
700147,13,2025-07-29,"M. Davis","Cancelled",1,4,"IT Support Specialist",1,106714,"Hudson Rowwellwall",2025-08-16
700148,9,2024-10-05,"A. Carter","Open",1,3,"Product Analyst",2,106082,NA,NA
700149,3,2024-04-12,"T. Nguyen","Closed",2,1,"Vice President",8,109331,NA,2024-07-09
700150,34,2025-02-07,"M. Davis","Closed",1,9,"Director of Operations",6,100835,NA,2025-04-15
700151,5,2024-06-18,"M. Davis","Open",1,2,"Software Engineer II",2,108087,NA,NA
700152,23,2026-02-01,"J. Watson","Open",2,6,"HR Manager",4,105762,NA,NA
700153,36,2024-03-31,"M. Davis","Open",1,10,"Customer Support Manager",3,107453,NA,NA
700154,9,2024-06-15,"J. Watson","Closed",1,3,"Product Analyst",2,105222,NA,2024-08-11
700155,38,2024-11-16,"S. Lee","Closed",1,11,"Legal Analyst",2,102269,NA,2025-01-04
700156,5,2025-06-26,"J. Watson","Open",1,2,"Software Engineer II",2,106047,NA,NA
700157,11,2024-02-08,"M. Davis","Cancelled",1,3,"Senior Product Manager",4,109227,NA,2024-02-14
700158,5,2024-08-13,"R. Thomas","Closed",3,2,"Software Engineer II",2,108861,"Penelope Beckorbry",2024-09-24
700159,29,2025-02-27,"K. Brown","Closed",1,8,"Account Executive",2,107365,NA,2025-04-28
700160,6,2024-07-01,"A. Carter","Cancelled",1,2,"Senior Software Engineer",3,107918,NA,2024-08-06
700161,14,2024-07-25,"J. Watson","Closed",1,4,"Systems Administrator",2,109992,NA,2024-09-01
700162,14,2024-09-07,"M. Davis","Closed",3,4,"Systems Administrator",2,100020,"Emerson Rainsonquist",2024-11-12
700163,3,2024-01-31,"D. Patel","Closed",4,1,"Vice President",8,108056,NA,2024-03-23
700164,32,2024-01-10,"K. Brown","Closed",1,9,"Operations Analyst",2,107187,NA,2024-04-11
700165,12,2025-09-05,"S. Lee","Open",1,3,"Director of Product",6,104766,NA,NA
700166,24,2024-07-02,"S. Lee","Closed",1,6,"Director of HR",6,106564,NA,2024-08-06
700167,23,2024-08-20,"D. Patel","Closed",1,6,"HR Manager",4,101049,NA,2024-10-11
700168,4,2025-03-06,"S. Lee","Open",1,2,"Software Engineer I",1,105360,NA,NA
700169,40,2024-03-30,"M. Davis","Open",1,11,"General Counsel",8,100517,NA,NA
700170,37,2025-07-19,"R. Thomas","Open",1,10,"Director of Customer Support",5,101491,NA,NA
700171,19,2025-05-27,"A. Carter","Closed",1,5,"Director of Finance",6,100531,NA,2025-08-12
700172,11,2025-08-21,"M. Davis","Cancelled",1,3,"Senior Product Manager",4,106277,NA,2025-09-13
700173,28,2024-12-28,"D. Patel","On Hold",1,8,"Sales Development Representative",1,104834,NA,2025-01-07
700174,16,2025-12-12,"M. Davis","Closed",1,5,"Financial Analyst",2,101336,NA,2026-02-16
700175,34,2024-01-01,"R. Thomas","Open",1,9,"Director of Operations",6,107865,NA,NA
700176,40,2024-06-20,"J. Watson","Closed",1,11,"General Counsel",8,101121,NA,2024-09-11
700177,13,2026-02-04,"D. Patel","Open",1,4,"IT Support Specialist",1,100298,NA,NA
700178,34,2024-04-14,"K. Brown","Closed",1,9,"Director of Operations",6,101397,NA,2024-07-02
700179,33,2025-12-17,"T. Nguyen","Open",1,9,"Operations Manager",4,109772,NA,NA
700180,30,2025-03-22,"D. Patel","Closed",1,8,"Sales Manager",4,108251,NA,2025-05-29
700181,32,2024-08-31,"J. Watson","Cancelled",2,9,"Operations Analyst",2,104764,NA,2024-10-02
700182,15,2025-10-26,"T. Nguyen","Closed",1,4,"IT Manager",4,103848,NA,2025-11-23
700183,17,2024-01-12,"R. Thomas","Open",1,5,"Senior Financial Analyst",3,104157,NA,NA
700184,39,2024-02-27,"R. Thomas","Open",1,11,"Corporate Counsel",4,105359,NA,NA
700185,40,2025-09-13,"A. Carter","On Hold",1,11,"General Counsel",8,109490,NA,2025-10-02
700186,9,2024-11-28,"A. Carter","Closed",1,3,"Product Analyst",2,107940,NA,2025-01-15
700187,5,2024-08-11,"J. Watson","Open",1,2,"Software Engineer II",2,105371,NA,NA
700188,19,2024-04-27,"S. Lee","Cancelled",2,5,"Director of Finance",6,105174,NA,2024-05-10
700189,24,2024-05-15,"M. Davis","Closed",1,6,"Director of HR",6,106287,NA,2024-06-23
700190,33,2025-07-13,"K. Brown","Open",1,9,"Operations Manager",4,109155,NA,NA
700191,35,2025-12-02,"J. Watson","Cancelled",2,10,"Customer Support Representative",1,106428,NA,2026-01-01
700192,38,2025-09-08,"A. Carter","Open",2,11,"Legal Analyst",2,108470,NA,NA
700193,2,2024-09-21,"S. Lee","Open",1,1,"Chief Operating Officer",9,103124,NA,NA
700194,35,2024-10-15,"J. Watson","Open",2,10,"Customer Support Representative",1,102494,"Aria Hayridge",NA
700195,23,2024-12-02,"R. Thomas","Open",1,6,"HR Manager",4,104193,NA,NA
700196,27,2025-03-29,"K. Brown","Open",2,7,"Marketing Director",5,108784,NA,NA
700197,15,2024-07-08,"A. Carter","Open",2,4,"IT Manager",4,106700,NA,NA
700198,1,2025-04-14,"S. Lee","On Hold",1,1,"Chief Executive Officer",10,100060,NA,2025-04-22
700199,6,2024-11-20,"R. Thomas","Open",1,2,"Senior Software Engineer",3,109641,NA,NA
700200,12,2025-12-18,"J. Watson","Closed",1,3,"Director of Product",6,108834,NA,2026-01-12
700201,33,2026-01-16,"D. Patel","Open",1,9,"Operations Manager",4,102982,NA,NA
700202,22,2024-06-04,"T. Nguyen","Open",1,6,"HR Business Partner",3,109267,NA,NA
700203,3,2026-01-26,"K. Brown","Open",1,1,"Vice President",8,102451,NA,NA
700204,14,2025-10-21,"J. Watson","Closed",2,4,"Systems Administrator",2,101730,NA,2025-12-10
700205,10,2024-12-15,"M. Davis","Open",1,3,"Product Manager",3,109130,NA,NA
700206,23,2024-06-19,"M. Davis","Closed",2,6,"HR Manager",4,106701,"Albert Kendorstead",2024-09-20
700207,15,2024-06-27,"J. Watson","Closed",1,4,"IT Manager",4,103957,NA,2024-08-28
700208,23,2024-05-22,"D. Patel","Closed",3,6,"HR Manager",4,102329,NA,2024-06-16
700209,26,2024-02-08,"R. Thomas","Closed",1,7,"Digital Marketing Manager",3,101819,"Alexander Winteralin",2024-03-20
700210,13,2024-02-07,"K. Brown","Open",1,4,"IT Support Specialist",1,106321,NA,NA
700211,34,2024-06-03,"R. Thomas","Closed",1,9,"Director of Operations",6,104176,"Autumn Crossosen",2024-09-01
700212,21,2024-08-30,"S. Lee","Cancelled",2,6,"HR Generalist",2,103123,NA,2024-09-10
700213,23,2024-04-23,"M. Davis","Closed",1,6,"HR Manager",4,104834,NA,2024-06-22
700214,19,2025-07-02,"D. Patel","Cancelled",1,5,"Director of Finance",6,103274,NA,2025-07-16
700215,22,2024-09-21,"T. Nguyen","Open",1,6,"HR Business Partner",3,100365,NA,NA
700216,20,2025-08-27,"T. Nguyen","Closed",1,6,"HR Coordinator",1,105642,NA,2025-10-02
700217,29,2024-12-29,"T. Nguyen","Open",1,8,"Account Executive",2,106140,NA,NA
700218,8,2025-11-28,"M. Davis","Open",1,2,"Director of Engineering",6,102095,NA,NA
700219,25,2025-01-28,"T. Nguyen","Open",1,7,"Marketing Specialist",1,104201,NA,NA
700220,3,2024-05-06,"R. Thomas","Open",1,1,"Vice President",8,105292,NA,NA
700221,26,2025-02-18,"A. Carter","Closed",4,7,"Digital Marketing Manager",3,105964,NA,2025-03-15
700222,24,2024-04-16,"S. Lee","Open",1,6,"Director of HR",6,109320,"Carter Fairtonford",NA
700223,18,2025-10-09,"S. Lee","Open",1,5,"Finance Manager",4,102626,NA,NA
700224,4,2025-04-01,"R. Thomas","Closed",1,2,"Software Engineer I",1,101377,NA,2025-07-02
700225,26,2025-10-10,"T. Nguyen","Open",1,7,"Digital Marketing Manager",3,109028,NA,NA
700226,7,2025-09-27,"S. Lee","Open",2,2,"Engineering Manager",4,105808,NA,NA
700227,3,2024-05-19,"T. Nguyen","Open",1,1,"Vice President",8,107199,NA,NA
700228,7,2025-01-14,"A. Carter","Open",1,2,"Engineering Manager",4,101042,"Jamie Beckorbry",NA
700229,35,2024-01-31,"K. Brown","Closed",1,10,"Customer Support Representative",1,101943,NA,2024-03-23
700230,29,2025-02-15,"A. Carter","Closed",1,8,"Account Executive",2,109087,NA,2025-03-27
700231,39,2024-09-17,"D. Patel","On Hold",2,11,"Corporate Counsel",4,109871,NA,2024-10-13
700232,20,2026-02-15,"J. Watson","Closed",1,6,"HR Coordinator",1,103999,NA,2026-05-03
700233,5,2025-08-07,"A. Carter","Closed",2,2,"Software Engineer II",2,103269,NA,2025-11-07
700234,37,2024-08-28,"S. Lee","Open",1,10,"Director of Customer Support",5,107587,NA,NA
700235,7,2025-08-02,"D. Patel","Open",1,2,"Engineering Manager",4,106673,NA,NA
700236,8,2026-01-31,"M. Davis","Closed",1,2,"Director of Engineering",6,104200,NA,2026-04-14
700237,26,2024-11-25,"J. Watson","Open",1,7,"Digital Marketing Manager",3,102315,NA,NA
700238,27,2025-03-11,"R. Thomas","Open",1,7,"Marketing Director",5,109235,NA,NA
700239,21,2026-01-06,"M. Davis","Closed",2,6,"HR Generalist",2,107689,NA,2026-03-02
700240,26,2025-07-24,"T. Nguyen","Closed",1,7,"Digital Marketing Manager",3,107151,"Paige Bennufield",2025-10-11
700241,3,2025-03-28,"R. Thomas","Open",3,1,"Vice President",8,104825,NA,NA
700242,7,2024-06-09,"J. Watson","Open",1,2,"Engineering Manager",4,109823,NA,NA
700243,40,2024-08-04,"K. Brown","Closed",1,11,"General Counsel",8,107250,NA,2024-09-22
700244,19,2025-09-27,"A. Carter","Open",1,5,"Director of Finance",6,103588,NA,NA
700245,9,2024-11-16,"D. Patel","Closed",2,3,"Product Analyst",2,109907,NA,2025-01-11
700246,1,2025-04-23,"A. Carter","Closed",1,1,"Chief Executive Officer",10,108563,NA,2025-06-09
700247,38,2025-07-13,"S. Lee","Closed",1,11,"Legal Analyst",2,102317,NA,2025-09-27
700248,11,2025-04-23,"S. Lee","Closed",3,3,"Senior Product Manager",4,108691,NA,2025-07-17
700249,15,2024-07-07,"R. Thomas","Closed",1,4,"IT Manager",4,107647,NA,2024-08-02
700250,13,2025-01-15,"T. Nguyen","Closed",1,4,"IT Support Specialist",1,106171,NA,2025-03-16
700251,27,2024-03-06,"A. Carter","Cancelled",1,7,"Marketing Director",5,102231,NA,2024-03-19
700252,28,2024-10-24,"R. Thomas","Closed",3,8,"Sales Development Representative",1,105572,NA,2024-12-24
700253,33,2025-10-21,"A. Carter","Closed",1,9,"Operations Manager",4,100462,NA,2025-12-18
700254,4,2025-09-01,"R. Thomas","Closed",1,2,"Software Engineer I",1,106975,NA,2025-10-26
700255,17,2025-02-13,"M. Davis","On Hold",2,5,"Senior Financial Analyst",3,107816,NA,2025-02-21
700256,26,2025-03-04,"S. Lee","Closed",1,7,"Digital Marketing Manager",3,109234,NA,2025-04-22
700257,23,2025-04-11,"M. Davis","Cancelled",1,6,"HR Manager",4,105868,"Lily Longerthorne",2025-04-26
700258,15,2024-08-14,"A. Carter","Closed",1,4,"IT Manager",4,104507,NA,2024-11-15
700259,15,2024-03-12,"T. Nguyen","Closed",1,4,"IT Manager",4,106700,NA,2024-05-22
700260,6,2024-07-21,"R. Thomas","Open",1,2,"Senior Software Engineer",3,103756,"Luna Yorkson",NA
700261,11,2025-04-18,"R. Thomas","Open",3,3,"Senior Product Manager",4,102661,NA,NA
700262,20,2024-05-15,"J. Watson","Closed",1,6,"HR Coordinator",1,104278,NA,2024-07-07
700263,12,2024-12-14,"M. Davis","Open",2,3,"Director of Product",6,101731,NA,NA
700264,36,2025-05-12,"J. Watson","Open",1,10,"Customer Support Manager",3,106726,NA,NA
700265,40,2024-05-22,"S. Lee","Closed",3,11,"General Counsel",8,102952,NA,2024-08-25
700266,35,2025-01-13,"K. Brown","Open",2,10,"Customer Support Representative",1,101301,NA,NA
700267,30,2024-02-03,"J. Watson","On Hold",1,8,"Sales Manager",4,101625,NA,2024-02-14
700268,21,2024-10-24,"R. Thomas","Cancelled",1,6,"HR Generalist",2,109900,"Luis Parkeham",2024-11-09
700269,33,2024-04-07,"S. Lee","Open",1,9,"Operations Manager",4,108470,NA,NA
700270,19,2026-02-05,"R. Thomas","Open",1,5,"Director of Finance",6,109379,NA,NA
700271,31,2024-10-21,"M. Davis","Closed",1,8,"Director of Sales",6,109152,NA,2024-11-19
700272,36,2024-08-04,"J. Watson","Closed",1,10,"Customer Support Manager",3,105437,NA,2024-11-02
700273,20,2024-10-15,"S. Lee","Open",1,6,"HR Coordinator",1,106900,NA,NA
700274,28,2024-05-17,"J. Watson","Open",1,8,"Sales Development Representative",1,104461,NA,NA
700275,39,2024-01-08,"A. Carter","Open",3,11,"Corporate Counsel",4,107386,NA,NA
700276,38,2024-03-27,"T. Nguyen","Open",2,11,"Legal Analyst",2,108866,NA,NA
700277,35,2025-07-12,"D. Patel","Closed",1,10,"Customer Support Representative",1,107970,NA,2025-09-06
700278,25,2024-08-10,"M. Davis","Open",1,7,"Marketing Specialist",1,103017,NA,NA
700279,27,2025-05-27,"J. Watson","Closed",1,7,"Marketing Director",5,108047,NA,2025-08-20
700280,18,2024-11-04,"A. Carter","Closed",1,5,"Finance Manager",4,105086,NA,2025-01-19
700281,6,2024-03-17,"R. Thomas","Open",1,2,"Senior Software Engineer",3,108729,"Victoria Westellshire",NA
700282,40,2024-03-05,"R. Thomas","Open",1,11,"General Counsel",8,103090,NA,NA
700283,1,2025-10-27,"T. Nguyen","Cancelled",1,1,"Chief Executive Officer",10,103998,NA,2025-12-05
700284,9,2024-01-21,"T. Nguyen","Closed",1,3,"Product Analyst",2,106600,NA,2024-04-03
700285,25,2024-04-05,"M. Davis","Closed",2,7,"Marketing Specialist",1,104846,NA,2024-07-03
700286,26,2025-12-10,"A. Carter","Open",1,7,"Digital Marketing Manager",3,107972,"Colin Silverarmont",NA
700287,28,2024-12-11,"D. Patel","Open",2,8,"Sales Development Representative",1,105870,NA,NA
700288,27,2024-08-25,"T. Nguyen","Closed",1,7,"Marketing Director",5,103404,NA,2024-11-26
700289,26,2025-11-03,"M. Davis","Closed",2,7,"Digital Marketing Manager",3,101998,"Joel Goldettstead",2025-11-25
700290,32,2025-11-15,"D. Patel","Closed",1,9,"Operations Analyst",2,101104,NA,2026-01-05
700291,31,2025-01-19,"J. Watson","Closed",3,8,"Director of Sales",6,106111,NA,2025-04-13
700292,39,2024-06-25,"M. Davis","Cancelled",2,11,"Corporate Counsel",4,100619,NA,2024-07-29
700293,14,2024-06-21,"T. Nguyen","Open",2,4,"Systems Administrator",2,104422,NA,NA
700294,23,2026-02-04,"M. Davis","Closed",1,6,"HR Manager",4,109330,NA,2026-03-02
700295,33,2025-09-27,"J. Watson","Closed",1,9,"Operations Manager",4,101454,NA,2025-10-22
700296,32,2025-09-07,"K. Brown","Closed",1,9,"Operations Analyst",2,109074,NA,2025-10-23
700297,34,2025-08-19,"S. Lee","Open",1,9,"Director of Operations",6,103708,NA,NA
700298,1,2024-06-18,"T. Nguyen","Open",2,1,"Chief Executive Officer",10,105893,NA,NA
700299,27,2026-01-31,"T. Nguyen","Closed",1,7,"Marketing Director",5,105852,NA,2026-02-20
700300,4,2024-05-22,"K. Brown","Closed",1,2,"Software Engineer I",1,103503,NA,2024-06-18
700301,38,2025-06-03,"R. Thomas","Open",1,11,"Legal Analyst",2,102636,NA,NA
700302,1,2024-09-12,"K. Brown","Closed",1,1,"Chief Executive Officer",10,101301,NA,2024-11-21
700303,37,2025-09-07,"J. Watson","Open",1,10,"Director of Customer Support",5,107187,"River Greenleywall",NA
700304,11,2024-08-25,"D. Patel","Open",1,3,"Senior Product Manager",4,100070,NA,NA
700305,34,2025-04-06,"D. Patel","Open",1,9,"Director of Operations",6,102349,NA,NA
700306,12,2025-06-19,"S. Lee","Open",1,3,"Director of Product",6,100545,NA,NA
700307,30,2025-09-29,"D. Patel","Closed",2,8,"Sales Manager",4,107188,NA,2025-11-24
700308,38,2025-05-22,"D. Patel","On Hold",3,11,"Legal Analyst",2,109403,NA,2025-06-12
700309,4,2025-04-13,"T. Nguyen","Open",3,2,"Software Engineer I",1,109558,"Lucy Wrenford",NA
700310,9,2025-03-23,"T. Nguyen","Closed",1,3,"Product Analyst",2,101144,NA,2025-06-23
700311,17,2025-06-02,"T. Nguyen","Closed",1,5,"Senior Financial Analyst",3,109112,NA,2025-08-31
700312,9,2025-07-05,"M. Davis","On Hold",1,3,"Product Analyst",2,101116,NA,2025-07-19
700313,17,2025-08-24,"M. Davis","Closed",2,5,"Senior Financial Analyst",3,104296,NA,2025-10-23
700314,15,2024-01-21,"T. Nguyen","Closed",1,4,"IT Manager",4,104629,NA,2024-03-09
700315,1,2026-01-22,"S. Lee","Open",3,1,"Chief Executive Officer",10,101760,NA,NA
700316,34,2025-12-27,"J. Watson","Open",2,9,"Director of Operations",6,101630,NA,NA
700317,5,2025-01-24,"T. Nguyen","Open",2,2,"Software Engineer II",2,107730,NA,NA
700318,3,2024-11-06,"R. Thomas","Closed",1,1,"Vice President",8,106178,NA,2025-01-09
700319,40,2024-09-13,"A. Carter","Closed",1,11,"General Counsel",8,101743,NA,2024-10-17
700320,3,2025-05-07,"D. Patel","Closed",1,1,"Vice President",8,101658,NA,2025-06-29
700321,29,2024-12-26,"D. Patel","Open",1,8,"Account Executive",2,107669,NA,NA
700322,3,2024-06-27,"R. Thomas","Closed",2,1,"Vice President",8,102782,NA,2024-07-25
700323,30,2024-05-31,"T. Nguyen","Closed",1,8,"Sales Manager",4,107229,NA,2024-08-31
700324,19,2025-12-27,"T. Nguyen","On Hold",1,5,"Director of Finance",6,103484,NA,2026-01-21
700325,32,2024-10-28,"S. Lee","Open",1,9,"Operations Analyst",2,105389,NA,NA
700326,34,2025-03-15,"S. Lee","Closed",1,9,"Director of Operations",6,105185,NA,2025-05-06
700327,11,2024-06-21,"R. Thomas","Closed",1,3,"Senior Product Manager",4,106930,"Gabriella Beckettcrest",2024-08-08
700328,22,2026-02-08,"J. Watson","Cancelled",1,6,"HR Business Partner",3,100136,NA,2026-02-24
700329,1,2025-08-12,"D. Patel","Open",3,1,"Chief Executive Officer",10,105692,NA,NA
700330,10,2025-02-11,"M. Davis","On Hold",2,3,"Product Manager",3,106311,NA,2025-03-03
700331,6,2024-02-04,"K. Brown","Open",1,2,"Senior Software Engineer",3,102115,NA,NA
700332,8,2024-06-04,"D. Patel","Closed",3,2,"Director of Engineering",6,109401,NA,2024-06-30
700333,8,2025-03-26,"A. Carter","Closed",1,2,"Director of Engineering",6,100121,NA,2025-04-25
700334,39,2024-07-31,"J. Watson","Closed",1,11,"Corporate Counsel",4,105991,NA,2024-10-04
700335,11,2024-03-23,"A. Carter","Open",1,3,"Senior Product Manager",4,100792,NA,NA
700336,5,2024-05-04,"J. Watson","Open",3,2,"Software Engineer II",2,103961,"Adam Kingiwell",NA
700337,34,2025-04-28,"J. Watson","Closed",1,9,"Director of Operations",6,104808,NA,2025-07-16
700338,34,2026-02-01,"D. Patel","Cancelled",1,9,"Director of Operations",6,105171,NA,2026-03-01
700339,2,2025-05-08,"R. Thomas","Open",1,1,"Chief Operating Officer",9,103911,NA,NA
700340,37,2024-08-04,"S. Lee","On Hold",1,10,"Director of Customer Support",5,106599,NA,2024-08-12
700341,25,2025-06-17,"A. Carter","Cancelled",1,7,"Marketing Specialist",1,100924,"Genesis Roseanlin",2025-07-04
700342,30,2025-03-29,"T. Nguyen","On Hold",1,8,"Sales Manager",4,107648,NA,2025-04-09
700343,25,2025-07-17,"K. Brown","Closed",3,7,"Marketing Specialist",1,105643,NA,2025-08-22
700344,16,2024-04-25,"R. Thomas","Open",1,5,"Financial Analyst",2,102372,NA,NA
700345,25,2024-04-22,"T. Nguyen","Closed",1,7,"Marketing Specialist",1,102598,"Erica Langeden",2024-06-20
700346,25,2024-10-01,"T. Nguyen","Cancelled",1,7,"Marketing Specialist",1,103327,NA,2024-10-26
700347,9,2025-01-12,"S. Lee","Closed",1,3,"Product Analyst",2,103808,NA,2025-03-16
700348,34,2024-12-29,"J. Watson","Closed",1,9,"Director of Operations",6,104810,NA,2025-02-15
700349,31,2024-11-14,"D. Patel","Open",1,8,"Director of Sales",6,100880,NA,NA
700350,26,2025-06-12,"J. Watson","Open",1,7,"Digital Marketing Manager",3,104043,NA,NA
700351,13,2025-04-28,"D. Patel","Closed",1,4,"IT Support Specialist",1,108510,NA,2025-06-14
700352,34,2024-08-15,"T. Nguyen","Closed",1,9,"Director of Operations",6,104543,NA,2024-09-29
700353,11,2025-09-07,"A. Carter","Closed",1,3,"Senior Product Manager",4,107986,NA,2025-10-25
700354,34,2025-04-14,"D. Patel","Open",1,9,"Director of Operations",6,106044,NA,NA
700355,9,2025-01-03,"A. Carter","Closed",1,3,"Product Analyst",2,105739,NA,2025-01-28
700356,11,2025-04-17,"J. Watson","Closed",1,3,"Senior Product Manager",4,106329,"Sophia Brookonmore",2025-05-17
700357,25,2025-07-09,"S. Lee","Closed",1,7,"Marketing Specialist",1,105552,NA,2025-08-18
700358,22,2024-10-20,"M. Davis","Open",2,6,"HR Business Partner",3,106194,NA,NA
700359,25,2024-07-11,"J. Watson","Cancelled",1,7,"Marketing Specialist",1,106734,NA,2024-08-19
700360,11,2025-08-14,"R. Thomas","Open",2,3,"Senior Product Manager",4,100060,NA,NA
700361,24,2025-11-08,"A. Carter","Open",1,6,"Director of HR",6,105439,NA,NA
700362,5,2024-11-08,"R. Thomas","Closed",1,2,"Software Engineer II",2,105052,"Nicholas Fairtonford",2025-01-31
700363,16,2025-12-18,"S. Lee","Closed",1,5,"Financial Analyst",2,105410,NA,2026-03-08
700364,29,2024-05-24,"A. Carter","Closed",1,8,"Account Executive",2,102269,NA,2024-07-25
700365,11,2024-07-28,"S. Lee","Open",3,3,"Senior Product Manager",4,100892,NA,NA
700366,33,2025-03-07,"D. Patel","Closed",2,9,"Operations Manager",4,101587,NA,2025-04-26
700367,22,2025-05-17,"A. Carter","Closed",2,6,"HR Business Partner",3,102450,"Carter Hartaford",2025-07-25
700368,30,2025-04-20,"T. Nguyen","Closed",2,8,"Sales Manager",4,104951,NA,2025-06-01
700369,7,2024-03-11,"A. Carter","Closed",1,2,"Engineering Manager",4,106436,NA,2024-04-19
700370,40,2025-12-07,"K. Brown","Closed",1,11,"General Counsel",8,109184,NA,2026-01-16
700371,36,2025-06-19,"K. Brown","Open",1,10,"Customer Support Manager",3,109467,NA,NA
700372,23,2024-09-16,"A. Carter","Closed",3,6,"HR Manager",4,108987,NA,2024-11-13
700373,36,2026-02-10,"D. Patel","Closed",1,10,"Customer Support Manager",3,102782,NA,2026-04-08
700374,10,2026-01-27,"D. Patel","Cancelled",1,3,"Product Manager",3,107569,NA,2026-03-08
700375,40,2024-03-24,"T. Nguyen","Closed",1,11,"General Counsel",8,106768,NA,2024-06-02
700376,37,2025-01-04,"T. Nguyen","Open",1,10,"Director of Customer Support",5,100454,NA,NA
700377,39,2025-10-02,"A. Carter","Open",1,11,"Corporate Counsel",4,105667,NA,NA
700378,40,2024-08-23,"D. Patel","Closed",1,11,"General Counsel",8,107153,NA,2024-10-26
700379,10,2024-05-13,"A. Carter","Open",3,3,"Product Manager",3,102947,"Colin Langelquist",NA
700380,22,2026-01-26,"K. Brown","Cancelled",1,6,"HR Business Partner",3,100865,"Riley Cartonthorne",2026-02-23
700381,19,2024-01-21,"M. Davis","Open",1,5,"Director of Finance",6,105643,NA,NA
700382,37,2026-01-09,"M. Davis","On Hold",1,10,"Director of Customer Support",5,108339,NA,2026-01-21
700383,25,2025-12-15,"D. Patel","Closed",1,7,"Marketing Specialist",1,101759,NA,2026-02-10
700384,3,2024-04-04,"S. Lee","On Hold",1,1,"Vice President",8,106800,NA,2024-04-25
700385,13,2024-11-05,"D. Patel","Closed",1,4,"IT Support Specialist",1,103388,NA,2025-01-12
700386,2,2024-05-27,"J. Watson","Open",1,1,"Chief Operating Officer",9,107025,NA,NA
700387,38,2025-10-06,"D. Patel","Open",1,11,"Legal Analyst",2,102409,NA,NA
700388,34,2024-01-25,"A. Carter","Cancelled",1,9,"Director of Operations",6,107708,NA,2024-03-04
700389,11,2024-01-24,"K. Brown","Open",1,3,"Senior Product Manager",4,102351,NA,NA
700390,27,2024-03-12,"M. Davis","Open",3,7,"Marketing Director",5,106605,NA,NA
700391,16,2024-12-07,"J. Watson","Open",1,5,"Financial Analyst",2,102879,NA,NA
700392,27,2024-02-01,"M. Davis","Cancelled",1,7,"Marketing Director",5,103136,NA,2024-02-21
700393,16,2025-10-12,"K. Brown","Closed",3,5,"Financial Analyst",2,106676,NA,2025-12-21
700394,19,2024-03-06,"J. Watson","Closed",1,5,"Director of Finance",6,100967,NA,2024-04-03
700395,23,2025-12-15,"D. Patel","Open",1,6,"HR Manager",4,109838,NA,NA
700396,25,2024-10-19,"A. Carter","Closed",1,7,"Marketing Specialist",1,104721,NA,2024-12-08
700397,14,2024-03-28,"R. Thomas","Closed",1,4,"Systems Administrator",2,109680,NA,2024-05-08
700398,3,2025-10-15,"T. Nguyen","Closed",2,1,"Vice President",8,100901,NA,2025-12-08
700399,5,2025-07-18,"A. Carter","Closed",1,2,"Software Engineer II",2,108555,NA,2025-10-18
700400,30,2025-11-23,"T. Nguyen","Open",1,8,"Sales Manager",4,103353,"Aubrey Fordaman",NA
700401,12,2025-03-30,"J. Watson","Open",1,3,"Director of Product",6,103801,"Xavier Hollellberg",NA
700402,10,2025-11-21,"K. Brown","Open",1,3,"Product Manager",3,108749,NA,NA
700403,38,2025-12-27,"M. Davis","Closed",1,11,"Legal Analyst",2,105670,NA,2026-03-16
700404,8,2025-03-19,"A. Carter","Open",2,2,"Director of Engineering",6,104073,NA,NA
700405,30,2024-08-25,"R. Thomas","Closed",1,8,"Sales Manager",4,105906,NA,2024-10-10
700406,5,2025-05-22,"J. Watson","Open",1,2,"Software Engineer II",2,106561,NA,NA
700407,2,2026-01-09,"R. Thomas","Closed",1,1,"Chief Operating Officer",9,100517,NA,2026-03-06
700408,21,2024-08-09,"K. Brown","Cancelled",1,6,"HR Generalist",2,100088,NA,2024-08-28
700409,31,2024-10-31,"T. Nguyen","Open",1,8,"Director of Sales",6,102529,NA,NA
700410,13,2025-11-19,"S. Lee","On Hold",1,4,"IT Support Specialist",1,104373,NA,2025-12-06
700411,27,2024-03-05,"K. Brown","Closed",2,7,"Marketing Director",5,101009,NA,2024-04-23
700412,35,2026-02-12,"R. Thomas","On Hold",2,10,"Customer Support Representative",1,103585,NA,2026-03-10
700413,23,2025-03-09,"J. Watson","Closed",1,6,"HR Manager",4,102707,NA,2025-03-30
700414,30,2024-04-14,"M. Davis","Cancelled",1,8,"Sales Manager",4,108238,NA,2024-05-01
700415,8,2024-11-06,"S. Lee","Open",2,2,"Director of Engineering",6,106915,NA,NA
700416,34,2024-04-30,"T. Nguyen","Cancelled",1,9,"Director of Operations",6,105789,NA,2024-05-31
700417,37,2024-03-30,"A. Carter","On Hold",2,10,"Director of Customer Support",5,106244,NA,2024-04-08
700418,5,2024-03-10,"K. Brown","Open",1,2,"Software Engineer II",2,100517,NA,NA
700419,12,2025-12-22,"A. Carter","Open",1,3,"Director of Product",6,102665,NA,NA
700420,37,2024-04-29,"M. Davis","Open",1,10,"Director of Customer Support",5,103113,NA,NA
700421,25,2025-11-20,"S. Lee","Closed",1,7,"Marketing Specialist",1,103924,NA,2025-12-09
700422,11,2025-04-04,"S. Lee","Cancelled",1,3,"Senior Product Manager",4,107902,NA,2025-04-17
700423,1,2025-07-20,"M. Davis","Open",2,1,"Chief Executive Officer",10,106985,NA,NA
700424,21,2024-08-04,"A. Carter","Closed",1,6,"HR Generalist",2,107781,NA,2024-09-15
700425,30,2024-09-12,"R. Thomas","Closed",1,8,"Sales Manager",4,101611,NA,2024-10-10
700426,16,2024-03-14,"S. Lee","Closed",1,5,"Financial Analyst",2,102536,NA,2024-05-25
700427,6,2024-08-04,"R. Thomas","Open",1,2,"Senior Software Engineer",3,102047,NA,NA
700428,30,2025-10-10,"T. Nguyen","Closed",1,8,"Sales Manager",4,103974,NA,2025-11-01
700429,19,2025-12-10,"M. Davis","Cancelled",1,5,"Director of Finance",6,106348,NA,2025-12-27
700430,24,2024-08-24,"M. Davis","Open",1,6,"Director of HR",6,109549,NA,NA
700431,4,2024-05-11,"M. Davis","Open",3,2,"Software Engineer I",1,101751,NA,NA
700432,10,2024-07-15,"J. Watson","Closed",2,3,"Product Manager",3,109931,"Skyler Barenden",2024-09-05
700433,11,2024-12-18,"D. Patel","Closed",2,3,"Senior Product Manager",4,105360,NA,2025-02-26
700434,32,2025-06-05,"D. Patel","Open",1,9,"Operations Analyst",2,100468,NA,NA
700435,27,2024-08-30,"M. Davis","Open",1,7,"Marketing Director",5,106043,NA,NA
700436,29,2024-08-24,"K. Brown","Closed",1,8,"Account Executive",2,108734,NA,2024-10-04
700437,34,2024-10-01,"S. Lee","On Hold",1,9,"Director of Operations",6,105755,NA,2024-10-22
700438,20,2025-02-27,"R. Thomas","Closed",1,6,"HR Coordinator",1,107462,NA,2025-04-12
700439,5,2026-02-05,"T. Nguyen","Closed",2,2,"Software Engineer II",2,104321,"Abigail Grayocroft",2026-04-26
700440,33,2025-07-06,"A. Carter","Closed",2,9,"Operations Manager",4,101444,NA,2025-07-25
700441,29,2024-09-10,"D. Patel","Open",1,8,"Account Executive",2,109298,NA,NA
700442,19,2025-08-07,"A. Carter","Closed",1,5,"Director of Finance",6,109054,NA,2025-09-29
700443,33,2025-04-15,"T. Nguyen","Open",1,9,"Operations Manager",4,104813,NA,NA
700444,30,2025-12-18,"M. Davis","Closed",2,8,"Sales Manager",4,103811,NA,2026-01-30
700445,21,2025-09-30,"D. Patel","Closed",1,6,"HR Generalist",2,100546,NA,2026-01-03
700446,19,2025-02-02,"K. Brown","Closed",1,5,"Director of Finance",6,108979,NA,2025-03-05
700447,31,2024-10-04,"K. Brown","Open",3,8,"Director of Sales",6,105556,NA,NA
700448,4,2024-05-04,"R. Thomas","Closed",1,2,"Software Engineer I",1,108911,NA,2024-06-25
700449,19,2025-09-26,"T. Nguyen","Open",1,5,"Director of Finance",6,106657,NA,NA
700450,24,2025-03-22,"T. Nguyen","On Hold",1,6,"Director of HR",6,105314,NA,2025-03-30
700451,17,2025-03-31,"T. Nguyen","Open",1,5,"Senior Financial Analyst",3,101797,NA,NA
700452,6,2025-12-10,"J. Watson","On Hold",1,2,"Senior Software Engineer",3,100742,NA,2025-12-28
700453,36,2024-02-05,"K. Brown","Closed",1,10,"Customer Support Manager",3,107004,NA,2024-02-24
700454,2,2026-01-29,"K. Brown","Closed",1,1,"Chief Operating Officer",9,108070,NA,2026-04-02
700455,12,2025-01-12,"R. Thomas","Closed",1,3,"Director of Product",6,105228,NA,2025-04-12
700456,26,2025-05-25,"K. Brown","Closed",1,7,"Digital Marketing Manager",3,109416,"Morgan Wrentonstrom",2025-07-14
700457,11,2025-11-26,"K. Brown","Closed",1,3,"Senior Product Manager",4,104236,NA,2026-01-25
700458,18,2025-07-14,"T. Nguyen","Open",1,5,"Finance Manager",4,100120,NA,NA
700459,27,2024-06-17,"J. Watson","Closed",2,7,"Marketing Director",5,102789,NA,2024-09-04
700460,37,2024-09-26,"S. Lee","Closed",1,10,"Director of Customer Support",5,107775,NA,2024-11-28
700461,30,2025-04-14,"R. Thomas","Open",1,8,"Sales Manager",4,104622,NA,NA
700462,36,2024-07-23,"S. Lee","Closed",2,10,"Customer Support Manager",3,109815,NA,2024-08-31
700463,39,2024-09-08,"J. Watson","Closed",1,11,"Corporate Counsel",4,106515,NA,2024-11-26
700464,17,2024-12-12,"K. Brown","Closed",1,5,"Senior Financial Analyst",3,103099,NA,2025-03-04
700465,2,2024-03-13,"K. Brown","Closed",1,1,"Chief Operating Officer",9,109367,NA,2024-05-10
700466,35,2024-08-23,"D. Patel","Cancelled",1,10,"Customer Support Representative",1,103581,"Taylor Valeorridge",2024-08-31
700467,32,2025-06-23,"S. Lee","Closed",1,9,"Operations Analyst",2,106235,NA,2025-08-29
700468,30,2025-02-22,"R. Thomas","Closed",1,8,"Sales Manager",4,105955,NA,2025-03-31
700469,34,2025-08-03,"K. Brown","Open",2,9,"Director of Operations",6,105036,NA,NA
700470,24,2025-12-08,"K. Brown","Closed",1,6,"Director of HR",6,104678,NA,2026-02-18
700471,27,2025-11-23,"D. Patel","Closed",3,7,"Marketing Director",5,101989,NA,2026-01-25
700472,2,2024-01-17,"A. Carter","Cancelled",1,1,"Chief Operating Officer",9,100517,NA,2024-01-28
700473,17,2025-02-08,"K. Brown","Open",1,5,"Senior Financial Analyst",3,100290,"Violet Rainleyman",NA
700474,27,2025-02-09,"S. Lee","On Hold",3,7,"Marketing Director",5,102949,NA,2025-03-10
700475,5,2024-05-14,"M. Davis","Open",1,2,"Software Engineer II",2,105906,NA,NA
700476,10,2025-08-06,"K. Brown","Open",1,3,"Product Manager",3,103306,"Alyssa Parkingmere",NA
700477,23,2025-07-04,"M. Davis","Closed",1,6,"HR Manager",4,108131,NA,2025-09-18
700478,40,2024-07-18,"A. Carter","Cancelled",1,11,"General Counsel",8,106238,NA,2024-07-29
700479,28,2025-02-17,"T. Nguyen","Closed",1,8,"Sales Development Representative",1,101140,NA,2025-03-24
700480,23,2024-05-29,"D. Patel","Cancelled",2,6,"HR Manager",4,108708,NA,2024-06-24
700481,30,2025-09-06,"T. Nguyen","Closed",1,8,"Sales Manager",4,103260,"Phoenix Brightiquist",2025-10-25
700482,39,2024-05-02,"R. Thomas","Closed",1,11,"Corporate Counsel",4,106218,NA,2024-07-31
700483,20,2024-04-21,"J. Watson","Open",1,6,"HR Coordinator",1,109832,NA,NA
700484,17,2025-07-27,"D. Patel","Cancelled",1,5,"Senior Financial Analyst",3,101176,NA,2025-08-26
700485,24,2025-04-27,"D. Patel","Open",1,6,"Director of HR",6,106808,NA,NA
700486,12,2025-10-13,"M. Davis","Closed",2,3,"Director of Product",6,103378,NA,2026-01-07
700487,37,2025-12-07,"A. Carter","Closed",1,10,"Director of Customer Support",5,101754,NA,2025-12-25
700488,11,2026-02-05,"D. Patel","Closed",1,3,"Senior Product Manager",4,102494,NA,2026-04-10
700489,18,2025-06-20,"A. Carter","Open",1,5,"Finance Manager",4,105030,NA,NA
700490,28,2024-06-25,"R. Thomas","Closed",1,8,"Sales Development Representative",1,100235,NA,2024-07-23
700491,36,2024-06-11,"A. Carter","Open",1,10,"Customer Support Manager",3,107643,NA,NA
700492,29,2024-05-14,"R. Thomas","Closed",4,8,"Account Executive",2,107679,NA,2024-06-05
700493,22,2024-12-26,"D. Patel","Closed",1,6,"HR Business Partner",3,103620,"Claire Foxahart",2025-03-16
700494,16,2025-08-31,"T. Nguyen","Closed",1,5,"Financial Analyst",2,109597,NA,2025-11-10
700495,7,2026-01-26,"J. Watson","Closed",1,2,"Engineering Manager",4,107640,NA,2026-03-22
700496,16,2026-01-29,"M. Davis","Closed",1,5,"Financial Analyst",2,109451,NA,2026-03-19
700497,26,2024-10-05,"T. Nguyen","Open",1,7,"Digital Marketing Manager",3,108965,NA,NA
700498,6,2025-04-12,"D. Patel","Closed",1,2,"Senior Software Engineer",3,103278,"Bailey Eastidale",2025-05-25
700499,26,2025-04-24,"S. Lee","Open",1,7,"Digital Marketing Manager",3,101116,NA,NA
700500,7,2025-11-11,"A. Carter","On Hold",1,2,"Engineering Manager",4,108488,NA,2025-12-07
700501,8,2025-04-22,"S. Lee","Closed",2,2,"Director of Engineering",6,100871,NA,2025-06-16
700502,38,2024-01-07,"R. Thomas","Closed",1,11,"Legal Analyst",2,101378,NA,2024-02-13
700503,5,2024-03-06,"R. Thomas","Closed",1,2,"Software Engineer II",2,100071,NA,2024-05-04
700504,36,2024-06-30,"A. Carter","Open",1,10,"Customer Support Manager",3,102902,NA,NA
700505,24,2025-07-29,"M. Davis","Closed",1,6,"Director of HR",6,103790,NA,2025-09-04
700506,17,2024-06-23,"R. Thomas","Closed",4,5,"Senior Financial Analyst",3,101036,"Gavin Rainanley",2024-07-23
700507,39,2024-02-03,"T. Nguyen","Closed",2,11,"Corporate Counsel",4,108774,NA,2024-03-02
700508,38,2024-11-25,"T. Nguyen","Closed",1,11,"Legal Analyst",2,107678,NA,2024-12-14
700509,19,2025-08-28,"S. Lee","Closed",1,5,"Director of Finance",6,108330,NA,2025-10-14
700510,37,2025-08-25,"R. Thomas","Closed",1,10,"Director of Customer Support",5,103045,NA,2025-11-24
700511,23,2026-01-15,"A. Carter","Open",2,6,"HR Manager",4,103372,NA,NA
700512,38,2025-01-08,"M. Davis","Open",1,11,"Legal Analyst",2,102617,NA,NA
700513,4,2024-12-29,"D. Patel","On Hold",1,2,"Software Engineer I",1,103224,NA,2025-01-10
700514,10,2025-07-22,"T. Nguyen","Closed",3,3,"Product Manager",3,108189,NA,2025-10-10
700515,21,2025-08-17,"K. Brown","Open",1,6,"HR Generalist",2,109960,NA,NA
700516,20,2025-05-15,"S. Lee","Closed",1,6,"HR Coordinator",1,101287,"Jeremiah Brookinstrom",2025-06-08
700517,40,2025-09-09,"J. Watson","Open",1,11,"General Counsel",8,107784,NA,NA
700518,13,2026-01-12,"R. Thomas","Closed",1,4,"IT Support Specialist",1,101998,NA,2026-04-02
700519,29,2025-08-21,"J. Watson","Closed",2,8,"Account Executive",2,100257,NA,2025-09-16
700520,33,2024-10-28,"M. Davis","Closed",2,9,"Operations Manager",4,102420,NA,2024-11-24
700521,37,2024-05-23,"A. Carter","Open",2,10,"Director of Customer Support",5,109765,NA,NA
700522,32,2025-12-03,"M. Davis","Closed",1,9,"Operations Analyst",2,107991,NA,2025-12-21
700523,34,2026-01-15,"J. Watson","Open",1,9,"Director of Operations",6,103124,NA,NA
700524,23,2025-07-28,"M. Davis","Closed",1,6,"HR Manager",4,108488,NA,2025-10-25
700525,1,2025-07-11,"D. Patel","Open",1,1,"Chief Executive Officer",10,109177,NA,NA
700526,10,2025-12-24,"K. Brown","Closed",1,3,"Product Manager",3,102839,NA,2026-02-01
700527,22,2024-10-31,"R. Thomas","Closed",1,6,"HR Business Partner",3,106220,NA,2025-01-19
700528,15,2026-01-18,"J. Watson","Cancelled",1,4,"IT Manager",4,102399,NA,2026-02-05
700529,37,2025-04-24,"A. Carter","On Hold",1,10,"Director of Customer Support",5,102083,NA,2025-05-21
700530,18,2024-10-30,"J. Watson","Closed",1,5,"Finance Manager",4,109559,NA,2024-12-03
700531,5,2024-03-31,"S. Lee","Open",1,2,"Software Engineer II",2,106598,NA,NA
700532,13,2024-07-07,"A. Carter","Closed",1,4,"IT Support Specialist",1,109922,NA,2024-09-27
700533,17,2025-01-12,"A. Carter","Closed",1,5,"Senior Financial Analyst",3,107048,NA,2025-03-07
700534,22,2025-03-30,"D. Patel","Closed",2,6,"HR Business Partner",3,100848,"Jackson Crossleywell",2025-05-30
700535,19,2025-08-15,"D. Patel","Closed",1,5,"Director of Finance",6,108337,"Dominic Silverumere",2025-10-15
700536,19,2025-01-07,"A. Carter","On Hold",1,5,"Director of Finance",6,103384,"Audrey Sandsonstead",2025-01-20
700537,7,2024-12-11,"T. Nguyen","Closed",1,2,"Engineering Manager",4,105843,NA,2025-01-17
700538,39,2025-06-11,"M. Davis","Open",1,11,"Corporate Counsel",4,107592,NA,NA
700539,14,2024-02-10,"K. Brown","Open",2,4,"Systems Administrator",2,100059,NA,NA
700540,30,2024-05-28,"D. Patel","Closed",1,8,"Sales Manager",4,108977,NA,2024-06-25
700541,39,2025-06-13,"M. Davis","Open",1,11,"Corporate Counsel",4,101780,NA,NA
700542,35,2025-01-30,"M. Davis","Open",1,10,"Customer Support Representative",1,101730,NA,NA
700543,37,2025-01-12,"M. Davis","Closed",1,10,"Director of Customer Support",5,103082,NA,2025-02-02
700544,5,2025-05-16,"D. Patel","Cancelled",3,2,"Software Engineer II",2,100521,"Brianna Norfield",2025-06-05
700545,36,2025-08-29,"S. Lee","Closed",1,10,"Customer Support Manager",3,108254,NA,2025-11-30
700546,2,2025-04-28,"R. Thomas","Closed",1,1,"Chief Operating Officer",9,108285,NA,2025-06-07
700547,37,2024-05-21,"J. Watson","Closed",1,10,"Director of Customer Support",5,104111,NA,2024-08-08
700548,36,2025-07-20,"K. Brown","Closed",3,10,"Customer Support Manager",3,104110,NA,2025-10-02
700549,11,2024-08-31,"K. Brown","Open",1,3,"Senior Product Manager",4,106431,NA,NA
700550,25,2026-01-13,"R. Thomas","Open",1,7,"Marketing Specialist",1,100560,NA,NA
700551,1,2024-04-27,"S. Lee","Open",1,1,"Chief Executive Officer",10,101989,NA,NA
700552,5,2025-03-11,"S. Lee","Open",1,2,"Software Engineer II",2,106214,NA,NA
700553,19,2025-02-09,"A. Carter","Open",2,5,"Director of Finance",6,103286,NA,NA
700554,27,2024-09-16,"J. Watson","Closed",1,7,"Marketing Director",5,101027,"Roman Crowerworth",2024-12-03
700555,9,2024-04-08,"S. Lee","Open",2,3,"Product Analyst",2,109295,NA,NA
700556,23,2026-01-18,"J. Watson","Closed",1,6,"HR Manager",4,100764,NA,2026-03-10
700557,30,2025-01-31,"T. Nguyen","Cancelled",2,8,"Sales Manager",4,108023,NA,2025-02-14
700558,6,2025-09-22,"J. Watson","Closed",1,2,"Senior Software Engineer",3,104182,"Ana Dunwood",2025-10-28
700559,15,2024-07-28,"R. Thomas","Open",1,4,"IT Manager",4,102360,NA,NA
700560,1,2025-04-02,"M. Davis","Closed",1,1,"Chief Executive Officer",10,105685,NA,2025-06-04
700561,40,2026-02-07,"T. Nguyen","Closed",2,11,"General Counsel",8,109454,NA,2026-03-20
700562,33,2024-09-12,"S. Lee","Open",1,9,"Operations Manager",4,108049,NA,NA
700563,35,2024-02-28,"J. Watson","Open",1,10,"Customer Support Representative",1,100382,NA,NA
700564,35,2025-07-01,"S. Lee","Closed",2,10,"Customer Support Representative",1,101833,NA,2025-08-18
700565,15,2025-11-16,"T. Nguyen","Closed",1,4,"IT Manager",4,109467,NA,2026-01-21
700566,12,2025-04-09,"K. Brown","Open",1,3,"Director of Product",6,101688,NA,NA
700567,36,2025-06-02,"T. Nguyen","Open",1,10,"Customer Support Manager",3,106542,NA,NA
700568,4,2024-04-17,"J. Watson","Open",2,2,"Software Engineer I",1,100318,NA,NA
700569,5,2025-08-13,"A. Carter","Open",1,2,"Software Engineer II",2,104483,"Ashley Thornberg",NA
700570,9,2024-12-20,"K. Brown","Closed",1,3,"Product Analyst",2,102574,"Rowan Kendorcroft",2025-02-07
700571,20,2024-05-09,"J. Watson","Closed",1,6,"HR Coordinator",1,103620,"Claire Foxahart",2024-06-12
700572,17,2025-06-28,"M. Davis","Closed",1,5,"Senior Financial Analyst",3,108528,NA,2025-09-22
700573,17,2025-10-31,"D. Patel","Cancelled",1,5,"Senior Financial Analyst",3,103924,NA,2025-11-16
700574,5,2024-06-08,"J. Watson","Closed",2,2,"Software Engineer II",2,101730,NA,2024-09-11
700575,7,2025-10-04,"M. Davis","Cancelled",1,2,"Engineering Manager",4,105557,NA,2025-10-20
700576,6,2025-08-25,"D. Patel","On Hold",1,2,"Senior Software Engineer",3,104373,NA,2025-09-22
700577,30,2024-07-06,"A. Carter","Open",1,8,"Sales Manager",4,103928,NA,NA
700578,17,2024-08-24,"S. Lee","Closed",1,5,"Senior Financial Analyst",3,106269,NA,2024-09-15
700579,37,2026-01-14,"A. Carter","Open",1,10,"Director of Customer Support",5,101609,NA,NA
700580,38,2026-02-05,"R. Thomas","On Hold",2,11,"Legal Analyst",2,104520,NA,2026-02-26
700581,9,2025-10-11,"T. Nguyen","Closed",1,3,"Product Analyst",2,108969,NA,2025-11-29
700582,22,2025-02-20,"J. Watson","Closed",2,6,"HR Business Partner",3,103956,NA,2025-04-27
700583,3,2025-02-10,"A. Carter","Closed",1,1,"Vice President",8,101025,"Alexander Bennunmere",2025-04-21
700584,32,2024-09-01,"R. Thomas","Open",2,9,"Operations Analyst",2,101814,NA,NA
700585,32,2025-07-22,"A. Carter","Closed",1,9,"Operations Analyst",2,103659,NA,2025-09-21
700586,18,2025-05-26,"A. Carter","Closed",1,5,"Finance Manager",4,107574,NA,2025-08-29
700587,29,2024-12-18,"D. Patel","Closed",1,8,"Account Executive",2,107429,NA,2025-02-16
700588,3,2025-09-27,"K. Brown","Open",2,1,"Vice President",8,102246,NA,NA
700589,21,2025-02-15,"A. Carter","Open",1,6,"HR Generalist",2,105871,NA,NA
700590,17,2025-07-13,"K. Brown","Closed",1,5,"Senior Financial Analyst",3,102786,NA,2025-10-06
700591,32,2024-07-19,"A. Carter","Closed",1,9,"Operations Analyst",2,105267,NA,2024-08-20
700592,8,2024-08-05,"J. Watson","Closed",1,2,"Director of Engineering",6,104691,NA,2024-10-20
700593,21,2025-12-22,"R. Thomas","Closed",1,6,"HR Generalist",2,107247,NA,2026-01-12
700594,15,2024-06-29,"R. Thomas","Open",1,4,"IT Manager",4,102816,NA,NA
700595,8,2024-07-28,"K. Brown","Open",2,2,"Director of Engineering",6,101532,"Audrey Blakeelridge",NA
700596,37,2024-08-31,"S. Lee","Open",1,10,"Director of Customer Support",5,109416,NA,NA
700597,11,2024-10-19,"S. Lee","Closed",1,3,"Senior Product Manager",4,100517,NA,2025-01-10
700598,29,2024-07-02,"M. Davis","Closed",2,8,"Account Executive",2,108056,"William Blackelstone",2024-09-14
700599,23,2025-02-05,"R. Thomas","Closed",3,6,"HR Manager",4,103724,NA,2025-04-20
700600,17,2025-05-21,"S. Lee","Closed",1,5,"Senior Financial Analyst",3,101608,NA,2025-06-10
700601,22,2024-11-25,"M. Davis","Open",1,6,"HR Business Partner",3,109462,NA,NA
700602,19,2025-06-21,"A. Carter","Open",1,5,"Director of Finance",6,105479,NA,NA
700603,1,2025-10-23,"K. Brown","Closed",1,1,"Chief Executive Officer",10,100861,NA,2025-12-29
700604,33,2024-02-19,"A. Carter","Closed",1,9,"Operations Manager",4,108620,NA,2024-05-22
700605,20,2025-05-18,"S. Lee","Closed",1,6,"HR Coordinator",1,100733,NA,2025-06-19
700606,24,2024-11-01,"R. Thomas","Closed",2,6,"Director of HR",6,107942,NA,2025-01-20
700607,22,2025-10-01,"A. Carter","Open",1,6,"HR Business Partner",3,103536,NA,NA
700608,3,2025-11-11,"M. Davis","Closed",1,1,"Vice President",8,100829,NA,2026-01-08
700609,8,2024-04-11,"D. Patel","On Hold",1,2,"Director of Engineering",6,108525,"Owen Oaktonley",2024-04-22
700610,19,2026-01-31,"M. Davis","Open",1,5,"Director of Finance",6,108528,NA,NA
700611,11,2024-03-09,"T. Nguyen","Closed",1,3,"Senior Product Manager",4,101377,NA,2024-05-04
700612,7,2025-07-24,"K. Brown","Open",1,2,"Engineering Manager",4,109589,NA,NA
700613,7,2025-01-16,"M. Davis","Closed",4,2,"Engineering Manager",4,101413,NA,2025-03-05
700614,40,2024-12-14,"K. Brown","Open",1,11,"General Counsel",8,106330,NA,NA
700615,1,2024-10-15,"M. Davis","Closed",1,1,"Chief Executive Officer",10,105082,NA,2025-01-14
700616,26,2025-11-26,"K. Brown","Closed",1,7,"Digital Marketing Manager",3,100572,NA,2025-12-16
700617,11,2026-02-15,"S. Lee","Closed",2,3,"Senior Product Manager",4,105225,NA,2026-04-20
700618,32,2025-06-21,"K. Brown","Open",1,9,"Operations Analyst",2,103245,NA,NA
700619,36,2025-06-19,"T. Nguyen","Closed",1,10,"Customer Support Manager",3,103286,NA,2025-08-22
700620,28,2025-02-02,"M. Davis","Closed",2,8,"Sales Development Representative",1,101673,NA,2025-04-10
700621,31,2024-09-13,"R. Thomas","Closed",1,8,"Director of Sales",6,106105,NA,2024-10-26
700622,12,2026-01-24,"J. Watson","Open",1,3,"Director of Product",6,107973,NA,NA
700623,40,2025-10-07,"T. Nguyen","Closed",1,11,"General Counsel",8,103062,NA,2025-12-04
700624,13,2025-01-21,"R. Thomas","Open",1,4,"IT Support Specialist",1,102722,NA,NA
700625,36,2024-02-08,"T. Nguyen","Open",1,10,"Customer Support Manager",3,108926,NA,NA
700626,24,2024-05-09,"A. Carter","Closed",1,6,"Director of HR",6,105777,NA,2024-06-23
700627,21,2025-08-04,"T. Nguyen","Cancelled",1,6,"HR Generalist",2,109711,NA,2025-08-15
700628,17,2025-12-03,"A. Carter","Closed",1,5,"Senior Financial Analyst",3,104116,NA,2026-01-23
700629,5,2024-04-22,"M. Davis","Open",1,2,"Software Engineer II",2,109858,NA,NA
700630,29,2024-12-10,"S. Lee","Closed",4,8,"Account Executive",2,105029,NA,2025-02-01
700631,32,2025-01-22,"S. Lee","Open",4,9,"Operations Analyst",2,106621,"River Wolfleyberg",NA
700632,40,2025-04-23,"R. Thomas","Closed",1,11,"General Counsel",8,100071,NA,2025-07-03
700633,33,2025-01-30,"A. Carter","Closed",2,9,"Operations Manager",4,107393,NA,2025-03-09
700634,38,2024-11-27,"J. Watson","Open",2,11,"Legal Analyst",2,102474,NA,NA
700635,15,2024-04-10,"R. Thomas","Closed",2,4,"IT Manager",4,109070,NA,2024-05-21
700636,24,2025-08-13,"K. Brown","Open",3,6,"Director of HR",6,109865,NA,NA
700637,21,2025-05-05,"S. Lee","Open",2,6,"HR Generalist",2,103429,NA,NA
700638,3,2024-02-16,"M. Davis","Closed",1,1,"Vice President",8,107146,NA,2024-04-28
700639,27,2025-11-06,"M. Davis","Closed",1,7,"Marketing Director",5,108151,NA,2025-12-17
700640,14,2025-04-27,"K. Brown","On Hold",1,4,"Systems Administrator",2,105041,NA,2025-05-06
700641,16,2025-09-19,"K. Brown","On Hold",1,5,"Financial Analyst",2,105643,NA,2025-10-19
700642,27,2025-05-24,"S. Lee","Open",1,7,"Marketing Director",5,104396,NA,NA
700643,35,2025-04-27,"S. Lee","Closed",1,10,"Customer Support Representative",1,104513,NA,2025-05-21
700644,29,2024-12-02,"S. Lee","Closed",3,8,"Account Executive",2,101266,NA,2025-01-10
700645,4,2025-07-09,"M. Davis","Closed",1,2,"Software Engineer I",1,104636,NA,2025-08-01
700646,34,2024-09-08,"M. Davis","Closed",1,9,"Director of Operations",6,101775,NA,2024-11-23
700647,31,2025-01-08,"T. Nguyen","Closed",1,8,"Director of Sales",6,103824,NA,2025-03-30
700648,38,2024-04-28,"R. Thomas","On Hold",1,11,"Legal Analyst",2,100969,NA,2024-05-15
700649,24,2025-01-06,"M. Davis","Open",1,6,"Director of HR",6,105567,NA,NA
700650,36,2024-06-06,"J. Watson","Closed",1,10,"Customer Support Manager",3,105649,NA,2024-08-04
700651,23,2025-03-28,"S. Lee","On Hold",1,6,"HR Manager",4,107267,NA,2025-04-19
700652,16,2025-12-14,"D. Patel","Open",1,5,"Financial Analyst",2,102876,NA,NA
700653,7,2025-07-18,"K. Brown","Open",1,2,"Engineering Manager",4,100257,"Luna Bellonridge",NA
700654,23,2024-03-05,"R. Thomas","Open",1,6,"HR Manager",4,101098,NA,NA
700655,16,2025-07-29,"J. Watson","Closed",1,5,"Financial Analyst",2,105216,NA,2025-08-30
700656,15,2024-06-25,"S. Lee","Open",2,4,"IT Manager",4,104469,NA,NA
700657,12,2024-03-10,"J. Watson","Closed",1,3,"Director of Product",6,102493,NA,2024-05-25
700658,36,2024-01-22,"K. Brown","Closed",2,10,"Customer Support Manager",3,103220,NA,2024-02-20
700659,7,2024-10-18,"J. Watson","On Hold",1,2,"Engineering Manager",4,100403,NA,2024-11-15
700660,32,2024-01-23,"R. Thomas","Open",2,9,"Operations Analyst",2,107342,NA,NA
700661,9,2024-12-23,"T. Nguyen","Closed",1,3,"Product Analyst",2,103417,NA,2025-01-19
700662,2,2025-06-27,"K. Brown","Closed",1,1,"Chief Operating Officer",9,106600,NA,2025-08-07
700663,23,2024-11-25,"T. Nguyen","Open",1,6,"HR Manager",4,109113,NA,NA
700664,26,2025-09-23,"R. Thomas","Open",1,7,"Digital Marketing Manager",3,102863,NA,NA
700665,14,2025-04-28,"A. Carter","Open",2,4,"Systems Administrator",2,106915,NA,NA
700666,18,2026-02-13,"S. Lee","Open",1,5,"Finance Manager",4,106992,NA,NA
700667,15,2024-02-10,"A. Carter","Closed",1,4,"IT Manager",4,109028,NA,2024-03-25
700668,8,2024-11-26,"T. Nguyen","Closed",1,2,"Director of Engineering",6,104906,NA,2025-02-04
700669,12,2025-07-28,"M. Davis","Open",1,3,"Director of Product",6,100467,NA,NA
700670,20,2024-09-08,"J. Watson","Closed",1,6,"HR Coordinator",1,101811,NA,2024-12-05
700671,24,2024-04-03,"D. Patel","Closed",1,6,"Director of HR",6,109003,NA,2024-06-02
700672,32,2024-10-26,"J. Watson","Open",2,9,"Operations Analyst",2,104661,NA,NA
700673,18,2024-10-22,"K. Brown","Cancelled",2,5,"Finance Manager",4,109849,NA,2024-11-06
700674,33,2026-01-17,"T. Nguyen","Closed",1,9,"Operations Manager",4,102120,NA,2026-03-04
700675,24,2024-06-24,"T. Nguyen","Open",1,6,"Director of HR",6,100306,NA,NA
700676,12,2025-03-25,"K. Brown","Closed",1,3,"Director of Product",6,101969,NA,2025-06-01
700677,30,2024-06-02,"S. Lee","Open",1,8,"Sales Manager",4,101616,NA,NA
700678,26,2024-11-16,"M. Davis","Open",1,7,"Digital Marketing Manager",3,107778,NA,NA
700679,7,2026-01-04,"T. Nguyen","Closed",2,2,"Engineering Manager",4,105278,NA,2026-02-24
700680,40,2024-12-02,"S. Lee","On Hold",2,11,"General Counsel",8,103735,NA,2024-12-27
700681,7,2024-09-22,"R. Thomas","Closed",1,2,"Engineering Manager",4,108648,NA,2024-10-21
700682,22,2025-08-06,"A. Carter","Closed",1,6,"HR Business Partner",3,102842,"Lane Northoridge",2025-09-06
700683,36,2024-03-19,"T. Nguyen","Open",1,10,"Customer Support Manager",3,101415,NA,NA
700684,15,2024-11-09,"M. Davis","Closed",1,4,"IT Manager",4,105087,NA,2025-01-14
700685,33,2024-02-13,"J. Watson","Closed",1,9,"Operations Manager",4,102454,NA,2024-03-28
700686,22,2025-12-11,"S. Lee","Closed",1,6,"HR Business Partner",3,100364,NA,2026-02-19
700687,13,2024-10-08,"S. Lee","Closed",1,4,"IT Support Specialist",1,105426,NA,2024-12-12
700688,23,2024-03-26,"T. Nguyen","Open",1,6,"HR Manager",4,100619,NA,NA
700689,17,2025-04-03,"S. Lee","Open",1,5,"Senior Financial Analyst",3,106779,NA,NA
700690,15,2024-03-07,"D. Patel","Closed",1,4,"IT Manager",4,101557,NA,2024-06-03
700691,27,2024-04-20,"D. Patel","Cancelled",3,7,"Marketing Director",5,101360,NA,2024-05-30
700692,22,2024-03-01,"M. Davis","Cancelled",1,6,"HR Business Partner",3,102206,NA,2024-03-14
700693,14,2025-11-21,"T. Nguyen","On Hold",1,4,"Systems Administrator",2,104175,NA,2025-12-19
700694,20,2025-10-18,"M. Davis","Open",1,6,"HR Coordinator",1,101858,NA,NA
700695,8,2024-05-09,"D. Patel","Closed",1,2,"Director of Engineering",6,103975,NA,2024-06-18
700696,11,2024-08-08,"R. Thomas","Open",1,3,"Senior Product Manager",4,105263,NA,NA
700697,36,2024-12-21,"K. Brown","Open",2,10,"Customer Support Manager",3,108172,NA,NA
700698,33,2025-09-23,"D. Patel","Open",3,9,"Operations Manager",4,107687,"Amy Greenenwood",NA
700699,39,2025-09-24,"J. Watson","Closed",4,11,"Corporate Counsel",4,104391,NA,2025-12-24
700700,13,2025-05-07,"K. Brown","On Hold",1,4,"IT Support Specialist",1,102063,NA,2025-05-27
700701,10,2024-10-29,"T. Nguyen","Cancelled",1,3,"Product Manager",3,108697,NA,2024-11-04
700702,32,2025-01-10,"K. Brown","Closed",2,9,"Operations Analyst",2,109281,NA,2025-03-24
700703,2,2024-11-23,"A. Carter","Open",1,1,"Chief Operating Officer",9,100150,NA,NA
700704,30,2025-04-23,"R. Thomas","Cancelled",1,8,"Sales Manager",4,106726,NA,2025-05-24
700705,16,2024-10-01,"D. Patel","Open",2,5,"Financial Analyst",2,107406,NA,NA
700706,10,2025-06-09,"A. Carter","Open",1,3,"Product Manager",3,101852,NA,NA
700707,29,2024-03-28,"A. Carter","Closed",1,8,"Account Executive",2,103615,"Jamie Rowwellway",2024-06-23
700708,25,2024-01-09,"R. Thomas","Closed",1,7,"Marketing Specialist",1,108166,NA,2024-03-19
700709,28,2025-02-20,"M. Davis","Open",1,8,"Sales Development Representative",1,105179,NA,NA
700710,12,2024-10-26,"K. Brown","Open",1,3,"Director of Product",6,100974,NA,NA
700711,37,2024-05-15,"J. Watson","Open",1,10,"Director of Customer Support",5,103637,NA,NA
700712,36,2025-01-07,"A. Carter","Open",1,10,"Customer Support Manager",3,102419,NA,NA
700713,27,2025-02-09,"D. Patel","Open",2,7,"Marketing Director",5,107945,NA,NA
700714,26,2024-07-02,"R. Thomas","Closed",1,7,"Digital Marketing Manager",3,102535,NA,2024-09-28
700715,31,2025-09-02,"D. Patel","Closed",3,8,"Director of Sales",6,104182,NA,2025-10-20
700716,3,2024-10-18,"K. Brown","Cancelled",1,1,"Vice President",8,103761,NA,2024-11-14
700717,21,2025-11-25,"S. Lee","Closed",1,6,"HR Generalist",2,103462,NA,2025-12-22
700718,36,2024-08-24,"K. Brown","Closed",2,10,"Customer Support Manager",3,103379,NA,2024-10-15
700719,18,2024-02-05,"K. Brown","Closed",1,5,"Finance Manager",4,104537,NA,2024-05-05
700720,14,2026-01-11,"A. Carter","Cancelled",1,4,"Systems Administrator",2,107338,NA,2026-02-13
700721,39,2025-07-25,"S. Lee","Cancelled",1,11,"Corporate Counsel",4,106758,NA,2025-08-18
700722,30,2025-10-26,"A. Carter","Closed",1,8,"Sales Manager",4,107525,NA,2025-12-29
700723,24,2025-03-24,"K. Brown","Open",1,6,"Director of HR",6,102642,"Rebecca Clarkellway",NA
700724,23,2024-05-20,"D. Patel","Closed",1,6,"HR Manager",4,109507,NA,2024-07-23
700725,19,2024-06-12,"M. Davis","Open",3,5,"Director of Finance",6,104857,"Eliana Roseunridge",NA
700726,3,2026-01-02,"M. Davis","Cancelled",1,1,"Vice President",8,103194,NA,2026-01-08
700727,25,2026-01-26,"M. Davis","Closed",1,7,"Marketing Specialist",1,104635,NA,2026-04-12
700728,3,2025-05-07,"K. Brown","Closed",1,1,"Vice President",8,101181,NA,2025-07-20
700729,40,2025-03-10,"J. Watson","Open",1,11,"General Counsel",8,107963,NA,NA
700730,22,2025-01-05,"A. Carter","Open",1,6,"HR Business Partner",3,108056,NA,NA
700731,28,2025-02-26,"S. Lee","Closed",1,8,"Sales Development Representative",1,101080,NA,2025-03-29
700732,16,2025-02-28,"M. Davis","Closed",1,5,"Financial Analyst",2,103053,NA,2025-03-30
700733,21,2025-01-15,"A. Carter","Open",1,6,"HR Generalist",2,103027,NA,NA
700734,29,2025-01-24,"J. Watson","Open",1,8,"Account Executive",2,106166,NA,NA
700735,22,2025-06-10,"T. Nguyen","Open",3,6,"HR Business Partner",3,105730,NA,NA
700736,32,2024-01-07,"A. Carter","Closed",1,9,"Operations Analyst",2,105607,NA,2024-02-17
700737,10,2024-08-01,"R. Thomas","Open",1,3,"Product Manager",3,102505,NA,NA
700738,21,2025-05-25,"T. Nguyen","Cancelled",1,6,"HR Generalist",2,106287,NA,2025-07-01
700739,30,2024-11-06,"J. Watson","Open",1,8,"Sales Manager",4,107911,NA,NA
700740,24,2025-11-19,"K. Brown","Cancelled",3,6,"Director of HR",6,101719,NA,2025-12-02
700741,36,2024-03-30,"D. Patel","Closed",2,10,"Customer Support Manager",3,102539,NA,2024-06-14
700742,13,2025-01-08,"D. Patel","Closed",1,4,"IT Support Specialist",1,104514,NA,2025-03-02
700743,19,2025-06-03,"R. Thomas","Open",2,5,"Director of Finance",6,101957,NA,NA
700744,27,2024-10-26,"J. Watson","Closed",2,7,"Marketing Director",5,103670,NA,2024-11-14
700745,19,2024-04-02,"T. Nguyen","Open",1,5,"Director of Finance",6,103665,NA,NA
700746,21,2025-02-12,"T. Nguyen","Closed",3,6,"HR Generalist",2,105667,NA,2025-03-19
700747,17,2025-02-16,"S. Lee","Open",2,5,"Senior Financial Analyst",3,104960,NA,NA
700748,26,2025-10-08,"J. Watson","Closed",1,7,"Digital Marketing Manager",3,107274,NA,2026-01-01
700749,13,2024-09-05,"S. Lee","Open",2,4,"IT Support Specialist",1,101454,NA,NA
700750,14,2025-08-02,"A. Carter","Closed",1,4,"Systems Administrator",2,104566,NA,2025-09-28
700751,17,2025-10-18,"S. Lee","Closed",1,5,"Senior Financial Analyst",3,108744,NA,2026-01-09
700752,20,2024-08-21,"R. Thomas","Closed",1,6,"HR Coordinator",1,106112,NA,2024-09-30
700753,26,2025-05-03,"K. Brown","Open",1,7,"Digital Marketing Manager",3,100303,NA,NA
700754,24,2024-08-16,"J. Watson","Closed",1,6,"Director of HR",6,105557,NA,2024-10-04
700755,11,2025-09-01,"K. Brown","On Hold",1,3,"Senior Product Manager",4,109235,NA,2025-09-09
700756,14,2024-06-29,"A. Carter","Closed",1,4,"Systems Administrator",2,103804,NA,2024-07-24
700757,36,2024-03-29,"M. Davis","Closed",1,10,"Customer Support Manager",3,104867,NA,2024-06-20
700758,27,2024-10-23,"R. Thomas","On Hold",1,7,"Marketing Director",5,100320,NA,2024-11-09
700759,5,2024-09-04,"S. Lee","On Hold",1,2,"Software Engineer II",2,105946,"Stella Meadsonridge",2024-09-21
700760,34,2024-06-17,"R. Thomas","Closed",1,9,"Director of Operations",6,107194,NA,2024-07-29
700761,4,2025-12-08,"S. Lee","Open",1,2,"Software Engineer I",1,101686,NA,NA
700762,12,2024-01-05,"T. Nguyen","Cancelled",3,3,"Director of Product",6,101510,NA,2024-01-26
700763,19,2024-05-24,"M. Davis","Closed",1,5,"Director of Finance",6,102914,NA,2024-07-24
700764,19,2024-06-14,"S. Lee","Open",1,5,"Director of Finance",6,100484,NA,NA
700765,16,2024-08-06,"T. Nguyen","Closed",4,5,"Financial Analyst",2,103713,NA,2024-09-01
700766,19,2025-08-12,"J. Watson","On Hold",1,5,"Director of Finance",6,103681,NA,2025-08-28
700767,25,2025-06-08,"T. Nguyen","Open",2,7,"Marketing Specialist",1,107754,"Charlie Longanberg",NA
700768,15,2024-11-01,"T. Nguyen","Open",3,4,"IT Manager",4,102375,NA,NA
700769,18,2025-10-15,"M. Davis","Open",2,5,"Finance Manager",4,107267,NA,NA
700770,4,2025-06-24,"K. Brown","Open",1,2,"Software Engineer I",1,108611,NA,NA
700771,18,2024-08-19,"S. Lee","Open",1,5,"Finance Manager",4,106387,NA,NA
700772,38,2024-06-10,"K. Brown","Closed",1,11,"Legal Analyst",2,107997,NA,2024-08-28
700773,18,2025-03-07,"A. Carter","Open",1,5,"Finance Manager",4,101107,NA,NA
700774,17,2025-09-08,"D. Patel","Closed",1,5,"Senior Financial Analyst",3,101862,NA,2025-09-29
700775,30,2025-12-14,"S. Lee","Open",1,8,"Sales Manager",4,100524,NA,NA
700776,12,2025-05-04,"K. Brown","Cancelled",1,3,"Director of Product",6,109778,NA,2025-05-16
700777,13,2025-01-07,"K. Brown","Open",1,4,"IT Support Specialist",1,107194,NA,NA
700778,5,2024-07-15,"M. Davis","Open",2,2,"Software Engineer II",2,105762,NA,NA
700779,33,2025-03-12,"J. Watson","Closed",1,9,"Operations Manager",4,101826,NA,2025-04-22
700780,3,2025-12-08,"J. Watson","Closed",1,1,"Vice President",8,103870,NA,2026-01-09
700781,6,2025-10-31,"S. Lee","Open",1,2,"Senior Software Engineer",3,108194,NA,NA
700782,15,2024-11-03,"A. Carter","Cancelled",2,4,"IT Manager",4,106714,"Hudson Rowwellwall",2024-11-21
700783,18,2025-02-19,"D. Patel","Open",1,5,"Finance Manager",4,100055,NA,NA
700784,20,2025-03-08,"D. Patel","Closed",1,6,"HR Coordinator",1,102671,NA,2025-04-25
700785,37,2024-11-05,"R. Thomas","Closed",2,10,"Director of Customer Support",5,106129,NA,2025-01-27
700786,10,2024-01-03,"T. Nguyen","On Hold",1,3,"Product Manager",3,101543,NA,2024-01-28
700787,29,2026-01-22,"K. Brown","Open",1,8,"Account Executive",2,104604,"Autumn Stormolin",NA
700788,39,2025-05-21,"R. Thomas","Closed",1,11,"Corporate Counsel",4,109431,NA,2025-07-20
700789,14,2025-11-05,"S. Lee","Closed",4,4,"Systems Administrator",2,101862,NA,2025-12-06
700790,26,2024-01-11,"R. Thomas","Cancelled",3,7,"Digital Marketing Manager",3,101616,NA,2024-02-14
700791,22,2025-09-27,"S. Lee","Closed",2,6,"HR Business Partner",3,105017,NA,2025-10-31
700792,27,2024-10-22,"R. Thomas","Open",1,7,"Marketing Director",5,109042,NA,NA
700793,38,2025-07-14,"K. Brown","Closed",1,11,"Legal Analyst",2,104011,NA,2025-09-04
700794,36,2025-11-19,"J. Watson","Closed",4,10,"Customer Support Manager",3,101618,NA,2025-12-15
700795,4,2025-09-07,"R. Thomas","On Hold",4,2,"Software Engineer I",1,106829,"George Longstead",2025-09-22
700796,27,2025-08-02,"J. Watson","Open",1,7,"Marketing Director",5,103851,NA,NA
700797,30,2025-07-14,"J. Watson","On Hold",1,8,"Sales Manager",4,105900,NA,2025-08-06
700798,4,2024-03-24,"S. Lee","Closed",1,2,"Software Engineer I",1,104484,"Owen Lakeorstone",2024-05-21
700799,7,2025-04-16,"J. Watson","Closed",2,2,"Engineering Manager",4,108561,NA,2025-05-22
700800,32,2025-10-07,"J. Watson","Closed",3,9,"Operations Analyst",2,109010,NA,2025-12-02
700801,33,2025-01-07,"D. Patel","Open",3,9,"Operations Manager",4,103508,NA,NA
700802,5,2025-03-30,"S. Lee","Open",1,2,"Software Engineer II",2,104082,NA,NA
700803,18,2024-02-11,"K. Brown","On Hold",1,5,"Finance Manager",4,100815,NA,2024-02-29
700804,39,2025-01-09,"M. Davis","Cancelled",1,11,"Corporate Counsel",4,101754,NA,2025-02-09
700805,19,2025-10-02,"A. Carter","Open",2,5,"Director of Finance",6,106702,NA,NA
700806,34,2024-09-11,"S. Lee","Open",1,9,"Director of Operations",6,103501,NA,NA
700807,32,2025-01-29,"A. Carter","On Hold",3,9,"Operations Analyst",2,108720,"Richard Wreningsen",2025-02-21
700808,28,2025-11-19,"R. Thomas","Cancelled",1,8,"Sales Development Representative",1,107860,NA,2025-12-21
700809,3,2024-03-27,"T. Nguyen","Open",1,1,"Vice President",8,106330,NA,NA
700810,39,2025-04-06,"M. Davis","Open",1,11,"Corporate Counsel",4,109981,NA,NA
700811,25,2024-01-30,"D. Patel","Closed",1,7,"Marketing Specialist",1,103646,NA,2024-03-21
700812,17,2026-01-08,"T. Nguyen","Open",2,5,"Senior Financial Analyst",3,105481,"Hailey Craniwin",NA
700813,40,2025-10-02,"J. Watson","Open",1,11,"General Counsel",8,109338,NA,NA
700814,13,2024-07-30,"S. Lee","Open",1,4,"IT Support Specialist",1,109598,NA,NA
700815,2,2025-11-11,"J. Watson","Closed",1,1,"Chief Operating Officer",9,107090,NA,2026-01-06
700816,2,2025-06-09,"R. Thomas","Closed",1,1,"Chief Operating Officer",9,108509,NA,2025-09-11
700817,32,2025-03-05,"M. Davis","Cancelled",1,9,"Operations Analyst",2,108482,NA,2025-04-08
700818,38,2024-11-27,"D. Patel","Closed",1,11,"Legal Analyst",2,106600,NA,2025-02-27
700819,9,2024-02-14,"R. Thomas","Open",1,3,"Product Analyst",2,107099,NA,NA
700820,17,2024-01-14,"J. Watson","Open",2,5,"Senior Financial Analyst",3,107945,NA,NA
700821,12,2026-01-02,"R. Thomas","Closed",1,3,"Director of Product",6,105552,NA,2026-03-11
700822,25,2024-02-04,"J. Watson","Open",1,7,"Marketing Specialist",1,109003,NA,NA
700823,23,2025-05-06,"D. Patel","Cancelled",2,6,"HR Manager",4,108962,NA,2025-06-14
700824,26,2024-05-14,"S. Lee","Cancelled",3,7,"Digital Marketing Manager",3,104389,NA,2024-06-11
700825,29,2025-07-30,"M. Davis","Closed",1,8,"Account Executive",2,109668,NA,2025-08-17
700826,9,2025-04-03,"R. Thomas","Closed",1,3,"Product Analyst",2,102567,"Harley Blakearwood",2025-05-27
700827,14,2024-04-28,"S. Lee","Open",4,4,"Systems Administrator",2,104678,NA,NA
700828,22,2024-02-15,"A. Carter","Closed",1,6,"HR Business Partner",3,101678,NA,2024-03-04
700829,39,2025-01-24,"K. Brown","Closed",1,11,"Corporate Counsel",4,109881,NA,2025-02-28
700830,24,2025-02-05,"T. Nguyen","Open",1,6,"Director of HR",6,104810,"Oliver Roseesen",NA
700831,14,2025-02-04,"T. Nguyen","Open",1,4,"Systems Administrator",2,107904,NA,NA
700832,1,2025-08-08,"K. Brown","Open",1,1,"Chief Executive Officer",10,100484,NA,NA
700833,32,2026-01-13,"S. Lee","Cancelled",1,9,"Operations Analyst",2,109140,NA,2026-01-22
700834,38,2025-01-04,"D. Patel","Closed",2,11,"Legal Analyst",2,103934,NA,2025-03-26
700835,32,2025-07-31,"T. Nguyen","Closed",1,9,"Operations Analyst",2,104238,NA,2025-09-13
700836,9,2024-03-19,"T. Nguyen","Closed",1,3,"Product Analyst",2,106642,"Ashley Radustead",2024-05-30
700837,18,2024-01-28,"R. Thomas","Open",1,5,"Finance Manager",4,107025,NA,NA
700838,10,2024-10-06,"T. Nguyen","Open",1,3,"Product Manager",3,103849,NA,NA
700839,30,2024-11-05,"A. Carter","Closed",1,8,"Sales Manager",4,106193,NA,2024-12-25
700840,3,2024-10-25,"A. Carter","Cancelled",2,1,"Vice President",8,100161,NA,2024-11-18
700841,37,2025-03-02,"M. Davis","Closed",1,10,"Director of Customer Support",5,101747,NA,2025-05-25
700842,14,2025-02-22,"A. Carter","Closed",1,4,"Systems Administrator",2,103777,NA,2025-04-24
700843,8,2026-02-15,"M. Davis","Closed",2,2,"Director of Engineering",6,106380,NA,2026-03-11
700844,18,2025-03-05,"T. Nguyen","Open",1,5,"Finance Manager",4,108229,NA,NA
700845,30,2024-01-30,"M. Davis","Closed",1,8,"Sales Manager",4,101910,NA,2024-04-03
700846,36,2024-04-26,"T. Nguyen","Closed",2,10,"Customer Support Manager",3,101172,NA,2024-05-20
700847,3,2025-02-19,"J. Watson","Closed",1,1,"Vice President",8,104073,"Leo Wintercott",2025-04-13
700848,18,2025-05-02,"J. Watson","Closed",1,5,"Finance Manager",4,101510,NA,2025-05-26
700849,16,2024-07-17,"S. Lee","Open",1,5,"Financial Analyst",2,105479,NA,NA
700850,26,2024-07-27,"S. Lee","Open",1,7,"Digital Marketing Manager",3,103911,NA,NA
700851,36,2025-11-19,"J. Watson","Closed",1,10,"Customer Support Manager",3,108868,NA,2026-01-29
700852,26,2024-09-30,"M. Davis","Open",1,7,"Digital Marketing Manager",3,105054,NA,NA
700853,12,2024-10-24,"D. Patel","Open",2,3,"Director of Product",6,106711,NA,NA
700854,31,2024-06-30,"D. Patel","On Hold",1,8,"Director of Sales",6,108584,NA,2024-07-15
700855,20,2026-01-04,"J. Watson","Closed",2,6,"HR Coordinator",1,106404,NA,2026-02-02
700856,1,2024-08-03,"D. Patel","Cancelled",1,1,"Chief Executive Officer",10,109783,NA,2024-08-11
700857,26,2024-01-03,"R. Thomas","Closed",1,7,"Digital Marketing Manager",3,101403,NA,2024-03-17
700858,15,2024-10-30,"T. Nguyen","Closed",3,4,"IT Manager",4,108436,NA,2024-12-02
700859,35,2024-12-19,"M. Davis","Closed",2,10,"Customer Support Representative",1,101138,NA,2025-02-19
700860,29,2024-11-14,"S. Lee","Closed",1,8,"Account Executive",2,103958,NA,2024-12-12
700861,10,2024-04-27,"R. Thomas","Closed",1,3,"Product Manager",3,103522,NA,2024-07-26
700862,21,2025-03-07,"J. Watson","Open",1,6,"HR Generalist",2,104192,NA,NA
700863,24,2025-03-26,"T. Nguyen","Closed",1,6,"Director of HR",6,103155,NA,2025-05-04
700864,31,2024-02-29,"K. Brown","Closed",4,8,"Director of Sales",6,109431,NA,2024-05-25
700865,40,2025-04-15,"R. Thomas","On Hold",1,11,"General Counsel",8,109593,NA,2025-05-08
700866,38,2025-09-28,"D. Patel","Open",2,11,"Legal Analyst",2,105586,NA,NA
700867,25,2025-01-14,"J. Watson","Closed",1,7,"Marketing Specialist",1,100970,NA,2025-02-28
700868,22,2024-11-13,"R. Thomas","Closed",1,6,"HR Business Partner",3,104785,NA,2024-12-23
700869,4,2025-10-08,"D. Patel","Closed",1,2,"Software Engineer I",1,100482,NA,2025-12-15
700870,39,2024-07-04,"M. Davis","On Hold",1,11,"Corporate Counsel",4,103330,NA,2024-07-29
700871,17,2025-06-14,"M. Davis","Open",1,5,"Senior Financial Analyst",3,107175,NA,NA
700872,29,2025-05-23,"T. Nguyen","Open",1,8,"Account Executive",2,106244,NA,NA
700873,33,2026-01-31,"R. Thomas","Closed",1,9,"Operations Manager",4,105983,NA,2026-04-28
700874,39,2024-05-29,"K. Brown","Open",1,11,"Corporate Counsel",4,105315,NA,NA
700875,33,2025-12-31,"D. Patel","Cancelled",1,9,"Operations Manager",4,100187,NA,2026-02-05
700876,24,2025-06-17,"J. Watson","Open",1,6,"Director of HR",6,108542,NA,NA
700877,39,2026-01-19,"J. Watson","Open",1,11,"Corporate Counsel",4,103288,NA,NA
700878,40,2025-10-20,"K. Brown","Closed",1,11,"General Counsel",8,102336,NA,2026-01-21
700879,1,2025-03-22,"J. Watson","Closed",1,1,"Chief Executive Officer",10,103735,NA,2025-05-01
700880,24,2024-07-30,"T. Nguyen","Closed",1,6,"Director of HR",6,101731,NA,2024-10-04
700881,19,2025-02-12,"A. Carter","Closed",2,5,"Director of Finance",6,101494,"Miles Stormerway",2025-03-20
700882,6,2024-10-05,"M. Davis","Open",3,2,"Senior Software Engineer",3,100414,"Caleb Rowonlin",NA
700883,37,2025-08-24,"K. Brown","Open",1,10,"Director of Customer Support",5,101039,NA,NA
700884,5,2024-06-30,"J. Watson","Open",1,2,"Software Engineer II",2,105154,NA,NA
700885,13,2024-06-01,"J. Watson","Open",1,4,"IT Support Specialist",1,102707,NA,NA
700886,26,2024-05-30,"M. Davis","Open",1,7,"Digital Marketing Manager",3,104187,NA,NA
700887,19,2024-08-26,"S. Lee","Closed",1,5,"Director of Finance",6,108282,NA,2024-11-16
700888,3,2024-11-06,"K. Brown","Closed",1,1,"Vice President",8,107439,"Jonathan Hollton",2024-12-22
700889,29,2025-05-02,"J. Watson","Closed",1,8,"Account Executive",2,100571,NA,2025-06-10
700890,26,2024-06-06,"D. Patel","Closed",1,7,"Digital Marketing Manager",3,105374,NA,2024-08-28
700891,8,2025-04-23,"J. Watson","Closed",1,2,"Director of Engineering",6,103091,NA,2025-07-13
700892,29,2025-04-21,"J. Watson","Closed",2,8,"Account Executive",2,100553,NA,2025-06-01
700893,2,2025-04-21,"J. Watson","Closed",1,1,"Chief Operating Officer",9,103379,NA,2025-07-12
700894,37,2025-11-15,"J. Watson","Open",1,10,"Director of Customer Support",5,108356,"Eva Rainunman",NA
700895,26,2024-03-04,"K. Brown","Closed",1,7,"Digital Marketing Manager",3,103145,NA,2024-04-26
700896,36,2025-03-09,"S. Lee","Closed",1,10,"Customer Support Manager",3,108136,NA,2025-05-09
700897,38,2025-08-05,"D. Patel","Open",1,11,"Legal Analyst",2,106958,NA,NA
700898,35,2025-10-17,"R. Thomas","Open",1,10,"Customer Support Representative",1,108701,NA,NA
700899,29,2024-01-19,"R. Thomas","Closed",4,8,"Account Executive",2,109706,NA,2024-02-14
700900,22,2024-09-24,"M. Davis","Open",2,6,"HR Business Partner",3,104432,NA,NA
700901,9,2025-08-17,"S. Lee","Closed",1,3,"Product Analyst",2,100562,NA,2025-10-16
700902,22,2025-08-29,"K. Brown","Open",3,6,"HR Business Partner",3,101176,NA,NA
700903,11,2025-09-19,"T. Nguyen","On Hold",1,3,"Senior Product Manager",4,101012,NA,2025-09-27
700904,38,2025-10-28,"D. Patel","Closed",1,11,"Legal Analyst",2,108156,NA,2026-01-23
700905,24,2024-10-28,"D. Patel","Closed",1,6,"Director of HR",6,109437,NA,2024-11-23
700906,39,2024-12-14,"K. Brown","Closed",1,11,"Corporate Counsel",4,107598,NA,2025-03-11
700907,22,2026-01-29,"R. Thomas","Closed",1,6,"HR Business Partner",3,107714,NA,2026-04-28
700908,34,2025-12-19,"D. Patel","Open",4,9,"Director of Operations",6,107386,NA,NA
700909,3,2024-05-18,"K. Brown","Closed",1,1,"Vice President",8,103136,NA,2024-08-02
700910,28,2024-03-08,"S. Lee","Closed",1,8,"Sales Development Representative",1,102737,NA,2024-05-23
700911,5,2025-02-04,"S. Lee","Closed",1,2,"Software Engineer II",2,103099,NA,2025-04-06
700912,11,2025-06-27,"R. Thomas","Open",1,3,"Senior Product Manager",4,100001,NA,NA
700913,28,2024-02-07,"J. Watson","Open",1,8,"Sales Development Representative",1,106265,NA,NA
700914,40,2025-10-22,"K. Brown","Open",1,11,"General Counsel",8,101559,NA,NA
700915,10,2024-04-26,"K. Brown","Open",2,3,"Product Manager",3,104353,NA,NA
700916,39,2025-01-31,"S. Lee","Open",1,11,"Corporate Counsel",4,109259,NA,NA
700917,26,2025-02-10,"M. Davis","Closed",1,7,"Digital Marketing Manager",3,100667,NA,2025-03-30
700918,13,2025-08-02,"M. Davis","Closed",1,4,"IT Support Specialist",1,102056,NA,2025-10-06
700919,39,2025-06-01,"D. Patel","Closed",1,11,"Corporate Counsel",4,104811,NA,2025-08-10
700920,23,2024-05-02,"M. Davis","Closed",2,6,"HR Manager",4,109900,"Luis Parkeham",2024-06-15
700921,6,2024-08-15,"D. Patel","Open",1,2,"Senior Software Engineer",3,106822,NA,NA
700922,10,2025-09-22,"J. Watson","Closed",1,3,"Product Manager",3,103398,NA,2025-12-09
700923,26,2024-08-10,"R. Thomas","Open",1,7,"Digital Marketing Manager",3,109002,NA,NA
700924,33,2025-04-14,"J. Watson","Closed",1,9,"Operations Manager",4,100905,NA,2025-07-09
700925,19,2025-05-07,"R. Thomas","Closed",1,5,"Director of Finance",6,107775,NA,2025-06-16
700926,12,2024-05-20,"T. Nguyen","On Hold",1,3,"Director of Product",6,100074,NA,2024-06-03
700927,17,2025-08-07,"T. Nguyen","Open",2,5,"Senior Financial Analyst",3,106441,NA,NA
700928,40,2025-10-16,"R. Thomas","Closed",1,11,"General Counsel",8,102234,NA,2025-11-21
700929,3,2025-11-12,"R. Thomas","Closed",1,1,"Vice President",8,100264,NA,2026-01-21
700930,13,2024-04-14,"S. Lee","Closed",2,4,"IT Support Specialist",1,106111,NA,2024-05-27
700931,16,2024-01-26,"J. Watson","Closed",4,5,"Financial Analyst",2,103446,NA,2024-03-22
700932,33,2026-02-06,"J. Watson","Open",2,9,"Operations Manager",4,104185,"Jasmine Bramalin",NA
700933,21,2024-10-13,"T. Nguyen","Open",1,6,"HR Generalist",2,103382,NA,NA
700934,35,2024-05-20,"J. Watson","Closed",2,10,"Customer Support Representative",1,106341,NA,2024-08-06
700935,20,2024-11-27,"D. Patel","On Hold",1,6,"HR Coordinator",1,109437,NA,2024-12-21
700936,29,2025-12-21,"S. Lee","Open",1,8,"Account Executive",2,100586,NA,NA
700937,29,2024-09-15,"D. Patel","Open",1,8,"Account Executive",2,100482,NA,NA
700938,16,2025-04-13,"M. Davis","Closed",1,5,"Financial Analyst",2,101616,NA,2025-05-30
700939,37,2025-08-25,"T. Nguyen","Cancelled",1,10,"Director of Customer Support",5,104256,"Allison Rainsonsen",2025-09-07
700940,3,2024-10-05,"J. Watson","Open",1,1,"Vice President",8,107521,NA,NA
700941,7,2024-12-06,"A. Carter","On Hold",1,2,"Engineering Manager",4,102398,"Kevin Greenistone",2024-12-28
700942,6,2024-02-15,"R. Thomas","Cancelled",1,2,"Senior Software Engineer",3,109767,NA,2024-03-01
700943,13,2025-11-12,"R. Thomas","Open",2,4,"IT Support Specialist",1,100149,NA,NA
700944,7,2024-12-09,"R. Thomas","Closed",1,2,"Engineering Manager",4,108577,NA,2025-01-19
700945,9,2025-04-16,"S. Lee","Open",1,3,"Product Analyst",2,101252,NA,NA
700946,21,2025-01-13,"J. Watson","Closed",1,6,"HR Generalist",2,102982,NA,2025-04-11
700947,6,2024-10-30,"M. Davis","Closed",1,2,"Senior Software Engineer",3,106557,NA,2025-01-21
700948,27,2025-01-11,"S. Lee","Open",1,7,"Marketing Director",5,104721,NA,NA
700949,23,2024-07-15,"D. Patel","Closed",1,6,"HR Manager",4,105655,NA,2024-10-15
700950,2,2025-04-26,"A. Carter","Closed",1,1,"Chief Operating Officer",9,100180,NA,2025-06-30
700951,4,2024-03-28,"M. Davis","Closed",1,2,"Software Engineer I",1,104210,"Zoe Windinby",2024-04-28
700952,26,2025-01-09,"J. Watson","Closed",1,7,"Digital Marketing Manager",3,109725,"Jade Meaderman",2025-01-28
700953,22,2026-02-07,"S. Lee","Open",2,6,"HR Business Partner",3,107034,"Aaron Rivererton",NA
700954,34,2024-05-28,"T. Nguyen","Closed",1,9,"Director of Operations",6,100873,NA,2024-06-28
700955,16,2024-01-15,"A. Carter","Open",2,5,"Financial Analyst",2,104233,NA,NA
700956,22,2026-02-09,"J. Watson","Cancelled",3,6,"HR Business Partner",3,108940,NA,2026-02-14
700957,13,2024-05-13,"J. Watson","Open",1,4,"IT Support Specialist",1,106750,NA,NA
700958,6,2025-07-17,"T. Nguyen","Open",1,2,"Senior Software Engineer",3,100124,NA,NA
700959,26,2024-06-19,"R. Thomas","Open",1,7,"Digital Marketing Manager",3,102671,NA,NA
700960,26,2026-02-13,"S. Lee","Closed",1,7,"Digital Marketing Manager",3,102347,NA,2026-04-12
700961,20,2025-11-30,"K. Brown","Closed",1,6,"HR Coordinator",1,109209,NA,2026-01-10
700962,25,2024-12-29,"K. Brown","On Hold",1,7,"Marketing Specialist",1,109349,NA,2025-01-07
700963,14,2024-08-14,"D. Patel","Closed",1,4,"Systems Administrator",2,106986,NA,2024-11-11
700964,36,2024-08-06,"J. Watson","Open",1,10,"Customer Support Manager",3,103353,NA,NA
700965,6,2024-10-17,"M. Davis","Closed",1,2,"Senior Software Engineer",3,102631,NA,2024-12-29
700966,38,2026-01-21,"K. Brown","Closed",1,11,"Legal Analyst",2,109715,NA,2026-04-24
700967,17,2024-09-27,"T. Nguyen","Open",1,5,"Senior Financial Analyst",3,108044,NA,NA
700968,1,2025-07-17,"K. Brown","Open",1,1,"Chief Executive Officer",10,103959,NA,NA
700969,32,2024-04-20,"S. Lee","Closed",1,9,"Operations Analyst",2,104185,"Jasmine Bramalin",2024-06-09
700970,35,2025-02-15,"J. Watson","Open",1,10,"Customer Support Representative",1,100327,NA,NA
700971,33,2024-09-02,"M. Davis","Open",1,9,"Operations Manager",4,105048,"Brooklyn Whittonman",NA
700972,23,2025-04-03,"J. Watson","Open",1,6,"HR Manager",4,109120,NA,NA
700973,27,2025-03-08,"A. Carter","On Hold",1,7,"Marketing Director",5,101700,NA,2025-03-24
700974,23,2026-01-08,"A. Carter","Closed",2,6,"HR Manager",4,108012,NA,2026-03-25
700975,24,2025-05-04,"K. Brown","Open",1,6,"Director of HR",6,106601,NA,NA
700976,18,2024-02-02,"D. Patel","Closed",1,5,"Finance Manager",4,100414,NA,2024-04-04
700977,18,2024-07-04,"R. Thomas","Closed",1,5,"Finance Manager",4,108343,NA,2024-08-04
700978,3,2025-10-02,"M. Davis","Cancelled",1,1,"Vice President",8,101661,NA,2025-10-31
700979,40,2025-02-20,"T. Nguyen","Closed",1,11,"General Counsel",8,106599,NA,2025-04-30
700980,35,2025-01-08,"R. Thomas","Open",2,10,"Customer Support Representative",1,104280,"Brian Rockettfield",NA
700981,22,2024-12-12,"D. Patel","Closed",3,6,"HR Business Partner",3,106962,NA,2025-03-05
700982,25,2025-09-24,"A. Carter","Closed",3,7,"Marketing Specialist",1,104033,NA,2025-12-25
700983,22,2024-10-05,"D. Patel","Closed",1,6,"HR Business Partner",3,109811,NA,2025-01-06
700984,12,2024-10-26,"A. Carter","Closed",1,3,"Director of Product",6,108712,NA,2024-12-31
700985,39,2025-12-14,"T. Nguyen","Open",2,11,"Corporate Counsel",4,104115,NA,NA
700986,25,2025-02-18,"S. Lee","Closed",1,7,"Marketing Specialist",1,104152,NA,2025-04-26
700987,29,2025-12-27,"T. Nguyen","Open",2,8,"Account Executive",2,108701,NA,NA
700988,33,2026-01-16,"J. Watson","Open",1,9,"Operations Manager",4,102190,NA,NA
700989,31,2024-02-09,"S. Lee","Closed",1,8,"Director of Sales",6,104625,NA,2024-05-04
700990,21,2025-06-23,"T. Nguyen","Closed",3,6,"HR Generalist",2,107917,NA,2025-08-09
700991,30,2025-05-25,"S. Lee","Closed",2,8,"Sales Manager",4,109623,NA,2025-07-12
700992,5,2025-08-20,"D. Patel","Closed",1,2,"Software Engineer II",2,101612,NA,2025-09-14
700993,16,2025-12-14,"R. Thomas","Closed",1,5,"Financial Analyst",2,106251,NA,2026-03-15
700994,25,2024-09-02,"J. Watson","Closed",1,7,"Marketing Specialist",1,105839,NA,2024-10-04
700995,36,2025-12-02,"J. Watson","Closed",1,10,"Customer Support Manager",3,109650,NA,2026-01-19
700996,37,2024-04-23,"R. Thomas","On Hold",1,10,"Director of Customer Support",5,109592,NA,2024-05-08
700997,36,2025-03-02,"A. Carter","Open",1,10,"Customer Support Manager",3,104926,NA,NA
700998,35,2024-02-20,"M. Davis","Closed",1,10,"Customer Support Representative",1,105620,NA,2024-05-08
700999,17,2024-11-09,"R. Thomas","Open",1,5,"Senior Financial Analyst",3,104570,NA,NA
701000,34,2024-12-30,"S. Lee","Open",1,9,"Director of Operations",6,109838,NA,NA
701001,17,2024-09-26,"A. Carter","Closed",1,5,"Senior Financial Analyst",3,107429,NA,2024-11-25
701002,9,2024-12-01,"J. Watson","Closed",1,3,"Product Analyst",2,105690,NA,2025-01-27
701003,30,2024-12-26,"S. Lee","Closed",1,8,"Sales Manager",4,109396,NA,2025-02-22
701004,19,2025-08-03,"J. Watson","Closed",1,5,"Director of Finance",6,109516,NA,2025-09-02
701005,38,2024-10-12,"R. Thomas","Open",2,11,"Legal Analyst",2,103053,NA,NA
701006,39,2024-01-15,"D. Patel","Closed",4,11,"Corporate Counsel",4,104640,NA,2024-02-23
701007,25,2025-01-07,"T. Nguyen","Open",2,7,"Marketing Specialist",1,102119,NA,NA
701008,32,2024-11-29,"A. Carter","Closed",1,9,"Operations Analyst",2,106732,NA,2025-02-10
701009,14,2024-11-08,"J. Watson","Closed",1,4,"Systems Administrator",2,102987,NA,2024-12-28
701010,20,2025-08-13,"K. Brown","On Hold",1,6,"HR Coordinator",1,103704,NA,2025-08-21
701011,11,2024-03-21,"K. Brown","Closed",1,3,"Senior Product Manager",4,105447,NA,2024-05-10
701012,21,2024-11-04,"K. Brown","Closed",1,6,"HR Generalist",2,103129,NA,2025-01-19
701013,37,2024-07-20,"R. Thomas","Closed",3,10,"Director of Customer Support",5,109437,NA,2024-10-22
701014,20,2024-07-20,"D. Patel","Closed",2,6,"HR Coordinator",1,100748,NA,2024-10-01
701015,25,2024-04-27,"J. Watson","Closed",1,7,"Marketing Specialist",1,106428,NA,2024-07-14
701016,40,2024-07-29,"D. Patel","Open",1,11,"General Counsel",8,100708,NA,NA
701017,33,2024-08-29,"J. Watson","On Hold",1,9,"Operations Manager",4,109437,NA,2024-09-28
701018,39,2024-03-01,"R. Thomas","Open",1,11,"Corporate Counsel",4,104186,NA,NA
701019,27,2025-11-11,"M. Davis","Open",1,7,"Marketing Director",5,103134,NA,NA
701020,23,2024-06-23,"T. Nguyen","Open",2,6,"HR Manager",4,101206,NA,NA
701021,19,2025-12-14,"S. Lee","Closed",4,5,"Director of Finance",6,109367,NA,2026-03-17
701022,28,2024-12-29,"M. Davis","Open",3,8,"Sales Development Representative",1,101945,NA,NA
701023,8,2025-01-13,"T. Nguyen","Open",2,2,"Director of Engineering",6,104864,NA,NA
701024,30,2024-06-13,"K. Brown","Open",1,8,"Sales Manager",4,101412,NA,NA
701025,24,2025-10-08,"S. Lee","Open",1,6,"Director of HR",6,108704,NA,NA
701026,6,2024-10-16,"S. Lee","On Hold",1,2,"Senior Software Engineer",3,106264,"Eli Hollincrest",2024-10-29
701027,23,2025-04-04,"T. Nguyen","Open",1,6,"HR Manager",4,106876,NA,NA
701028,38,2025-10-24,"J. Watson","Closed",3,11,"Legal Analyst",2,105076,NA,2025-11-15
701029,20,2024-06-17,"T. Nguyen","Closed",1,6,"HR Coordinator",1,105979,NA,2024-08-01
701030,2,2024-03-02,"A. Carter","Cancelled",1,1,"Chief Operating Officer",9,107115,"Hannah Emward",2024-03-24
701031,17,2024-02-01,"A. Carter","Open",1,5,"Senior Financial Analyst",3,102323,"Samuel Stoneelwin",NA
701032,2,2024-05-29,"R. Thomas","Open",4,1,"Chief Operating Officer",9,101066,NA,NA
701033,11,2024-03-08,"T. Nguyen","Closed",2,3,"Senior Product Manager",4,101658,NA,2024-03-31
701034,6,2025-01-22,"R. Thomas","Cancelled",4,2,"Senior Software Engineer",3,104583,NA,2025-02-11
701035,29,2025-08-28,"R. Thomas","Closed",1,8,"Account Executive",2,106479,NA,2025-11-26
701036,37,2025-07-23,"D. Patel","Closed",1,10,"Director of Customer Support",5,105827,NA,2025-09-27
701037,29,2025-06-29,"A. Carter","Closed",1,8,"Account Executive",2,109095,NA,2025-08-10
701038,31,2024-03-17,"R. Thomas","Closed",1,8,"Director of Sales",6,105703,NA,2024-05-12
701039,16,2025-10-17,"R. Thomas","Open",1,5,"Financial Analyst",2,107453,NA,NA
701040,1,2024-01-24,"A. Carter","Closed",1,1,"Chief Executive Officer",10,105050,NA,2024-03-19
701041,8,2025-04-03,"J. Watson","Closed",1,2,"Director of Engineering",6,107477,NA,2025-05-23
701042,8,2024-01-02,"T. Nguyen","Closed",1,2,"Director of Engineering",6,107178,NA,2024-02-01
701043,18,2025-08-26,"R. Thomas","Closed",2,5,"Finance Manager",4,106315,NA,2025-10-02
701044,18,2025-05-07,"S. Lee","Closed",2,5,"Finance Manager",4,101209,NA,2025-06-06
701045,11,2024-06-30,"R. Thomas","Closed",1,3,"Senior Product Manager",4,103599,NA,2024-08-27
701046,26,2026-02-04,"K. Brown","Open",2,7,"Digital Marketing Manager",3,100451,NA,NA
701047,19,2024-07-17,"K. Brown","Open",1,5,"Director of Finance",6,107067,NA,NA
701048,2,2025-05-12,"D. Patel","Open",2,1,"Chief Operating Officer",9,101743,NA,NA
701049,34,2024-02-27,"M. Davis","Cancelled",2,9,"Director of Operations",6,103446,NA,2024-03-13
701050,40,2025-12-06,"K. Brown","Open",2,11,"General Counsel",8,100939,NA,NA
701051,5,2024-01-19,"M. Davis","Cancelled",2,2,"Software Engineer II",2,105839,NA,2024-02-22
701052,19,2024-05-06,"J. Watson","Open",3,5,"Director of Finance",6,101327,NA,NA
701053,7,2024-11-02,"M. Davis","Closed",3,2,"Engineering Manager",4,105132,NA,2024-12-18
701054,8,2025-12-08,"S. Lee","Closed",1,2,"Director of Engineering",6,105413,NA,2026-01-17
701055,7,2025-02-10,"A. Carter","Cancelled",1,2,"Engineering Manager",4,105642,NA,2025-02-22
701056,32,2025-10-30,"T. Nguyen","On Hold",1,9,"Operations Analyst",2,109327,NA,2025-11-24
701057,27,2024-03-05,"K. Brown","Open",2,7,"Marketing Director",5,107467,NA,NA
701058,36,2025-06-14,"R. Thomas","Closed",3,10,"Customer Support Manager",3,109756,NA,2025-08-31
701059,14,2025-11-30,"S. Lee","Closed",1,4,"Systems Administrator",2,106105,NA,2025-12-23
701060,17,2025-10-08,"K. Brown","Cancelled",1,5,"Senior Financial Analyst",3,100720,NA,2025-11-04
701061,40,2025-10-05,"S. Lee","Open",1,11,"General Counsel",8,103704,NA,NA
701062,5,2024-03-13,"A. Carter","Closed",3,2,"Software Engineer II",2,102832,NA,2024-05-04
701063,38,2025-11-19,"K. Brown","Open",1,11,"Legal Analyst",2,100657,NA,NA
701064,6,2024-05-12,"D. Patel","Open",1,2,"Senior Software Engineer",3,105998,"Evan Oakland",NA
701065,23,2025-03-15,"S. Lee","Open",1,6,"HR Manager",4,109462,NA,NA
701066,23,2025-04-07,"A. Carter","Closed",1,6,"HR Manager",4,104283,NA,2025-05-20
701067,7,2025-08-24,"D. Patel","Closed",1,2,"Engineering Manager",4,101690,NA,2025-09-23
701068,13,2025-03-20,"D. Patel","Cancelled",1,4,"IT Support Specialist",1,105227,NA,2025-04-20
701069,34,2025-05-05,"J. Watson","Open",4,9,"Director of Operations",6,102423,NA,NA
701070,17,2025-09-21,"R. Thomas","Closed",1,5,"Senior Financial Analyst",3,106095,NA,2025-12-13
701071,20,2024-09-23,"J. Watson","On Hold",1,6,"HR Coordinator",1,109686,NA,2024-10-17
701072,13,2025-11-05,"J. Watson","Open",1,4,"IT Support Specialist",1,107506,NA,NA
701073,2,2024-08-18,"D. Patel","Open",1,1,"Chief Operating Officer",9,105202,NA,NA
701074,8,2025-05-22,"A. Carter","Closed",1,2,"Director of Engineering",6,103959,NA,2025-07-28
701075,3,2026-01-31,"A. Carter","Closed",2,1,"Vice President",8,108285,NA,2026-03-27
701076,34,2024-08-24,"J. Watson","Open",1,9,"Director of Operations",6,104544,NA,NA
701077,26,2025-05-13,"A. Carter","On Hold",1,7,"Digital Marketing Manager",3,104738,NA,2025-06-12
701078,27,2024-03-07,"T. Nguyen","Closed",1,7,"Marketing Director",5,104375,NA,2024-05-27
701079,25,2025-03-01,"J. Watson","Open",2,7,"Marketing Specialist",1,103155,NA,NA
701080,17,2025-05-28,"D. Patel","Open",1,5,"Senior Financial Analyst",3,101030,NA,NA
701081,37,2024-09-25,"M. Davis","Open",3,10,"Director of Customer Support",5,109327,NA,NA
701082,3,2025-11-29,"J. Watson","On Hold",1,1,"Vice President",8,104577,NA,2025-12-12
701083,37,2025-02-01,"A. Carter","Cancelled",1,10,"Director of Customer Support",5,106996,NA,2025-02-23
701084,25,2024-11-19,"T. Nguyen","Cancelled",1,7,"Marketing Specialist",1,101644,NA,2024-12-03
701085,38,2025-11-04,"D. Patel","Closed",1,11,"Legal Analyst",2,108655,NA,2025-12-20
701086,1,2024-09-23,"S. Lee","Open",1,1,"Chief Executive Officer",10,108087,NA,NA
701087,3,2025-12-04,"M. Davis","Open",1,1,"Vice President",8,104739,NA,NA
701088,30,2026-01-31,"D. Patel","Open",1,8,"Sales Manager",4,105923,NA,NA
701089,16,2024-06-02,"J. Watson","Closed",1,5,"Financial Analyst",2,106503,NA,2024-06-30
701090,10,2024-01-02,"T. Nguyen","Closed",2,3,"Product Manager",3,104701,NA,2024-03-23
701091,15,2025-08-26,"S. Lee","Cancelled",1,4,"IT Manager",4,105131,NA,2025-09-08
701092,12,2024-06-19,"R. Thomas","Open",1,3,"Director of Product",6,109097,NA,NA
701093,16,2025-04-09,"T. Nguyen","Open",2,5,"Financial Analyst",2,101823,NA,NA
701094,20,2026-02-05,"M. Davis","Closed",1,6,"HR Coordinator",1,100415,NA,2026-05-03
701095,40,2025-12-06,"J. Watson","Closed",1,11,"General Counsel",8,104560,NA,2026-01-18
701096,14,2025-09-22,"D. Patel","Open",1,4,"Systems Administrator",2,104354,NA,NA
701097,25,2024-02-01,"T. Nguyen","Open",1,7,"Marketing Specialist",1,109078,"Aisha Caldwleyton",NA
701098,38,2024-10-09,"J. Watson","Open",1,11,"Legal Analyst",2,105330,NA,NA
701099,20,2025-05-02,"R. Thomas","Closed",3,6,"HR Coordinator",1,102791,NA,2025-06-21
701100,24,2024-12-03,"K. Brown","Open",1,6,"Director of HR",6,102447,NA,NA
701101,34,2025-08-12,"R. Thomas","Closed",1,9,"Director of Operations",6,109327,NA,2025-09-28
701102,29,2025-03-21,"J. Watson","Closed",1,8,"Account Executive",2,106054,NA,2025-06-21
701103,37,2025-10-20,"A. Carter","Open",1,10,"Director of Customer Support",5,101521,"Dylan Longonwall",NA
701104,36,2024-11-04,"D. Patel","Open",2,10,"Customer Support Manager",3,107786,NA,NA
701105,6,2025-02-20,"K. Brown","Cancelled",2,2,"Senior Software Engineer",3,103276,NA,2025-03-21
701106,34,2025-07-08,"T. Nguyen","Closed",4,9,"Director of Operations",6,106180,NA,2025-10-10
701107,17,2024-10-20,"T. Nguyen","Open",1,5,"Senior Financial Analyst",3,107973,NA,NA
701108,15,2026-01-27,"K. Brown","Closed",1,4,"IT Manager",4,102106,NA,2026-05-02
701109,16,2025-10-28,"J. Watson","Closed",1,5,"Financial Analyst",2,104152,NA,2025-11-20
701110,7,2025-01-31,"M. Davis","Open",1,2,"Engineering Manager",4,101371,NA,NA
701111,20,2025-07-14,"A. Carter","Closed",1,6,"HR Coordinator",1,109330,NA,2025-09-13
701112,40,2024-08-19,"R. Thomas","On Hold",1,11,"General Counsel",8,106259,NA,2024-09-16
701113,40,2024-07-02,"J. Watson","Closed",1,11,"General Counsel",8,104091,NA,2024-08-04
701114,37,2025-01-20,"K. Brown","Open",1,10,"Director of Customer Support",5,107143,"Nora Perryenson",NA
701115,6,2025-03-11,"T. Nguyen","Open",1,2,"Senior Software Engineer",3,101509,"Jeremiah Carelwood",NA
701116,16,2025-01-17,"M. Davis","Open",4,5,"Financial Analyst",2,101978,NA,NA
701117,27,2025-03-07,"S. Lee","Closed",1,7,"Marketing Director",5,103062,NA,2025-04-23
701118,14,2025-01-14,"S. Lee","Open",3,4,"Systems Administrator",2,103425,NA,NA
701119,4,2024-02-26,"K. Brown","Open",3,2,"Software Engineer I",1,105659,NA,NA
701120,27,2025-09-06,"D. Patel","On Hold",1,7,"Marketing Director",5,105900,NA,2025-09-25
701121,30,2025-10-25,"M. Davis","Closed",2,8,"Sales Manager",4,102160,NA,2026-01-22
701122,29,2024-06-13,"T. Nguyen","Closed",4,8,"Account Executive",2,101938,NA,2024-08-01
701123,18,2025-09-05,"J. Watson","Open",1,5,"Finance Manager",4,101757,NA,NA
701124,28,2025-05-13,"A. Carter","Open",1,8,"Sales Development Representative",1,101025,NA,NA
701125,17,2024-09-12,"S. Lee","On Hold",1,5,"Senior Financial Analyst",3,103398,NA,2024-10-12
701126,32,2025-11-24,"R. Thomas","Closed",1,9,"Operations Analyst",2,103760,NA,2026-01-26
701127,14,2024-11-28,"A. Carter","Open",1,4,"Systems Administrator",2,102675,NA,NA
701128,14,2024-03-04,"A. Carter","Open",1,4,"Systems Administrator",2,108911,NA,NA
701129,1,2025-01-21,"M. Davis","Closed",1,1,"Chief Executive Officer",10,101040,NA,2025-04-11
701130,34,2025-07-10,"J. Watson","Open",2,9,"Director of Operations",6,105208,NA,NA
701131,33,2025-12-17,"A. Carter","Open",1,9,"Operations Manager",4,109435,NA,NA
701132,28,2025-12-07,"A. Carter","Open",1,8,"Sales Development Representative",1,104766,NA,NA
701133,6,2024-07-20,"D. Patel","Closed",1,2,"Senior Software Engineer",3,105607,NA,2024-09-21
701134,32,2025-08-14,"A. Carter","Closed",1,9,"Operations Analyst",2,104129,NA,2025-11-14
701135,11,2026-01-21,"A. Carter","Cancelled",1,3,"Senior Product Manager",4,109396,"Sebastian Ashwellridge",2026-02-15
701136,3,2026-01-29,"S. Lee","Open",1,1,"Vice President",8,105158,NA,NA
701137,20,2024-12-22,"S. Lee","Closed",2,6,"HR Coordinator",1,109012,NA,2025-01-10
701138,36,2024-06-13,"T. Nguyen","Closed",1,10,"Customer Support Manager",3,106421,NA,2024-09-05
701139,16,2024-02-08,"K. Brown","Open",2,5,"Financial Analyst",2,107917,"Stephen Windsonmere",NA
701140,31,2024-07-28,"A. Carter","Closed",1,8,"Director of Sales",6,106894,NA,2024-10-16
701141,8,2025-04-14,"R. Thomas","Closed",1,2,"Director of Engineering",6,101321,NA,2025-07-12
701142,16,2025-08-21,"D. Patel","Closed",2,5,"Financial Analyst",2,109239,NA,2025-11-08
701143,15,2025-02-11,"J. Watson","Closed",1,4,"IT Manager",4,104853,NA,2025-04-08
701144,15,2025-09-05,"M. Davis","Open",3,4,"IT Manager",4,100202,NA,NA
701145,2,2024-12-05,"A. Carter","Closed",1,1,"Chief Operating Officer",9,106838,NA,2025-01-31
701146,14,2025-07-31,"K. Brown","Closed",2,4,"Systems Administrator",2,106067,NA,2025-10-10
701147,19,2025-11-28,"J. Watson","On Hold",1,5,"Director of Finance",6,103591,"Daniela Perrytonham",2025-12-27
701148,34,2024-08-23,"S. Lee","Open",1,9,"Director of Operations",6,109393,NA,NA
701149,14,2024-03-04,"M. Davis","Closed",1,4,"Systems Administrator",2,108025,NA,2024-05-22
701150,21,2024-07-03,"J. Watson","Closed",1,6,"HR Generalist",2,102275,NA,2024-09-08
701151,31,2025-12-16,"J. Watson","Open",1,8,"Director of Sales",6,103378,"Sydney Hallersen",NA
701152,15,2025-09-05,"K. Brown","Closed",1,4,"IT Manager",4,103048,NA,2025-11-27
701153,23,2024-03-07,"J. Watson","Closed",3,6,"HR Manager",4,107284,NA,2024-04-04
701154,24,2025-03-16,"M. Davis","Open",2,6,"Director of HR",6,108655,NA,NA
701155,19,2025-06-10,"R. Thomas","Open",1,5,"Director of Finance",6,100010,NA,NA
701156,30,2024-11-25,"M. Davis","Closed",1,8,"Sales Manager",4,106370,"Autumn Foxustone",2025-01-19
701157,33,2024-02-19,"M. Davis","Open",1,9,"Operations Manager",4,104201,NA,NA
701158,15,2024-01-29,"K. Brown","Open",3,4,"IT Manager",4,104706,NA,NA
701159,5,2025-08-02,"M. Davis","Closed",2,2,"Software Engineer II",2,107657,"Cole Brightuward",2025-11-03
701160,9,2025-10-28,"A. Carter","Open",1,3,"Product Analyst",2,104864,NA,NA
701161,26,2025-08-23,"S. Lee","Closed",1,7,"Digital Marketing Manager",3,102713,NA,2025-09-10
701162,19,2024-10-09,"T. Nguyen","Open",1,5,"Director of Finance",6,105227,NA,NA
701163,31,2024-01-07,"R. Thomas","Closed",1,8,"Director of Sales",6,101908,NA,2024-03-29
701164,37,2025-02-16,"T. Nguyen","Open",1,10,"Director of Customer Support",5,101330,NA,NA
701165,35,2026-01-11,"K. Brown","Closed",1,10,"Customer Support Representative",1,106321,NA,2026-03-27
701166,39,2024-11-29,"D. Patel","Closed",1,11,"Corporate Counsel",4,102376,NA,2025-01-21
701167,7,2024-03-23,"D. Patel","On Hold",3,2,"Engineering Manager",4,104819,NA,2024-04-19
701168,3,2026-01-10,"K. Brown","Open",1,1,"Vice President",8,106009,NA,NA
701169,30,2025-11-08,"J. Watson","Closed",1,8,"Sales Manager",4,105596,NA,2026-02-10
701170,4,2025-12-13,"J. Watson","Open",1,2,"Software Engineer I",1,108295,"Nora Chandemere",NA
701171,11,2024-05-25,"J. Watson","Closed",1,3,"Senior Product Manager",4,109396,"Sebastian Ashwellridge",2024-07-26
701172,20,2025-04-20,"S. Lee","Open",1,6,"HR Coordinator",1,100925,NA,NA
701173,2,2024-08-28,"J. Watson","Open",1,1,"Chief Operating Officer",9,104633,NA,NA
701174,13,2025-06-26,"A. Carter","Closed",1,4,"IT Support Specialist",1,107860,NA,2025-09-08
701175,29,2026-01-10,"J. Watson","Closed",2,8,"Account Executive",2,108671,NA,2026-02-17
701176,19,2025-06-19,"R. Thomas","Closed",3,5,"Director of Finance",6,100448,NA,2025-07-23
701177,18,2025-06-18,"J. Watson","Closed",1,5,"Finance Manager",4,102808,"Thomas Hollinwell",2025-08-22
701178,8,2025-02-17,"J. Watson","Closed",1,2,"Director of Engineering",6,103378,NA,2025-03-12
701179,40,2024-06-04,"A. Carter","Open",1,11,"General Counsel",8,106601,NA,NA
701180,37,2026-02-07,"T. Nguyen","Open",2,10,"Director of Customer Support",5,102455,NA,NA
701181,22,2025-04-29,"R. Thomas","Open",1,6,"HR Business Partner",3,102316,NA,NA
701182,28,2024-04-20,"S. Lee","Closed",1,8,"Sales Development Representative",1,109420,NA,2024-07-23
701183,20,2025-10-04,"J. Watson","Open",1,6,"HR Coordinator",1,108742,"Jackson Blackamond",NA
701184,12,2024-12-10,"T. Nguyen","Cancelled",1,3,"Director of Product",6,101521,NA,2024-12-28
701185,39,2025-02-06,"D. Patel","On Hold",1,11,"Corporate Counsel",4,105259,NA,2025-02-15
701186,19,2024-12-02,"M. Davis","Closed",3,5,"Director of Finance",6,107153,"Paul Coleifield",2025-02-19
701187,13,2025-08-05,"S. Lee","Closed",1,4,"IT Support Specialist",1,104691,NA,2025-10-24
701188,36,2024-09-05,"D. Patel","Open",1,10,"Customer Support Manager",3,106873,NA,NA
701189,31,2024-08-06,"J. Watson","Closed",2,8,"Director of Sales",6,108566,NA,2024-10-30
701190,37,2025-03-23,"K. Brown","Closed",1,10,"Director of Customer Support",5,103667,NA,2025-05-07
701191,22,2024-02-23,"J. Watson","Open",2,6,"HR Business Partner",3,107440,NA,NA
701192,10,2025-12-10,"D. Patel","Open",2,3,"Product Manager",3,104289,NA,NA
701193,31,2024-08-27,"M. Davis","Open",1,8,"Director of Sales",6,106726,NA,NA
701194,18,2025-05-09,"A. Carter","Open",1,5,"Finance Manager",4,100415,NA,NA
701195,30,2024-06-27,"S. Lee","Closed",1,8,"Sales Manager",4,100724,"Adrian Sandsonstone",2024-07-18
701196,5,2024-01-08,"T. Nguyen","On Hold",1,2,"Software Engineer II",2,104375,NA,2024-01-17
701197,18,2025-04-19,"D. Patel","Open",1,5,"Finance Manager",4,101328,NA,NA
701198,33,2025-04-16,"R. Thomas","Open",1,9,"Operations Manager",4,100180,NA,NA
701199,40,2024-04-09,"R. Thomas","Closed",2,11,"General Counsel",8,107512,NA,2024-05-02
701200,23,2024-02-17,"J. Watson","Open",1,6,"HR Manager",4,102678,NA,NA
701201,21,2024-08-13,"M. Davis","On Hold",1,6,"HR Generalist",2,104105,NA,2024-09-05
701202,13,2024-11-07,"S. Lee","Closed",4,4,"IT Support Specialist",1,101420,NA,2024-12-05
701203,22,2025-07-22,"J. Watson","Open",2,6,"HR Business Partner",3,105624,"Aiden Clarkthorne",NA
701204,2,2024-03-17,"D. Patel","Closed",1,1,"Chief Operating Officer",9,104016,NA,2024-04-20
701205,33,2024-04-17,"M. Davis","On Hold",1,9,"Operations Manager",4,105308,NA,2024-05-10
701206,5,2024-06-24,"D. Patel","Closed",2,2,"Software Engineer II",2,104612,NA,2024-09-26
701207,13,2024-11-13,"R. Thomas","Open",2,4,"IT Support Specialist",1,103404,NA,NA
701208,16,2025-03-06,"S. Lee","On Hold",1,5,"Financial Analyst",2,107016,NA,2025-03-28
701209,26,2026-01-08,"K. Brown","Closed",1,7,"Digital Marketing Manager",3,101720,NA,2026-03-12
701210,25,2024-01-03,"D. Patel","Open",1,7,"Marketing Specialist",1,108106,NA,NA
701211,37,2026-01-19,"D. Patel","Open",1,10,"Director of Customer Support",5,104659,NA,NA
701212,14,2025-07-11,"K. Brown","Open",1,4,"Systems Administrator",2,101365,NA,NA
701213,20,2025-12-25,"R. Thomas","Closed",1,6,"HR Coordinator",1,102980,NA,2026-02-12
701214,39,2024-09-02,"M. Davis","Closed",1,11,"Corporate Counsel",4,102563,NA,2024-12-02
701215,2,2025-01-22,"J. Watson","Open",1,1,"Chief Operating Officer",9,108688,NA,NA
701216,27,2025-11-23,"S. Lee","Open",1,7,"Marketing Director",5,103432,NA,NA
701217,38,2025-09-28,"A. Carter","On Hold",1,11,"Legal Analyst",2,109069,NA,2025-10-23
701218,40,2024-09-24,"J. Watson","Closed",2,11,"General Counsel",8,105895,NA,2024-11-02
701219,21,2026-02-14,"A. Carter","Cancelled",1,6,"HR Generalist",2,104275,NA,2026-03-01
701220,29,2024-05-23,"M. Davis","Closed",1,8,"Account Executive",2,102490,NA,2024-07-10
701221,27,2025-07-01,"T. Nguyen","Closed",1,7,"Marketing Director",5,101427,NA,2025-07-22
701222,24,2025-09-12,"R. Thomas","Closed",3,6,"Director of HR",6,101819,NA,2025-10-12
701223,31,2024-01-08,"T. Nguyen","Closed",1,8,"Director of Sales",6,104576,NA,2024-02-15
701224,14,2024-10-18,"M. Davis","Closed",1,4,"Systems Administrator",2,105075,NA,2024-11-25
701225,25,2024-07-22,"M. Davis","Closed",2,7,"Marketing Specialist",1,102808,NA,2024-09-01
701226,4,2024-11-05,"D. Patel","On Hold",1,2,"Software Engineer I",1,103925,NA,2024-11-30
701227,34,2024-02-28,"D. Patel","Open",1,9,"Director of Operations",6,102316,NA,NA
701228,7,2024-03-19,"R. Thomas","Closed",2,2,"Engineering Manager",4,102814,NA,2024-06-10
701229,28,2024-12-14,"M. Davis","Open",4,8,"Sales Development Representative",1,106743,"Hayden Willarham",NA
701230,31,2025-01-26,"S. Lee","Open",2,8,"Director of Sales",6,102967,NA,NA
701231,21,2025-02-05,"J. Watson","Closed",1,6,"HR Generalist",2,103923,NA,2025-04-08
701232,24,2025-03-11,"K. Brown","Closed",1,6,"Director of HR",6,101385,NA,2025-05-31
701233,19,2024-04-09,"A. Carter","Open",1,5,"Director of Finance",6,106164,NA,NA
701234,8,2024-04-15,"S. Lee","Closed",1,2,"Director of Engineering",6,108941,"Ava Bennamore",2024-05-11
701235,31,2025-05-01,"D. Patel","Closed",1,8,"Director of Sales",6,100162,NA,2025-05-30
701236,3,2024-12-06,"R. Thomas","Closed",1,1,"Vice President",8,104010,NA,2025-01-24
701237,28,2025-02-07,"R. Thomas","On Hold",1,8,"Sales Development Representative",1,100923,NA,2025-02-19
701238,20,2024-10-23,"A. Carter","Closed",1,6,"HR Coordinator",1,106198,NA,2025-01-06
701239,21,2024-09-16,"S. Lee","Cancelled",1,6,"HR Generalist",2,107172,NA,2024-10-17
701240,36,2025-07-03,"D. Patel","Open",1,10,"Customer Support Manager",3,105521,NA,NA
701241,15,2025-07-03,"J. Watson","Open",1,4,"IT Manager",4,107378,NA,NA
701242,31,2024-06-16,"S. Lee","Open",1,8,"Director of Sales",6,107482,NA,NA
701243,1,2024-12-16,"M. Davis","On Hold",2,1,"Chief Executive Officer",10,104588,NA,2025-01-15
701244,37,2025-06-21,"J. Watson","Closed",1,10,"Director of Customer Support",5,102244,"Luna Foxuwell",2025-09-10
701245,7,2025-03-22,"K. Brown","Open",1,2,"Engineering Manager",4,106198,NA,NA
701246,33,2025-03-11,"D. Patel","Closed",2,9,"Operations Manager",4,100271,NA,2025-04-25
701247,37,2024-03-04,"R. Thomas","Closed",1,10,"Director of Customer Support",5,101942,NA,2024-05-07
701248,15,2024-08-19,"M. Davis","Closed",1,4,"IT Manager",4,100747,NA,2024-10-05
701249,37,2024-06-14,"A. Carter","Closed",1,10,"Director of Customer Support",5,102463,NA,2024-08-27
701250,20,2025-03-01,"J. Watson","Open",1,6,"HR Coordinator",1,103850,NA,NA
701251,11,2025-02-19,"D. Patel","Open",3,3,"Senior Product Manager",4,101107,"Landon Hartanberg",NA
701252,5,2026-01-21,"A. Carter","On Hold",1,2,"Software Engineer II",2,102775,NA,2026-02-13
701253,25,2024-12-06,"M. Davis","Open",1,7,"Marketing Specialist",1,107082,NA,NA
701254,12,2026-01-15,"D. Patel","On Hold",1,3,"Director of Product",6,106125,"Brian Marwellstrom",2026-02-12
701255,15,2025-09-17,"D. Patel","Closed",3,4,"IT Manager",4,106787,NA,2025-12-02
701256,2,2024-05-22,"A. Carter","On Hold",1,1,"Chief Operating Officer",9,100715,NA,2024-06-15
701257,38,2025-10-12,"J. Watson","Open",3,11,"Legal Analyst",2,102665,NA,NA
701258,14,2024-09-29,"T. Nguyen","Closed",2,4,"Systems Administrator",2,109721,NA,2024-11-26
701259,37,2025-01-07,"T. Nguyen","On Hold",1,10,"Director of Customer Support",5,104619,NA,2025-01-30
701260,3,2024-07-02,"A. Carter","Open",2,1,"Vice President",8,109787,NA,NA
701261,9,2025-09-17,"T. Nguyen","Closed",1,3,"Product Analyst",2,100111,NA,2025-12-14
701262,37,2024-07-08,"S. Lee","Open",1,10,"Director of Customer Support",5,106325,NA,NA
701263,38,2025-06-20,"T. Nguyen","Open",1,11,"Legal Analyst",2,104738,NA,NA
701264,26,2025-11-23,"M. Davis","Open",1,7,"Digital Marketing Manager",3,106745,NA,NA
701265,22,2025-09-15,"K. Brown","Closed",2,6,"HR Business Partner",3,102980,NA,2025-10-22
701266,1,2026-02-15,"M. Davis","Open",4,1,"Chief Executive Officer",10,106229,NA,NA
701267,17,2026-01-08,"M. Davis","Closed",1,5,"Senior Financial Analyst",3,100532,NA,2026-02-22
701268,13,2024-12-29,"T. Nguyen","Closed",1,4,"IT Support Specialist",1,108562,NA,2025-01-22
701269,8,2025-01-25,"M. Davis","Open",1,2,"Director of Engineering",6,108562,"Hailey Perrywood",NA
701270,19,2025-10-10,"R. Thomas","Open",1,5,"Director of Finance",6,109281,NA,NA
701271,32,2024-01-14,"J. Watson","Closed",2,9,"Operations Analyst",2,109221,NA,2024-02-10
701272,7,2026-02-11,"R. Thomas","Closed",1,2,"Engineering Manager",4,109221,NA,2026-03-23
701273,30,2024-06-03,"K. Brown","Open",1,8,"Sales Manager",4,106564,NA,NA
701274,8,2024-10-28,"M. Davis","Open",1,2,"Director of Engineering",6,108156,NA,NA
701275,4,2024-06-28,"M. Davis","Closed",2,2,"Software Engineer I",1,107354,NA,2024-08-28
701276,7,2025-02-06,"A. Carter","Cancelled",1,2,"Engineering Manager",4,106975,NA,2025-03-10
701277,38,2025-10-05,"K. Brown","On Hold",1,11,"Legal Analyst",2,100540,NA,2025-10-20
701278,5,2024-07-05,"S. Lee","Closed",2,2,"Software Engineer II",2,104055,"Matthew Carenridge",2024-09-24
701279,32,2025-01-05,"M. Davis","Closed",2,9,"Operations Analyst",2,102119,"Leah Wolfleyberg",2025-04-04
701280,10,2025-12-03,"S. Lee","Open",1,3,"Product Manager",3,107732,NA,NA
701281,30,2025-07-16,"M. Davis","Closed",2,8,"Sales Manager",4,108620,NA,2025-10-16
701282,35,2025-04-02,"T. Nguyen","Closed",1,10,"Customer Support Representative",1,103313,NA,2025-04-26
701283,4,2025-09-11,"J. Watson","Closed",2,2,"Software Engineer I",1,106469,NA,2025-09-29
701284,28,2024-10-27,"R. Thomas","Open",1,8,"Sales Development Representative",1,105521,NA,NA
701285,36,2025-10-15,"A. Carter","Cancelled",1,10,"Customer Support Manager",3,106185,NA,2025-10-29
701286,13,2025-09-25,"D. Patel","Closed",2,4,"IT Support Specialist",1,108690,NA,2025-10-17
701287,6,2024-09-14,"K. Brown","Closed",1,2,"Senior Software Engineer",3,109874,NA,2024-11-27
701288,22,2025-05-13,"M. Davis","Open",1,6,"HR Business Partner",3,104446,"Miles Silveroford",NA
701289,31,2025-02-16,"K. Brown","Cancelled",1,8,"Director of Sales",6,109402,NA,2025-03-01
701290,5,2024-11-18,"D. Patel","Closed",2,2,"Software Engineer II",2,108817,"Seth Rockthorne",2024-12-29
701291,15,2024-09-11,"A. Carter","Open",2,4,"IT Manager",4,107884,NA,NA
701292,39,2024-07-01,"D. Patel","Closed",1,11,"Corporate Counsel",4,102673,"Sydney Blackelldale",2024-09-08
701293,10,2024-02-10,"K. Brown","On Hold",1,3,"Product Manager",3,108976,NA,2024-03-02
701294,38,2024-08-20,"M. Davis","Open",1,11,"Legal Analyst",2,107647,NA,NA
701295,36,2025-09-30,"T. Nguyen","On Hold",1,10,"Customer Support Manager",3,100186,NA,2025-10-28
701296,32,2024-10-22,"T. Nguyen","Open",1,9,"Operations Analyst",2,105174,NA,NA
701297,4,2025-06-08,"J. Watson","Open",1,2,"Software Engineer I",1,101008,NA,NA
701298,15,2024-09-21,"R. Thomas","Open",1,4,"IT Manager",4,101718,NA,NA
701299,25,2025-08-05,"M. Davis","Cancelled",1,7,"Marketing Specialist",1,106800,"Theodore Rainistrom",2025-09-12
701300,38,2025-07-25,"M. Davis","Closed",1,11,"Legal Analyst",2,100215,NA,2025-10-02
701301,1,2025-11-19,"D. Patel","Open",1,1,"Chief Executive Officer",10,101864,NA,NA
701302,14,2026-01-17,"M. Davis","Closed",1,4,"Systems Administrator",2,101209,NA,2026-02-10
701303,18,2024-06-26,"R. Thomas","Open",1,5,"Finance Manager",4,102149,NA,NA
701304,16,2024-07-08,"J. Watson","Cancelled",1,5,"Financial Analyst",2,108147,NA,2024-08-05
701305,25,2025-04-10,"J. Watson","Closed",1,7,"Marketing Specialist",1,104633,NA,2025-06-16
701306,36,2024-04-09,"M. Davis","Open",1,10,"Customer Support Manager",3,107697,NA,NA
701307,12,2024-10-20,"A. Carter","Open",1,3,"Director of Product",6,105868,NA,NA
701308,3,2024-11-10,"A. Carter","Open",1,1,"Vice President",8,108145,NA,NA
701309,31,2024-08-01,"K. Brown","Open",1,8,"Director of Sales",6,106759,NA,NA
701310,10,2024-12-24,"K. Brown","Closed",1,3,"Product Manager",3,108244,NA,2025-03-14
701311,12,2024-01-01,"T. Nguyen","Closed",1,3,"Director of Product",6,104658,NA,2024-03-05
701312,13,2025-11-26,"A. Carter","Open",2,4,"IT Support Specialist",1,100492,NA,NA
701313,24,2024-10-13,"A. Carter","Open",1,6,"Director of HR",6,105930,NA,NA
701314,10,2025-08-06,"J. Watson","Open",3,3,"Product Manager",3,102399,NA,NA
701315,17,2025-12-26,"K. Brown","Open",2,5,"Senior Financial Analyst",3,106756,NA,NA
701316,32,2024-11-13,"S. Lee","Open",1,9,"Operations Analyst",2,104270,NA,NA
701317,21,2024-02-06,"R. Thomas","Open",1,6,"HR Generalist",2,106872,NA,NA
701318,12,2025-10-27,"M. Davis","Closed",2,3,"Director of Product",6,108634,"Emily Blakearwood",2025-11-22
701319,11,2025-11-09,"T. Nguyen","Open",1,3,"Senior Product Manager",4,103288,NA,NA
701320,35,2024-11-30,"A. Carter","Cancelled",2,10,"Customer Support Representative",1,101655,NA,2025-01-09
701321,16,2024-06-23,"D. Patel","Open",1,5,"Financial Analyst",2,107667,NA,NA
701322,6,2025-04-26,"K. Brown","Open",1,2,"Senior Software Engineer",3,101681,NA,NA
701323,28,2025-01-30,"S. Lee","Open",2,8,"Sales Development Representative",1,107672,NA,NA
701324,15,2024-11-13,"K. Brown","Closed",1,4,"IT Manager",4,107029,NA,2025-01-12
701325,35,2024-09-16,"T. Nguyen","Closed",1,10,"Customer Support Representative",1,108285,NA,2024-10-17
701326,11,2024-10-04,"S. Lee","Open",1,3,"Senior Product Manager",4,100322,NA,NA
701327,1,2024-07-12,"A. Carter","Closed",1,1,"Chief Executive Officer",10,104009,NA,2024-10-02
701328,4,2025-02-23,"J. Watson","Closed",1,2,"Software Engineer I",1,106352,"Carter Fordwood",2025-03-31
701329,37,2025-07-04,"D. Patel","Closed",1,10,"Director of Customer Support",5,109011,NA,2025-08-26
701330,15,2024-06-21,"R. Thomas","Closed",1,4,"IT Manager",4,101833,"Carla Marleywall",2024-07-25
701331,26,2024-05-21,"M. Davis","Open",1,7,"Digital Marketing Manager",3,106705,NA,NA
701332,18,2024-02-01,"J. Watson","Open",1,5,"Finance Manager",4,107648,NA,NA
701333,34,2025-03-25,"D. Patel","Open",1,9,"Director of Operations",6,109327,NA,NA
701334,10,2024-10-24,"D. Patel","Open",1,3,"Product Manager",3,106702,NA,NA
701335,28,2024-02-11,"T. Nguyen","Closed",2,8,"Sales Development Representative",1,106000,"Destiny Rowberg",2024-03-11
701336,28,2024-07-20,"R. Thomas","Closed",1,8,"Sales Development Representative",1,100173,NA,2024-09-05
701337,20,2024-11-28,"M. Davis","Closed",1,6,"HR Coordinator",1,106403,NA,2025-02-04
701338,29,2024-03-17,"J. Watson","Open",1,8,"Account Executive",2,100142,NA,NA
701339,34,2024-07-21,"A. Carter","Open",1,9,"Director of Operations",6,101906,NA,NA
701340,13,2025-05-24,"S. Lee","Closed",1,4,"IT Support Specialist",1,105277,NA,2025-06-23
701341,38,2024-10-18,"K. Brown","Cancelled",1,11,"Legal Analyst",2,104930,NA,2024-11-12
701342,5,2024-09-19,"D. Patel","Open",1,2,"Software Engineer II",2,107348,"Hazel Fieldonby",NA
701343,40,2025-09-02,"A. Carter","Cancelled",1,11,"General Counsel",8,106121,NA,2025-09-25
701344,13,2024-01-06,"J. Watson","On Hold",2,4,"IT Support Specialist",1,106515,NA,2024-01-19
701345,4,2025-04-16,"M. Davis","Open",4,2,"Software Engineer I",1,106533,"Madison Whittonman",NA
701346,18,2024-09-04,"A. Carter","Cancelled",2,5,"Finance Manager",4,101282,NA,2024-09-21
701347,26,2024-03-12,"A. Carter","Open",1,7,"Digital Marketing Manager",3,103923,"Ryan Stormwell",NA
701348,24,2025-06-22,"A. Carter","Closed",2,6,"Director of HR",6,105802,NA,2025-08-03
701349,8,2024-05-16,"T. Nguyen","Open",2,2,"Director of Engineering",6,104296,NA,NA
701350,38,2025-04-25,"A. Carter","Open",1,11,"Legal Analyst",2,101853,NA,NA
701351,27,2024-02-15,"S. Lee","Closed",2,7,"Marketing Director",5,109389,"Casey Bramquist",2024-04-25
701352,13,2024-07-24,"K. Brown","Open",1,4,"IT Support Specialist",1,107743,NA,NA
701353,15,2024-03-12,"J. Watson","Open",1,4,"IT Manager",4,109558,NA,NA
701354,39,2025-07-24,"T. Nguyen","Closed",1,11,"Corporate Counsel",4,106587,NA,2025-10-23
701355,33,2024-10-31,"S. Lee","Closed",1,9,"Operations Manager",4,100524,NA,2025-01-28
701356,9,2024-01-23,"K. Brown","On Hold",1,3,"Product Analyst",2,108185,"Luna Wrenellstone",2024-02-19
701357,7,2026-01-27,"K. Brown","Open",1,2,"Engineering Manager",4,107054,NA,NA
701358,8,2025-01-07,"K. Brown","Open",1,2,"Director of Engineering",6,108979,NA,NA
701359,3,2025-08-02,"M. Davis","Open",3,1,"Vice President",8,109986,NA,NA
701360,30,2024-06-15,"J. Watson","Closed",2,8,"Sales Manager",4,103525,NA,2024-09-15
701361,23,2024-04-19,"A. Carter","Closed",1,6,"HR Manager",4,103581,NA,2024-05-17
701362,24,2024-05-23,"R. Thomas","Closed",1,6,"Director of HR",6,100517,NA,2024-07-04
701363,11,2024-10-06,"J. Watson","Open",1,3,"Senior Product Manager",4,109750,NA,NA
701364,18,2025-09-05,"S. Lee","Closed",4,5,"Finance Manager",4,106044,NA,2025-12-03
701365,26,2025-11-15,"R. Thomas","Closed",1,7,"Digital Marketing Manager",3,100554,NA,2026-01-10
701366,7,2025-02-13,"T. Nguyen","Closed",1,2,"Engineering Manager",4,102165,NA,2025-05-15
701367,32,2024-03-18,"D. Patel","Closed",2,9,"Operations Analyst",2,107595,NA,2024-05-04
701368,8,2024-08-27,"J. Watson","Closed",2,2,"Director of Engineering",6,103525,NA,2024-11-15
701369,2,2024-09-26,"M. Davis","Cancelled",1,1,"Chief Operating Officer",9,101131,NA,2024-11-05
701370,29,2024-04-06,"R. Thomas","Closed",1,8,"Account Executive",2,105368,NA,2024-05-23
701371,2,2024-04-15,"S. Lee","Open",1,1,"Chief Operating Officer",9,101621,NA,NA
701372,15,2024-07-05,"A. Carter","Closed",1,4,"IT Manager",4,104776,NA,2024-09-25
701373,26,2024-05-11,"K. Brown","Open",1,7,"Digital Marketing Manager",3,108911,NA,NA
701374,25,2024-08-19,"M. Davis","Closed",1,7,"Marketing Specialist",1,106265,NA,2024-10-13
701375,35,2024-05-11,"K. Brown","Closed",1,10,"Customer Support Representative",1,109011,NA,2024-06-20
701376,20,2025-11-17,"M. Davis","Closed",1,6,"HR Coordinator",1,106900,NA,2025-12-17
701377,26,2025-06-09,"D. Patel","Closed",1,7,"Digital Marketing Manager",3,104604,NA,2025-08-24
701378,12,2025-07-18,"K. Brown","Closed",2,3,"Director of Product",6,109773,NA,2025-09-11
701379,38,2024-06-09,"A. Carter","Cancelled",1,11,"Legal Analyst",2,105508,NA,2024-06-21
701380,34,2024-01-17,"T. Nguyen","Closed",1,9,"Director of Operations",6,101140,NA,2024-04-11
701381,39,2025-08-02,"M. Davis","Closed",1,11,"Corporate Counsel",4,100773,NA,2025-10-07
701382,25,2025-08-23,"D. Patel","Closed",1,7,"Marketing Specialist",1,100061,NA,2025-11-19
701383,33,2024-08-02,"S. Lee","Open",1,9,"Operations Manager",4,100196,NA,NA
701384,1,2024-11-21,"S. Lee","Closed",1,1,"Chief Executive Officer",10,105075,NA,2024-12-30
701385,26,2025-05-04,"K. Brown","Closed",1,7,"Digital Marketing Manager",3,106323,NA,2025-07-11
701386,10,2025-12-04,"M. Davis","Open",1,3,"Product Manager",3,101410,NA,NA
701387,27,2024-07-13,"K. Brown","Closed",1,7,"Marketing Director",5,101254,NA,2024-09-16
701388,40,2024-01-27,"T. Nguyen","Closed",1,11,"General Counsel",8,109672,NA,2024-04-20
701389,38,2025-11-17,"M. Davis","Closed",1,11,"Legal Analyst",2,102350,NA,2025-12-05
701390,3,2025-07-16,"T. Nguyen","Closed",2,1,"Vice President",8,109805,NA,2025-08-14
701391,26,2024-11-09,"R. Thomas","Open",1,7,"Digital Marketing Manager",3,101829,NA,NA
701392,12,2025-02-13,"S. Lee","Closed",1,3,"Director of Product",6,100104,NA,2025-03-11
701393,38,2025-06-03,"T. Nguyen","On Hold",1,11,"Legal Analyst",2,100551,NA,2025-06-11
701394,18,2024-09-10,"J. Watson","Cancelled",2,5,"Finance Manager",4,106329,NA,2024-10-02
701395,33,2025-01-08,"J. Watson","Open",1,9,"Operations Manager",4,107608,NA,NA
701396,17,2024-08-11,"S. Lee","Closed",1,5,"Senior Financial Analyst",3,104032,NA,2024-10-06
701397,15,2024-09-02,"M. Davis","Closed",1,4,"IT Manager",4,101524,NA,2024-09-25
701398,8,2025-05-01,"T. Nguyen","Closed",2,2,"Director of Engineering",6,100655,NA,2025-07-08
701399,4,2024-09-06,"J. Watson","Closed",1,2,"Software Engineer I",1,101869,"Jacob Hallettshire",2024-11-27
701400,38,2024-01-31,"J. Watson","Open",2,11,"Legal Analyst",2,104336,NA,NA
701401,22,2024-06-07,"K. Brown","Open",1,6,"HR Business Partner",3,102351,"Elijah Silvermond",NA
701402,11,2024-01-30,"M. Davis","Closed",2,3,"Senior Product Manager",4,106259,NA,2024-03-02
701403,30,2024-06-13,"R. Thomas","Closed",1,8,"Sales Manager",4,102913,NA,2024-07-06
701404,25,2024-10-02,"K. Brown","Open",1,7,"Marketing Specialist",1,109666,"Charles Kingsonmont",NA
701405,8,2025-06-16,"S. Lee","Closed",2,2,"Director of Engineering",6,102487,NA,2025-09-11
701406,4,2025-09-07,"S. Lee","Open",1,2,"Software Engineer I",1,105618,NA,NA
701407,28,2025-06-12,"J. Watson","Closed",1,8,"Sales Development Representative",1,104884,NA,2025-07-30
701408,2,2025-05-05,"R. Thomas","Closed",1,1,"Chief Operating Officer",9,100829,NA,2025-07-22
701409,11,2025-07-04,"K. Brown","Open",1,3,"Senior Product Manager",4,107188,NA,NA
701410,19,2024-05-08,"S. Lee","Open",1,5,"Director of Finance",6,109424,NA,NA
701411,33,2024-04-11,"K. Brown","Open",1,9,"Operations Manager",4,105816,"Victoria Winduridge",NA
701412,10,2025-06-03,"A. Carter","Closed",1,3,"Product Manager",3,103169,NA,2025-08-15
701413,20,2026-01-08,"K. Brown","Closed",1,6,"HR Coordinator",1,106872,NA,2026-03-07
701414,38,2025-07-06,"D. Patel","Open",2,11,"Legal Analyst",2,107714,NA,NA
701415,19,2024-06-25,"R. Thomas","Open",1,5,"Director of Finance",6,101132,NA,NA
701416,17,2025-07-19,"D. Patel","Open",2,5,"Senior Financial Analyst",3,104706,NA,NA
701417,7,2024-09-27,"D. Patel","Closed",2,2,"Engineering Manager",4,104987,"Cameron Dalbrook",2024-12-23
701418,4,2024-04-21,"S. Lee","Closed",2,2,"Software Engineer I",1,104416,NA,2024-05-22
701419,7,2024-12-22,"S. Lee","Closed",1,2,"Engineering Manager",4,106986,"Charlie Chandway",2025-03-19
701420,4,2024-08-31,"S. Lee","Cancelled",1,2,"Software Engineer I",1,107034,NA,2024-09-08
701421,32,2024-07-05,"J. Watson","Closed",2,9,"Operations Analyst",2,101454,NA,2024-09-05
701422,11,2024-03-25,"K. Brown","Closed",2,3,"Senior Product Manager",4,109259,NA,2024-06-11
701423,26,2024-06-12,"R. Thomas","Closed",1,7,"Digital Marketing Manager",3,105526,NA,2024-08-17
701424,27,2024-07-31,"K. Brown","Closed",1,7,"Marketing Director",5,101318,NA,2024-09-04
701425,17,2025-05-24,"J. Watson","Closed",1,5,"Senior Financial Analyst",3,103518,NA,2025-07-27
701426,36,2024-04-06,"K. Brown","Closed",2,10,"Customer Support Manager",3,108835,NA,2024-06-14
701427,38,2024-09-22,"K. Brown","Cancelled",2,11,"Legal Analyst",2,106934,NA,2024-11-01
701428,27,2024-04-14,"D. Patel","Closed",1,7,"Marketing Director",5,109958,NA,2024-06-21
701429,2,2026-02-13,"T. Nguyen","Closed",1,1,"Chief Operating Officer",9,104987,NA,2026-04-02
701430,40,2024-09-30,"R. Thomas","Closed",1,11,"General Counsel",8,104256,NA,2024-12-12
701431,5,2024-05-05,"K. Brown","Closed",2,2,"Software Engineer II",2,108452,"Peter Stoneensen",2024-06-18
701432,12,2024-12-02,"J. Watson","Open",3,3,"Director of Product",6,103934,NA,NA
701433,14,2025-08-14,"T. Nguyen","Open",1,4,"Systems Administrator",2,107574,NA,NA
701434,28,2025-01-18,"S. Lee","Cancelled",1,8,"Sales Development Representative",1,100560,NA,2025-01-31
701435,27,2025-05-09,"S. Lee","Closed",2,7,"Marketing Director",5,100571,"Alan Emham",2025-07-04
701436,10,2025-04-23,"D. Patel","Open",1,3,"Product Manager",3,100358,"Leo Parkormond",NA
701437,33,2024-11-18,"M. Davis","Open",1,9,"Operations Manager",4,101730,NA,NA
701438,9,2024-03-11,"A. Carter","Closed",2,3,"Product Analyst",2,106423,NA,2024-05-05
701439,12,2025-09-08,"A. Carter","Open",1,3,"Director of Product",6,104395,NA,NA
701440,23,2026-02-10,"A. Carter","Cancelled",2,6,"HR Manager",4,102990,NA,2026-02-26
701441,1,2024-08-03,"T. Nguyen","Open",1,1,"Chief Executive Officer",10,101303,NA,NA
701442,35,2025-12-01,"S. Lee","Closed",1,10,"Customer Support Representative",1,108729,NA,2026-02-18
701443,35,2026-01-29,"D. Patel","Open",1,10,"Customer Support Representative",1,108719,NA,NA
701444,26,2026-01-24,"A. Carter","Closed",1,7,"Digital Marketing Manager",3,103691,NA,2026-04-13
701445,3,2024-05-30,"T. Nguyen","Open",1,1,"Vice President",8,108241,NA,NA
701446,33,2024-04-26,"A. Carter","Closed",1,9,"Operations Manager",4,107703,NA,2024-06-02
701447,28,2024-03-05,"R. Thomas","On Hold",1,8,"Sales Development Representative",1,105681,"Genesis Presoman",2024-03-22
701448,34,2025-06-15,"J. Watson","Open",1,9,"Director of Operations",6,106660,NA,NA
701449,15,2024-03-31,"R. Thomas","Closed",2,4,"IT Manager",4,101616,NA,2024-04-20
701450,7,2024-06-21,"D. Patel","Closed",1,2,"Engineering Manager",4,100954,"Natalie Caldwingham",2024-08-19
701451,19,2025-07-08,"D. Patel","Open",1,5,"Director of Finance",6,105976,NA,NA
701452,28,2024-02-27,"K. Brown","Open",1,8,"Sales Development Representative",1,100497,NA,NA
701453,2,2025-01-22,"T. Nguyen","Closed",1,1,"Chief Operating Officer",9,102507,NA,2025-02-23
701454,27,2024-10-09,"K. Brown","Closed",2,7,"Marketing Director",5,105966,NA,2025-01-01
701455,5,2024-10-12,"R. Thomas","Open",1,2,"Software Engineer II",2,105555,NA,NA
701456,14,2024-09-29,"J. Watson","Open",2,4,"Systems Administrator",2,100318,NA,NA
701457,40,2024-11-08,"R. Thomas","Closed",1,11,"General Counsel",8,103129,NA,2024-11-27
701458,7,2025-06-03,"M. Davis","Open",1,2,"Engineering Manager",4,106121,"Samantha Hollton",NA
701459,40,2024-05-30,"A. Carter","Closed",2,11,"General Counsel",8,103930,NA,2024-07-18
701460,3,2024-01-01,"M. Davis","Cancelled",1,1,"Vice President",8,109875,NA,2024-01-14
701461,34,2024-10-11,"R. Thomas","Open",1,9,"Director of Operations",6,100083,NA,NA
701462,33,2025-01-07,"S. Lee","Closed",1,9,"Operations Manager",4,103254,NA,2025-02-27
701463,10,2024-12-17,"K. Brown","Closed",1,3,"Product Manager",3,108374,NA,2025-01-21
701464,38,2025-06-04,"S. Lee","Closed",1,11,"Legal Analyst",2,103306,NA,2025-07-08
701465,35,2024-07-15,"R. Thomas","Closed",1,10,"Customer Support Representative",1,108189,NA,2024-08-24
701466,27,2025-11-03,"R. Thomas","Open",1,7,"Marketing Director",5,101904,NA,NA
701467,8,2024-09-14,"A. Carter","Cancelled",1,2,"Director of Engineering",6,105205,NA,2024-10-19
701468,6,2025-06-24,"A. Carter","Closed",1,2,"Senior Software Engineer",3,101336,NA,2025-09-09
701469,7,2024-02-01,"A. Carter","Closed",1,2,"Engineering Manager",4,103536,NA,2024-04-03
701470,14,2024-09-25,"K. Brown","Closed",2,4,"Systems Administrator",2,105045,NA,2024-11-07
701471,39,2025-03-23,"M. Davis","Closed",1,11,"Corporate Counsel",4,105785,NA,2025-05-03
701472,1,2024-12-17,"S. Lee","Open",1,1,"Chief Executive Officer",10,105632,NA,NA
701473,21,2024-04-26,"R. Thomas","Closed",1,6,"HR Generalist",2,109616,NA,2024-07-06
701474,27,2025-03-02,"R. Thomas","Open",1,7,"Marketing Director",5,106438,NA,NA
701475,3,2024-08-20,"D. Patel","Open",1,1,"Vice President",8,104559,NA,NA
701476,6,2025-10-27,"T. Nguyen","Open",4,2,"Senior Software Engineer",3,100121,NA,NA
701477,16,2024-05-02,"A. Carter","On Hold",1,5,"Financial Analyst",2,105030,NA,2024-05-25
701478,30,2024-12-02,"M. Davis","Cancelled",1,8,"Sales Manager",4,107449,NA,2025-01-07
701479,19,2024-11-03,"J. Watson","Closed",1,5,"Director of Finance",6,106451,NA,2025-02-02
701480,31,2025-06-15,"S. Lee","On Hold",1,8,"Director of Sales",6,101760,NA,2025-07-03
701481,35,2024-05-07,"A. Carter","Open",3,10,"Customer Support Representative",1,109527,"Landon Oaklinlin",NA
701482,9,2025-11-16,"T. Nguyen","Closed",1,3,"Product Analyst",2,101811,"Ashley Wardinquist",2026-01-02
701483,25,2025-06-28,"S. Lee","Cancelled",1,7,"Marketing Specialist",1,106127,NA,2025-07-08
701484,32,2026-01-10,"S. Lee","Closed",1,9,"Operations Analyst",2,107894,"Alicia Chandanquist",2026-02-25
701485,12,2024-01-13,"D. Patel","Closed",2,3,"Director of Product",6,106101,NA,2024-03-21
701486,19,2025-08-17,"K. Brown","Closed",1,5,"Director of Finance",6,107383,NA,2025-10-01
701487,25,2024-07-03,"A. Carter","Open",1,7,"Marketing Specialist",1,105259,NA,NA
701488,18,2024-08-08,"T. Nguyen","Open",1,5,"Finance Manager",4,103116,NA,NA
701489,36,2025-07-28,"J. Watson","Closed",2,10,"Customer Support Manager",3,100382,NA,2025-10-14
701490,13,2024-04-10,"A. Carter","Open",1,4,"IT Support Specialist",1,106005,NA,NA
701491,36,2025-08-12,"D. Patel","Closed",1,10,"Customer Support Manager",3,100270,NA,2025-09-14
701492,10,2025-07-08,"K. Brown","Open",2,3,"Product Manager",3,104266,NA,NA
701493,9,2025-05-07,"M. Davis","Closed",1,3,"Product Analyst",2,108142,NA,2025-07-22
701494,36,2025-03-21,"A. Carter","Open",1,10,"Customer Support Manager",3,102090,"Elijah Westson",NA
701495,17,2025-08-12,"K. Brown","Open",1,5,"Senior Financial Analyst",3,107467,NA,NA
701496,13,2025-09-16,"K. Brown","Open",1,4,"IT Support Specialist",1,101186,NA,NA
701497,30,2025-05-15,"M. Davis","Cancelled",1,8,"Sales Manager",4,105151,NA,2025-06-01
701498,32,2025-04-27,"M. Davis","Open",3,9,"Operations Analyst",2,109670,NA,NA
701499,24,2024-07-01,"J. Watson","Closed",2,6,"Director of HR",6,108695,NA,2024-08-08
701500,3,2024-11-07,"J. Watson","Closed",1,1,"Vice President",8,102224,NA,2025-01-02
701501,13,2025-09-19,"A. Carter","Closed",1,4,"IT Support Specialist",1,109348,NA,2025-11-02
701502,10,2025-11-12,"A. Carter","Closed",1,3,"Product Manager",3,103708,NA,2026-02-12
701503,12,2024-09-24,"A. Carter","Closed",1,3,"Director of Product",6,108866,NA,2024-12-08
701504,9,2024-02-28,"A. Carter","Cancelled",1,3,"Product Analyst",2,101658,NA,2024-03-31
701505,18,2024-01-18,"M. Davis","Open",2,5,"Finance Manager",4,106795,NA,NA
701506,18,2024-11-15,"A. Carter","Closed",1,5,"Finance Manager",4,104932,NA,2025-02-17
701507,12,2024-12-20,"R. Thomas","Open",1,3,"Director of Product",6,108343,NA,NA
701508,2,2026-01-15,"S. Lee","Open",1,1,"Chief Operating Officer",9,109376,NA,NA
701509,12,2025-01-30,"R. Thomas","Open",1,3,"Director of Product",6,103790,NA,NA
701510,37,2026-01-06,"K. Brown","Cancelled",1,10,"Director of Customer Support",5,105521,NA,2026-01-21
701511,34,2024-10-06,"S. Lee","Closed",1,9,"Director of Operations",6,104276,"Austin Wreneham",2025-01-07
701512,2,2024-12-16,"J. Watson","Closed",1,1,"Chief Operating Officer",9,105048,NA,2025-01-12
701513,7,2025-11-17,"A. Carter","Cancelled",1,2,"Engineering Manager",4,103925,NA,2025-12-10
701514,18,2024-08-30,"K. Brown","Open",1,5,"Finance Manager",4,100161,"Dakota Chandingward",NA
701515,32,2024-05-17,"J. Watson","On Hold",2,9,"Operations Analyst",2,102165,NA,2024-06-08
701516,28,2024-10-04,"T. Nguyen","Open",1,8,"Sales Development Representative",1,104313,NA,NA
701517,8,2024-10-14,"K. Brown","Closed",1,2,"Director of Engineering",6,108690,NA,2024-12-28
701518,26,2025-11-21,"K. Brown","On Hold",1,7,"Digital Marketing Manager",3,109621,NA,2025-12-09
701519,19,2024-01-16,"R. Thomas","Open",1,5,"Director of Finance",6,104176,NA,NA
701520,22,2025-01-10,"R. Thomas","Closed",1,6,"HR Business Partner",3,104560,NA,2025-04-01
701521,27,2025-09-20,"S. Lee","Closed",1,7,"Marketing Director",5,104574,NA,2025-10-31
701522,14,2025-04-11,"J. Watson","Closed",1,4,"Systems Administrator",2,100097,NA,2025-06-13
701523,5,2025-06-03,"S. Lee","Open",1,2,"Software Engineer II",2,101378,NA,NA
701524,26,2024-01-28,"A. Carter","On Hold",1,7,"Digital Marketing Manager",3,103970,"Angela Hallinford",2024-02-14
701525,20,2025-12-28,"A. Carter","Closed",1,6,"HR Coordinator",1,106261,NA,2026-01-25
701526,31,2025-04-24,"K. Brown","Closed",1,8,"Director of Sales",6,102312,"Harper Stoneelham",2025-07-25
701527,39,2025-03-03,"D. Patel","Open",1,11,"Corporate Counsel",4,109376,NA,NA
701528,19,2024-04-26,"K. Brown","Closed",1,5,"Director of Finance",6,107879,NA,2024-06-13
701529,15,2025-05-05,"A. Carter","On Hold",1,4,"IT Manager",4,103585,NA,2025-06-01
701530,17,2025-11-24,"R. Thomas","Cancelled",1,5,"Senior Financial Analyst",3,100945,NA,2025-12-15
701531,13,2024-10-21,"D. Patel","Open",1,4,"IT Support Specialist",1,100468,NA,NA
701532,6,2025-01-09,"R. Thomas","Closed",1,2,"Senior Software Engineer",3,101718,NA,2025-03-31
701533,39,2025-05-30,"M. Davis","Closed",1,11,"Corporate Counsel",4,101106,NA,2025-08-30
701534,12,2026-02-10,"M. Davis","Closed",1,3,"Director of Product",6,104320,NA,2026-04-02
701535,32,2025-01-21,"D. Patel","Closed",2,9,"Operations Analyst",2,109728,NA,2025-04-03
701536,10,2025-01-28,"M. Davis","Closed",1,3,"Product Manager",3,107973,NA,2025-02-16
701537,10,2024-08-03,"A. Carter","Closed",2,3,"Product Manager",3,103100,NA,2024-10-10
701538,16,2024-03-31,"M. Davis","Open",1,5,"Financial Analyst",2,100444,NA,NA
701539,21,2024-10-15,"R. Thomas","Closed",2,6,"HR Generalist",2,102329,NA,2024-11-04
701540,24,2024-09-09,"M. Davis","Closed",1,6,"Director of HR",6,109562,NA,2024-10-25
701541,33,2025-04-11,"D. Patel","Open",2,9,"Operations Manager",4,105305,NA,NA
701542,33,2025-09-11,"J. Watson","Closed",1,9,"Operations Manager",4,107994,NA,2025-10-24
701543,27,2024-04-06,"A. Carter","Open",1,7,"Marketing Director",5,104946,NA,NA
701544,37,2024-08-29,"K. Brown","Open",1,10,"Director of Customer Support",5,105065,NA,NA
701545,1,2024-08-15,"T. Nguyen","Open",1,1,"Chief Executive Officer",10,101485,NA,NA
701546,23,2025-11-25,"D. Patel","Open",2,6,"HR Manager",4,107192,NA,NA
701547,32,2024-04-01,"D. Patel","Open",2,9,"Operations Analyst",2,101420,NA,NA
701548,33,2025-11-11,"K. Brown","Closed",1,9,"Operations Manager",4,108105,"Kiara Pineingcrest",2025-12-17
701549,33,2024-02-16,"K. Brown","Closed",1,9,"Operations Manager",4,102902,NA,2024-05-15
701550,36,2025-07-21,"T. Nguyen","Open",1,10,"Customer Support Manager",3,101553,NA,NA
701551,24,2024-07-30,"A. Carter","Closed",1,6,"Director of HR",6,105237,NA,2024-08-24
701552,33,2024-01-17,"M. Davis","Closed",1,9,"Operations Manager",4,104145,NA,2024-02-23
701553,27,2024-08-16,"S. Lee","Open",2,7,"Marketing Director",5,103100,NA,NA
701554,37,2024-08-15,"D. Patel","Closed",2,10,"Director of Customer Support",5,108683,NA,2024-11-14
701555,16,2025-11-17,"A. Carter","Open",1,5,"Financial Analyst",2,106726,NA,NA
701556,40,2025-02-26,"K. Brown","Closed",2,11,"General Counsel",8,103300,NA,2025-05-14
701557,15,2025-10-06,"K. Brown","Closed",1,4,"IT Manager",4,108766,"Autumn Willsonstead",2025-11-04
701558,37,2025-08-06,"R. Thomas","Closed",1,10,"Director of Customer Support",5,100322,NA,2025-09-17
701559,26,2024-11-15,"M. Davis","Open",1,7,"Digital Marketing Manager",3,101173,NA,NA
701560,7,2024-03-16,"T. Nguyen","Closed",1,2,"Engineering Manager",4,107936,NA,2024-04-06
701561,4,2025-07-29,"K. Brown","Open",1,2,"Software Engineer I",1,104614,NA,NA
701562,22,2024-10-03,"J. Watson","Open",1,6,"HR Business Partner",3,100872,NA,NA
701563,8,2025-11-20,"D. Patel","Closed",1,2,"Director of Engineering",6,104880,NA,2025-12-15
701564,37,2025-09-30,"J. Watson","Open",1,10,"Director of Customer Support",5,104537,NA,NA
701565,32,2025-09-15,"K. Brown","Cancelled",3,9,"Operations Analyst",2,105389,NA,2025-10-18
701566,4,2024-05-08,"M. Davis","Open",1,2,"Software Engineer I",1,108992,NA,NA
701567,3,2024-09-15,"M. Davis","Open",2,1,"Vice President",8,104658,NA,NA
701568,22,2024-12-14,"M. Davis","Open",1,6,"HR Business Partner",3,106518,NA,NA
701569,21,2024-02-04,"S. Lee","Closed",1,6,"HR Generalist",2,101829,NA,2024-04-19
701570,8,2024-11-27,"R. Thomas","Open",1,2,"Director of Engineering",6,106726,NA,NA
701571,10,2025-11-06,"R. Thomas","Closed",2,3,"Product Manager",3,100465,NA,2025-11-27
701572,12,2025-03-23,"A. Carter","Closed",1,3,"Director of Product",6,106806,NA,2025-06-07
701573,26,2025-04-01,"M. Davis","Open",1,7,"Digital Marketing Manager",3,105018,NA,NA
701574,4,2024-07-11,"R. Thomas","Cancelled",2,2,"Software Engineer I",1,105507,NA,2024-08-15
701575,5,2024-01-29,"M. Davis","Closed",1,2,"Software Engineer II",2,107934,NA,2024-04-17
701576,31,2025-02-22,"R. Thomas","Closed",1,8,"Director of Sales",6,101132,NA,2025-04-18
701577,27,2025-04-03,"A. Carter","Closed",2,7,"Marketing Director",5,100573,NA,2025-05-29
701578,38,2025-05-28,"D. Patel","Closed",2,11,"Legal Analyst",2,106264,NA,2025-08-15
701579,39,2026-01-27,"J. Watson","Closed",1,11,"Corporate Counsel",4,108175,NA,2026-04-03
701580,1,2024-08-22,"M. Davis","Closed",1,1,"Chief Executive Officer",10,105412,NA,2024-11-19
701581,36,2025-11-01,"R. Thomas","Open",1,10,"Customer Support Manager",3,103701,NA,NA
701582,18,2025-05-31,"J. Watson","Closed",1,5,"Finance Manager",4,103405,NA,2025-07-02
701583,15,2024-02-02,"S. Lee","Closed",1,4,"IT Manager",4,104614,NA,2024-04-28
701584,8,2024-01-23,"D. Patel","On Hold",1,2,"Director of Engineering",6,109290,NA,2024-02-21
701585,17,2024-03-26,"D. Patel","Open",1,5,"Senior Financial Analyst",3,105900,NA,NA
701586,28,2025-01-25,"K. Brown","Open",1,8,"Sales Development Representative",1,101715,NA,NA
701587,11,2025-06-17,"A. Carter","On Hold",1,3,"Senior Product Manager",4,101042,NA,2025-07-14
701588,15,2025-01-10,"R. Thomas","Open",2,4,"IT Manager",4,104629,NA,NA
701589,4,2025-05-29,"J. Watson","Closed",4,2,"Software Engineer I",1,100847,NA,2025-08-11
701590,20,2024-12-09,"M. Davis","Closed",1,6,"HR Coordinator",1,109936,NA,2025-02-12
701591,29,2024-06-01,"S. Lee","Closed",2,8,"Account Executive",2,101802,NA,2024-08-09
701592,33,2025-08-23,"K. Brown","Open",1,9,"Operations Manager",4,107291,"Ana Stormowall",NA
701593,2,2025-12-08,"K. Brown","Open",1,1,"Chief Operating Officer",9,107194,NA,NA
701594,17,2026-01-24,"R. Thomas","Closed",1,5,"Senior Financial Analyst",3,105607,NA,2026-04-10
701595,32,2024-07-17,"K. Brown","Closed",1,9,"Operations Analyst",2,105491,NA,2024-08-17
701596,17,2025-09-26,"J. Watson","Open",1,5,"Senior Financial Analyst",3,108278,NA,NA
701597,30,2024-01-13,"J. Watson","Closed",3,8,"Sales Manager",4,101039,NA,2024-04-01
701598,26,2026-01-11,"J. Watson","Closed",1,7,"Digital Marketing Manager",3,109267,NA,2026-02-10
701599,8,2024-11-30,"M. Davis","Closed",1,2,"Director of Engineering",6,107482,NA,2025-02-11
701600,27,2024-01-15,"A. Carter","Open",1,7,"Marketing Director",5,106750,NA,NA
701601,14,2025-08-11,"T. Nguyen","Open",2,4,"Systems Administrator",2,108514,NA,NA
701602,29,2025-09-01,"K. Brown","Closed",1,8,"Account Executive",2,106317,NA,2025-10-24
701603,27,2024-08-23,"M. Davis","Closed",1,7,"Marketing Director",5,104218,NA,2024-10-31
701604,18,2025-06-20,"J. Watson","Open",1,5,"Finance Manager",4,101008,NA,NA
701605,24,2024-11-05,"J. Watson","Closed",1,6,"Director of HR",6,108373,NA,2025-01-27
701606,31,2025-11-29,"J. Watson","Open",1,8,"Director of Sales",6,109140,NA,NA
701607,5,2025-10-26,"J. Watson","Closed",1,2,"Software Engineer II",2,105789,NA,2026-01-04
701608,26,2024-05-20,"A. Carter","Closed",3,7,"Digital Marketing Manager",3,105554,NA,2024-07-12
701609,31,2025-02-12,"J. Watson","Open",1,8,"Director of Sales",6,109324,"Nicole Parkoquist",NA
701610,20,2025-10-07,"K. Brown","Open",1,6,"HR Coordinator",1,100486,NA,NA
701611,13,2025-08-27,"T. Nguyen","Open",1,4,"IT Support Specialist",1,103194,NA,NA
701612,17,2025-06-30,"D. Patel","Open",1,5,"Senior Financial Analyst",3,107188,NA,NA
701613,3,2025-05-02,"J. Watson","Closed",1,1,"Vice President",8,102357,NA,2025-06-07
701614,7,2025-05-13,"A. Carter","Open",1,2,"Engineering Manager",4,109807,NA,NA
701615,28,2025-05-09,"T. Nguyen","On Hold",1,8,"Sales Development Representative",1,107387,NA,2025-05-28
701616,40,2024-03-15,"T. Nguyen","Closed",1,11,"General Counsel",8,107221,NA,2024-05-09
701617,15,2026-01-24,"J. Watson","Closed",1,4,"IT Manager",4,102631,NA,2026-04-09
701618,30,2024-08-28,"J. Watson","Closed",1,8,"Sales Manager",4,102467,NA,2024-10-31
701619,40,2024-05-06,"T. Nguyen","Open",1,11,"General Counsel",8,103585,NA,NA
701620,30,2024-05-03,"J. Watson","Closed",1,8,"Sales Manager",4,108845,NA,2024-06-14
701621,26,2024-05-12,"S. Lee","Open",1,7,"Digital Marketing Manager",3,106403,NA,NA
701622,3,2025-12-11,"K. Brown","Closed",1,1,"Vice President",8,106327,NA,2026-02-13
701623,30,2024-10-04,"M. Davis","Closed",1,8,"Sales Manager",4,105216,NA,2024-12-03
701624,12,2025-03-17,"M. Davis","Open",1,3,"Director of Product",6,107917,NA,NA
701625,27,2025-06-18,"S. Lee","Closed",1,7,"Marketing Director",5,100824,NA,2025-08-19
701626,32,2025-03-01,"K. Brown","Closed",1,9,"Operations Analyst",2,108687,NA,2025-04-22
701627,3,2025-05-30,"K. Brown","Closed",2,1,"Vice President",8,109358,NA,2025-06-17
701628,25,2025-11-10,"K. Brown","Open",1,7,"Marketing Specialist",1,101887,NA,NA
701629,16,2026-01-25,"S. Lee","Closed",1,5,"Financial Analyst",2,108760,NA,2026-02-28
701630,15,2025-08-03,"S. Lee","Closed",1,4,"IT Manager",4,109867,NA,2025-11-02
701631,18,2025-07-11,"D. Patel","Cancelled",1,5,"Finance Manager",4,101608,NA,2025-08-02
701632,29,2025-04-26,"M. Davis","Open",2,8,"Account Executive",2,109335,NA,NA
701633,34,2026-02-02,"T. Nguyen","Closed",1,9,"Director of Operations",6,108707,NA,2026-04-02
701634,9,2025-06-12,"K. Brown","Open",1,3,"Product Analyst",2,108589,NA,NA
701635,26,2024-10-30,"J. Watson","Cancelled",3,7,"Digital Marketing Manager",3,109706,"Kingston Halleyman",2024-12-05
701636,36,2024-10-14,"R. Thomas","Closed",1,10,"Customer Support Manager",3,100864,NA,2025-01-12
701637,21,2025-01-13,"M. Davis","Closed",1,6,"HR Generalist",2,106029,NA,2025-02-08
701638,40,2024-04-21,"T. Nguyen","Closed",1,11,"General Counsel",8,102328,NA,2024-05-12
701639,32,2024-05-30,"M. Davis","Open",1,9,"Operations Analyst",2,101002,NA,NA
701640,13,2024-03-31,"K. Brown","Closed",1,4,"IT Support Specialist",1,108153,NA,2024-06-19
701641,31,2025-04-17,"D. Patel","Closed",1,8,"Director of Sales",6,101282,NA,2025-06-23
701642,22,2024-01-18,"D. Patel","Open",2,6,"HR Business Partner",3,101668,NA,NA
701643,36,2025-08-07,"S. Lee","Closed",1,10,"Customer Support Manager",3,102128,NA,2025-09-19
701644,27,2024-08-31,"A. Carter","Closed",2,7,"Marketing Director",5,101080,NA,2024-09-20
701645,30,2024-12-09,"K. Brown","Open",1,8,"Sales Manager",4,103999,NA,NA
701646,10,2024-02-07,"S. Lee","Cancelled",1,3,"Product Manager",3,107453,"Justin Wrenland",2024-03-10
701647,23,2025-08-04,"D. Patel","Open",1,6,"HR Manager",4,101553,NA,NA
701648,9,2024-01-20,"M. Davis","Closed",4,3,"Product Analyst",2,103720,NA,2024-03-04
701649,35,2025-07-04,"M. Davis","Open",1,10,"Customer Support Representative",1,104960,NA,NA
701650,10,2025-09-07,"M. Davis","Closed",2,3,"Product Manager",3,101695,NA,2025-10-05
701651,6,2025-10-07,"R. Thomas","Open",1,2,"Senior Software Engineer",3,107635,NA,NA
701652,40,2025-06-14,"J. Watson","Closed",1,11,"General Counsel",8,108938,NA,2025-07-08
701653,15,2025-02-21,"R. Thomas","Closed",1,4,"IT Manager",4,108255,NA,2025-03-18
701654,25,2025-07-22,"S. Lee","Closed",1,7,"Marketing Specialist",1,102603,NA,2025-08-15
701655,1,2024-02-29,"A. Carter","Open",1,1,"Chief Executive Officer",10,100791,NA,NA
701656,25,2024-08-30,"M. Davis","Closed",1,7,"Marketing Specialist",1,108307,NA,2024-10-27
701657,20,2025-08-08,"T. Nguyen","Open",1,6,"HR Coordinator",1,104764,NA,NA
701658,34,2025-10-15,"K. Brown","Cancelled",1,9,"Director of Operations",6,106261,NA,2025-11-24
701659,10,2025-03-25,"D. Patel","Closed",3,3,"Product Manager",3,108492,NA,2025-04-15
701660,14,2024-09-02,"S. Lee","Open",2,4,"Systems Administrator",2,104808,NA,NA
701661,11,2024-03-30,"R. Thomas","Closed",4,3,"Senior Product Manager",4,103428,NA,2024-06-22
701662,4,2025-03-29,"J. Watson","Open",2,2,"Software Engineer I",1,109553,NA,NA
701663,9,2025-12-21,"D. Patel","Closed",2,3,"Product Analyst",2,106996,NA,2026-02-20
701664,31,2024-04-25,"J. Watson","Open",1,8,"Director of Sales",6,101268,NA,NA
701665,20,2024-05-11,"D. Patel","Open",1,6,"HR Coordinator",1,102269,"Isabella Monubry",NA
701666,18,2025-07-15,"K. Brown","Closed",1,5,"Finance Manager",4,105132,NA,2025-10-17
701667,11,2024-08-29,"T. Nguyen","Open",1,3,"Senior Product Manager",4,105491,NA,NA
701668,25,2025-04-18,"S. Lee","Closed",1,7,"Marketing Specialist",1,101517,NA,2025-06-24
701669,19,2025-10-30,"D. Patel","Open",3,5,"Director of Finance",6,106117,NA,NA
701670,15,2025-09-18,"R. Thomas","Open",1,4,"IT Manager",4,101522,NA,NA
701671,24,2024-12-31,"T. Nguyen","Closed",1,6,"Director of HR",6,105359,NA,2025-02-04
701672,7,2024-12-09,"R. Thomas","On Hold",1,2,"Engineering Manager",4,100983,NA,2024-12-19
701673,24,2025-10-26,"J. Watson","Open",1,6,"Director of HR",6,106188,NA,NA
701674,21,2025-01-05,"J. Watson","Open",1,6,"HR Generalist",2,103155,NA,NA
701675,17,2024-03-08,"D. Patel","Open",1,5,"Senior Financial Analyst",3,109592,"Sage Roseanlin",NA
701676,3,2024-10-02,"D. Patel","On Hold",1,1,"Vice President",8,105612,NA,2024-10-26
701677,5,2025-11-23,"M. Davis","Closed",1,2,"Software Engineer II",2,106029,"Ella Caldwcroft",2026-02-23
701678,19,2025-04-30,"J. Watson","Open",1,5,"Director of Finance",6,101664,NA,NA
701679,23,2025-01-04,"S. Lee","Open",1,6,"HR Manager",4,109664,NA,NA
701680,24,2025-03-25,"M. Davis","Open",1,6,"Director of HR",6,108866,NA,NA
701681,35,2024-08-01,"T. Nguyen","Closed",2,10,"Customer Support Representative",1,107466,NA,2024-09-28
701682,19,2025-05-01,"T. Nguyen","Open",1,5,"Director of Finance",6,109992,NA,NA
701683,32,2025-09-22,"R. Thomas","Closed",1,9,"Operations Analyst",2,103058,NA,2025-11-08
701684,38,2024-08-06,"D. Patel","Open",1,11,"Legal Analyst",2,107819,NA,NA
701685,10,2026-01-17,"A. Carter","Open",1,3,"Product Manager",3,104033,NA,NA
701686,9,2025-11-21,"R. Thomas","Closed",3,3,"Product Analyst",2,108292,NA,2026-02-07
701687,25,2025-07-04,"R. Thomas","Closed",1,7,"Marketing Specialist",1,109864,NA,2025-07-30
701688,32,2025-06-25,"R. Thomas","Closed",1,9,"Operations Analyst",2,104279,NA,2025-08-08
701689,40,2024-12-11,"M. Davis","Closed",1,11,"General Counsel",8,104531,NA,2025-02-23
701690,20,2024-02-18,"A. Carter","On Hold",2,6,"HR Coordinator",1,102826,NA,2024-03-07
701691,19,2025-12-12,"A. Carter","Closed",2,5,"Director of Finance",6,103557,NA,2026-01-27
701692,9,2024-02-10,"S. Lee","Closed",1,3,"Product Analyst",2,104045,"Daniel Fintonford",2024-04-08
701693,33,2025-04-11,"M. Davis","Open",1,9,"Operations Manager",4,103579,NA,NA
701694,28,2024-02-16,"S. Lee","Closed",4,8,"Sales Development Representative",1,103090,NA,2024-05-06
701695,29,2025-01-27,"D. Patel","Cancelled",3,8,"Account Executive",2,108454,NA,2025-02-28
701696,14,2024-04-10,"D. Patel","Closed",1,4,"Systems Administrator",2,100264,NA,2024-07-08
701697,15,2025-03-22,"A. Carter","Closed",2,4,"IT Manager",4,108739,NA,2025-04-11
701698,11,2024-04-12,"K. Brown","Closed",1,3,"Senior Product Manager",4,108339,NA,2024-06-09
701699,39,2025-01-31,"K. Brown","Open",2,11,"Corporate Counsel",4,101418,NA,NA
701700,37,2025-07-30,"S. Lee","Closed",1,10,"Director of Customer Support",5,109214,NA,2025-08-21
701701,27,2025-07-04,"A. Carter","Cancelled",1,7,"Marketing Director",5,105559,"Nora Greenorwood",2025-08-12
701702,31,2024-07-30,"R. Thomas","Open",1,8,"Director of Sales",6,100655,NA,NA
701703,38,2024-08-29,"M. Davis","Closed",1,11,"Legal Analyst",2,100104,NA,2024-09-18
701704,23,2024-08-24,"K. Brown","Closed",1,6,"HR Manager",4,109155,NA,2024-10-15
701705,9,2024-02-01,"R. Thomas","Closed",2,3,"Product Analyst",2,105325,NA,2024-04-02
701706,19,2025-09-17,"S. Lee","Open",1,5,"Director of Finance",6,107811,NA,NA
701707,29,2025-03-03,"D. Patel","On Hold",2,8,"Account Executive",2,105341,NA,2025-04-02
701708,24,2024-05-20,"D. Patel","Closed",1,6,"Director of HR",6,106759,NA,2024-06-21
701709,9,2024-11-17,"A. Carter","Open",1,3,"Product Analyst",2,103665,"William Ashinmont",NA
701710,36,2025-08-17,"R. Thomas","Closed",1,10,"Customer Support Manager",3,101296,NA,2025-09-16
701711,35,2024-07-06,"K. Brown","Open",2,10,"Customer Support Representative",1,102461,NA,NA
701712,17,2024-03-12,"T. Nguyen","Closed",3,5,"Senior Financial Analyst",3,104276,NA,2024-04-17
701713,24,2026-01-26,"A. Carter","Open",2,6,"Director of HR",6,108312,NA,NA
701714,25,2025-03-28,"J. Watson","Open",1,7,"Marketing Specialist",1,103405,NA,NA
701715,12,2025-03-11,"S. Lee","Open",1,3,"Director of Product",6,109196,NA,NA
701716,36,2024-03-16,"T. Nguyen","Cancelled",1,10,"Customer Support Manager",3,103836,NA,2024-04-24
701717,7,2025-07-09,"D. Patel","Closed",1,2,"Engineering Manager",4,105104,NA,2025-09-05
701718,25,2025-03-05,"A. Carter","Open",1,7,"Marketing Specialist",1,109887,NA,NA
701719,29,2024-11-16,"J. Watson","Open",2,8,"Account Executive",2,105010,NA,NA
701720,8,2025-11-11,"J. Watson","Closed",1,2,"Director of Engineering",6,108165,NA,2025-12-14
701721,25,2025-05-28,"K. Brown","Closed",1,7,"Marketing Specialist",1,109152,NA,2025-06-28
701722,22,2025-04-29,"T. Nguyen","Cancelled",1,6,"HR Business Partner",3,107777,"Finley Belltonbry",2025-05-09
701723,29,2025-08-03,"D. Patel","Cancelled",1,8,"Account Executive",2,105808,NA,2025-08-13
701724,29,2024-11-03,"M. Davis","On Hold",4,8,"Account Executive",2,108372,NA,2024-12-03
701725,16,2026-02-01,"M. Davis","Closed",1,5,"Financial Analyst",2,100493,NA,2026-03-31
701726,4,2026-01-09,"M. Davis","On Hold",1,2,"Software Engineer I",1,105910,NA,2026-02-07
701727,8,2025-12-23,"A. Carter","Closed",2,2,"Director of Engineering",6,109921,NA,2026-02-13
701728,24,2025-09-22,"M. Davis","Closed",1,6,"Director of HR",6,108739,NA,2025-12-26
701729,29,2025-05-30,"D. Patel","Cancelled",1,8,"Account Executive",2,105863,NA,2025-06-21
701730,20,2025-09-03,"T. Nguyen","Closed",1,6,"HR Coordinator",1,106743,NA,2025-10-09
701731,10,2024-02-06,"S. Lee","Closed",1,3,"Product Manager",3,101575,NA,2024-03-25
701732,29,2025-04-16,"K. Brown","Open",1,8,"Account Executive",2,102452,NA,NA
701733,8,2024-03-13,"T. Nguyen","Open",1,2,"Director of Engineering",6,101608,NA,NA
701734,2,2025-06-22,"J. Watson","On Hold",1,1,"Chief Operating Officer",9,109406,NA,2025-07-05
701735,36,2024-06-30,"J. Watson","Closed",1,10,"Customer Support Manager",3,103958,NA,2024-07-18
701736,31,2025-03-22,"S. Lee","Closed",2,8,"Director of Sales",6,108688,"Ryan Roseinstrom",2025-04-20
701737,35,2024-04-08,"J. Watson","Open",1,10,"Customer Support Representative",1,100452,NA,NA
701738,4,2024-05-21,"A. Carter","Closed",1,2,"Software Engineer I",1,106054,NA,2024-07-17
701739,18,2024-09-19,"A. Carter","Open",1,5,"Finance Manager",4,108817,NA,NA
701740,14,2026-02-14,"M. Davis","Open",1,4,"Systems Administrator",2,102631,NA,NA
701741,6,2025-11-12,"A. Carter","Open",2,2,"Senior Software Engineer",3,104443,NA,NA
701742,11,2025-03-15,"A. Carter","Closed",1,3,"Senior Product Manager",4,107091,NA,2025-04-09
701743,13,2024-12-18,"K. Brown","Closed",1,4,"IT Support Specialist",1,100926,NA,2025-01-14
701744,16,2025-08-08,"J. Watson","Open",1,5,"Financial Analyst",2,107970,NA,NA
701745,1,2025-06-07,"T. Nguyen","Cancelled",1,1,"Chief Executive Officer",10,108667,NA,2025-06-19
701746,34,2024-01-03,"D. Patel","Closed",2,9,"Director of Operations",6,105208,NA,2024-03-17
701747,28,2025-01-27,"T. Nguyen","Closed",1,8,"Sales Development Representative",1,103781,NA,2025-03-15
701748,25,2025-05-27,"J. Watson","Closed",1,7,"Marketing Specialist",1,109958,NA,2025-07-21
701749,8,2025-10-08,"K. Brown","Closed",1,2,"Director of Engineering",6,102349,NA,2025-11-16
701750,9,2026-02-05,"S. Lee","Closed",1,3,"Product Analyst",2,100937,NA,2026-04-05
701751,7,2024-02-27,"K. Brown","Open",1,2,"Engineering Manager",4,107933,NA,NA
701752,28,2025-05-21,"M. Davis","Open",2,8,"Sales Development Representative",1,102537,NA,NA
701753,33,2026-01-21,"A. Carter","Closed",1,9,"Operations Manager",4,101054,NA,2026-04-12
701754,39,2024-03-05,"R. Thomas","Open",1,11,"Corporate Counsel",4,102744,NA,NA
701755,6,2024-07-20,"M. Davis","Closed",1,2,"Senior Software Engineer",3,104776,"Elena Carunway",2024-09-02
701756,19,2024-04-08,"T. Nguyen","Closed",1,5,"Director of Finance",6,109346,NA,2024-06-03
701757,33,2025-12-28,"D. Patel","Closed",1,9,"Operations Manager",4,103027,NA,2026-03-23
701758,36,2025-06-30,"R. Thomas","Closed",1,10,"Customer Support Manager",3,101149,NA,2025-09-13
701759,2,2025-07-24,"R. Thomas","Closed",1,1,"Chief Operating Officer",9,101326,NA,2025-09-23
701760,13,2024-05-16,"J. Watson","Closed",2,4,"IT Support Specialist",1,106725,NA,2024-08-09
701761,40,2024-03-20,"S. Lee","Open",3,11,"General Counsel",8,106678,NA,NA
701762,32,2025-12-31,"T. Nguyen","Closed",1,9,"Operations Analyst",2,100279,NA,2026-04-04
701763,2,2024-04-14,"M. Davis","Closed",2,1,"Chief Operating Officer",9,102222,NA,2024-06-12
701764,35,2024-09-30,"T. Nguyen","Open",1,10,"Customer Support Representative",1,105060,NA,NA
701765,39,2025-03-29,"T. Nguyen","On Hold",1,11,"Corporate Counsel",4,105122,NA,2025-04-21
701766,18,2024-12-24,"K. Brown","Open",2,5,"Finance Manager",4,106380,"Cole Hollanstead",NA
701767,18,2025-03-20,"M. Davis","Closed",1,5,"Finance Manager",4,101945,NA,2025-05-31
701768,16,2025-11-09,"K. Brown","Open",1,5,"Financial Analyst",2,104870,NA,NA
701769,31,2025-12-25,"J. Watson","Closed",1,8,"Director of Sales",6,103002,"Gabriella Barinstone",2026-03-26
701770,2,2024-08-18,"K. Brown","Open",3,1,"Chief Operating Officer",9,106454,NA,NA
701771,39,2024-05-22,"M. Davis","Closed",2,11,"Corporate Counsel",4,105831,NA,2024-08-21
701772,27,2026-01-01,"M. Davis","Closed",1,7,"Marketing Director",5,100627,NA,2026-03-06
701773,32,2025-01-24,"R. Thomas","Closed",1,9,"Operations Analyst",2,108047,NA,2025-04-04
701774,39,2024-02-13,"A. Carter","On Hold",1,11,"Corporate Counsel",4,102514,NA,2024-03-10
701775,4,2024-02-07,"A. Carter","Open",1,2,"Software Engineer I",1,105332,NA,NA
701776,22,2024-02-24,"J. Watson","Open",1,6,"HR Business Partner",3,103418,NA,NA
701777,22,2025-05-24,"D. Patel","Closed",1,6,"HR Business Partner",3,109927,NA,2025-07-24
701778,35,2025-04-25,"R. Thomas","Open",1,10,"Customer Support Representative",1,109424,NA,NA
701779,8,2024-05-10,"D. Patel","Open",1,2,"Director of Engineering",6,101069,"Amelia Raineford",NA
701780,20,2025-03-29,"A. Carter","Open",1,6,"HR Coordinator",1,100064,NA,NA
701781,28,2025-05-14,"T. Nguyen","Closed",1,8,"Sales Development Representative",1,104220,NA,2025-06-13
701782,37,2024-01-02,"K. Brown","Closed",2,10,"Director of Customer Support",5,107574,"Amy Presingbry",2024-03-13
701783,35,2024-04-28,"K. Brown","Closed",1,10,"Customer Support Representative",1,106487,NA,2024-07-08
701784,20,2025-06-25,"S. Lee","Open",3,6,"HR Coordinator",1,102947,NA,NA
701785,4,2025-07-13,"D. Patel","Open",2,2,"Software Engineer I",1,101186,"Scarlett Wardestone",NA
701786,24,2025-06-07,"J. Watson","On Hold",4,6,"Director of HR",6,106778,NA,2025-06-25
701787,23,2026-01-22,"R. Thomas","Open",1,6,"HR Manager",4,102328,NA,NA
701788,32,2024-07-07,"A. Carter","Open",3,9,"Operations Analyst",2,102314,NA,NA
701789,27,2025-08-24,"D. Patel","Open",1,7,"Marketing Director",5,103382,NA,NA
701790,11,2025-08-05,"S. Lee","Open",2,3,"Senior Product Manager",4,103665,"William Ashinmont",NA
701791,20,2024-03-05,"D. Patel","Open",1,6,"HR Coordinator",1,105063,NA,NA
701792,29,2024-07-06,"M. Davis","Open",1,8,"Account Executive",2,103061,NA,NA
701793,29,2024-10-12,"M. Davis","Open",1,8,"Account Executive",2,105174,NA,NA
701794,32,2024-04-17,"T. Nguyen","Closed",1,9,"Operations Analyst",2,105552,NA,2024-05-28
701795,24,2025-10-04,"R. Thomas","Closed",1,6,"Director of HR",6,102501,NA,2025-12-22
701796,27,2025-09-09,"M. Davis","Closed",2,7,"Marketing Director",5,109952,NA,2025-11-08
701797,33,2025-05-16,"R. Thomas","Open",1,9,"Operations Manager",4,109750,NA,NA
701798,36,2024-12-29,"J. Watson","Open",1,10,"Customer Support Manager",3,108199,NA,NA
701799,24,2024-11-26,"R. Thomas","Closed",1,6,"Director of HR",6,105179,NA,2025-01-09
701800,1,2025-01-08,"S. Lee","Cancelled",1,1,"Chief Executive Officer",10,107673,NA,2025-02-08
701801,37,2025-08-14,"D. Patel","Closed",1,10,"Director of Customer Support",5,101226,"Jayden Ellham",2025-09-22
701802,30,2024-10-06,"T. Nguyen","Cancelled",1,8,"Sales Manager",4,109712,"Mateo Caldawall",2024-10-27
701803,18,2024-03-05,"T. Nguyen","Closed",2,5,"Finance Manager",4,107673,NA,2024-04-09
701804,1,2025-07-02,"R. Thomas","Open",1,1,"Chief Executive Officer",10,103109,NA,NA
701805,18,2025-01-19,"M. Davis","Open",2,5,"Finance Manager",4,107078,NA,NA
701806,26,2025-01-17,"S. Lee","On Hold",1,7,"Digital Marketing Manager",3,102382,NA,2025-02-04
701807,35,2024-03-15,"M. Davis","Open",1,10,"Customer Support Representative",1,106620,NA,NA
701808,1,2024-01-29,"K. Brown","Open",1,1,"Chief Executive Officer",10,107914,NA,NA
701809,5,2024-01-10,"K. Brown","Cancelled",1,2,"Software Engineer II",2,105154,NA,2024-02-03
701810,19,2025-09-11,"T. Nguyen","Open",1,5,"Director of Finance",6,104472,NA,NA
701811,30,2025-01-25,"D. Patel","Cancelled",1,8,"Sales Manager",4,104656,NA,2025-02-19
701812,3,2024-06-27,"J. Watson","On Hold",2,1,"Vice President",8,108417,NA,2024-07-15
701813,37,2025-01-26,"M. Davis","Closed",1,10,"Director of Customer Support",5,107525,NA,2025-02-18
701814,15,2025-10-22,"A. Carter","Open",1,4,"IT Manager",4,108688,NA,NA
701815,8,2024-05-22,"T. Nguyen","Closed",1,2,"Director of Engineering",6,102144,"Eva Hallenford",2024-06-09
701816,9,2024-03-17,"R. Thomas","Open",1,3,"Product Analyst",2,107115,NA,NA
701817,15,2024-03-26,"A. Carter","Closed",1,4,"IT Manager",4,103908,NA,2024-04-19
701818,30,2024-03-01,"J. Watson","Cancelled",1,8,"Sales Manager",4,101627,NA,2024-03-19
701819,27,2024-12-24,"S. Lee","Open",1,7,"Marketing Director",5,106259,NA,NA
701820,34,2025-05-17,"S. Lee","Closed",2,9,"Director of Operations",6,105040,NA,2025-06-23
701821,39,2024-08-09,"D. Patel","Closed",3,11,"Corporate Counsel",4,106958,NA,2024-09-27
701822,34,2024-12-07,"A. Carter","Open",1,9,"Director of Operations",6,104421,NA,NA
701823,38,2025-12-25,"R. Thomas","Closed",1,11,"Legal Analyst",2,106808,NA,2026-01-19
701824,1,2024-04-20,"T. Nguyen","Closed",1,1,"Chief Executive Officer",10,109340,NA,2024-07-05
701825,22,2025-05-25,"M. Davis","Closed",1,6,"HR Business Partner",3,108998,NA,2025-07-10
701826,26,2024-04-13,"D. Patel","Open",1,7,"Digital Marketing Manager",3,106043,NA,NA
701827,20,2025-05-26,"T. Nguyen","Open",3,6,"HR Coordinator",1,107527,NA,NA
701828,18,2024-06-26,"S. Lee","Closed",1,5,"Finance Manager",4,105177,NA,2024-07-20
701829,39,2024-06-18,"J. Watson","Closed",1,11,"Corporate Counsel",4,103567,NA,2024-08-12
701830,7,2024-08-18,"K. Brown","Open",1,2,"Engineering Manager",4,108712,"Noah Reedstead",NA
701831,33,2024-04-09,"J. Watson","On Hold",1,9,"Operations Manager",4,109707,NA,2024-04-30
701832,6,2025-07-11,"T. Nguyen","Open",1,2,"Senior Software Engineer",3,106591,NA,NA
701833,32,2024-09-12,"R. Thomas","Open",2,9,"Operations Analyst",2,106711,"Daniela Finoby",NA
701834,8,2025-12-14,"R. Thomas","Open",4,2,"Director of Engineering",6,101803,NA,NA
701835,18,2025-12-03,"S. Lee","Closed",1,5,"Finance Manager",4,101403,NA,2026-01-09
701836,4,2025-06-24,"R. Thomas","Closed",1,2,"Software Engineer I",1,107669,NA,2025-09-12
701837,19,2026-01-19,"D. Patel","Open",1,5,"Director of Finance",6,103777,NA,NA
701838,29,2024-05-23,"A. Carter","Closed",1,8,"Account Executive",2,102178,NA,2024-07-29
701839,11,2024-01-27,"T. Nguyen","Closed",2,3,"Senior Product Manager",4,101298,NA,2024-04-24
701840,26,2025-09-04,"M. Davis","Closed",1,7,"Digital Marketing Manager",3,107537,NA,2025-10-20
701841,19,2024-04-23,"M. Davis","Closed",1,5,"Director of Finance",6,101149,NA,2024-06-18
701842,33,2024-07-30,"K. Brown","Open",1,9,"Operations Manager",4,102771,NA,NA
701843,8,2025-12-24,"D. Patel","Cancelled",2,2,"Director of Engineering",6,104095,NA,2026-01-14
701844,5,2024-05-13,"J. Watson","Closed",1,2,"Software Engineer II",2,107665,NA,2024-07-08
701845,30,2024-01-04,"K. Brown","On Hold",1,8,"Sales Manager",4,104864,NA,2024-01-15
701846,34,2024-12-30,"M. Davis","Closed",1,9,"Director of Operations",6,101215,NA,2025-01-29
701847,30,2025-07-29,"J. Watson","Cancelled",1,8,"Sales Manager",4,107500,NA,2025-08-08
701848,37,2025-01-21,"D. Patel","Closed",1,10,"Director of Customer Support",5,105690,NA,2025-03-14
701849,21,2026-01-30,"S. Lee","Open",2,6,"HR Generalist",2,101603,NA,NA
701850,26,2025-09-01,"D. Patel","Closed",1,7,"Digital Marketing Manager",3,101522,NA,2025-10-11
701851,21,2025-12-19,"R. Thomas","Open",2,6,"HR Generalist",2,103933,NA,NA
701852,14,2024-04-06,"T. Nguyen","Open",3,4,"Systems Administrator",2,104016,NA,NA
701853,6,2024-01-16,"T. Nguyen","Open",2,2,"Senior Software Engineer",3,107585,NA,NA
701854,17,2025-09-09,"M. Davis","Closed",1,5,"Senior Financial Analyst",3,107918,NA,2025-12-13
701855,27,2025-06-27,"M. Davis","Closed",1,7,"Marketing Director",5,106798,NA,2025-07-30
701856,17,2025-03-02,"A. Carter","Closed",1,5,"Senior Financial Analyst",3,103908,NA,2025-04-10
701857,24,2024-02-06,"D. Patel","Closed",4,6,"Director of HR",6,100534,NA,2024-03-15
701858,15,2025-03-01,"R. Thomas","Open",1,4,"IT Manager",4,106557,NA,NA
701859,28,2026-02-06,"K. Brown","On Hold",1,8,"Sales Development Representative",1,109239,NA,2026-03-06
701860,23,2025-10-23,"K. Brown","Open",1,6,"HR Manager",4,107689,NA,NA
701861,5,2025-08-21,"K. Brown","Open",1,2,"Software Engineer II",2,101263,NA,NA
701862,17,2025-06-11,"K. Brown","Closed",2,5,"Senior Financial Analyst",3,106277,NA,2025-07-10
701863,32,2025-03-22,"A. Carter","Open",1,9,"Operations Analyst",2,107809,NA,NA
701864,14,2025-06-03,"M. Davis","Closed",2,4,"Systems Administrator",2,100273,NA,2025-08-04
701865,33,2024-06-25,"D. Patel","Open",1,9,"Operations Manager",4,100553,NA,NA
701866,32,2025-05-17,"A. Carter","Closed",1,9,"Operations Analyst",2,101824,NA,2025-08-02
701867,34,2025-12-28,"T. Nguyen","Closed",1,9,"Director of Operations",6,106873,NA,2026-02-07
701868,15,2025-06-18,"T. Nguyen","Closed",1,4,"IT Manager",4,104256,NA,2025-07-24
701869,31,2024-08-20,"A. Carter","Closed",1,8,"Director of Sales",6,100111,NA,2024-10-23
701870,9,2024-05-21,"M. Davis","Closed",4,3,"Product Analyst",2,106906,NA,2024-08-14
701871,8,2024-07-14,"S. Lee","Closed",1,2,"Director of Engineering",6,104808,NA,2024-10-04
701872,6,2024-09-28,"K. Brown","Closed",2,2,"Senior Software Engineer",3,102832,NA,2024-12-28
701873,19,2025-08-20,"M. Davis","Open",2,5,"Director of Finance",6,105008,NA,NA
701874,10,2025-06-03,"J. Watson","Open",1,3,"Product Manager",3,105349,NA,NA
701875,34,2024-03-20,"A. Carter","Open",2,9,"Director of Operations",6,103194,NA,NA
701876,1,2024-08-23,"R. Thomas","Open",1,1,"Chief Executive Officer",10,100691,NA,NA
701877,13,2024-08-06,"J. Watson","Open",1,4,"IT Support Specialist",1,100345,"Wesley Kingenmond",NA
701878,18,2024-03-20,"R. Thomas","Closed",1,5,"Finance Manager",4,107512,NA,2024-05-15
701879,12,2024-05-05,"A. Carter","On Hold",1,3,"Director of Product",6,109887,NA,2024-06-01
701880,25,2025-10-17,"D. Patel","On Hold",1,7,"Marketing Specialist",1,106610,NA,2025-10-29
701881,16,2024-09-17,"R. Thomas","Open",1,5,"Financial Analyst",2,102539,NA,NA
701882,27,2024-09-15,"M. Davis","Open",4,7,"Marketing Director",5,104188,NA,NA
701883,4,2025-05-29,"S. Lee","Closed",1,2,"Software Engineer I",1,106213,"Liam Burnanton",2025-06-21
701884,14,2024-06-22,"T. Nguyen","Closed",3,4,"Systems Administrator",2,101843,NA,2024-08-28
701885,21,2025-08-30,"J. Watson","Open",1,6,"HR Generalist",2,101098,NA,NA
701886,29,2025-09-13,"M. Davis","Open",1,8,"Account Executive",2,107539,"Bailey Windarmere",NA
701887,17,2024-12-27,"T. Nguyen","Cancelled",1,5,"Senior Financial Analyst",3,107755,"Audrey Rainonwin",2025-01-07
701888,24,2025-04-14,"J. Watson","Open",1,6,"Director of HR",6,107914,NA,NA
701889,30,2025-03-18,"K. Brown","Open",1,8,"Sales Manager",4,101121,NA,NA
701890,40,2025-08-29,"D. Patel","Closed",1,11,"General Counsel",8,107777,NA,2025-11-08
701891,20,2024-01-16,"M. Davis","Open",1,6,"HR Coordinator",1,102743,NA,NA
701892,11,2025-04-14,"S. Lee","Open",1,3,"Senior Product Manager",4,107878,NA,NA
701893,31,2024-02-24,"R. Thomas","Closed",1,8,"Director of Sales",6,103327,NA,2024-04-15
701894,10,2024-03-21,"S. Lee","Open",3,3,"Product Manager",3,101531,NA,NA
701895,13,2025-08-29,"D. Patel","Open",1,4,"IT Support Specialist",1,107020,NA,NA
701896,1,2025-04-02,"T. Nguyen","Closed",1,1,"Chief Executive Officer",10,108236,NA,2025-06-14
701897,30,2024-01-12,"M. Davis","Closed",4,8,"Sales Manager",4,108170,NA,2024-04-10
701898,5,2024-08-16,"S. Lee","Closed",1,2,"Software Engineer II",2,102904,NA,2024-10-10
701899,3,2024-07-02,"T. Nguyen","Closed",1,1,"Vice President",8,101853,NA,2024-08-10
701900,7,2025-01-05,"M. Davis","Open",1,2,"Engineering Manager",4,104401,NA,NA
701901,17,2025-08-31,"R. Thomas","Closed",1,5,"Senior Financial Analyst",3,105915,NA,2025-11-04
701902,40,2024-05-10,"S. Lee","On Hold",1,11,"General Counsel",8,103924,NA,2024-05-19
701903,20,2024-01-25,"R. Thomas","On Hold",1,6,"HR Coordinator",1,105334,NA,2024-02-09
701904,39,2024-08-18,"M. Davis","Closed",1,11,"Corporate Counsel",4,109276,NA,2024-09-30
701905,14,2024-09-16,"K. Brown","Closed",1,4,"Systems Administrator",2,104834,NA,2024-12-11
701906,27,2025-09-05,"R. Thomas","Open",1,7,"Marketing Director",5,106361,NA,NA
701907,35,2024-09-07,"R. Thomas","Closed",1,10,"Customer Support Representative",1,102015,NA,2024-10-30
701908,34,2024-09-09,"D. Patel","Closed",1,9,"Director of Operations",6,102909,"Elijah Delman",2024-10-09
701909,27,2024-08-01,"R. Thomas","Open",1,7,"Marketing Director",5,103637,NA,NA
701910,28,2025-09-09,"J. Watson","Closed",1,8,"Sales Development Representative",1,100146,NA,2025-11-13
701911,6,2024-05-04,"J. Watson","Open",3,2,"Senior Software Engineer",3,109323,"Miles Wrenarstone",NA
701912,10,2024-12-24,"M. Davis","Open",3,3,"Product Manager",3,108757,NA,NA
701913,38,2025-10-07,"M. Davis","Closed",1,11,"Legal Analyst",2,100196,NA,2025-12-28
701914,37,2026-02-11,"J. Watson","Closed",1,10,"Director of Customer Support",5,109762,NA,2026-03-17
701915,5,2025-12-08,"S. Lee","Closed",1,2,"Software Engineer II",2,100535,NA,2026-02-05
701916,14,2026-02-03,"A. Carter","Closed",1,4,"Systems Administrator",2,109920,"Hayden Bartonthorne",2026-04-06
701917,36,2025-02-25,"T. Nguyen","Closed",2,10,"Customer Support Manager",3,101318,NA,2025-04-05
701918,28,2024-01-29,"D. Patel","Closed",1,8,"Sales Development Representative",1,103525,NA,2024-04-05
701919,12,2025-05-12,"R. Thomas","Open",2,3,"Director of Product",6,100407,NA,NA
701920,11,2025-11-05,"D. Patel","Open",1,3,"Senior Product Manager",4,100104,NA,NA
701921,14,2025-10-05,"T. Nguyen","Cancelled",1,4,"Systems Administrator",2,107048,NA,2025-11-07
701922,25,2025-07-15,"R. Thomas","Closed",1,7,"Marketing Specialist",1,107052,NA,2025-08-18
701923,5,2025-02-02,"A. Carter","Open",1,2,"Software Engineer II",2,108072,"Adrian Blanducroft",NA
701924,20,2025-10-19,"J. Watson","Open",1,6,"HR Coordinator",1,109159,NA,NA
701925,9,2025-11-28,"D. Patel","Closed",1,3,"Product Analyst",2,104636,NA,2026-01-19
701926,31,2025-09-21,"A. Carter","Open",2,8,"Director of Sales",6,104664,NA,NA
701927,16,2025-02-26,"T. Nguyen","Closed",1,5,"Financial Analyst",2,105936,"Jeremiah Goldlinward",2025-03-25
701928,22,2025-02-15,"S. Lee","Closed",1,6,"HR Business Partner",3,104095,NA,2025-05-04
701929,5,2025-02-10,"S. Lee","Cancelled",1,2,"Software Engineer II",2,106038,NA,2025-03-19
701930,33,2024-01-15,"K. Brown","Closed",1,9,"Operations Manager",4,100691,NA,2024-04-04
701931,11,2025-12-12,"R. Thomas","Closed",1,3,"Senior Product Manager",4,100173,NA,2026-01-10
701932,31,2024-11-05,"D. Patel","Open",1,8,"Director of Sales",6,108069,NA,NA
701933,10,2024-04-02,"T. Nguyen","Closed",1,3,"Product Manager",3,108757,NA,2024-05-20
701934,34,2025-06-19,"J. Watson","Closed",1,9,"Director of Operations",6,108238,"Vincent Bartonthorne",2025-09-03
701935,11,2025-08-21,"D. Patel","Open",1,3,"Senior Product Manager",4,102806,NA,NA
701936,10,2025-12-09,"J. Watson","Closed",1,3,"Product Manager",3,102533,NA,2026-03-05
701937,38,2025-10-20,"M. Davis","Closed",2,11,"Legal Analyst",2,100445,"Lillian Ashmore",2026-01-12
701938,39,2024-11-14,"K. Brown","Open",1,11,"Corporate Counsel",4,108671,NA,NA
701939,16,2024-01-07,"T. Nguyen","Closed",1,5,"Financial Analyst",2,106906,NA,2024-04-11
701940,39,2025-06-12,"K. Brown","Open",1,11,"Corporate Counsel",4,105359,NA,NA
701941,9,2025-01-14,"D. Patel","Open",1,3,"Product Analyst",2,100314,NA,NA
701942,31,2025-12-17,"M. Davis","Open",2,8,"Director of Sales",6,101687,NA,NA
701943,36,2025-09-17,"R. Thomas","Open",1,10,"Customer Support Manager",3,100722,NA,NA
701944,35,2025-06-18,"K. Brown","On Hold",4,10,"Customer Support Representative",1,103096,NA,2025-07-16
701945,38,2025-07-10,"T. Nguyen","Open",1,11,"Legal Analyst",2,108525,NA,NA
701946,29,2024-07-04,"T. Nguyen","Closed",1,8,"Account Executive",2,101054,NA,2024-08-10
701947,11,2025-09-08,"K. Brown","Open",1,3,"Senior Product Manager",4,109094,NA,NA
701948,25,2025-10-29,"D. Patel","Closed",3,7,"Marketing Specialist",1,101055,NA,2026-01-09
701949,3,2025-05-17,"D. Patel","Closed",2,1,"Vice President",8,103794,NA,2025-06-19
701950,1,2024-04-03,"A. Carter","Open",1,1,"Chief Executive Officer",10,108715,NA,NA
701951,35,2024-02-20,"D. Patel","Closed",1,10,"Customer Support Representative",1,101380,NA,2024-03-27
701952,33,2024-07-16,"J. Watson","Open",1,9,"Operations Manager",4,103155,NA,NA
701953,24,2025-01-17,"M. Davis","Closed",2,6,"Director of HR",6,101316,NA,2025-04-13
701954,9,2024-02-17,"D. Patel","Closed",1,3,"Product Analyst",2,105389,NA,2024-03-24
701955,31,2024-05-25,"S. Lee","Closed",1,8,"Director of Sales",6,107711,NA,2024-07-22
701956,7,2024-02-09,"T. Nguyen","Open",1,2,"Engineering Manager",4,101328,NA,NA
701957,31,2024-08-01,"D. Patel","Open",1,8,"Director of Sales",6,107178,NA,NA
701958,22,2025-01-25,"A. Carter","Closed",1,6,"HR Business Partner",3,106407,NA,2025-04-05
701959,5,2025-09-10,"M. Davis","Cancelled",2,2,"Software Engineer II",2,105487,"Emily Riverunsen",2025-10-09
701960,30,2024-02-06,"K. Brown","On Hold",1,8,"Sales Manager",4,105297,NA,2024-03-02
701961,31,2024-12-03,"J. Watson","Open",1,8,"Director of Sales",6,101275,NA,NA
701962,10,2025-06-13,"K. Brown","Open",1,3,"Product Manager",3,104247,NA,NA
701963,37,2025-03-18,"T. Nguyen","Open",2,10,"Director of Customer Support",5,102321,NA,NA
701964,30,2024-12-21,"S. Lee","Closed",2,8,"Sales Manager",4,100779,NA,2025-01-19
701965,20,2025-09-20,"T. Nguyen","Open",1,6,"HR Coordinator",1,102398,NA,NA
701966,11,2024-04-04,"S. Lee","Closed",1,3,"Senior Product Manager",4,109913,"Leo Caringshire",2024-06-18
701967,24,2025-05-26,"K. Brown","Closed",2,6,"Director of HR",6,102537,NA,2025-06-20
701968,7,2024-07-23,"D. Patel","Closed",1,2,"Engineering Manager",4,100161,NA,2024-08-27
701969,24,2025-04-18,"K. Brown","Closed",1,6,"Director of HR",6,102195,NA,2025-07-16
701970,29,2025-05-05,"M. Davis","Closed",2,8,"Account Executive",2,106974,NA,2025-07-15
701971,12,2024-06-03,"J. Watson","Open",1,3,"Director of Product",6,107991,NA,NA
701972,35,2024-05-15,"D. Patel","Open",2,10,"Customer Support Representative",1,106297,"Kevin Goldlinland",NA
701973,19,2025-05-04,"K. Brown","Closed",3,5,"Director of Finance",6,103655,NA,2025-07-02
701974,1,2026-01-14,"J. Watson","Open",1,1,"Chief Executive Officer",10,108563,NA,NA
701975,20,2025-06-11,"M. Davis","Closed",1,6,"HR Coordinator",1,107779,NA,2025-07-26
701976,4,2025-11-17,"A. Carter","Open",1,2,"Software Engineer I",1,103099,NA,NA
701977,3,2025-10-05,"A. Carter","On Hold",1,1,"Vice President",8,100300,NA,2025-11-02
701978,19,2024-07-21,"S. Lee","Open",1,5,"Director of Finance",6,104176,NA,NA
701979,24,2025-12-06,"R. Thomas","Closed",2,6,"Director of HR",6,106466,NA,2026-01-10
701980,20,2024-10-08,"M. Davis","Closed",1,6,"HR Coordinator",1,105115,NA,2024-11-24
701981,3,2024-02-10,"D. Patel","Closed",1,1,"Vice President",8,104342,NA,2024-03-09
701982,6,2024-02-28,"K. Brown","Open",1,2,"Senior Software Engineer",3,106047,NA,NA
701983,16,2025-11-15,"J. Watson","Open",1,5,"Financial Analyst",2,102954,NA,NA
701984,27,2025-10-31,"R. Thomas","Open",1,7,"Marketing Director",5,107229,NA,NA
701985,13,2025-05-22,"K. Brown","Open",1,4,"IT Support Specialist",1,109020,NA,NA
701986,24,2024-08-23,"M. Davis","Open",2,6,"Director of HR",6,107529,"Preston Wolfewood",NA
701987,29,2025-07-02,"M. Davis","Closed",1,8,"Account Executive",2,105527,NA,2025-09-21
701988,2,2025-12-17,"S. Lee","Closed",1,1,"Chief Operating Officer",9,100010,NA,2026-01-07
701989,37,2024-04-03,"A. Carter","Cancelled",1,10,"Director of Customer Support",5,100431,NA,2024-05-07
701990,35,2026-01-04,"R. Thomas","Open",1,10,"Customer Support Representative",1,107861,NA,NA
701991,20,2024-04-27,"M. Davis","On Hold",1,6,"HR Coordinator",1,109284,NA,2024-05-06
701992,37,2024-01-27,"J. Watson","Closed",2,10,"Director of Customer Support",5,106501,"Destiny Caldtonbrook",2024-04-01
701993,12,2024-12-17,"J. Watson","Open",2,3,"Director of Product",6,105947,NA,NA
701994,17,2024-10-26,"T. Nguyen","On Hold",1,5,"Senior Financial Analyst",3,103708,NA,2024-11-25
701995,35,2024-09-07,"D. Patel","Closed",1,10,"Customer Support Representative",1,103722,"Juliana Silverworth",2024-11-11
701996,2,2024-05-29,"K. Brown","Open",2,1,"Chief Operating Officer",9,102916,"Dylan Greeneby",NA
701997,22,2025-11-27,"T. Nguyen","Closed",1,6,"HR Business Partner",3,105058,NA,2025-12-18
701998,13,2026-01-21,"S. Lee","Closed",1,4,"IT Support Specialist",1,108696,NA,2026-04-05
701999,29,2025-03-05,"M. Davis","Closed",1,8,"Account Executive",2,108936,NA,2025-05-17
702000,18,2024-04-04,"D. Patel","Closed",1,5,"Finance Manager",4,101817,NA,2024-05-12
702001,13,2024-06-04,"T. Nguyen","Open",2,4,"IT Support Specialist",1,109998,NA,NA
702002,10,2024-01-20,"K. Brown","Closed",2,3,"Product Manager",3,105110,NA,2024-02-10
702003,19,2025-08-15,"D. Patel","Open",1,5,"Director of Finance",6,102721,NA,NA
702004,19,2024-06-19,"M. Davis","Open",2,5,"Director of Finance",6,103998,NA,NA
702005,4,2025-04-07,"K. Brown","Open",3,2,"Software Engineer I",1,100227,NA,NA
702006,2,2025-01-16,"M. Davis","Closed",3,1,"Chief Operating Officer",9,104760,NA,2025-04-16
702007,14,2025-10-04,"D. Patel","Closed",1,4,"Systems Administrator",2,100464,NA,2025-11-10
702008,1,2025-03-14,"T. Nguyen","Open",1,1,"Chief Executive Officer",10,101605,NA,NA
702009,9,2024-05-25,"R. Thomas","Closed",1,3,"Product Analyst",2,101116,NA,2024-08-08
702010,30,2025-07-02,"S. Lee","Open",1,8,"Sales Manager",4,101001,NA,NA
702011,35,2024-08-13,"T. Nguyen","Open",1,10,"Customer Support Representative",1,101209,"Jasmine Sandtonway",NA
702012,16,2025-12-24,"R. Thomas","On Hold",1,5,"Financial Analyst",2,105983,NA,2026-01-12
702013,21,2024-05-30,"J. Watson","On Hold",2,6,"HR Generalist",2,103651,NA,2024-06-22
702014,25,2025-06-22,"D. Patel","Open",1,7,"Marketing Specialist",1,107917,NA,NA
702015,24,2025-04-24,"J. Watson","Closed",1,6,"Director of HR",6,109338,"Audrey Brookinstrom",2025-06-18
702016,12,2024-03-24,"S. Lee","Open",1,3,"Director of Product",6,101385,NA,NA
702017,2,2024-11-01,"R. Thomas","Closed",2,1,"Chief Operating Officer",9,107165,NA,2025-02-02
702018,17,2025-11-07,"M. Davis","Open",2,5,"Senior Financial Analyst",3,108175,NA,NA
702019,18,2025-01-05,"S. Lee","Open",1,5,"Finance Manager",4,100949,"Nicholas Blakeiham",NA
702020,19,2025-10-03,"R. Thomas","Closed",1,5,"Director of Finance",6,104283,NA,2025-11-13
702021,32,2024-06-27,"S. Lee","On Hold",4,9,"Operations Analyst",2,109323,NA,2024-07-22
702022,26,2024-08-16,"M. Davis","Open",3,7,"Digital Marketing Manager",3,108057,NA,NA
702023,2,2025-08-20,"K. Brown","Open",1,1,"Chief Operating Officer",9,102808,NA,NA
702024,36,2025-09-09,"A. Carter","Cancelled",1,10,"Customer Support Manager",3,103301,NA,2025-09-30
702025,32,2024-02-16,"S. Lee","Open",3,9,"Operations Analyst",2,107943,"Landon Hallinghart",NA
702026,39,2026-01-10,"M. Davis","Open",2,11,"Corporate Counsel",4,100438,NA,NA
702027,22,2024-06-10,"A. Carter","Open",1,6,"HR Business Partner",3,101015,NA,NA
702028,33,2025-08-24,"K. Brown","Open",1,9,"Operations Manager",4,102840,NA,NA
702029,39,2024-09-03,"D. Patel","On Hold",1,11,"Corporate Counsel",4,108189,NA,2024-09-28
702030,5,2024-12-24,"A. Carter","Open",1,2,"Software Engineer II",2,107351,NA,NA
702031,6,2024-09-17,"K. Brown","Closed",1,2,"Senior Software Engineer",3,109660,NA,2024-11-23
702032,36,2025-09-14,"J. Watson","Closed",1,10,"Customer Support Manager",3,108012,NA,2025-12-09
702033,7,2024-01-02,"S. Lee","Closed",1,2,"Engineering Manager",4,107304,NA,2024-02-20
702034,21,2024-12-02,"S. Lee","Closed",1,6,"HR Generalist",2,107153,NA,2025-02-17
702035,30,2025-01-28,"J. Watson","Closed",1,8,"Sales Manager",4,109064,NA,2025-05-02
702036,3,2024-02-27,"D. Patel","Closed",1,1,"Vice President",8,100017,NA,2024-04-17
702037,36,2025-02-28,"T. Nguyen","Closed",1,10,"Customer Support Manager",3,102319,NA,2025-04-27
702038,15,2025-02-20,"T. Nguyen","Open",1,4,"IT Manager",4,101257,NA,NA
702039,27,2025-08-12,"M. Davis","Closed",1,7,"Marketing Director",5,102721,NA,2025-11-01
702040,9,2025-07-29,"J. Watson","Closed",1,3,"Product Analyst",2,107194,NA,2025-10-20
702041,1,2025-08-15,"K. Brown","Open",1,1,"Chief Executive Officer",10,100847,NA,NA
702042,8,2024-05-09,"S. Lee","Closed",1,2,"Director of Engineering",6,103783,NA,2024-06-03
702043,16,2024-04-12,"J. Watson","Closed",1,5,"Financial Analyst",2,100997,NA,2024-07-15
702044,34,2024-07-20,"D. Patel","Open",1,9,"Director of Operations",6,102954,"Miles Millunridge",NA
702045,37,2024-10-16,"A. Carter","On Hold",1,10,"Director of Customer Support",5,104554,NA,2024-11-02
702046,19,2025-03-12,"J. Watson","Closed",1,5,"Director of Finance",6,109184,NA,2025-06-15
702047,36,2024-03-29,"T. Nguyen","Open",1,10,"Customer Support Manager",3,102372,NA,NA
702048,23,2025-12-25,"J. Watson","On Hold",1,6,"HR Manager",4,101200,"Aubrey Whitwall",2026-01-12
702049,37,2024-11-15,"S. Lee","Closed",2,10,"Director of Customer Support",5,101420,NA,2025-02-08
702050,16,2025-12-01,"R. Thomas","Closed",2,5,"Financial Analyst",2,100791,NA,2026-02-22
702051,22,2024-08-06,"K. Brown","Closed",1,6,"HR Business Partner",3,102840,NA,2024-10-15
702052,22,2025-04-29,"R. Thomas","Closed",1,6,"HR Business Partner",3,105237,NA,2025-06-04
702053,13,2025-12-23,"D. Patel","Closed",1,4,"IT Support Specialist",1,101301,NA,2026-01-19
702054,2,2024-03-02,"A. Carter","Closed",3,1,"Chief Operating Officer",9,105487,NA,2024-04-21
702055,32,2024-02-23,"J. Watson","Closed",2,9,"Operations Analyst",2,108977,NA,2024-05-01
702056,3,2024-09-03,"D. Patel","Closed",2,1,"Vice President",8,107048,NA,2024-11-18
702057,6,2025-02-23,"S. Lee","Closed",1,2,"Senior Software Engineer",3,108730,NA,2025-05-20
702058,6,2024-07-26,"M. Davis","On Hold",1,2,"Senior Software Engineer",3,109152,NA,2024-08-15
702059,10,2024-03-22,"T. Nguyen","Closed",1,3,"Product Manager",3,107451,NA,2024-04-11
702060,22,2025-03-09,"M. Davis","Open",1,6,"HR Business Partner",3,105201,NA,NA
702061,12,2025-11-22,"D. Patel","Open",1,3,"Director of Product",6,107388,"Layla Rockanmond",NA
702062,33,2025-05-14,"M. Davis","Closed",1,9,"Operations Manager",4,109124,NA,2025-08-01
702063,16,2026-01-11,"D. Patel","Closed",1,5,"Financial Analyst",2,109795,NA,2026-02-22
702064,26,2025-07-29,"D. Patel","On Hold",2,7,"Digital Marketing Manager",3,107025,NA,2025-08-17
702065,27,2024-07-20,"J. Watson","Open",1,7,"Marketing Director",5,107178,NA,NA
702066,11,2026-01-15,"K. Brown","Closed",1,3,"Senior Product Manager",4,101224,NA,2026-04-17
702067,13,2024-10-12,"T. Nguyen","Open",4,4,"IT Support Specialist",1,101553,NA,NA
702068,39,2024-06-05,"T. Nguyen","Open",1,11,"Corporate Counsel",4,103787,NA,NA
702069,1,2025-03-27,"D. Patel","Closed",2,1,"Chief Executive Officer",10,106334,NA,2025-05-10
702070,20,2025-08-09,"R. Thomas","Closed",1,6,"HR Coordinator",1,107591,NA,2025-08-27
702071,12,2025-06-28,"R. Thomas","Closed",3,3,"Director of Product",6,108244,NA,2025-08-07
702072,9,2024-05-13,"A. Carter","On Hold",1,3,"Product Analyst",2,106564,NA,2024-06-02
702073,29,2024-03-05,"T. Nguyen","Closed",1,8,"Account Executive",2,106129,NA,2024-04-06
702074,4,2026-02-15,"A. Carter","Open",2,2,"Software Engineer I",1,104269,NA,NA
702075,34,2024-10-19,"K. Brown","Open",1,9,"Director of Operations",6,101890,NA,NA
702076,15,2024-03-24,"K. Brown","Closed",1,4,"IT Manager",4,105318,"Vincent Blandenwood",2024-06-06
702077,37,2026-01-10,"S. Lee","Open",1,10,"Director of Customer Support",5,103525,NA,NA
702078,23,2025-01-06,"K. Brown","Open",1,6,"HR Manager",4,108718,NA,NA
702079,13,2025-06-16,"J. Watson","Open",1,4,"IT Support Specialist",1,102431,NA,NA
702080,6,2026-02-09,"M. Davis","Cancelled",2,2,"Senior Software Engineer",3,104039,NA,2026-03-10
702081,26,2025-11-23,"J. Watson","Closed",1,7,"Digital Marketing Manager",3,107637,"Dominic Lakewellberg",2026-02-16
702082,29,2024-12-10,"R. Thomas","Closed",1,8,"Account Executive",2,101113,"Natalie Riverobrook",2024-12-31
702083,9,2025-01-29,"R. Thomas","Closed",1,3,"Product Analyst",2,101731,NA,2025-03-09
702084,7,2024-05-02,"J. Watson","Cancelled",1,2,"Engineering Manager",4,102722,"Alicia Beckibry",2024-05-28
702085,26,2025-02-03,"D. Patel","Closed",1,7,"Digital Marketing Manager",3,100445,NA,2025-05-05
702086,37,2025-09-19,"K. Brown","On Hold",1,10,"Director of Customer Support",5,107707,NA,2025-09-27
702087,21,2025-05-04,"K. Brown","Closed",1,6,"HR Generalist",2,100550,NA,2025-07-11
702088,1,2024-10-01,"K. Brown","Open",3,1,"Chief Executive Officer",10,101248,NA,NA
702089,26,2025-09-21,"J. Watson","Open",3,7,"Digital Marketing Manager",3,106602,NA,NA
702090,12,2025-07-06,"K. Brown","Closed",1,3,"Director of Product",6,100764,NA,2025-10-02
702091,16,2025-05-10,"M. Davis","On Hold",2,5,"Financial Analyst",2,107384,NA,2025-05-23
702092,20,2025-12-05,"A. Carter","Closed",1,6,"HR Coordinator",1,106239,NA,2026-02-28
702093,36,2025-05-15,"D. Patel","Open",1,10,"Customer Support Manager",3,102455,NA,NA
702094,22,2024-10-23,"M. Davis","Open",1,6,"HR Business Partner",3,104269,NA,NA
702095,33,2026-02-05,"S. Lee","On Hold",1,9,"Operations Manager",4,103501,NA,2026-02-26
702096,25,2024-09-06,"A. Carter","Closed",1,7,"Marketing Specialist",1,109795,NA,2024-11-15
702097,11,2024-09-28,"M. Davis","Open",1,3,"Senior Product Manager",4,108648,NA,NA
702098,21,2024-02-10,"K. Brown","Closed",1,6,"HR Generalist",2,103998,NA,2024-05-05
702099,16,2026-01-10,"J. Watson","Closed",1,5,"Financial Analyst",2,107707,NA,2026-02-10
702100,33,2025-06-16,"M. Davis","Open",2,9,"Operations Manager",4,109660,NA,NA
702101,7,2025-02-27,"A. Carter","Closed",2,2,"Engineering Manager",4,102720,NA,2025-04-26
702102,23,2025-08-15,"A. Carter","Closed",1,6,"HR Manager",4,109079,NA,2025-09-29
702103,33,2025-06-21,"S. Lee","Open",1,9,"Operations Manager",4,106786,NA,NA
702104,17,2025-03-05,"K. Brown","Closed",1,5,"Senior Financial Analyst",3,104838,NA,2025-04-04
702105,2,2024-12-13,"D. Patel","Open",3,1,"Chief Operating Officer",9,101969,NA,NA
702106,13,2025-08-24,"T. Nguyen","Closed",1,4,"IT Support Specialist",1,102514,NA,2025-09-16
702107,31,2025-09-13,"R. Thomas","Closed",2,8,"Director of Sales",6,102229,NA,2025-11-25
702108,36,2024-03-04,"M. Davis","Closed",1,10,"Customer Support Manager",3,107909,NA,2024-05-07
702109,35,2024-10-24,"K. Brown","Closed",1,10,"Customer Support Representative",1,101543,"Paul Clarkman",2025-01-21
702110,7,2025-10-19,"S. Lee","Cancelled",2,2,"Engineering Manager",4,100365,NA,2025-11-10
702111,28,2024-03-18,"D. Patel","Cancelled",1,8,"Sales Development Representative",1,104972,NA,2024-04-11
702112,14,2025-10-18,"A. Carter","Closed",2,4,"Systems Administrator",2,105222,NA,2026-01-02
702113,22,2024-03-12,"J. Watson","Closed",1,6,"HR Business Partner",3,100462,NA,2024-04-18
702114,29,2025-06-08,"T. Nguyen","Open",1,8,"Account Executive",2,102522,NA,NA
702115,8,2025-05-14,"R. Thomas","Open",1,2,"Director of Engineering",6,101612,NA,NA
702116,27,2024-06-08,"A. Carter","Closed",1,7,"Marketing Director",5,105168,NA,2024-08-10
702117,3,2025-03-09,"R. Thomas","Open",1,1,"Vice President",8,100413,NA,NA
702118,22,2024-03-31,"A. Carter","Open",2,6,"HR Business Partner",3,107029,NA,NA
702119,31,2024-04-13,"M. Davis","Closed",1,8,"Director of Sales",6,107220,NA,2024-05-06
702120,35,2025-05-30,"J. Watson","Closed",3,10,"Customer Support Representative",1,103647,NA,2025-06-21
702121,11,2024-07-30,"S. Lee","Open",1,3,"Senior Product Manager",4,108476,NA,NA
702122,1,2026-01-29,"A. Carter","Closed",1,1,"Chief Executive Officer",10,104576,NA,2026-04-22
702123,19,2024-02-13,"T. Nguyen","Cancelled",2,5,"Director of Finance",6,105087,NA,2024-03-16
702124,16,2025-07-06,"R. Thomas","Cancelled",1,5,"Financial Analyst",2,103111,"Eliana Delistone",2025-07-17
702125,2,2025-12-03,"D. Patel","Closed",2,1,"Chief Operating Officer",9,105041,NA,2025-12-29
702126,8,2024-10-15,"M. Davis","Closed",1,2,"Director of Engineering",6,105676,NA,2025-01-07
702127,10,2024-02-25,"M. Davis","Open",1,3,"Product Manager",3,109765,NA,NA
702128,20,2025-08-03,"J. Watson","Closed",1,6,"HR Coordinator",1,103315,"Logan Wrenunquist",2025-09-29
702129,27,2024-09-15,"S. Lee","Open",1,7,"Marketing Director",5,104760,"Daniel Crossanberg",NA
702130,27,2025-11-05,"K. Brown","Open",1,7,"Marketing Director",5,102120,NA,NA
702131,9,2024-10-19,"S. Lee","Open",3,3,"Product Analyst",2,105360,NA,NA
702132,27,2024-09-10,"A. Carter","Closed",2,7,"Marketing Director",5,104129,NA,2024-11-21
702133,1,2026-02-02,"R. Thomas","Closed",1,1,"Chief Executive Officer",10,101712,NA,2026-03-20
702134,16,2024-06-05,"J. Watson","Open",1,5,"Financial Analyst",2,106239,NA,NA
702135,27,2024-06-27,"A. Carter","Open",2,7,"Marketing Director",5,101934,NA,NA
702136,17,2025-08-18,"J. Watson","Closed",1,5,"Senior Financial Analyst",3,106363,NA,2025-10-19
702137,39,2025-06-10,"T. Nguyen","Closed",1,11,"Corporate Counsel",4,101377,NA,2025-07-08
702138,27,2025-02-18,"M. Davis","On Hold",1,7,"Marketing Director",5,108979,NA,2025-03-10
702139,9,2024-11-23,"A. Carter","On Hold",1,3,"Product Analyst",2,105278,NA,2024-12-02
702140,30,2024-11-24,"S. Lee","Open",1,8,"Sales Manager",4,107672,NA,NA
702141,39,2024-04-30,"T. Nguyen","Closed",2,11,"Corporate Counsel",4,102880,NA,2024-08-01
702142,40,2025-06-25,"R. Thomas","Open",1,11,"General Counsel",8,107539,NA,NA
702143,25,2024-02-20,"T. Nguyen","Open",1,7,"Marketing Specialist",1,108962,NA,NA
702144,29,2025-03-14,"K. Brown","Open",1,8,"Account Executive",2,108238,NA,NA
702145,33,2025-04-21,"S. Lee","Open",1,9,"Operations Manager",4,101618,NA,NA
702146,18,2024-06-07,"R. Thomas","Open",1,5,"Finance Manager",4,100651,NA,NA
702147,13,2024-02-18,"R. Thomas","Cancelled",1,4,"IT Support Specialist",1,103208,NA,2024-03-20
702148,6,2024-02-08,"M. Davis","Open",2,2,"Senior Software Engineer",3,101908,NA,NA
702149,36,2024-01-05,"M. Davis","Closed",1,10,"Customer Support Manager",3,106743,NA,2024-04-07
702150,16,2025-04-08,"S. Lee","Open",1,5,"Financial Analyst",2,101181,NA,NA
702151,25,2024-05-29,"T. Nguyen","Open",1,7,"Marketing Specialist",1,109331,NA,NA
702152,30,2024-11-18,"R. Thomas","Open",1,8,"Sales Manager",4,100518,NA,NA
702153,40,2024-07-08,"M. Davis","Open",1,11,"General Counsel",8,104284,NA,NA
702154,1,2024-09-28,"S. Lee","Open",1,1,"Chief Executive Officer",10,109040,NA,NA
702155,33,2024-10-31,"T. Nguyen","Open",1,9,"Operations Manager",4,107733,"Delilah Silverequist",NA
702156,19,2024-10-12,"R. Thomas","Closed",3,5,"Director of Finance",6,104398,NA,2024-11-21
702157,15,2024-10-22,"M. Davis","Cancelled",1,4,"IT Manager",4,103801,NA,2024-11-06
702158,19,2024-01-07,"D. Patel","Cancelled",3,5,"Director of Finance",6,107992,NA,2024-01-13
702159,23,2025-12-04,"K. Brown","Open",2,6,"HR Manager",4,106406,NA,NA
702160,22,2025-05-18,"J. Watson","Closed",1,6,"HR Business Partner",3,107278,NA,2025-07-01
702161,38,2025-08-19,"D. Patel","Cancelled",1,11,"Legal Analyst",2,101055,NA,2025-08-25
702162,35,2025-07-25,"T. Nguyen","Open",1,10,"Customer Support Representative",1,103120,NA,NA
702163,38,2024-03-10,"R. Thomas","Closed",1,11,"Legal Analyst",2,107692,NA,2024-04-26
702164,20,2025-06-14,"S. Lee","Open",1,6,"HR Coordinator",1,107099,NA,NA
702165,10,2024-10-25,"M. Davis","Open",1,3,"Product Manager",3,103934,NA,NA
702166,17,2025-06-15,"T. Nguyen","Closed",1,5,"Senior Financial Analyst",3,108251,NA,2025-07-29
702167,15,2024-04-22,"K. Brown","On Hold",1,4,"IT Manager",4,107751,NA,2024-05-22
702168,29,2024-04-30,"S. Lee","On Hold",1,8,"Account Executive",2,106965,NA,2024-05-16
702169,18,2025-11-21,"D. Patel","Open",1,5,"Finance Manager",4,104185,NA,NA
702170,34,2024-11-30,"D. Patel","Closed",1,9,"Director of Operations",6,101925,NA,2025-02-23
702171,8,2024-10-24,"R. Thomas","Open",1,2,"Director of Engineering",6,108868,"Isla Northunwell",NA
702172,14,2024-07-26,"J. Watson","Closed",1,4,"Systems Administrator",2,105906,NA,2024-10-09
702173,9,2025-10-16,"M. Davis","Open",1,3,"Product Analyst",2,102314,"Elena Calderman",NA
702174,18,2024-08-23,"S. Lee","Closed",1,5,"Finance Manager",4,101810,NA,2024-09-26
702175,40,2025-11-12,"K. Brown","Closed",1,11,"General Counsel",8,103484,NA,2025-12-21
702176,9,2025-10-07,"K. Brown","Closed",1,3,"Product Analyst",2,109712,NA,2025-11-24
702177,1,2024-12-31,"J. Watson","Open",1,1,"Chief Executive Officer",10,100733,NA,NA
702178,11,2025-11-29,"D. Patel","Closed",1,3,"Senior Product Manager",4,107567,NA,2025-12-24
702179,25,2025-03-23,"M. Davis","Open",1,7,"Marketing Specialist",1,108072,NA,NA
702180,19,2025-11-09,"R. Thomas","Open",1,5,"Director of Finance",6,104507,NA,NA
702181,20,2025-09-26,"M. Davis","Closed",1,6,"HR Coordinator",1,102683,NA,2025-11-12
702182,24,2025-07-02,"S. Lee","Closed",1,6,"Director of HR",6,108504,NA,2025-08-20
702183,5,2025-03-01,"R. Thomas","Open",1,2,"Software Engineer II",2,106151,NA,NA
702184,21,2024-06-07,"K. Brown","Closed",1,6,"HR Generalist",2,102501,NA,2024-07-23
702185,19,2024-02-04,"A. Carter","Open",1,5,"Director of Finance",6,100059,NA,NA
702186,9,2024-06-25,"M. Davis","Closed",2,3,"Product Analyst",2,109894,"Eli Colewellham",2024-07-25
702187,32,2024-12-29,"A. Carter","Open",1,9,"Operations Analyst",2,108589,NA,NA
702188,20,2025-11-06,"A. Carter","Open",1,6,"HR Coordinator",1,107972,NA,NA
702189,31,2025-10-21,"S. Lee","Open",1,8,"Director of Sales",6,103300,"Violet Coleettlin",NA
702190,3,2025-03-02,"K. Brown","Open",1,1,"Vice President",8,106772,NA,NA
702191,13,2024-09-20,"M. Davis","Open",4,4,"IT Support Specialist",1,103793,NA,NA
702192,23,2025-10-22,"M. Davis","Open",1,6,"HR Manager",4,108151,NA,NA
702193,6,2024-08-01,"S. Lee","Open",1,2,"Senior Software Engineer",3,106421,NA,NA
702194,31,2026-02-14,"A. Carter","Open",1,8,"Director of Sales",6,106601,NA,NA
702195,21,2026-01-26,"D. Patel","Closed",2,6,"HR Generalist",2,104162,NA,2026-03-05
702196,39,2024-08-01,"K. Brown","Closed",1,11,"Corporate Counsel",4,105905,NA,2024-10-05
702197,38,2024-05-17,"D. Patel","Open",1,11,"Legal Analyst",2,105131,NA,NA
702198,7,2024-11-20,"D. Patel","Open",1,2,"Engineering Manager",4,100184,NA,NA
702199,33,2025-07-20,"M. Davis","Cancelled",1,9,"Operations Manager",4,109464,NA,2025-07-27
702200,5,2025-08-06,"T. Nguyen","Closed",3,2,"Software Engineer II",2,108151,NA,2025-10-14
702201,34,2024-12-02,"K. Brown","Closed",1,9,"Director of Operations",6,101326,NA,2025-02-01
702202,17,2024-03-26,"S. Lee","Closed",1,5,"Senior Financial Analyst",3,105824,NA,2024-04-30
702203,34,2025-06-17,"M. Davis","Closed",1,9,"Director of Operations",6,107267,NA,2025-08-08
702204,21,2025-02-20,"A. Carter","Closed",1,6,"HR Generalist",2,101800,NA,2025-05-09
702205,9,2025-11-04,"K. Brown","Open",1,3,"Product Analyst",2,107905,NA,NA
702206,13,2025-12-28,"D. Patel","Closed",3,4,"IT Support Specialist",1,100889,NA,2026-03-23
702207,14,2025-06-18,"S. Lee","Closed",1,4,"Systems Administrator",2,103254,NA,2025-08-23
702208,31,2025-12-28,"D. Patel","Closed",1,8,"Director of Sales",6,102567,NA,2026-03-31
702209,30,2025-02-05,"J. Watson","Open",1,8,"Sales Manager",4,109981,NA,NA
702210,1,2024-08-03,"D. Patel","Closed",4,1,"Chief Executive Officer",10,108972,NA,2024-10-18
702211,3,2024-12-03,"J. Watson","Open",1,1,"Vice President",8,109807,NA,NA
702212,23,2024-04-02,"R. Thomas","Open",1,6,"HR Manager",4,104523,"Madeline Bramingstrom",NA
702213,40,2025-10-09,"T. Nguyen","Closed",1,11,"General Counsel",8,106156,NA,2025-12-21
702214,36,2024-08-31,"J. Watson","Closed",1,10,"Customer Support Manager",3,108431,NA,2024-09-19
702215,21,2024-01-19,"M. Davis","Closed",1,6,"HR Generalist",2,109074,NA,2024-04-05
702216,13,2024-06-11,"T. Nguyen","Open",1,4,"IT Support Specialist",1,109702,NA,NA
702217,24,2025-10-05,"K. Brown","Open",2,6,"Director of HR",6,108841,NA,NA
702218,19,2024-08-26,"A. Carter","Open",1,5,"Director of Finance",6,100912,NA,NA
702219,40,2024-01-31,"K. Brown","Closed",1,11,"General Counsel",8,100477,NA,2024-03-01
702220,5,2024-03-25,"J. Watson","On Hold",1,2,"Software Engineer II",2,103874,"Madeline Monelcroft",2024-04-07
702221,40,2024-10-04,"D. Patel","Closed",1,11,"General Counsel",8,104311,NA,2024-12-07
702222,29,2025-01-13,"J. Watson","Closed",1,8,"Account Executive",2,109078,NA,2025-03-10
702223,15,2025-06-30,"D. Patel","Closed",2,4,"IT Manager",4,102894,NA,2025-09-08
702224,31,2024-11-14,"R. Thomas","Closed",1,8,"Director of Sales",6,102083,"Layla Hayecott",2025-02-03
702225,27,2025-08-27,"K. Brown","Closed",1,7,"Marketing Director",5,100578,NA,2025-11-09
702226,22,2024-01-15,"A. Carter","Open",2,6,"HR Business Partner",3,104446,"Miles Silveroford",NA
702227,16,2025-09-08,"D. Patel","Cancelled",2,5,"Financial Analyst",2,102311,NA,2025-09-22
702228,26,2026-01-05,"D. Patel","Open",1,7,"Digital Marketing Manager",3,109799,NA,NA
702229,31,2025-09-25,"R. Thomas","Closed",1,8,"Director of Sales",6,104091,NA,2025-11-27
702230,13,2026-01-01,"K. Brown","Closed",1,4,"IT Support Specialist",1,108597,NA,2026-02-10
702231,3,2024-06-02,"M. Davis","Open",1,1,"Vice President",8,109927,NA,NA
702232,32,2026-01-09,"K. Brown","Open",1,9,"Operations Analyst",2,106894,NA,NA
702233,37,2024-09-02,"S. Lee","Closed",2,10,"Director of Customer Support",5,109701,NA,2024-09-24
702234,3,2025-11-28,"T. Nguyen","Cancelled",1,1,"Vice President",8,108393,NA,2025-12-04
702235,29,2025-10-01,"S. Lee","Open",1,8,"Account Executive",2,101280,NA,NA
702236,4,2024-07-30,"T. Nguyen","Closed",1,2,"Software Engineer I",1,101858,"Felix Preslinman",2024-08-27
702237,39,2026-01-18,"T. Nguyen","Closed",1,11,"Corporate Counsel",4,106193,NA,2026-02-26
702238,24,2025-01-09,"R. Thomas","Open",1,6,"Director of HR",6,100512,NA,NA
702239,21,2025-03-06,"T. Nguyen","Closed",1,6,"HR Generalist",2,108241,NA,2025-04-03
702240,24,2025-04-30,"D. Patel","Closed",1,6,"Director of HR",6,103767,NA,2025-07-17
702241,24,2025-03-20,"D. Patel","Closed",1,6,"Director of HR",6,106822,NA,2025-04-20
702242,24,2024-02-12,"R. Thomas","Cancelled",1,6,"Director of HR",6,106561,NA,2024-02-25
702243,28,2026-02-14,"R. Thomas","Closed",1,8,"Sales Development Representative",1,100475,NA,2026-04-13
702244,33,2024-12-09,"M. Davis","Cancelled",1,9,"Operations Manager",4,106335,NA,2025-01-16
702245,13,2024-06-03,"S. Lee","Closed",1,4,"IT Support Specialist",1,103683,NA,2024-07-25
702246,4,2024-12-16,"J. Watson","On Hold",1,2,"Software Engineer I",1,102150,NA,2025-01-12
702247,19,2025-05-17,"R. Thomas","Closed",1,5,"Director of Finance",6,103077,NA,2025-06-04
702248,21,2024-06-11,"J. Watson","Open",2,6,"HR Generalist",2,101113,NA,NA
702249,35,2025-12-08,"K. Brown","Open",1,10,"Customer Support Representative",1,109745,NA,NA
702250,39,2024-04-07,"M. Davis","Open",1,11,"Corporate Counsel",4,104043,NA,NA
702251,40,2025-11-27,"J. Watson","Closed",1,11,"General Counsel",8,101378,NA,2026-02-22
702252,39,2025-07-17,"K. Brown","Cancelled",1,11,"Corporate Counsel",4,105559,NA,2025-08-26
702253,25,2026-01-31,"S. Lee","Open",1,7,"Marketing Specialist",1,102894,"Casey Goldinmond",NA
702254,21,2025-02-23,"K. Brown","Closed",1,6,"HR Generalist",2,103851,NA,2025-05-29
702255,7,2025-08-02,"T. Nguyen","On Hold",1,2,"Engineering Manager",4,105222,NA,2025-08-13
702256,28,2024-06-15,"M. Davis","Open",1,8,"Sales Development Representative",1,100414,NA,NA
702257,4,2024-03-27,"T. Nguyen","Closed",2,2,"Software Engineer I",1,105480,NA,2024-05-14
702258,23,2026-02-10,"M. Davis","Open",1,6,"HR Manager",4,103017,NA,NA
702259,3,2025-07-01,"R. Thomas","Closed",3,1,"Vice President",8,105824,"Cameron Lakesonmere",2025-09-01
702260,24,2024-05-17,"R. Thomas","Closed",1,6,"Director of HR",6,103970,NA,2024-08-17
702261,22,2024-10-17,"T. Nguyen","Open",1,6,"HR Business Partner",3,108942,"Paul Rosearwin",NA
702262,2,2024-10-08,"T. Nguyen","Closed",2,1,"Chief Operating Officer",9,103272,NA,2025-01-07
702263,11,2025-09-23,"J. Watson","Open",1,3,"Senior Product Manager",4,100737,NA,NA
702264,33,2024-09-27,"A. Carter","Closed",1,9,"Operations Manager",4,101585,NA,2024-11-30
702265,32,2025-12-17,"S. Lee","Closed",1,9,"Operations Analyst",2,109418,NA,2026-03-05
702266,10,2025-03-13,"T. Nguyen","Closed",2,3,"Product Manager",3,109011,NA,2025-06-01
702267,3,2025-02-21,"T. Nguyen","Closed",2,1,"Vice President",8,109950,"Sage Silveruton",2025-03-27
702268,2,2024-10-29,"K. Brown","Closed",1,1,"Chief Operating Officer",9,104375,NA,2025-01-28
702269,28,2025-11-15,"M. Davis","Open",1,8,"Sales Development Representative",1,101892,NA,NA
702270,26,2024-09-12,"R. Thomas","Open",1,7,"Digital Marketing Manager",3,107931,"Sydney Blakeford",NA
702271,37,2025-05-05,"R. Thomas","Open",1,10,"Director of Customer Support",5,100660,NA,NA
702272,23,2024-09-02,"J. Watson","Closed",2,6,"HR Manager",4,103023,NA,2024-10-24
702273,14,2025-02-14,"J. Watson","Open",3,4,"Systems Administrator",2,103149,NA,NA
702274,15,2025-12-23,"S. Lee","Closed",2,4,"IT Manager",4,102902,NA,2026-02-09
702275,31,2025-08-26,"S. Lee","Open",1,8,"Director of Sales",6,106370,"Autumn Foxustone",NA
702276,26,2025-04-07,"S. Lee","Closed",2,7,"Digital Marketing Manager",3,108856,NA,2025-06-08
702277,40,2025-06-12,"M. Davis","Closed",2,11,"General Counsel",8,106529,NA,2025-08-05
702278,11,2025-04-16,"A. Carter","Closed",1,3,"Senior Product Manager",4,104032,NA,2025-06-04
702279,18,2025-01-22,"D. Patel","Closed",1,5,"Finance Manager",4,108029,NA,2025-04-14
702280,35,2024-01-12,"J. Watson","Closed",2,10,"Customer Support Representative",1,107291,NA,2024-03-18
702281,4,2025-03-28,"K. Brown","Closed",1,2,"Software Engineer I",1,100919,NA,2025-05-07
702282,20,2024-01-20,"S. Lee","Cancelled",1,6,"HR Coordinator",1,101395,NA,2024-01-26
702283,26,2025-08-26,"D. Patel","Closed",1,7,"Digital Marketing Manager",3,107700,NA,2025-10-04
702284,2,2024-04-18,"K. Brown","On Hold",1,1,"Chief Operating Officer",9,102431,NA,2024-05-18
702285,17,2025-10-13,"K. Brown","Cancelled",2,5,"Senior Financial Analyst",3,103401,NA,2025-10-21
702286,30,2025-12-02,"T. Nguyen","Closed",1,8,"Sales Manager",4,105974,NA,2026-01-04
702287,2,2024-11-22,"D. Patel","Open",1,1,"Chief Operating Officer",9,108145,NA,NA
702288,11,2025-04-14,"D. Patel","Cancelled",1,3,"Senior Product Manager",4,105228,NA,2025-05-18
702289,12,2026-01-16,"J. Watson","Open",3,3,"Director of Product",6,104593,NA,NA
702290,20,2025-12-27,"K. Brown","Closed",1,6,"HR Coordinator",1,101479,NA,2026-03-13
702291,30,2025-04-02,"M. Davis","Closed",1,8,"Sales Manager",4,105998,NA,2025-05-19
702292,8,2024-12-04,"D. Patel","Open",1,2,"Director of Engineering",6,108562,"Hailey Perrywood",NA
702293,40,2024-04-26,"A. Carter","Closed",1,11,"General Counsel",8,108861,NA,2024-05-19
702294,30,2024-10-19,"S. Lee","Closed",1,8,"Sales Manager",4,104537,NA,2025-01-19
702295,37,2025-08-20,"D. Patel","Open",2,10,"Director of Customer Support",5,103375,NA,NA
702296,31,2025-11-18,"M. Davis","Open",1,8,"Director of Sales",6,105762,NA,NA
702297,24,2025-01-09,"J. Watson","On Hold",2,6,"Director of HR",6,102463,NA,2025-01-26
702298,3,2024-03-15,"K. Brown","Open",2,1,"Vice President",8,104079,NA,NA
702299,19,2024-06-16,"M. Davis","Open",1,5,"Director of Finance",6,100306,NA,NA
702300,17,2025-01-23,"J. Watson","Open",1,5,"Senior Financial Analyst",3,100510,NA,NA
702301,39,2025-04-03,"D. Patel","Cancelled",3,11,"Corporate Counsel",4,101088,NA,2025-05-05
702302,32,2025-10-19,"M. Davis","Closed",1,9,"Operations Analyst",2,106678,NA,2026-01-03
702303,32,2024-10-22,"M. Davis","On Hold",2,9,"Operations Analyst",2,102894,NA,2024-11-02
702304,9,2024-01-16,"S. Lee","Closed",1,3,"Product Analyst",2,101869,NA,2024-03-21
702305,24,2025-12-25,"D. Patel","Closed",1,6,"Director of HR",6,107970,NA,2026-03-01
702306,3,2024-10-29,"R. Thomas","Closed",1,1,"Vice President",8,109070,NA,2024-12-20
702307,38,2025-02-28,"A. Carter","Open",1,11,"Legal Analyst",2,102095,NA,NA
702308,40,2024-03-15,"M. Davis","On Hold",1,11,"General Counsel",8,102557,NA,2024-04-09
702309,37,2024-08-04,"R. Thomas","Open",1,10,"Director of Customer Support",5,104825,NA,NA
702310,34,2024-02-04,"S. Lee","On Hold",1,9,"Director of Operations",6,109320,NA,2024-02-14
702311,25,2025-07-04,"K. Brown","Open",1,7,"Marketing Specialist",1,109403,NA,NA
702312,10,2025-12-10,"T. Nguyen","Closed",1,3,"Product Manager",3,104152,NA,2026-02-25
702313,28,2024-05-31,"T. Nguyen","Closed",1,8,"Sales Development Representative",1,106787,NA,2024-08-15
702314,13,2025-12-06,"M. Davis","Closed",1,4,"IT Support Specialist",1,102314,NA,2026-02-11
702315,16,2025-05-04,"K. Brown","Cancelled",1,5,"Financial Analyst",2,101397,NA,2025-05-29
702316,28,2024-05-01,"J. Watson","Closed",1,8,"Sales Development Representative",1,103620,NA,2024-07-11
702317,33,2025-02-18,"M. Davis","Open",1,9,"Operations Manager",4,107411,"Theodore Ellelin",NA
702318,7,2026-01-21,"D. Patel","Closed",1,2,"Engineering Manager",4,108103,NA,2026-02-25
702319,11,2024-02-01,"R. Thomas","Closed",1,3,"Senior Product Manager",4,109166,NA,2024-03-16
702320,2,2024-10-22,"M. Davis","Closed",1,1,"Chief Operating Officer",9,106166,NA,2024-11-21
702321,11,2024-03-01,"M. Davis","Closed",2,3,"Senior Product Manager",4,104071,NA,2024-04-04
702322,1,2025-10-01,"T. Nguyen","Closed",2,1,"Chief Executive Officer",10,107588,NA,2025-10-19
702323,39,2025-02-06,"A. Carter","Closed",4,11,"Corporate Counsel",4,100235,NA,2025-03-01
702324,37,2025-09-15,"T. Nguyen","Closed",1,10,"Director of Customer Support",5,101479,NA,2025-11-29
702325,6,2024-02-20,"A. Carter","Closed",1,2,"Senior Software Engineer",3,107660,"Faith Kendway",2024-05-04
702326,36,2025-03-28,"S. Lee","Open",2,10,"Customer Support Manager",3,105343,NA,NA
702327,10,2025-04-12,"M. Davis","Closed",1,3,"Product Manager",3,103125,NA,2025-05-22
702328,31,2026-01-26,"A. Carter","Closed",3,8,"Director of Sales",6,106768,NA,2026-04-06
702329,35,2024-10-09,"R. Thomas","On Hold",1,10,"Customer Support Representative",1,103145,NA,2024-10-17
702330,7,2025-11-23,"M. Davis","Closed",1,2,"Engineering Manager",4,102399,"Victoria Crossumont",2025-12-19
702331,34,2026-02-06,"S. Lee","Open",1,9,"Director of Operations",6,105915,NA,NA
702332,8,2025-05-07,"A. Carter","Closed",2,2,"Director of Engineering",6,106327,NA,2025-08-02
702333,32,2024-03-09,"K. Brown","Closed",2,9,"Operations Analyst",2,105082,NA,2024-04-16
702334,32,2025-10-19,"R. Thomas","Open",2,9,"Operations Analyst",2,102118,NA,NA
702335,15,2025-08-31,"S. Lee","Open",1,4,"IT Manager",4,103406,NA,NA
702336,17,2025-05-23,"S. Lee","Closed",2,5,"Senior Financial Analyst",3,100368,NA,2025-06-26
702337,12,2025-08-11,"R. Thomas","Open",1,3,"Director of Product",6,107024,NA,NA
702338,17,2025-07-30,"R. Thomas","Closed",1,5,"Senior Financial Analyst",3,100997,NA,2025-10-02
702339,35,2025-09-16,"T. Nguyen","Open",1,10,"Customer Support Representative",1,106906,NA,NA
702340,1,2025-10-15,"K. Brown","Cancelled",1,1,"Chief Executive Officer",10,106421,NA,2025-11-24
702341,38,2024-08-19,"J. Watson","Closed",1,11,"Legal Analyst",2,109335,NA,2024-10-20
702342,5,2025-07-11,"J. Watson","Closed",1,2,"Software Engineer II",2,100512,NA,2025-10-13
702343,20,2025-05-03,"D. Patel","On Hold",1,6,"HR Coordinator",1,103585,NA,2025-05-23
702344,6,2024-04-18,"M. Davis","Open",1,2,"Senior Software Engineer",3,108586,NA,NA
702345,28,2024-09-05,"D. Patel","Open",1,8,"Sales Development Representative",1,106673,NA,NA
702346,32,2025-08-28,"T. Nguyen","Closed",1,9,"Operations Analyst",2,103157,NA,2025-11-16
702347,26,2024-04-21,"M. Davis","Open",3,7,"Digital Marketing Manager",3,102982,NA,NA
702348,4,2025-06-17,"D. Patel","Closed",1,2,"Software Engineer I",1,109467,NA,2025-09-11
702349,20,2024-08-05,"D. Patel","Closed",1,6,"HR Coordinator",1,103702,NA,2024-10-15
702350,4,2024-10-31,"T. Nguyen","Open",1,2,"Software Engineer I",1,109004,"Hazel Fieldellway",NA
702351,30,2025-12-18,"M. Davis","Open",1,8,"Sales Manager",4,103659,"Emerson Deluncrest",NA
702352,7,2025-04-11,"K. Brown","On Hold",1,2,"Engineering Manager",4,103315,NA,2025-05-03
702353,25,2026-02-05,"S. Lee","Open",2,7,"Marketing Specialist",1,107803,NA,NA
702354,28,2024-11-01,"R. Thomas","Closed",1,8,"Sales Development Representative",1,106772,"Avery Willarstone",2024-12-30
702355,37,2024-05-27,"S. Lee","Open",1,10,"Director of Customer Support",5,109710,NA,NA
702356,21,2024-05-30,"R. Thomas","Closed",1,6,"HR Generalist",2,105413,NA,2024-08-18
702357,35,2024-01-02,"K. Brown","Closed",2,10,"Customer Support Representative",1,101661,NA,2024-03-08
702358,3,2025-07-20,"S. Lee","Closed",1,1,"Vice President",8,100380,NA,2025-09-11
702359,38,2025-12-10,"S. Lee","Closed",1,11,"Legal Analyst",2,105571,NA,2026-01-04
702360,25,2024-07-21,"T. Nguyen","Open",1,7,"Marketing Specialist",1,104099,"Chloe Quillebry",NA
702361,38,2025-07-25,"D. Patel","On Hold",1,11,"Legal Analyst",2,106921,NA,2025-08-22
702362,13,2025-05-07,"K. Brown","Open",1,4,"IT Support Specialist",1,107094,NA,NA
702363,11,2025-07-21,"D. Patel","Open",1,3,"Senior Product Manager",4,105640,NA,NA
702364,22,2025-10-10,"A. Carter","Closed",1,6,"HR Business Partner",3,102431,NA,2026-01-01
702365,31,2025-08-11,"R. Thomas","On Hold",1,8,"Director of Sales",6,108627,NA,2025-08-28
702366,26,2024-06-26,"D. Patel","Closed",1,7,"Digital Marketing Manager",3,107360,NA,2024-08-02
702367,13,2025-12-03,"J. Watson","Open",1,4,"IT Support Specialist",1,107115,NA,NA
702368,34,2025-10-11,"A. Carter","Open",1,9,"Director of Operations",6,103676,NA,NA
702369,21,2024-05-22,"R. Thomas","Closed",2,6,"HR Generalist",2,109192,NA,2024-08-16
702370,27,2025-06-18,"R. Thomas","Closed",2,7,"Marketing Director",5,101772,NA,2025-08-15
702371,33,2026-01-30,"S. Lee","Open",1,9,"Operations Manager",4,107504,NA,NA
702372,36,2025-10-15,"A. Carter","Open",1,10,"Customer Support Manager",3,104104,NA,NA
702373,37,2024-06-10,"K. Brown","Open",1,10,"Director of Customer Support",5,101002,NA,NA
702374,14,2025-05-03,"S. Lee","Open",2,4,"Systems Administrator",2,106129,NA,NA
702375,39,2024-03-22,"D. Patel","Closed",1,11,"Corporate Counsel",4,101180,NA,2024-04-24
702376,1,2024-09-28,"A. Carter","Closed",1,1,"Chief Executive Officer",10,105876,NA,2024-10-28
702377,39,2025-09-15,"J. Watson","Closed",1,11,"Corporate Counsel",4,108056,NA,2025-11-09
702378,9,2024-08-30,"S. Lee","On Hold",1,3,"Product Analyst",2,103503,NA,2024-09-19
702379,11,2025-02-01,"D. Patel","Cancelled",4,3,"Senior Product Manager",4,101819,NA,2025-02-23
702380,13,2024-03-05,"A. Carter","Closed",1,4,"IT Support Specialist",1,101603,NA,2024-04-15
702381,29,2026-01-21,"D. Patel","Closed",1,8,"Account Executive",2,109885,NA,2026-03-18
702382,13,2024-06-20,"M. Davis","Open",1,4,"IT Support Specialist",1,109935,NA,NA
702383,13,2024-08-23,"R. Thomas","Cancelled",2,4,"IT Support Specialist",1,106406,NA,2024-09-06
702384,39,2024-04-29,"D. Patel","Open",1,11,"Corporate Counsel",4,107324,NA,NA
702385,10,2025-06-17,"A. Carter","Closed",1,3,"Product Manager",3,109799,"Jack Riveronridge",2025-08-21
702386,38,2024-08-12,"A. Carter","Closed",1,11,"Legal Analyst",2,100327,NA,2024-10-20
702387,28,2026-01-09,"K. Brown","Closed",2,8,"Sales Development Representative",1,100327,NA,2026-02-10
702388,6,2025-10-03,"T. Nguyen","Closed",2,2,"Senior Software Engineer",3,106354,NA,2025-12-11
702389,13,2024-09-01,"M. Davis","Closed",1,4,"IT Support Specialist",1,101586,NA,2024-10-25
702390,5,2025-02-25,"T. Nguyen","Cancelled",1,2,"Software Engineer II",2,100517,NA,2025-03-25
702391,10,2024-07-19,"A. Carter","Open",1,3,"Product Manager",3,107347,NA,NA
702392,18,2024-04-25,"A. Carter","On Hold",1,5,"Finance Manager",4,103639,NA,2024-05-17
702393,8,2025-05-31,"R. Thomas","Closed",1,2,"Director of Engineering",6,101444,NA,2025-06-25
702394,27,2024-01-02,"J. Watson","Open",1,7,"Marketing Director",5,100853,"Layla Millubry",NA
702395,17,2025-05-10,"D. Patel","Closed",1,5,"Senior Financial Analyst",3,108621,NA,2025-07-04
702396,5,2024-01-29,"K. Brown","Closed",1,2,"Software Engineer II",2,109572,"Kayla Caraquist",2024-04-28
702397,33,2024-09-11,"M. Davis","Closed",1,9,"Operations Manager",4,101777,NA,2024-10-03
702398,2,2025-01-11,"K. Brown","Open",2,1,"Chief Operating Officer",9,103850,NA,NA
702399,21,2025-10-20,"D. Patel","Closed",1,6,"HR Generalist",2,106627,NA,2026-01-22
702400,8,2025-04-19,"T. Nguyen","Closed",1,2,"Director of Engineering",6,100252,NA,2025-06-03
702401,14,2026-01-16,"M. Davis","Open",2,4,"Systems Administrator",2,106043,NA,NA
702402,29,2026-02-07,"M. Davis","Closed",1,8,"Account Executive",2,104039,NA,2026-03-23
702403,14,2025-11-17,"J. Watson","Closed",2,4,"Systems Administrator",2,105458,NA,2025-12-28
702404,40,2024-03-05,"R. Thomas","Open",1,11,"General Counsel",8,104410,NA,NA
702405,23,2025-11-25,"D. Patel","Open",1,6,"HR Manager",4,102707,NA,NA
702406,19,2025-12-19,"K. Brown","Closed",2,5,"Director of Finance",6,100124,NA,2026-01-17
702407,4,2024-05-04,"M. Davis","On Hold",4,2,"Software Engineer I",1,108343,NA,2024-05-19
702408,21,2025-05-17,"M. Davis","Open",2,6,"HR Generalist",2,105030,NA,NA
702409,5,2024-01-01,"R. Thomas","Closed",1,2,"Software Engineer II",2,105148,NA,2024-03-15
702410,37,2024-11-30,"J. Watson","On Hold",3,10,"Director of Customer Support",5,105014,"Avery Valewellmere",2024-12-26
702411,20,2025-01-25,"D. Patel","Open",1,6,"HR Coordinator",1,104537,NA,NA
702412,23,2024-11-03,"K. Brown","Closed",3,6,"HR Manager",4,104924,NA,2025-01-07
702413,23,2025-12-01,"K. Brown","Open",1,6,"HR Manager",4,109240,NA,NA
702414,13,2025-06-29,"M. Davis","Closed",1,4,"IT Support Specialist",1,104659,NA,2025-09-16
702415,28,2025-12-27,"M. Davis","Open",1,8,"Sales Development Representative",1,107351,NA,NA
702416,26,2025-12-21,"J. Watson","Open",1,7,"Digital Marketing Manager",3,101531,NA,NA
702417,7,2025-01-26,"A. Carter","Closed",2,2,"Engineering Manager",4,100270,NA,2025-04-13
702418,5,2026-01-15,"K. Brown","Open",1,2,"Software Engineer II",2,108262,NA,NA
702419,9,2024-02-14,"T. Nguyen","Closed",3,3,"Product Analyst",2,108588,NA,2024-04-03
702420,21,2025-07-26,"D. Patel","Closed",1,6,"HR Generalist",2,104043,NA,2025-10-19
702421,35,2024-03-02,"M. Davis","Open",1,10,"Customer Support Representative",1,105148,NA,NA
702422,32,2024-12-18,"S. Lee","Open",1,9,"Operations Analyst",2,100624,NA,NA
702423,30,2025-09-30,"M. Davis","Closed",1,8,"Sales Manager",4,108999,NA,2025-11-04
702424,4,2025-01-30,"R. Thomas","On Hold",1,2,"Software Engineer I",1,106249,NA,2025-02-17
702425,10,2025-03-23,"R. Thomas","Open",1,3,"Product Manager",3,107380,NA,NA
702426,1,2025-06-20,"J. Watson","Closed",3,1,"Chief Executive Officer",10,101410,NA,2025-08-04
702427,29,2024-03-29,"J. Watson","Closed",1,8,"Account Executive",2,102707,NA,2024-06-10
702428,1,2025-09-30,"S. Lee","Closed",2,1,"Chief Executive Officer",10,105650,NA,2025-11-07
702429,16,2024-04-28,"D. Patel","Open",1,5,"Financial Analyst",2,108733,NA,NA
702430,12,2025-09-28,"M. Davis","Closed",1,3,"Director of Product",6,101751,NA,2025-10-25
702431,16,2025-03-12,"K. Brown","On Hold",2,5,"Financial Analyst",2,101217,NA,2025-03-21
702432,10,2025-01-23,"S. Lee","Closed",2,3,"Product Manager",3,109179,NA,2025-03-24
702433,18,2024-02-02,"R. Thomas","Closed",1,5,"Finance Manager",4,105590,NA,2024-04-17
702434,4,2024-07-12,"J. Watson","Cancelled",1,2,"Software Engineer I",1,105775,NA,2024-08-02
702435,30,2024-04-09,"A. Carter","On Hold",1,8,"Sales Manager",4,107809,NA,2024-04-25
702436,22,2025-11-18,"J. Watson","Open",1,6,"HR Business Partner",3,106922,NA,NA
702437,14,2024-03-20,"T. Nguyen","Open",4,4,"Systems Administrator",2,101248,NA,NA
702438,33,2024-09-05,"K. Brown","Closed",1,9,"Operations Manager",4,106237,NA,2024-09-25
702439,33,2025-08-09,"K. Brown","Open",1,9,"Operations Manager",4,102302,NA,NA
702440,35,2026-02-05,"K. Brown","Open",2,10,"Customer Support Representative",1,103238,NA,NA
702441,25,2025-02-05,"M. Davis","Open",1,7,"Marketing Specialist",1,106725,NA,NA
702442,21,2025-03-07,"D. Patel","Open",4,6,"HR Generalist",2,107992,NA,NA
702443,33,2024-06-08,"S. Lee","Closed",1,9,"Operations Manager",4,102631,"Asher Blakeinby",2024-08-15
702444,32,2024-02-02,"J. Watson","Closed",3,9,"Operations Analyst",2,100925,NA,2024-04-14
702445,11,2026-01-14,"T. Nguyen","Closed",1,3,"Senior Product Manager",4,108688,NA,2026-03-08
702446,4,2024-04-25,"K. Brown","Open",1,2,"Software Engineer I",1,104114,NA,NA
702447,34,2024-11-26,"T. Nguyen","Open",2,9,"Director of Operations",6,109728,NA,NA
702448,10,2025-12-05,"M. Davis","Open",1,3,"Product Manager",3,103023,NA,NA
702449,15,2025-08-17,"S. Lee","Open",1,4,"IT Manager",4,102775,NA,NA
702450,32,2024-11-09,"S. Lee","Open",3,9,"Operations Analyst",2,105322,NA,NA
702451,11,2024-05-12,"D. Patel","Open",1,3,"Senior Product Manager",4,104373,NA,NA
702452,25,2024-12-31,"R. Thomas","Open",2,7,"Marketing Specialist",1,106465,NA,NA
702453,24,2025-06-06,"R. Thomas","Open",1,6,"Director of HR",6,104207,NA,NA
702454,37,2025-01-24,"D. Patel","Closed",2,10,"Director of Customer Support",5,101290,NA,2025-04-07
702455,22,2025-09-04,"S. Lee","On Hold",1,6,"HR Business Partner",3,105930,NA,2025-09-25
702456,8,2025-08-02,"R. Thomas","Open",1,2,"Director of Engineering",6,109170,"Hailey Ashbrook",NA
702457,37,2025-03-15,"M. Davis","Closed",2,10,"Director of Customer Support",5,102324,NA,2025-05-14
702458,1,2024-03-02,"J. Watson","Open",1,1,"Chief Executive Officer",10,109596,NA,NA
702459,11,2024-04-29,"M. Davis","Closed",1,3,"Senior Product Manager",4,106335,NA,2024-05-29
702460,37,2025-11-20,"M. Davis","Open",1,10,"Director of Customer Support",5,102305,NA,NA
702461,36,2024-05-15,"J. Watson","On Hold",1,10,"Customer Support Manager",3,103313,NA,2024-06-10
702462,37,2024-12-06,"M. Davis","Closed",4,10,"Director of Customer Support",5,109437,NA,2025-01-29
702463,32,2024-05-21,"J. Watson","Cancelled",1,9,"Operations Analyst",2,109020,NA,2024-06-03
702464,38,2025-05-04,"K. Brown","Closed",1,11,"Legal Analyst",2,103513,NA,2025-06-23
702465,35,2024-12-13,"J. Watson","Open",1,10,"Customer Support Representative",1,105171,NA,NA
702466,5,2025-08-15,"D. Patel","Open",1,2,"Software Engineer II",2,102713,NA,NA
702467,10,2024-12-15,"J. Watson","Closed",1,3,"Product Manager",3,106000,NA,2025-01-08
702468,34,2024-08-01,"M. Davis","Closed",2,9,"Director of Operations",6,106352,NA,2024-09-22
702469,14,2025-09-30,"J. Watson","Closed",1,4,"Systems Administrator",2,108906,NA,2025-11-04
702470,13,2024-12-27,"A. Carter","On Hold",1,4,"IT Support Specialist",1,105985,NA,2025-01-16
702471,3,2025-11-10,"K. Brown","Closed",2,1,"Vice President",8,108499,NA,2026-02-12
702472,4,2026-02-08,"J. Watson","Open",1,2,"Software Engineer I",1,100518,"Morgan Beckenwin",NA
702473,25,2024-04-08,"A. Carter","Closed",1,7,"Marketing Specialist",1,108997,NA,2024-05-20
702474,27,2025-10-12,"R. Thomas","Cancelled",1,7,"Marketing Director",5,107905,NA,2025-11-06
702475,17,2024-09-03,"S. Lee","Open",2,5,"Senior Financial Analyst",3,103092,NA,NA
702476,26,2024-05-15,"R. Thomas","Open",3,7,"Digital Marketing Manager",3,101195,NA,NA
702477,11,2024-01-14,"R. Thomas","Open",1,3,"Senior Product Manager",4,101608,NA,NA
702478,34,2024-08-18,"J. Watson","Closed",1,9,"Director of Operations",6,109913,NA,2024-11-14
702479,3,2024-08-07,"M. Davis","Closed",2,1,"Vice President",8,107322,NA,2024-10-31
702480,26,2025-10-24,"K. Brown","Closed",1,7,"Digital Marketing Manager",3,106700,NA,2025-12-11
702481,4,2025-04-06,"S. Lee","Closed",1,2,"Software Engineer I",1,107324,NA,2025-07-03
702482,19,2025-11-29,"S. Lee","Open",3,5,"Director of Finance",6,106321,NA,NA
702483,16,2024-12-18,"A. Carter","Open",1,5,"Financial Analyst",2,109254,NA,NA
702484,9,2025-11-22,"R. Thomas","Open",1,3,"Product Analyst",2,103155,NA,NA
702485,30,2025-12-11,"A. Carter","Closed",1,8,"Sales Manager",4,109420,NA,2026-03-01
702486,7,2024-06-09,"D. Patel","Open",1,2,"Engineering Manager",4,109998,"Alyssa Springham",NA
702487,37,2025-07-26,"K. Brown","Cancelled",1,10,"Director of Customer Support",5,102019,"Penelope Crowtonridge",2025-08-24
702488,4,2024-04-05,"A. Carter","Closed",1,2,"Software Engineer I",1,109805,NA,2024-06-22
702489,33,2025-10-27,"M. Davis","Closed",1,9,"Operations Manager",4,106267,NA,2025-12-17
702490,11,2024-12-16,"J. Watson","Closed",1,3,"Senior Product Manager",4,104338,NA,2025-01-05
702491,40,2025-03-29,"T. Nguyen","On Hold",3,11,"General Counsel",8,104473,NA,2025-04-24
702492,34,2025-03-15,"R. Thomas","On Hold",1,9,"Director of Operations",6,102832,NA,2025-04-02
702493,16,2024-12-06,"K. Brown","Open",2,5,"Financial Analyst",2,109158,NA,NA
702494,15,2025-10-20,"D. Patel","Open",1,4,"IT Manager",4,108260,NA,NA
702495,36,2024-12-20,"K. Brown","Open",2,10,"Customer Support Manager",3,101280,"Lane Yorkardale",NA
702496,37,2024-12-15,"M. Davis","Closed",1,10,"Director of Customer Support",5,105409,NA,2025-01-03
702497,29,2024-08-22,"S. Lee","On Hold",3,8,"Account Executive",2,107945,NA,2024-09-08
702498,23,2025-11-26,"A. Carter","Open",4,6,"HR Manager",4,107707,NA,NA
702499,27,2024-01-14,"T. Nguyen","Open",3,7,"Marketing Director",5,100722,NA,NA
702500,24,2024-02-12,"M. Davis","Closed",1,6,"Director of HR",6,105825,NA,2024-03-24
702501,26,2026-02-12,"J. Watson","Closed",3,7,"Digital Marketing Manager",3,101737,NA,2026-04-22
702502,17,2025-09-18,"J. Watson","Closed",2,5,"Senior Financial Analyst",3,102070,NA,2025-10-06
702503,40,2024-06-03,"J. Watson","Closed",1,11,"General Counsel",8,102908,NA,2024-08-22
702504,17,2024-07-18,"J. Watson","Closed",1,5,"Senior Financial Analyst",3,105389,NA,2024-09-13
702505,21,2025-07-25,"A. Carter","Closed",1,6,"HR Generalist",2,101799,NA,2025-10-25
702506,21,2024-10-04,"K. Brown","Closed",1,6,"HR Generalist",2,100516,NA,2024-10-31
702507,12,2025-09-13,"S. Lee","On Hold",1,3,"Director of Product",6,104421,NA,2025-10-09
702508,28,2025-07-31,"J. Watson","Closed",1,8,"Sales Development Representative",1,102525,NA,2025-10-17
702509,32,2024-07-01,"J. Watson","Open",1,9,"Operations Analyst",2,105259,NA,NA
702510,16,2024-06-21,"R. Thomas","Open",2,5,"Financial Analyst",2,108435,NA,NA
702511,28,2024-02-06,"D. Patel","Open",1,8,"Sales Development Representative",1,103799,NA,NA
702512,10,2025-05-10,"K. Brown","Open",2,3,"Product Manager",3,101020,NA,NA
702513,26,2025-01-02,"M. Davis","Closed",1,7,"Digital Marketing Manager",3,103359,NA,2025-02-03
702514,13,2024-07-27,"J. Watson","Cancelled",3,4,"IT Support Specialist",1,102947,NA,2024-09-02
702515,26,2025-05-30,"T. Nguyen","Closed",1,7,"Digital Marketing Manager",3,106717,NA,2025-07-07
702516,12,2025-01-01,"T. Nguyen","Open",1,3,"Director of Product",6,106434,"Caleb Pineerhart",NA
702517,27,2024-08-10,"S. Lee","Open",2,7,"Marketing Director",5,109773,NA,NA
702518,6,2026-02-08,"K. Brown","Closed",1,2,"Senior Software Engineer",3,106761,NA,2026-03-12
702519,27,2024-09-05,"S. Lee","Open",4,7,"Marketing Director",5,100070,NA,NA
702520,34,2026-02-02,"T. Nguyen","Closed",2,9,"Director of Operations",6,104596,NA,2026-03-10
702521,1,2024-08-30,"D. Patel","Open",1,1,"Chief Executive Officer",10,101007,NA,NA
702522,31,2024-03-13,"A. Carter","Open",1,8,"Director of Sales",6,109519,NA,NA
702523,36,2025-01-03,"M. Davis","On Hold",1,10,"Customer Support Manager",3,103378,NA,2025-01-15
702524,29,2024-12-05,"R. Thomas","Closed",1,8,"Account Executive",2,108082,"Brian Springacroft",2025-02-06
702525,11,2025-04-16,"D. Patel","On Hold",1,3,"Senior Product Manager",4,109331,NA,2025-05-11
702526,40,2024-10-31,"T. Nguyen","Closed",2,11,"General Counsel",8,100183,NA,2024-11-27
702527,26,2025-11-23,"S. Lee","Closed",2,7,"Digital Marketing Manager",3,106955,NA,2026-01-03
702528,27,2024-08-21,"J. Watson","Open",1,7,"Marketing Director",5,101942,NA,NA
702529,23,2024-10-12,"A. Carter","Closed",1,6,"HR Manager",4,106544,NA,2024-11-19
702530,10,2025-08-31,"D. Patel","Open",1,3,"Product Manager",3,108356,NA,NA
702531,16,2024-04-11,"M. Davis","Open",1,5,"Financial Analyst",2,107695,NA,NA
702532,37,2024-08-11,"T. Nguyen","Open",1,10,"Director of Customer Support",5,104521,NA,NA
702533,25,2025-07-27,"K. Brown","Closed",3,7,"Marketing Specialist",1,100253,NA,2025-08-31
702534,14,2024-04-13,"M. Davis","Cancelled",1,4,"Systems Administrator",2,102144,NA,2024-05-08
702535,33,2025-09-04,"K. Brown","Closed",1,9,"Operations Manager",4,102447,NA,2025-10-29
702536,28,2024-02-27,"R. Thomas","Open",2,8,"Sales Development Representative",1,101410,NA,NA
702537,37,2024-05-23,"R. Thomas","Closed",1,10,"Director of Customer Support",5,102536,NA,2024-07-22
702538,30,2024-06-02,"T. Nguyen","Open",1,8,"Sales Manager",4,101681,NA,NA
702539,12,2024-08-06,"S. Lee","Closed",1,3,"Director of Product",6,106090,NA,2024-10-01
702540,11,2024-06-01,"M. Davis","Closed",1,3,"Senior Product Manager",4,107600,"Emily Reedostead",2024-08-12
702541,24,2024-05-04,"A. Carter","Open",1,6,"Director of HR",6,108185,NA,NA
702542,38,2025-08-07,"D. Patel","Closed",1,11,"Legal Analyst",2,104743,"Mia Whitellfield",2025-08-31
702543,39,2025-11-08,"M. Davis","Open",1,11,"Corporate Counsel",4,107126,NA,NA
702544,33,2024-09-15,"A. Carter","Open",1,9,"Operations Manager",4,101800,NA,NA
702545,6,2025-12-24,"A. Carter","Closed",1,2,"Senior Software Engineer",3,101833,NA,2026-02-22
702546,11,2024-10-18,"R. Thomas","Open",3,3,"Senior Product Manager",4,102848,NA,NA
702547,26,2024-12-31,"D. Patel","Open",3,7,"Digital Marketing Manager",3,109885,NA,NA
702548,29,2026-01-01,"A. Carter","Open",1,8,"Account Executive",2,106915,NA,NA
702549,22,2025-07-18,"S. Lee","Open",1,6,"HR Business Partner",3,104301,NA,NA
702550,3,2024-08-23,"A. Carter","Closed",1,1,"Vice President",8,104373,NA,2024-09-16
702551,35,2024-11-22,"K. Brown","Open",1,10,"Customer Support Representative",1,104561,"Rafael Glenihart",NA
702552,21,2024-11-01,"D. Patel","Open",4,6,"HR Generalist",2,107744,NA,NA
702553,39,2024-05-16,"R. Thomas","Closed",1,11,"Corporate Counsel",4,107917,NA,2024-08-06
702554,14,2026-02-01,"R. Thomas","On Hold",2,4,"Systems Administrator",2,100815,NA,2026-03-03
702555,29,2024-02-09,"K. Brown","Open",1,8,"Account Executive",2,109240,NA,NA
702556,19,2024-10-07,"M. Davis","Cancelled",3,5,"Director of Finance",6,101371,NA,2024-10-18
702557,29,2026-02-09,"R. Thomas","Open",1,8,"Account Executive",2,102673,NA,NA
702558,18,2025-01-07,"M. Davis","Open",1,5,"Finance Manager",4,103651,NA,NA
702559,10,2024-11-04,"S. Lee","Closed",1,3,"Product Manager",3,105824,NA,2024-12-08
702560,21,2025-02-12,"S. Lee","On Hold",4,6,"HR Generalist",2,105389,NA,2025-02-22
702561,37,2024-02-23,"S. Lee","Closed",1,10,"Director of Customer Support",5,109457,NA,2024-03-22
702562,7,2025-05-14,"A. Carter","Open",1,2,"Engineering Manager",4,101185,NA,NA
702563,24,2025-07-23,"D. Patel","Cancelled",1,6,"Director of HR",6,109898,NA,2025-08-21
702564,28,2025-11-10,"S. Lee","Open",1,8,"Sales Development Representative",1,106409,NA,NA
702565,7,2025-11-03,"A. Carter","Closed",4,2,"Engineering Manager",4,104561,NA,2026-01-11
702566,15,2025-08-08,"J. Watson","Open",1,4,"IT Manager",4,105964,NA,NA
702567,29,2024-06-02,"K. Brown","Closed",1,8,"Account Executive",2,109746,"Mason Calduford",2024-06-22
702568,26,2024-10-18,"T. Nguyen","Closed",1,7,"Digital Marketing Manager",3,104738,NA,2024-12-13
702569,7,2024-12-07,"A. Carter","Closed",1,2,"Engineering Manager",4,102916,NA,2025-01-07
702570,30,2024-09-28,"D. Patel","Closed",1,8,"Sales Manager",4,100295,NA,2024-12-25
702571,14,2024-07-16,"M. Davis","Closed",1,4,"Systems Administrator",2,108206,NA,2024-10-04
702572,23,2025-11-01,"S. Lee","Open",1,6,"HR Manager",4,104179,NA,NA
702573,14,2025-01-31,"S. Lee","Closed",1,4,"Systems Administrator",2,103157,NA,2025-03-03
702574,39,2024-10-16,"S. Lee","Open",1,11,"Corporate Counsel",4,100742,NA,NA
702575,30,2026-02-11,"T. Nguyen","Closed",2,8,"Sales Manager",4,107518,NA,2026-04-30
702576,21,2024-11-11,"M. Davis","Open",1,6,"HR Generalist",2,100563,NA,NA
702577,15,2025-03-04,"D. Patel","On Hold",1,4,"IT Manager",4,100484,NA,2025-03-15
702578,36,2024-11-14,"T. Nguyen","Open",4,10,"Customer Support Manager",3,104043,NA,NA
702579,34,2024-12-25,"M. Davis","Open",1,9,"Director of Operations",6,106205,"Dylan Delington",NA
702580,10,2026-01-28,"R. Thomas","Closed",1,3,"Product Manager",3,107151,NA,2026-02-16
702581,9,2025-10-07,"R. Thomas","Closed",1,3,"Product Analyst",2,106156,NA,2025-12-10
702582,26,2024-02-15,"K. Brown","Open",1,7,"Digital Marketing Manager",3,101385,NA,NA
702583,33,2025-04-28,"A. Carter","Closed",1,9,"Operations Manager",4,106779,NA,2025-05-16
702584,1,2024-02-09,"T. Nguyen","Closed",1,1,"Chief Executive Officer",10,101972,NA,2024-04-11
702585,5,2025-06-10,"D. Patel","Open",1,2,"Software Engineer II",2,109086,NA,NA
702586,30,2025-10-06,"D. Patel","Closed",1,8,"Sales Manager",4,103062,NA,2026-01-05
702587,12,2025-05-12,"A. Carter","Closed",1,3,"Director of Product",6,109323,NA,2025-07-22
702588,35,2025-02-03,"J. Watson","Closed",1,10,"Customer Support Representative",1,109086,NA,2025-03-05
702589,14,2025-06-19,"D. Patel","Open",1,4,"Systems Administrator",2,102842,NA,NA
702590,17,2025-02-09,"R. Thomas","Closed",1,5,"Senior Financial Analyst",3,101262,NA,2025-03-18
702591,15,2024-04-04,"M. Davis","Closed",1,4,"IT Manager",4,101564,NA,2024-05-29
702592,3,2024-12-20,"J. Watson","Open",1,1,"Vice President",8,109424,NA,NA
702593,2,2025-01-18,"T. Nguyen","Open",1,1,"Chief Operating Officer",9,102762,NA,NA
702594,21,2024-06-16,"S. Lee","Open",1,6,"HR Generalist",2,105368,NA,NA
702595,2,2024-02-23,"D. Patel","Open",1,1,"Chief Operating Officer",9,100627,NA,NA
702596,4,2025-08-11,"R. Thomas","Open",1,2,"Software Engineer I",1,107336,"Addison Beckunley",NA
702597,28,2025-04-06,"S. Lee","Closed",1,8,"Sales Development Representative",1,101718,NA,2025-07-02
702598,14,2024-12-13,"J. Watson","Closed",1,4,"Systems Administrator",2,103874,NA,2025-01-20
702599,37,2025-05-10,"T. Nguyen","Open",1,10,"Director of Customer Support",5,105334,NA,NA
702600,14,2025-12-29,"D. Patel","Closed",1,4,"Systems Administrator",2,103194,NA,2026-02-17
702601,12,2025-07-01,"R. Thomas","Closed",3,3,"Director of Product",6,104405,NA,2025-07-19
702602,10,2025-08-05,"M. Davis","Open",1,3,"Product Manager",3,107094,NA,NA
702603,40,2024-01-07,"D. Patel","Open",1,11,"General Counsel",8,109320,NA,NA
702604,33,2024-02-18,"T. Nguyen","Closed",1,9,"Operations Manager",4,105256,NA,2024-05-21
702605,2,2024-05-15,"J. Watson","Open",2,1,"Chief Operating Officer",9,106213,NA,NA
702606,1,2025-08-11,"R. Thomas","Closed",1,1,"Chief Executive Officer",10,108194,NA,2025-10-08
702607,18,2025-05-23,"M. Davis","On Hold",1,5,"Finance Manager",4,104739,NA,2025-06-22
702608,13,2025-03-27,"D. Patel","Closed",2,4,"IT Support Specialist",1,106906,NA,2025-05-22
702609,3,2025-12-11,"T. Nguyen","Open",1,1,"Vice President",8,108174,NA,NA
702610,31,2024-06-13,"T. Nguyen","Open",2,8,"Director of Sales",6,102500,NA,NA
702611,25,2024-03-20,"A. Carter","Closed",1,7,"Marketing Specialist",1,105264,NA,2024-04-23
702612,22,2025-11-16,"K. Brown","Closed",1,6,"HR Business Partner",3,104936,NA,2026-02-16
702613,4,2025-06-02,"M. Davis","Closed",1,2,"Software Engineer I",1,107082,NA,2025-09-02
702614,31,2025-06-21,"K. Brown","Open",3,8,"Director of Sales",6,109331,NA,NA
702615,3,2025-09-07,"A. Carter","Closed",1,1,"Vice President",8,109161,NA,2025-12-04
702616,22,2024-01-19,"R. Thomas","Closed",2,6,"HR Business Partner",3,102274,NA,2024-03-18
702617,17,2024-12-20,"R. Thomas","Closed",1,5,"Senior Financial Analyst",3,105156,NA,2025-03-18
702618,34,2025-01-05,"K. Brown","On Hold",1,9,"Director of Operations",6,104391,NA,2025-01-16
702619,10,2026-02-14,"M. Davis","Closed",1,3,"Product Manager",3,100221,NA,2026-03-27
702620,24,2024-07-31,"T. Nguyen","Closed",1,6,"Director of HR",6,101049,NA,2024-09-16
702621,29,2025-09-28,"S. Lee","Closed",4,8,"Account Executive",2,103317,NA,2025-10-21
702622,7,2024-02-26,"R. Thomas","Closed",1,2,"Engineering Manager",4,106811,NA,2024-05-11
702623,8,2024-09-19,"A. Carter","Open",1,2,"Director of Engineering",6,107436,NA,NA
702624,28,2025-09-16,"K. Brown","Open",1,8,"Sales Development Representative",1,101418,NA,NA
702625,18,2025-08-10,"D. Patel","Closed",1,5,"Finance Manager",4,109922,NA,2025-10-03
702626,30,2024-09-09,"J. Watson","Closed",1,8,"Sales Manager",4,103627,NA,2024-10-18
702627,4,2024-07-24,"D. Patel","Closed",2,2,"Software Engineer I",1,103014,NA,2024-08-31
702628,31,2024-03-14,"D. Patel","Cancelled",1,8,"Director of Sales",6,101802,NA,2024-03-26
702629,32,2025-06-04,"K. Brown","Closed",1,9,"Operations Analyst",2,108972,NA,2025-07-05
702630,17,2025-03-17,"J. Watson","Closed",3,5,"Senior Financial Analyst",3,101039,NA,2025-04-27
702631,13,2025-10-11,"M. Davis","Open",2,4,"IT Support Specialist",1,108668,NA,NA
702632,3,2025-06-04,"R. Thomas","On Hold",1,1,"Vice President",8,102062,NA,2025-06-13
702633,2,2024-04-01,"J. Watson","Closed",1,1,"Chief Operating Officer",9,108255,NA,2024-06-09
702634,34,2025-01-28,"T. Nguyen","On Hold",2,9,"Director of Operations",6,106118,NA,2025-02-17
702635,5,2025-10-07,"M. Davis","Closed",1,2,"Software Engineer II",2,107452,NA,2025-12-05
702636,40,2025-01-11,"T. Nguyen","Closed",1,11,"General Counsel",8,109762,NA,2025-03-25
702637,15,2025-03-19,"J. Watson","On Hold",1,4,"IT Manager",4,101594,NA,2025-04-11
702638,40,2025-04-11,"T. Nguyen","Closed",1,11,"General Counsel",8,106732,NA,2025-05-19
702639,8,2024-11-23,"S. Lee","Open",1,2,"Director of Engineering",6,107700,NA,NA
702640,13,2024-02-04,"R. Thomas","On Hold",1,4,"IT Support Specialist",1,106608,NA,2024-02-15
702641,16,2024-05-07,"R. Thomas","On Hold",3,5,"Financial Analyst",2,101381,"Sophia Springorwell",2024-05-24
702642,18,2024-03-02,"K. Brown","Open",1,5,"Finance Manager",4,107751,NA,NA
702643,37,2025-07-14,"R. Thomas","Closed",1,10,"Director of Customer Support",5,103755,"Dylan Harteridge",2025-08-21
702644,10,2024-09-05,"R. Thomas","Open",1,3,"Product Manager",3,104825,NA,NA
702645,14,2024-07-21,"J. Watson","On Hold",1,4,"Systems Administrator",2,106556,NA,2024-08-06
702646,29,2025-10-14,"A. Carter","Closed",1,8,"Account Executive",2,104186,NA,2026-01-14
702647,32,2024-10-31,"M. Davis","Open",1,9,"Operations Analyst",2,106503,NA,NA
702648,6,2024-09-12,"M. Davis","Closed",1,2,"Senior Software Engineer",3,104709,NA,2024-10-12
702649,15,2025-02-10,"K. Brown","Open",1,4,"IT Manager",4,108278,NA,NA
702650,30,2024-11-21,"A. Carter","Closed",1,8,"Sales Manager",4,102144,NA,2025-01-29
702651,39,2024-04-04,"R. Thomas","Open",2,11,"Corporate Counsel",4,104162,NA,NA
702652,20,2025-01-10,"K. Brown","Closed",1,6,"HR Coordinator",1,107132,NA,2025-04-11
702653,31,2024-01-23,"K. Brown","Open",2,8,"Director of Sales",6,105010,NA,NA
702654,25,2025-11-16,"D. Patel","Open",1,7,"Marketing Specialist",1,101080,NA,NA
702655,12,2025-04-09,"S. Lee","Open",2,3,"Director of Product",6,106306,"Evan Barwellman",NA
702656,38,2024-02-08,"S. Lee","Closed",2,11,"Legal Analyst",2,102449,NA,2024-02-29
702657,10,2024-03-25,"J. Watson","Open",1,3,"Product Manager",3,103425,NA,NA
702658,32,2025-09-22,"J. Watson","Open",1,9,"Operations Analyst",2,108590,NA,NA
702659,35,2025-04-24,"M. Davis","Closed",1,10,"Customer Support Representative",1,106707,NA,2025-06-30
702660,35,2025-03-13,"A. Carter","Closed",1,10,"Customer Support Representative",1,102160,"Leah Blackimore",2025-04-09
702661,25,2025-02-09,"T. Nguyen","Closed",1,7,"Marketing Specialist",1,107220,NA,2025-05-01
702662,11,2025-01-22,"J. Watson","On Hold",1,3,"Senior Product Manager",4,108812,"Oliver Hollufield",2025-02-01
702663,10,2024-01-28,"A. Carter","Open",1,3,"Product Manager",3,104037,NA,NA
702664,22,2024-09-01,"R. Thomas","Open",1,6,"HR Business Partner",3,106876,NA,NA
702665,14,2026-01-12,"J. Watson","Open",1,4,"Systems Administrator",2,103176,NA,NA
702666,18,2024-09-07,"D. Patel","Open",1,5,"Finance Manager",4,109324,NA,NA
702667,5,2024-07-27,"T. Nguyen","Open",1,2,"Software Engineer II",2,109153,"Claire Roseonway",NA
702668,25,2025-01-26,"K. Brown","Open",2,7,"Marketing Specialist",1,103027,NA,NA
702669,28,2024-05-08,"K. Brown","Open",1,8,"Sales Development Representative",1,106721,NA,NA
702670,36,2025-03-24,"R. Thomas","Closed",1,10,"Customer Support Manager",3,106151,NA,2025-05-18
702671,23,2025-08-10,"K. Brown","Closed",1,6,"HR Manager",4,100166,"Avery Rockmont",2025-09-11
702672,18,2024-05-31,"A. Carter","Open",1,5,"Finance Manager",4,107336,NA,NA
702673,24,2025-10-29,"D. Patel","Cancelled",1,6,"Director of HR",6,102449,NA,2025-11-22
702674,30,2024-10-02,"R. Thomas","Open",1,8,"Sales Manager",4,104739,NA,NA
702675,25,2024-07-16,"M. Davis","Open",1,7,"Marketing Specialist",1,103824,NA,NA
702676,15,2024-10-26,"T. Nguyen","Closed",1,4,"IT Manager",4,104280,NA,2024-12-18
702677,19,2024-05-21,"R. Thomas","Closed",1,5,"Director of Finance",6,104537,NA,2024-08-18
702678,13,2024-03-14,"D. Patel","Closed",2,4,"IT Support Specialist",1,100811,NA,2024-06-17
702679,26,2024-07-13,"S. Lee","Cancelled",1,7,"Digital Marketing Manager",3,100943,NA,2024-08-04
702680,26,2024-11-21,"T. Nguyen","Closed",1,7,"Digital Marketing Manager",3,100353,NA,2025-01-02
702681,29,2024-10-15,"S. Lee","Closed",2,8,"Account Executive",2,106708,NA,2025-01-07
702682,25,2025-03-06,"D. Patel","Open",1,7,"Marketing Specialist",1,109447,NA,NA
702683,1,2025-11-30,"A. Carter","Closed",1,1,"Chief Executive Officer",10,104926,NA,2025-12-26
702684,19,2025-05-19,"A. Carter","Closed",1,5,"Director of Finance",6,102222,"Jamie Wrenleyward",2025-08-16
702685,30,2024-10-26,"T. Nguyen","Closed",1,8,"Sales Manager",4,107099,NA,2024-12-11
702686,17,2025-01-22,"M. Davis","Open",1,5,"Senior Financial Analyst",3,106193,NA,NA
702687,3,2025-05-18,"R. Thomas","Cancelled",3,1,"Vice President",8,100872,NA,2025-06-25
702688,12,2025-10-14,"S. Lee","Closed",3,3,"Director of Product",6,106129,NA,2025-11-03
702689,22,2024-06-27,"K. Brown","Closed",1,6,"HR Business Partner",3,102889,NA,2024-07-30
702690,28,2024-04-15,"D. Patel","Closed",1,8,"Sales Development Representative",1,109865,NA,2024-06-01
702691,33,2024-05-31,"T. Nguyen","On Hold",2,9,"Operations Manager",4,104321,NA,2024-06-11
702692,39,2025-10-02,"T. Nguyen","Open",1,11,"Corporate Counsel",4,104207,NA,NA
702693,35,2024-07-27,"M. Davis","On Hold",1,10,"Customer Support Representative",1,102818,NA,2024-08-21
702694,4,2024-04-28,"D. Patel","Closed",1,2,"Software Engineer I",1,107264,"Nathan Oakosen",2024-05-24
702695,13,2024-05-27,"S. Lee","Open",1,4,"IT Support Specialist",1,102058,NA,NA
702696,8,2025-09-09,"R. Thomas","Closed",1,2,"Director of Engineering",6,106517,"Jack Wardinmere",2025-10-09
702697,9,2025-03-23,"A. Carter","On Hold",1,3,"Product Analyst",2,106800,NA,2025-03-31
702698,12,2025-04-27,"A. Carter","Closed",1,3,"Director of Product",6,102913,NA,2025-07-22
702699,4,2024-04-24,"M. Davis","Closed",3,2,"Software Engineer I",1,101391,NA,2024-07-13
702700,15,2025-10-14,"R. Thomas","Open",1,4,"IT Manager",4,100791,NA,NA
702701,12,2025-05-23,"J. Watson","Open",1,3,"Director of Product",6,109931,"Skyler Barenden",NA
702702,21,2025-06-05,"A. Carter","Closed",1,6,"HR Generalist",2,108823,NA,2025-08-26
702703,6,2025-07-18,"R. Thomas","Open",1,2,"Senior Software Engineer",3,109787,NA,NA
702704,15,2026-01-19,"M. Davis","Closed",1,4,"IT Manager",4,103930,NA,2026-04-08
702705,30,2024-11-22,"S. Lee","Closed",1,8,"Sales Manager",4,104558,NA,2025-01-20
702706,34,2026-02-03,"T. Nguyen","Cancelled",1,9,"Director of Operations",6,109321,"Alice Carsonmont",2026-03-07
702707,26,2024-12-05,"T. Nguyen","On Hold",1,7,"Digital Marketing Manager",3,105742,"Melanie Darntonbry",2024-12-31
702708,24,2024-03-18,"J. Watson","Open",1,6,"Director of HR",6,105231,"Lane Millsonquist",NA
702709,4,2024-11-05,"R. Thomas","On Hold",4,2,"Software Engineer I",1,102885,NA,2024-11-19
702710,32,2024-04-26,"J. Watson","Closed",2,9,"Operations Analyst",2,107382,NA,2024-05-30
702711,27,2024-09-13,"M. Davis","Closed",1,7,"Marketing Director",5,108006,NA,2024-11-16
702712,38,2024-03-27,"T. Nguyen","Closed",1,11,"Legal Analyst",2,107644,NA,2024-06-28
702713,23,2024-06-24,"J. Watson","Closed",1,6,"HR Manager",4,100811,NA,2024-08-11
702714,27,2024-01-22,"J. Watson","Cancelled",1,7,"Marketing Director",5,100623,NA,2024-02-15
702715,25,2024-01-27,"A. Carter","Open",1,7,"Marketing Specialist",1,101403,NA,NA
702716,22,2024-10-25,"D. Patel","Closed",2,6,"HR Business Partner",3,106357,NA,2024-11-16
702717,13,2025-12-24,"K. Brown","Open",3,4,"IT Support Specialist",1,104612,NA,NA
702718,27,2025-08-02,"D. Patel","Closed",1,7,"Marketing Director",5,106876,NA,2025-10-12
702719,23,2025-09-06,"J. Watson","Closed",2,6,"HR Manager",4,103537,NA,2025-10-05
702720,32,2024-02-14,"T. Nguyen","Open",1,9,"Operations Analyst",2,102996,NA,NA
702721,1,2025-12-31,"D. Patel","Closed",1,1,"Chief Executive Officer",10,105650,NA,2026-03-25
702722,27,2025-11-15,"A. Carter","Closed",1,7,"Marketing Director",5,107755,NA,2026-02-10
702723,31,2024-10-17,"S. Lee","Closed",1,8,"Director of Sales",6,109638,NA,2024-12-13
702724,6,2026-01-30,"T. Nguyen","Open",1,2,"Senior Software Engineer",3,102161,"Peyton Foxerway",NA
702725,26,2025-11-14,"A. Carter","Open",1,7,"Digital Marketing Manager",3,109542,NA,NA
702726,37,2024-10-25,"A. Carter","Open",1,10,"Director of Customer Support",5,109434,NA,NA
702727,17,2025-02-18,"M. Davis","On Hold",1,5,"Senior Financial Analyst",3,102360,NA,2025-03-16
702728,26,2024-10-21,"A. Carter","Open",2,7,"Digital Marketing Manager",3,108695,NA,NA
702729,36,2025-12-11,"K. Brown","Closed",1,10,"Customer Support Manager",3,101042,NA,2026-01-05
702730,17,2026-01-01,"S. Lee","Closed",2,5,"Senior Financial Analyst",3,102419,NA,2026-03-02
702731,9,2024-08-31,"M. Davis","Closed",1,3,"Product Analyst",2,102955,NA,2024-10-15
702732,30,2024-03-05,"J. Watson","Cancelled",1,8,"Sales Manager",4,103870,NA,2024-03-18
702733,34,2025-01-01,"K. Brown","Open",2,9,"Director of Operations",6,102419,NA,NA
702734,19,2024-12-13,"S. Lee","Open",1,5,"Director of Finance",6,108482,NA,NA
702735,16,2024-05-22,"M. Davis","Cancelled",2,5,"Financial Analyst",2,105041,NA,2024-05-31
702736,25,2025-03-15,"D. Patel","Closed",2,7,"Marketing Specialist",1,101117,NA,2025-05-31
702737,32,2026-01-11,"A. Carter","Closed",2,9,"Operations Analyst",2,108185,NA,2026-03-03
702738,33,2024-07-16,"K. Brown","Closed",2,9,"Operations Manager",4,109885,NA,2024-10-09
702739,22,2025-01-30,"R. Thomas","Open",2,6,"HR Business Partner",3,108648,NA,NA
702740,4,2025-03-25,"S. Lee","Open",1,2,"Software Engineer I",1,106676,NA,NA
702741,13,2025-01-27,"K. Brown","Open",3,4,"IT Support Specialist",1,106759,NA,NA
702742,40,2025-10-29,"M. Davis","Cancelled",1,11,"General Counsel",8,109535,NA,2025-11-10
702743,8,2024-12-11,"J. Watson","Open",1,2,"Director of Engineering",6,109907,"Kevin Silvererwell",NA
702744,4,2024-11-13,"J. Watson","Open",1,2,"Software Engineer I",1,103591,NA,NA
702745,30,2025-03-13,"S. Lee","Open",1,8,"Sales Manager",4,103647,NA,NA
702746,4,2024-01-21,"D. Patel","Open",2,2,"Software Engineer I",1,102178,NA,NA
702747,16,2024-07-21,"T. Nguyen","Open",1,5,"Financial Analyst",2,108300,NA,NA
702748,16,2024-04-16,"J. Watson","Closed",1,5,"Financial Analyst",2,108834,NA,2024-05-04
702749,19,2025-09-27,"A. Carter","Cancelled",2,5,"Director of Finance",6,100820,NA,2025-10-28
702750,21,2026-01-11,"D. Patel","Closed",1,6,"HR Generalist",2,104354,NA,2026-04-16
702751,11,2025-12-26,"D. Patel","Open",1,3,"Senior Product Manager",4,106876,NA,NA
702752,28,2025-01-01,"S. Lee","Closed",1,8,"Sales Development Representative",1,106473,NA,2025-03-24
702753,23,2025-06-06,"T. Nguyen","On Hold",2,6,"HR Manager",4,101853,NA,2025-06-21
702754,34,2025-07-24,"J. Watson","Open",2,9,"Director of Operations",6,104709,NA,NA
702755,15,2024-12-21,"K. Brown","Closed",1,4,"IT Manager",4,100675,NA,2025-01-13
702756,36,2026-01-18,"D. Patel","Closed",1,10,"Customer Support Manager",3,105514,NA,2026-04-06
702757,13,2025-12-20,"R. Thomas","Closed",1,4,"IT Support Specialist",1,102500,NA,2026-01-09
702758,3,2025-05-12,"M. Davis","Open",2,1,"Vice President",8,104233,NA,NA
702759,29,2024-02-08,"M. Davis","Closed",1,8,"Account Executive",2,108774,NA,2024-04-03
702760,37,2025-11-11,"K. Brown","On Hold",2,10,"Director of Customer Support",5,100892,NA,2025-12-06
702761,4,2025-11-02,"S. Lee","Closed",3,2,"Software Engineer I",1,103588,NA,2025-12-03
702762,29,2025-09-02,"D. Patel","Cancelled",1,8,"Account Executive",2,103175,NA,2025-09-12
702763,25,2025-01-04,"R. Thomas","Open",1,7,"Marketing Specialist",1,108252,NA,NA
702764,17,2024-10-09,"J. Watson","Closed",1,5,"Senior Financial Analyst",3,103185,NA,2024-12-12
702765,25,2025-03-17,"A. Carter","Closed",2,7,"Marketing Specialist",1,105181,NA,2025-04-18
702766,7,2026-01-28,"M. Davis","Open",1,2,"Engineering Manager",4,101113,NA,NA
702767,21,2025-01-15,"S. Lee","Closed",2,6,"HR Generalist",2,107549,NA,2025-03-18
702768,2,2025-05-09,"M. Davis","Open",2,1,"Chief Operating Officer",9,101282,NA,NA
702769,38,2025-07-05,"T. Nguyen","Closed",2,11,"Legal Analyst",2,104279,NA,2025-09-26
702770,19,2024-10-15,"K. Brown","Open",1,5,"Director of Finance",6,105906,NA,NA
702771,10,2024-12-19,"K. Brown","Closed",1,3,"Product Manager",3,100930,NA,2025-03-20
702772,22,2025-10-11,"S. Lee","Closed",2,6,"HR Business Partner",3,108056,NA,2025-11-16
702773,19,2025-06-06,"K. Brown","Open",1,5,"Director of Finance",6,108288,NA,NA
702774,16,2026-01-05,"T. Nguyen","Closed",1,5,"Financial Analyst",2,109152,NA,2026-02-21
702775,4,2024-01-31,"S. Lee","Open",1,2,"Software Engineer I",1,103577,NA,NA
702776,4,2025-03-12,"A. Carter","Open",1,2,"Software Engineer I",1,102442,NA,NA
702777,38,2025-03-26,"M. Davis","Open",1,11,"Legal Analyst",2,102542,NA,NA
702778,22,2024-02-05,"R. Thomas","Open",1,6,"HR Business Partner",3,105168,NA,NA
702779,11,2024-05-29,"S. Lee","Open",1,3,"Senior Product Manager",4,104612,NA,NA
702780,22,2024-01-28,"J. Watson","Closed",1,6,"HR Business Partner",3,101547,NA,2024-04-05
702781,12,2024-12-18,"M. Davis","Open",1,3,"Director of Product",6,101378,NA,NA
702782,21,2024-03-12,"A. Carter","Closed",1,6,"HR Generalist",2,101117,NA,2024-05-31
702783,6,2025-10-18,"M. Davis","Open",1,2,"Senior Software Engineer",3,103198,"Jayden Clarkellby",NA
702784,34,2025-01-20,"S. Lee","Closed",1,9,"Director of Operations",6,108841,NA,2025-03-22
702785,32,2025-10-03,"S. Lee","Open",1,9,"Operations Analyst",2,108963,NA,NA
702786,33,2024-05-11,"T. Nguyen","Open",1,9,"Operations Manager",4,102848,"Hayden Grayby",NA
702787,39,2024-04-18,"D. Patel","Open",2,11,"Corporate Counsel",4,105325,NA,NA
702788,2,2024-02-21,"A. Carter","Open",1,1,"Chief Operating Officer",9,106217,NA,NA
702789,1,2024-06-18,"S. Lee","Open",1,1,"Chief Executive Officer",10,105843,NA,NA
702790,25,2024-01-29,"S. Lee","Closed",1,7,"Marketing Specialist",1,108353,NA,2024-02-22
702791,38,2024-06-29,"D. Patel","Closed",2,11,"Legal Analyst",2,106662,NA,2024-08-04
702792,34,2024-06-08,"S. Lee","Closed",1,9,"Director of Operations",6,102563,NA,2024-07-14
702793,21,2026-02-01,"A. Carter","Open",1,6,"HR Generalist",2,106193,NA,NA
702794,40,2025-04-11,"M. Davis","Closed",2,11,"General Counsel",8,103936,NA,2025-06-27
702795,16,2024-05-20,"D. Patel","Open",1,5,"Financial Analyst",2,101775,NA,NA
702796,36,2025-07-29,"T. Nguyen","Closed",1,10,"Customer Support Manager",3,105052,NA,2025-09-20
702797,14,2024-06-29,"R. Thomas","Open",1,4,"Systems Administrator",2,100397,NA,NA
702798,19,2024-10-17,"A. Carter","Closed",1,5,"Director of Finance",6,105029,NA,2025-01-08
702799,3,2024-10-24,"D. Patel","Open",4,1,"Vice President",8,105334,NA,NA
702800,36,2025-12-18,"S. Lee","Closed",1,10,"Customer Support Manager",3,109021,NA,2026-01-26
