"EmployeeID","DepartmentID","JobID","LocationID","ManagerID","HireDate","TerminationDate","EmploymentStatus","TerminationType","WorkerType","EmploymentType","FTE","RemoteStatus","FinalTenureYears"
108439,1,1,3,NA,2016-08-30,NA,"Active",NA,"Employee","Regular",0.8,"Onsite",9.53
104925,1,1,9,108439,2018-08-16,NA,"Active",NA,"Employee","Regular",1,"Hybrid",7.56
102321,1,1,10,108439,2018-08-22,NA,"Active",NA,"Employee","Regular",1,"Onsite",7.55
100925,1,1,2,108439,2021-10-10,NA,"Active",NA,"Employee","Regular",1,"Hybrid",4.41
107744,1,2,12,108439,2013-12-11,NA,"Active",NA,"Employee","Regular",1,"Onsite",12.24
100462,1,2,5,108439,2014-06-18,NA,"Active",NA,"Employee","Regular",1,"Onsite",11.73
105458,1,2,1,108439,2015-01-22,NA,"Active",NA,"Contractor","Regular",1,"Onsite",11.13
101296,1,2,10,108439,2015-03-01,NA,"Active",NA,"Employee","Regular",1,"Hybrid",11.02
100679,1,2,6,108439,2015-03-17,NA,"Active",NA,"Employee","Regular",1,"Remote",10.98
101306,1,2,3,108439,2015-03-22,NA,"Active",NA,"Employee","Regular",1,"Remote",10.97
107115,1,2,12,108439,2015-10-20,NA,"Active",NA,"Contractor","Regular",1,"Onsite",10.39
107759,1,2,5,108439,2016-08-31,NA,"Active",NA,"Employee","Regular",1,"Onsite",9.52
108809,1,2,2,108439,2017-04-22,2022-08-20,"Terminated","Involuntary","Contractor","Regular",0.8,"Onsite",5.33
105824,1,2,5,108439,2017-08-02,NA,"Active",NA,"Employee","Regular",0.6,"Onsite",8.6
109950,1,2,3,108439,2017-09-28,NA,"Active",NA,"Employee","Regular",1,"Onsite",8.45
105405,1,2,1,108439,2017-12-03,NA,"Active",NA,"Employee","Regular",1,"Onsite",8.27
102916,1,2,10,108439,2018-01-16,NA,"Active",NA,"Employee","Regular",1,"Onsite",8.15
107473,1,2,11,108439,2018-02-06,2021-12-20,"Terminated","Voluntary","Employee","Regular",1,"Remote",3.87
100546,1,2,7,108439,2018-12-26,NA,"Active",NA,"Employee","Regular",0.8,"Onsite",7.2
103099,1,2,6,108439,2019-02-13,NA,"Active",NA,"Employee","Regular",1,"Onsite",7.07
109850,1,2,8,108439,2019-07-10,2024-12-05,"Terminated","Voluntary","Employee","Regular",1,"Remote",5.41
106707,1,2,12,108439,2019-11-01,NA,"Active",NA,"Employee","Regular",0.8,"Onsite",6.35
105122,1,2,11,108439,2019-11-08,NA,"Active",NA,"Employee","Regular",1,"Onsite",6.33
105581,1,2,4,108439,2020-09-18,NA,"Active",NA,"Employee","Regular",1,"Onsite",5.47
103096,1,2,8,108439,2020-12-31,NA,"Active",NA,"Employee","Regular",1,"Hybrid",5.19
107711,1,2,9,108439,2022-03-28,NA,"Active",NA,"Employee","Regular",1,"Hybrid",3.95
102463,1,2,4,108439,2022-05-13,NA,"Active",NA,"Employee","Regular",1,"Onsite",3.82
106843,1,2,2,108439,2023-02-18,NA,"Active",NA,"Employee","Regular",1,"Onsite",3.05
105036,1,2,10,108439,2023-03-18,NA,"Active",NA,"Employee","Regular",1,"Onsite",2.98
108431,1,2,6,108439,2024-03-21,NA,"Active",NA,"Employee","Regular",1,"Hybrid",1.97
103743,1,2,3,108439,2024-06-09,NA,"Active",NA,"Contractor","Regular",1,"Onsite",1.75
102042,1,2,2,108439,2025-06-27,NA,"Active",NA,"Employee","Regular",1,"Hybrid",0.7
100025,1,2,6,108439,2025-12-07,NA,"Active",NA,"Employee","Regular",1,"Onsite",0.25
100526,1,3,5,108439,2013-01-09,NA,"Active",NA,"Employee","Regular",1,"Remote",13.16
108254,1,3,3,108439,2013-04-26,NA,"Active",NA,"Employee","Regular",1,"Hybrid",12.87
109577,1,3,1,108439,2014-04-29,NA,"Active",NA,"Employee","Regular",1,"Onsite",11.86
107004,1,3,10,108439,2014-06-30,NA,"Active",NA,"Employee","Regular",1,"Onsite",11.69
109343,1,3,9,108439,2014-07-26,NA,"Active",NA,"Employee","Regular",0.8,"Onsite",11.62
104073,1,3,12,108439,2014-11-25,NA,"Active",NA,"Contractor","Regular",1,"Hybrid",11.29
108305,1,3,3,108439,2015-01-14,2021-09-24,"Terminated","Involuntary","Employee","Regular",1,"Onsite",6.69
109390,1,3,6,108439,2015-03-18,NA,"Active",NA,"Employee","Regular",0.8,"Onsite",10.98
106556,1,3,3,108439,2015-04-04,NA,"Active",NA,"Employee","Regular",1,"Onsite",10.93
105839,1,3,10,108439,2015-05-02,NA,"Active",NA,"Employee","Regular",0.8,"Onsite",10.85
100764,1,3,3,108439,2015-08-11,NA,"Active",NA,"Employee","Regular",1,"Onsite",10.58
101025,1,3,3,108439,2016-06-06,NA,"Active",NA,"Employee","Temporary",1,"Hybrid",9.76
102509,1,3,11,108439,2016-08-31,NA,"Active",NA,"Contractor","Regular",1,"Onsite",9.52
104582,1,3,7,108439,2016-09-22,NA,"Active",NA,"Employee","Regular",1,"Onsite",9.46
105397,1,3,5,108439,2017-02-13,NA,"Active",NA,"Employee","Regular",1,"Remote",9.07
109009,1,3,11,108439,2017-03-29,NA,"Active",NA,"Employee","Regular",1,"Remote",8.95
100212,1,3,4,108439,2018-06-13,NA,"Active",NA,"Employee","Regular",1,"Hybrid",7.74
107980,1,3,12,108439,2018-07-03,NA,"Active",NA,"Employee","Regular",1,"Onsite",7.68
103928,1,3,4,108439,2018-07-14,NA,"Active",NA,"Employee","Regular",1,"Hybrid",7.65
107732,1,3,4,108439,2018-07-23,NA,"Active",NA,"Employee","Regular",0.8,"Hybrid",7.63
109284,1,3,12,108439,2018-08-25,NA,"Active",NA,"Employee","Regular",1,"Hybrid",7.54
107378,1,3,11,108439,2018-12-12,NA,"Active",NA,"Contractor","Regular",0.8,"Hybrid",7.24
103074,1,3,8,108439,2019-03-21,NA,"Active",NA,"Employee","Regular",1,"Onsite",6.97
101336,1,3,8,108439,2019-05-11,NA,"Active",NA,"Employee","Regular",0.8,"Remote",6.83
106260,1,3,8,108439,2019-07-11,NA,"Active",NA,"Employee","Regular",1,"Onsite",6.66
102454,1,3,6,108439,2019-07-28,NA,"Active",NA,"Employee","Regular",1,"Hybrid",6.62
103912,1,3,12,108439,2019-09-03,NA,"Active",NA,"Employee","Regular",1,"Onsite",6.52
104811,1,3,10,108439,2019-09-19,NA,"Active",NA,"Employee","Regular",1,"Onsite",6.47
103113,1,3,12,108439,2019-10-09,NA,"Active",NA,"Employee","Regular",0.8,"Onsite",6.42
100186,1,3,11,108439,2020-09-29,NA,"Active",NA,"Employee","Temporary",1,"Hybrid",5.44
104738,1,3,4,108439,2020-11-14,NA,"Active",NA,"Employee","Regular",0.8,"Onsite",5.32
105087,1,3,4,108439,2021-04-04,NA,"Active",NA,"Employee","Regular",1,"Onsite",4.93
100303,1,3,2,108439,2021-06-13,NA,"Active",NA,"Employee","Regular",1,"Remote",4.74
108386,1,3,10,108439,2022-02-11,NA,"Active",NA,"Employee","Regular",1,"Onsite",4.07
107865,1,3,8,108439,2022-02-15,NA,"Active",NA,"Employee","Regular",1,"Remote",4.06
104583,1,3,9,108439,2022-04-23,NA,"Active",NA,"Employee","Regular",1,"Remote",3.88
100675,1,3,7,108439,2022-11-19,NA,"Active",NA,"Employee","Regular",1,"Onsite",3.3
105294,1,3,7,108439,2023-01-27,NA,"Active",NA,"Employee","Regular",1,"Remote",3.12
104396,1,3,9,108439,2023-03-29,NA,"Active",NA,"Employee","Regular",0.6,"Onsite",2.95
103006,1,3,10,108439,2023-05-08,NA,"Active",NA,"Employee","Regular",1,"Remote",2.84
107439,1,3,3,108439,2023-08-24,NA,"Active",NA,"Contractor","Regular",0.8,"Hybrid",2.54
108906,1,3,10,108439,2023-12-26,NA,"Active",NA,"Employee","Regular",0.8,"Remote",2.2
106702,1,3,3,108439,2024-03-20,NA,"Active",NA,"Employee","Regular",1,"Remote",1.97
107148,1,3,1,108439,2024-06-16,NA,"Active",NA,"Employee","Regular",1,"Hybrid",1.73
103696,1,3,3,108439,2024-08-13,NA,"Active",NA,"Employee","Temporary",1,"Hybrid",1.57
103618,1,3,10,108439,2024-10-01,NA,"Active",NA,"Employee","Regular",1,"Onsite",1.44
103849,1,3,3,108439,2024-12-31,NA,"Active",NA,"Employee","Regular",1,"Onsite",1.19
106287,1,3,1,108439,2026-01-06,NA,"Active",NA,"Employee","Regular",1,"Onsite",0.17
106302,11,40,2,108439,2014-02-13,NA,"Active",NA,"Employee","Regular",1,"Remote",12.07
107673,11,40,11,108439,2014-03-20,NA,"Active",NA,"Employee","Regular",1,"Onsite",11.97
109811,11,40,7,108439,2017-03-02,NA,"Active",NA,"Employee","Regular",1,"Remote",9.02
102673,11,40,6,108439,2018-06-08,NA,"Active",NA,"Employee","Regular",1,"Hybrid",7.75
102052,11,40,4,108439,2022-10-14,NA,"Active",NA,"Employee","Regular",1,"Hybrid",3.4
101479,11,40,5,108439,2024-09-28,NA,"Active",NA,"Employee","Regular",1,"Hybrid",1.45
109885,2,8,7,108439,2013-02-01,NA,"Active",NA,"Employee","Regular",0.8,"Onsite",13.1
108106,2,8,6,108439,2013-03-11,NA,"Active",NA,"Employee","Regular",1,"Remote",13
103155,2,8,10,108439,2013-04-04,NA,"Active",NA,"Employee","Regular",0.6,"Onsite",12.93
108841,2,8,5,108439,2013-05-28,NA,"Active",NA,"Employee","Regular",1,"Hybrid",12.78
103920,2,8,8,108439,2013-08-22,NA,"Active",NA,"Employee","Regular",1,"Hybrid",12.55
109948,2,8,8,108439,2013-12-23,NA,"Active",NA,"Employee","Regular",1,"Hybrid",12.21
109935,2,8,1,108439,2014-02-09,NA,"Active",NA,"Employee","Regular",1,"Hybrid",12.08
106290,2,8,1,108439,2014-03-22,NA,"Active",NA,"Employee","Temporary",1,"Onsite",11.97
102497,2,8,3,108439,2014-04-16,NA,"Active",NA,"Employee","Regular",1,"Onsite",11.9
108365,2,8,12,108439,2014-05-20,NA,"Active",NA,"Employee","Regular",0.8,"Hybrid",11.81
106334,2,8,11,108439,2014-06-15,NA,"Active",NA,"Employee","Regular",1,"Remote",11.73
101603,2,8,6,108439,2015-01-14,NA,"Active",NA,"Employee","Regular",0.8,"Onsite",11.15
100947,2,8,10,108439,2015-02-26,NA,"Active",NA,"Employee","Regular",1,"Remote",11.03
108852,2,8,4,108439,2015-05-10,NA,"Active",NA,"Employee","Regular",1,"Hybrid",10.83
101646,2,8,11,108439,2015-05-17,NA,"Active",NA,"Employee","Regular",1,"Remote",10.81
103417,2,8,8,108439,2015-12-14,NA,"Active",NA,"Employee","Regular",1,"Onsite",10.24
109939,2,8,9,108439,2016-01-22,NA,"Active",NA,"Employee","Regular",1,"Hybrid",10.13
100762,2,8,3,108439,2016-01-25,NA,"Active",NA,"Employee","Regular",1,"Onsite",10.12
107984,2,8,1,108439,2016-05-14,NA,"Active",NA,"Employee","Regular",1,"Hybrid",9.82
106479,2,8,5,108439,2016-05-17,NA,"Active",NA,"Employee","Regular",1,"Onsite",9.81
100816,2,8,3,108439,2016-06-09,NA,"Active",NA,"Employee","Regular",1,"Hybrid",9.75
104596,2,8,10,108439,2016-06-10,NA,"Active",NA,"Contractor","Regular",1,"Remote",9.75
104838,2,8,11,108439,2016-06-12,NA,"Active",NA,"Employee","Regular",1,"Hybrid",9.74
101347,2,8,5,108439,2016-06-18,NA,"Active",NA,"Employee","Regular",1,"Remote",9.73
109710,2,8,3,108439,2016-07-04,NA,"Active",NA,"Employee","Regular",1,"Onsite",9.68
101132,2,8,3,108439,2016-11-24,NA,"Active",NA,"Employee","Regular",1,"Hybrid",9.29
103999,2,8,2,108439,2017-06-22,NA,"Active",NA,"Employee","Regular",1,"Onsite",8.72
103388,2,8,1,108439,2017-07-17,NA,"Active",NA,"Employee","Regular",1,"Hybrid",8.65
100504,2,8,2,108439,2017-07-23,NA,"Active",NA,"Employee","Regular",1,"Hybrid",8.63
103681,2,8,5,108439,2017-07-28,NA,"Active",NA,"Employee","Regular",1,"Hybrid",8.62
107091,2,8,9,108439,2017-09-24,NA,"Active",NA,"Employee","Regular",1,"Hybrid",8.46
101601,2,8,12,108439,2017-10-06,NA,"Active",NA,"Employee","Regular",1,"Onsite",8.42
100369,2,8,9,108439,2018-01-14,NA,"Active",NA,"Employee","Regular",1,"Onsite",8.15
100111,2,8,11,108439,2018-01-27,NA,"Active",NA,"Employee","Regular",1,"Onsite",8.12
106044,2,8,6,108439,2018-03-06,NA,"Active",NA,"Employee","Regular",1,"Hybrid",8.01
103764,2,8,4,108439,2018-05-05,NA,"Active",NA,"Employee","Regular",0.6,"Hybrid",7.85
106283,2,8,2,108439,2018-05-19,NA,"Active",NA,"Employee","Regular",1,"Onsite",7.81
100074,2,8,3,108439,2018-05-25,NA,"Active",NA,"Employee","Regular",1,"Hybrid",7.79
103331,2,8,12,108439,2018-05-28,NA,"Active",NA,"Employee","Regular",1,"Onsite",7.78
109424,2,8,3,108439,2018-06-30,NA,"Active",NA,"Employee","Regular",0.8,"Remote",7.69
108189,2,8,8,108439,2018-09-30,NA,"Active",NA,"Employee","Regular",1,"Hybrid",7.44
101532,2,8,5,108439,2018-11-23,NA,"Active",NA,"Employee","Regular",1,"Onsite",7.29
101772,2,8,7,108439,2018-12-12,NA,"Active",NA,"Employee","Regular",1,"Hybrid",7.24
103754,2,8,5,108439,2019-01-01,NA,"Active",NA,"Employee","Regular",1,"Hybrid",7.19
107667,2,8,9,108439,2019-01-31,NA,"Active",NA,"Employee","Regular",0.6,"Onsite",7.1
105201,2,8,10,108439,2019-03-27,NA,"Active",NA,"Employee","Regular",1,"Onsite",6.95
105179,2,8,4,108439,2019-04-03,NA,"Active",NA,"Employee","Regular",1,"Remote",6.93
104987,2,8,3,108439,2019-06-01,NA,"Active",NA,"Employee","Regular",1,"Hybrid",6.77
102671,2,8,1,108439,2019-08-08,NA,"Active",NA,"Employee","Regular",0.8,"Onsite",6.59
104483,2,8,1,108439,2019-10-18,NA,"Active",NA,"Employee","Regular",1,"Hybrid",6.39
103393,2,8,7,108439,2020-04-17,NA,"Active",NA,"Employee","Regular",1,"Onsite",5.9
100815,2,8,2,108439,2020-08-17,NA,"Active",NA,"Employee","Regular",1,"Hybrid",5.56
104635,2,8,12,108439,2020-11-23,NA,"Active",NA,"Employee","Regular",1,"Hybrid",5.29
107318,2,8,8,108439,2021-01-11,NA,"Active",NA,"Employee","Regular",1,"Hybrid",5.16
108453,2,8,4,108439,2021-04-01,NA,"Active",NA,"Employee","Regular",1,"Hybrid",4.94
107228,2,8,2,108439,2021-05-11,NA,"Active",NA,"Employee","Regular",1,"Onsite",4.83
102015,2,8,6,108439,2021-05-23,NA,"Active",NA,"Employee","Regular",1,"Remote",4.8
105695,2,8,6,108439,2021-05-25,NA,"Active",NA,"Employee","Regular",0.6,"Hybrid",4.79
105923,2,8,5,108439,2021-06-13,NA,"Active",NA,"Contractor","Regular",1,"Onsite",4.74
100912,2,8,3,108439,2021-07-09,NA,"Active",NA,"Employee","Regular",1,"Onsite",4.67
109477,2,8,7,108439,2021-07-27,NA,"Active",NA,"Employee","Regular",1,"Onsite",4.62
100733,2,8,4,108439,2021-08-19,NA,"Active",NA,"Employee","Regular",1,"Onsite",4.56
104188,2,8,7,108439,2021-12-05,NA,"Active",NA,"Employee","Regular",1,"Remote",4.26
107970,2,8,5,108439,2022-04-16,NA,"Active",NA,"Contractor","Temporary",1,"Hybrid",3.9
102372,2,8,2,108439,2022-06-30,NA,"Active",NA,"Employee","Regular",0.8,"Onsite",3.69
106988,2,8,10,108439,2022-08-25,NA,"Active",NA,"Employee","Regular",1,"Remote",3.54
106311,2,8,4,108439,2022-11-02,NA,"Active",NA,"Employee","Regular",0.8,"Onsite",3.35
108760,2,8,10,108439,2022-11-13,NA,"Active",NA,"Employee","Regular",1,"Onsite",3.32
104697,2,8,10,108439,2023-01-12,NA,"Active",NA,"Employee","Temporary",1,"Remote",3.16
108255,2,8,7,108439,2023-03-21,NA,"Active",NA,"Employee","Regular",1,"Onsite",2.97
100367,2,8,3,108439,2023-04-10,NA,"Active",NA,"Employee","Temporary",1,"Remote",2.92
102149,2,8,4,108439,2023-08-20,NA,"Active",NA,"Employee","Regular",1,"Hybrid",2.55
107995,2,8,5,108439,2024-02-11,NA,"Active",NA,"Employee","Regular",1,"Hybrid",2.07
108671,2,8,10,108439,2024-03-04,NA,"Active",NA,"Employee","Regular",1,"Onsite",2.02
107818,2,8,11,108439,2024-04-04,NA,"Active",NA,"Employee","Regular",1,"Hybrid",1.93
107603,2,8,5,108439,2024-06-07,NA,"Active",NA,"Employee","Regular",1,"Hybrid",1.76
106889,2,8,3,108439,2024-06-19,NA,"Active",NA,"Employee","Regular",1,"Onsite",1.72
102032,2,8,10,108439,2024-08-08,NA,"Active",NA,"Contractor","Regular",1,"Hybrid",1.59
106029,2,8,4,108439,2024-11-25,NA,"Active",NA,"Contractor","Regular",1,"Remote",1.29
104008,2,8,4,108439,2024-12-06,NA,"Active",NA,"Employee","Regular",0.8,"Remote",1.26
109911,2,8,5,108439,2025-02-03,NA,"Active",NA,"Employee","Regular",1,"Hybrid",1.1
101678,2,8,5,108439,2025-02-14,NA,"Active",NA,"Employee","Regular",1,"Hybrid",1.07
103123,2,8,12,108439,2025-02-22,NA,"Active",NA,"Employee","Regular",1,"Onsite",1.04
101775,2,8,11,108439,2025-04-21,NA,"Active",NA,"Employee","Regular",1,"Onsite",0.88
100722,2,8,3,108439,2025-06-24,NA,"Active",NA,"Employee","Regular",1,"Remote",0.71
104823,2,8,6,108439,2025-07-12,NA,"Active",NA,"Employee","Regular",1,"Onsite",0.66
102788,2,8,9,108439,2025-07-16,NA,"Active",NA,"Employee","Regular",1,"Hybrid",0.65
109887,2,8,9,108439,2025-09-01,NA,"Active",NA,"Contractor","Regular",1,"Onsite",0.52
108576,2,8,8,108439,2025-11-08,NA,"Active",NA,"Employee","Regular",1,"Onsite",0.33
108213,3,12,5,108439,2013-04-28,NA,"Active",NA,"Employee","Regular",1,"Onsite",12.87
106125,3,12,10,108439,2014-01-14,NA,"Active",NA,"Employee","Regular",1,"Hybrid",12.15
101454,3,12,3,108439,2014-07-29,NA,"Active",NA,"Employee","Regular",1,"Onsite",11.61
105938,3,12,8,108439,2014-08-30,NA,"Active",NA,"Employee","Regular",1,"Remote",11.53
105833,3,12,6,108439,2015-04-28,NA,"Active",NA,"Employee","Regular",1,"Hybrid",10.87
104784,3,12,8,108439,2015-07-05,NA,"Active",NA,"Employee","Regular",1,"Onsite",10.68
109913,3,12,8,108439,2016-06-25,NA,"Active",NA,"Employee","Regular",1,"Onsite",9.71
100187,3,12,7,108439,2016-08-16,NA,"Active",NA,"Employee","Temporary",1,"Onsite",9.56
107324,3,12,6,108439,2016-11-25,NA,"Active",NA,"Employee","Regular",0.8,"Onsite",9.29
102897,3,12,2,108439,2017-06-22,NA,"Active",NA,"Employee","Regular",1,"Onsite",8.72
102687,3,12,6,108439,2017-07-21,NA,"Active",NA,"Employee","Regular",1,"Hybrid",8.64
104192,3,12,10,108439,2017-07-24,NA,"Active",NA,"Employee","Regular",1,"Hybrid",8.63
102847,3,12,9,108439,2017-10-12,NA,"Active",NA,"Employee","Regular",1,"Hybrid",8.41
104248,3,12,10,108439,2018-11-19,NA,"Active",NA,"Employee","Regular",1,"Onsite",7.3
109711,3,12,11,108439,2019-01-12,NA,"Active",NA,"Contractor","Regular",1,"Hybrid",7.16
107704,3,12,12,108439,2019-02-13,NA,"Active",NA,"Employee","Regular",1,"Onsite",7.07
101876,3,12,5,108439,2019-07-09,NA,"Active",NA,"Employee","Regular",1,"Remote",6.67
106678,3,12,8,108439,2020-02-17,NA,"Active",NA,"Employee","Regular",1,"Onsite",6.06
106985,3,12,5,108439,2020-03-11,NA,"Active",NA,"Employee","Regular",0.8,"Onsite",6
100939,3,12,9,108439,2020-04-15,NA,"Active",NA,"Employee","Regular",1,"Onsite",5.9
104646,3,12,12,108439,2020-12-01,NA,"Active",NA,"Employee","Regular",1,"Hybrid",5.27
105917,3,12,3,108439,2021-01-19,NA,"Active",NA,"Employee","Temporary",1,"Onsite",5.14
107338,3,12,12,108439,2021-04-15,NA,"Active",NA,"Employee","Regular",0.8,"Hybrid",4.9
103440,3,12,9,108439,2021-04-28,NA,"Active",NA,"Employee","Regular",1,"Hybrid",4.87
100168,3,12,1,108439,2021-05-20,NA,"Active",NA,"Employee","Temporary",1,"Onsite",4.81
106642,3,12,4,108439,2021-05-25,NA,"Active",NA,"Employee","Regular",1,"Onsite",4.79
100597,3,12,3,108439,2022-02-17,NA,"Active",NA,"Employee","Regular",1,"Hybrid",4.06
103114,3,12,6,108439,2022-02-28,NA,"Active",NA,"Employee","Regular",1,"Hybrid",4.03
100606,3,12,10,108439,2022-10-10,NA,"Active",NA,"Employee","Temporary",1,"Remote",3.41
101842,3,12,12,108439,2022-10-20,NA,"Active",NA,"Employee","Regular",1,"Onsite",3.39
106434,3,12,6,108439,2023-02-14,NA,"Active",NA,"Employee","Regular",1,"Hybrid",3.07
107600,3,12,7,108439,2023-02-20,NA,"Active",NA,"Employee","Regular",1,"Hybrid",3.05
101655,3,12,8,108439,2023-09-23,NA,"Active",NA,"Employee","Regular",1,"Hybrid",2.46
105650,3,12,5,108439,2024-07-14,NA,"Active",NA,"Employee","Regular",1,"Hybrid",1.65
101777,3,12,7,108439,2024-08-17,NA,"Active",NA,"Employee","Regular",1,"Onsite",1.56
100451,5,19,10,108439,2013-07-04,NA,"Active",NA,"Employee","Regular",0.8,"Hybrid",12.68
109762,5,19,10,108439,2014-06-02,NA,"Active",NA,"Employee","Regular",0.8,"Remote",11.77
103948,5,19,12,108439,2015-07-03,NA,"Active",NA,"Employee","Regular",1,"Hybrid",10.68
108746,5,19,4,108439,2015-08-22,NA,"Active",NA,"Employee","Regular",1,"Onsite",10.55
109793,5,19,7,108439,2016-02-14,NA,"Active",NA,"Employee","Regular",0.8,"Onsite",10.07
104867,5,19,8,108439,2017-01-29,NA,"Active",NA,"Employee","Regular",1,"Onsite",9.11
102329,5,19,12,108439,2017-06-16,NA,"Active",NA,"Employee","Regular",1,"Onsite",8.73
109079,5,19,11,108439,2017-12-30,NA,"Active",NA,"Employee","Regular",1,"Hybrid",8.19
102775,5,19,3,108439,2018-01-11,NA,"Active",NA,"Employee","Regular",0.8,"Hybrid",8.16
105211,5,19,11,108439,2018-05-27,NA,"Active",NA,"Employee","Regular",0.6,"Onsite",7.79
105339,5,19,11,108439,2018-09-25,NA,"Active",NA,"Employee","Regular",1,"Onsite",7.45
108962,5,19,7,108439,2019-01-06,NA,"Active",NA,"Employee","Regular",1,"Onsite",7.17
106436,5,19,10,108439,2019-08-30,NA,"Active",NA,"Employee","Regular",0.8,"Onsite",6.53
104986,5,19,8,108439,2019-09-26,2024-04-24,"Terminated","Voluntary","Employee","Regular",0.8,"Hybrid",4.58
100732,5,19,2,108439,2020-04-12,NA,"Active",NA,"Employee","Regular",1,"Onsite",5.91
103462,5,19,6,108439,2020-08-03,NA,"Active",NA,"Employee","Regular",1,"Hybrid",5.6
102240,5,19,12,108439,2020-10-19,2024-01-02,"Terminated","Involuntary","Employee","Regular",1,"Onsite",3.2
101887,5,19,10,108439,2021-04-20,NA,"Active",NA,"Employee","Regular",1,"Hybrid",4.89
104513,5,19,12,108439,2021-08-02,NA,"Active",NA,"Employee","Regular",1,"Remote",4.6
104341,5,19,2,108439,2021-11-09,NA,"Active",NA,"Employee","Regular",1,"Hybrid",4.33
109145,5,19,5,108439,2022-02-25,NA,"Active",NA,"Employee","Regular",1,"Onsite",4.04
102222,5,19,1,108439,2022-10-20,NA,"Active",NA,"Employee","Regular",1,"Remote",3.39
106151,5,19,3,108439,2022-11-27,NA,"Active",NA,"Employee","Regular",1,"Hybrid",3.28
104433,5,19,6,108439,2022-12-21,NA,"Active",NA,"Employee","Regular",1,"Hybrid",3.22
102505,5,19,2,108439,2022-12-28,NA,"Active",NA,"Employee","Regular",1,"Hybrid",3.2
105488,5,19,12,108439,2024-12-04,NA,"Active",NA,"Employee","Regular",1,"Hybrid",1.26
105948,6,24,7,108439,2014-01-17,NA,"Active",NA,"Employee","Regular",1,"Onsite",12.14
106361,6,24,11,108439,2016-12-29,NA,"Active",NA,"Employee","Regular",1,"Onsite",9.19
102260,6,24,11,108439,2017-09-13,NA,"Active",NA,"Employee","Regular",1,"Onsite",8.49
105486,6,24,1,108439,2018-06-10,NA,"Active",NA,"Employee","Temporary",1,"Onsite",7.75
107802,6,24,1,108439,2021-04-07,2025-01-17,"Terminated","Voluntary","Employee","Regular",1,"Onsite",3.78
104523,6,24,8,108439,2022-03-04,NA,"Active",NA,"Employee","Regular",1,"Remote",4.02
103761,6,24,3,108439,2022-03-15,NA,"Active",NA,"Contractor","Regular",1,"Onsite",3.99
109900,6,24,8,108439,2023-05-20,NA,"Active",NA,"Employee","Temporary",1,"Hybrid",2.81
102575,6,24,11,108439,2025-12-01,NA,"Active",NA,"Employee","Regular",1,"Hybrid",0.27
103378,8,31,9,108439,2013-01-14,NA,"Active",NA,"Employee","Regular",1,"Hybrid",13.15
105280,8,31,1,108439,2013-04-23,NA,"Active",NA,"Employee","Regular",1,"Onsite",12.88
106071,8,31,12,108439,2013-08-08,NA,"Active",NA,"Employee","Regular",1,"Hybrid",12.59
107832,8,31,12,108439,2013-10-29,NA,"Active",NA,"Employee","Regular",0.8,"Hybrid",12.36
103446,8,31,3,108439,2014-01-03,NA,"Active",NA,"Employee","Regular",0.8,"Onsite",12.18
107383,8,31,3,108439,2014-02-22,NA,"Active",NA,"Employee","Temporary",1,"Hybrid",12.04
105437,8,31,1,108439,2014-05-14,NA,"Active",NA,"Employee","Regular",1,"Remote",11.82
102063,8,31,2,108439,2014-10-09,NA,"Active",NA,"Employee","Regular",1,"Remote",11.42
107165,8,31,10,108439,2015-04-11,NA,"Active",NA,"Employee","Regular",1,"Hybrid",10.91
109660,8,31,10,108439,2015-05-15,NA,"Active",NA,"Employee","Regular",1,"Onsite",10.82
101074,8,31,9,108439,2015-10-24,NA,"Active",NA,"Employee","Regular",1,"Onsite",10.38
108902,8,31,2,108439,2015-12-18,NA,"Active",NA,"Employee","Regular",1,"Onsite",10.22
101099,8,31,5,108439,2016-03-27,NA,"Active",NA,"Employee","Regular",1,"Remote",9.95
100596,8,31,7,108439,2017-02-25,NA,"Active",NA,"Employee","Regular",1,"Hybrid",9.04
105614,8,31,1,108439,2017-03-03,NA,"Active",NA,"Employee","Temporary",1,"Hybrid",9.02
105349,8,31,3,108439,2017-06-05,NA,"Active",NA,"Employee","Regular",1,"Onsite",8.76
108499,8,31,2,108439,2017-09-26,NA,"Active",NA,"Employee","Regular",1,"Onsite",8.45
102698,8,31,12,108439,2017-11-09,NA,"Active",NA,"Employee","Regular",1,"Onsite",8.33
104409,8,31,9,108439,2018-03-25,NA,"Active",NA,"Employee","Regular",1,"Hybrid",7.96
103434,8,31,2,108439,2018-04-21,NA,"Active",NA,"Employee","Temporary",1,"Hybrid",7.88
106650,8,31,6,108439,2018-09-26,NA,"Active",NA,"Employee","Regular",1,"Remote",7.45
100790,8,31,5,108439,2019-04-19,NA,"Active",NA,"Employee","Regular",1,"Onsite",6.89
108976,8,31,11,108439,2019-05-02,NA,"Active",NA,"Employee","Regular",0.8,"Hybrid",6.85
106515,8,31,2,108439,2019-05-16,NA,"Active",NA,"Employee","Regular",1,"Hybrid",6.82
108781,8,31,3,108439,2019-12-23,NA,"Active",NA,"Employee","Regular",1,"Hybrid",6.21
104786,8,31,4,108439,2020-01-19,NA,"Active",NA,"Employee","Regular",1,"Hybrid",6.14
104207,8,31,9,108439,2020-05-20,NA,"Active",NA,"Employee","Regular",1,"Onsite",5.81
104428,8,31,1,108439,2020-05-29,NA,"Active",NA,"Employee","Regular",0.6,"Hybrid",5.78
100080,8,31,3,108439,2020-08-09,NA,"Active",NA,"Employee","Temporary",1,"Remote",5.58
107537,8,31,12,108439,2020-11-25,NA,"Active",NA,"Employee","Regular",1,"Onsite",5.29
104161,8,31,6,108439,2021-02-04,NA,"Active",NA,"Employee","Regular",1,"Hybrid",5.09
106543,8,31,1,108439,2021-04-21,NA,"Active",NA,"Employee","Regular",1,"Hybrid",4.88
100406,8,31,9,108439,2021-06-04,NA,"Active",NA,"Employee","Regular",0.8,"Onsite",4.76
109878,8,31,12,108439,2021-06-22,NA,"Active",NA,"Employee","Regular",1,"Remote",4.72
103904,8,31,9,108439,2021-07-10,2025-04-22,"Terminated","Voluntary","Employee","Regular",0.8,"Onsite",3.78
101172,8,31,12,108439,2021-07-13,NA,"Active",NA,"Employee","Regular",1,"Onsite",4.66
103402,8,31,3,108439,2022-04-29,NA,"Active",NA,"Employee","Regular",1,"Onsite",3.86
106423,8,31,3,108439,2022-05-06,NA,"Active",NA,"Employee","Regular",0.8,"Onsite",3.84
107247,8,31,12,108439,2022-05-30,NA,"Active",NA,"Employee","Regular",1,"Remote",3.78
103159,8,31,7,108439,2022-07-02,NA,"Active",NA,"Employee","Regular",0.6,"Hybrid",3.69
104813,8,31,7,108439,2023-03-01,NA,"Active",NA,"Employee","Regular",1,"Onsite",3.02
106043,8,31,6,108439,2023-07-10,NA,"Active",NA,"Employee","Regular",1,"Hybrid",2.67
104543,8,31,12,108439,2023-08-01,NA,"Active",NA,"Contractor","Regular",1,"Remote",2.61
106822,8,31,8,108439,2023-11-19,NA,"Active",NA,"Employee","Regular",1,"Onsite",2.3
102349,8,31,8,108439,2024-02-20,NA,"Active",NA,"Employee","Regular",1,"Onsite",2.05
103353,8,31,1,108439,2024-02-29,NA,"Active",NA,"Employee","Regular",1,"Hybrid",2.02
102647,8,31,5,108439,2024-04-09,NA,"Active",NA,"Employee","Regular",1,"Remote",1.92
106273,8,31,2,108439,2024-06-05,NA,"Active",NA,"Employee","Regular",1,"Hybrid",1.76
102530,8,31,2,108439,2024-06-23,NA,"Active",NA,"Employee","Regular",0.6,"Hybrid",1.71
105607,8,31,9,108439,2024-10-27,NA,"Active",NA,"Employee","Regular",0.8,"Hybrid",1.37
101008,8,31,6,108439,2025-02-24,NA,"Active",NA,"Employee","Regular",0.8,"Onsite",1.04
105185,8,31,3,108439,2025-08-13,NA,"Active",NA,"Employee","Regular",0.8,"Hybrid",0.57
106065,8,31,11,108439,2025-10-26,NA,"Active",NA,"Employee","Regular",1,"Remote",0.37
102814,9,34,6,108439,2013-03-24,NA,"Active",NA,"Employee","Regular",1,"Onsite",12.96
101653,9,34,11,108439,2013-04-26,NA,"Active",NA,"Employee","Regular",1,"Onsite",12.87
101715,9,34,10,108439,2013-05-03,NA,"Active",NA,"Employee","Regular",1,"Onsite",12.85
108720,9,34,5,108439,2013-09-27,NA,"Active",NA,"Employee","Regular",1,"Hybrid",12.45
101339,9,34,5,108439,2013-10-25,NA,"Active",NA,"Employee","Regular",0.8,"Onsite",12.37
108500,9,34,4,108439,2013-10-25,NA,"Active",NA,"Employee","Regular",1,"Remote",12.37
108238,9,34,1,108439,2013-10-27,NA,"Active",NA,"Employee","Regular",1,"Onsite",12.37
103382,9,34,2,108439,2013-10-28,NA,"Active",NA,"Employee","Regular",1,"Onsite",12.36
101175,9,34,1,108439,2014-01-14,NA,"Active",NA,"Employee","Regular",1,"Remote",12.15
105315,9,34,6,108439,2014-02-02,NA,"Active",NA,"Employee","Regular",1,"Onsite",12.1
101853,9,34,7,108439,2014-02-15,NA,"Active",NA,"Employee","Regular",1,"Remote",12.06
109664,9,34,11,108439,2014-03-27,NA,"Active",NA,"Employee","Regular",1,"Hybrid",11.95
107918,9,34,8,108439,2014-09-12,NA,"Active",NA,"Employee","Regular",1,"Remote",11.49
106601,9,34,10,108439,2014-09-21,NA,"Active",NA,"Employee","Regular",1,"Hybrid",11.47
108837,9,34,5,108439,2014-10-17,NA,"Active",NA,"Employee","Regular",1,"Onsite",11.39
108194,9,34,1,108439,2014-12-19,NA,"Active",NA,"Employee","Regular",1,"Onsite",11.22
103622,9,34,10,108439,2015-02-17,NA,"Active",NA,"Employee","Regular",0.6,"Remote",11.06
105880,9,34,2,108439,2015-03-03,NA,"Active",NA,"Contractor","Regular",1,"Onsite",11.02
107878,9,34,9,108439,2015-03-31,NA,"Active",NA,"Employee","Regular",1,"Onsite",10.94
104424,9,34,2,108439,2015-04-18,NA,"Active",NA,"Contractor","Regular",1,"Onsite",10.89
103563,9,34,11,108439,2015-07-17,NA,"Active",NA,"Employee","Regular",1,"Remote",10.65
107884,9,34,8,108439,2015-07-25,NA,"Active",NA,"Employee","Regular",0.8,"Onsite",10.62
105314,9,34,1,108439,2015-08-03,NA,"Active",NA,"Employee","Regular",1,"Onsite",10.6
100055,9,34,10,108439,2016-01-13,NA,"Active",NA,"Employee","Regular",1,"Remote",10.15
103116,9,34,2,108439,2017-01-15,NA,"Active",NA,"Employee","Regular",1,"Remote",9.15
109804,9,34,2,108439,2017-04-25,NA,"Active",NA,"Employee","Temporary",1,"Hybrid",8.87
105005,9,34,12,108439,2017-05-18,NA,"Active",NA,"Employee","Regular",1,"Hybrid",8.81
106558,9,34,12,108439,2017-07-10,NA,"Active",NA,"Employee","Regular",0.6,"Remote",8.67
108683,9,34,11,108439,2017-11-17,NA,"Active",NA,"Employee","Regular",1,"Onsite",8.31
108844,9,34,7,108439,2017-12-08,NA,"Active",NA,"Employee","Regular",1,"Remote",8.25
107733,9,34,11,108439,2018-01-28,NA,"Active",NA,"Employee","Regular",1,"Hybrid",8.11
107037,9,34,7,108439,2018-06-07,NA,"Active",NA,"Employee","Temporary",0.8,"Remote",7.76
109489,9,34,11,108439,2018-07-17,NA,"Active",NA,"Employee","Regular",1,"Onsite",7.65
107127,9,34,11,108439,2018-11-16,NA,"Active",NA,"Contractor","Regular",1,"Onsite",7.31
100221,9,34,5,108439,2019-01-05,NA,"Active",NA,"Employee","Regular",1,"Remote",7.18
101564,9,34,12,108439,2019-01-07,NA,"Active",NA,"Employee","Regular",1,"Onsite",7.17
106220,9,34,10,108439,2019-01-25,NA,"Active",NA,"Employee","Regular",0.8,"Remote",7.12
107665,9,34,3,108439,2019-05-02,NA,"Active",NA,"Employee","Regular",1,"Hybrid",6.85
103372,9,34,2,108439,2019-09-01,NA,"Active",NA,"Employee","Regular",0.6,"Onsite",6.52
102848,9,34,2,108439,2019-12-29,NA,"Active",NA,"Employee","Regular",1,"Onsite",6.19
109881,9,34,5,108439,2020-04-08,NA,"Active",NA,"Employee","Regular",1,"Hybrid",5.92
107132,9,34,4,108439,2020-05-15,NA,"Active",NA,"Employee","Regular",1,"Onsite",5.82
107227,9,34,10,108439,2020-05-29,NA,"Active",NA,"Employee","Regular",1,"Hybrid",5.78
100438,9,34,4,108439,2020-08-12,NA,"Active",NA,"Employee","Temporary",1,"Hybrid",5.58
104992,9,34,8,108439,2020-09-01,NA,"Active",NA,"Employee","Regular",1,"Onsite",5.52
109507,9,34,9,108439,2020-10-13,NA,"Active",NA,"Employee","Regular",1,"Hybrid",5.41
103600,9,34,4,108439,2021-02-02,NA,"Active",NA,"Employee","Regular",1,"Hybrid",5.1
109849,9,34,10,108439,2021-07-23,NA,"Active",NA,"Employee","Regular",1,"Onsite",4.63
105598,9,34,6,108439,2021-08-16,NA,"Active",NA,"Employee","Regular",1,"Hybrid",4.56
100070,9,34,6,108439,2021-10-16,NA,"Active",NA,"Employee","Regular",0.8,"Hybrid",4.4
106958,9,34,1,108439,2021-10-18,NA,"Active",NA,"Employee","Regular",0.8,"Hybrid",4.39
104401,9,34,2,108439,2021-10-21,NA,"Active",NA,"Employee","Regular",1,"Remote",4.38
105974,9,34,11,108439,2021-12-20,NA,"Active",NA,"Employee","Regular",1,"Onsite",4.22
109874,9,34,12,108439,2022-02-05,NA,"Active",NA,"Employee","Regular",0.8,"Hybrid",4.09
107987,9,34,10,108439,2022-03-11,NA,"Active",NA,"Employee","Regular",1,"Remote",4
108282,9,34,3,108439,2022-06-07,NA,"Active",NA,"Employee","Regular",1,"Onsite",3.76
104283,9,34,4,108439,2022-07-05,NA,"Active",NA,"Employee","Regular",0.6,"Remote",3.68
104502,9,34,11,108439,2022-08-22,NA,"Active",NA,"Employee","Regular",1,"Onsite",3.55
108925,9,34,3,108439,2022-12-04,NA,"Active",NA,"Employee","Regular",1,"Onsite",3.26
106778,9,34,8,108439,2022-12-30,NA,"Active",NA,"Employee","Regular",1,"Hybrid",3.19
108105,9,34,9,108439,2023-01-03,NA,"Active",NA,"Employee","Regular",1,"Hybrid",3.18
101195,9,34,2,108439,2023-01-14,NA,"Active",NA,"Employee","Regular",1,"Hybrid",3.15
107322,9,34,10,108439,2023-03-20,NA,"Active",NA,"Employee","Regular",1,"Onsite",2.97
104115,9,34,4,108439,2023-06-23,NA,"Active",NA,"Employee","Regular",1,"Onsite",2.71
101823,9,34,1,108439,2023-07-12,NA,"Active",NA,"Employee","Regular",1,"Hybrid",2.66
103182,9,34,6,108439,2023-08-12,NA,"Active",NA,"Employee","Regular",0.8,"Hybrid",2.58
108823,9,34,11,108439,2023-09-09,NA,"Active",NA,"Employee","Regular",1,"Onsite",2.5
107893,9,34,3,108439,2024-01-14,NA,"Active",NA,"Employee","Regular",1,"Remote",2.15
102747,9,34,12,108439,2024-01-26,NA,"Active",NA,"Employee","Regular",1,"Onsite",2.12
106178,9,34,5,108439,2024-02-20,NA,"Active",NA,"Employee","Regular",1,"Remote",2.05
108510,9,34,7,108439,2024-03-24,NA,"Active",NA,"Employee","Regular",1,"Remote",1.96
104152,9,34,3,108439,2024-04-23,NA,"Active",NA,"Employee","Regular",1,"Hybrid",1.88
103843,9,34,6,108439,2024-05-31,NA,"Active",NA,"Employee","Regular",1,"Remote",1.78
103077,9,34,2,108439,2024-08-28,NA,"Active",NA,"Employee","Regular",1,"Onsite",1.53
100120,9,34,2,108439,2024-09-02,NA,"Active",NA,"Employee","Regular",1,"Onsite",1.52
102455,9,34,2,108439,2024-10-16,NA,"Active",NA,"Employee","Regular",1,"Onsite",1.4
104559,9,34,9,108439,2024-11-15,NA,"Active",NA,"Employee","Regular",1,"Hybrid",1.32
102254,9,34,2,108439,2025-01-08,NA,"Active",NA,"Employee","Regular",1,"Onsite",1.17
107278,9,34,12,108439,2025-01-27,NA,"Active",NA,"Employee","Regular",1,"Remote",1.12
102206,9,34,2,108439,2025-02-24,NA,"Active",NA,"Employee","Regular",1,"Onsite",1.04
108417,9,34,12,108439,2025-03-03,NA,"Active",NA,"Employee","Regular",1,"Hybrid",1.02
105412,9,34,2,108439,2025-03-23,NA,"Active",NA,"Employee","Regular",1,"Remote",0.96
108131,9,34,7,108439,2025-07-19,NA,"Active",NA,"Employee","Regular",1,"Onsite",0.64
107235,9,34,8,108439,2025-09-13,NA,"Active",NA,"Employee","Regular",1,"Onsite",0.49
102119,9,34,3,108439,2025-11-05,NA,"Active",NA,"Employee","Regular",1,"Onsite",0.34
105895,7,27,9,108439,2013-01-16,NA,"Active",NA,"Employee","Regular",1,"Onsite",13.15
109954,7,27,11,108439,2013-04-15,2020-01-16,"Terminated","Voluntary","Employee","Regular",1,"Onsite",6.75
104175,7,27,9,108439,2013-05-07,NA,"Active",NA,"Employee","Regular",1,"Onsite",12.84
108697,7,27,5,108439,2013-05-20,NA,"Active",NA,"Employee","Regular",1,"Remote",12.81
101529,7,27,11,108439,2013-06-13,NA,"Active",NA,"Employee","Temporary",1,"Hybrid",12.74
102598,7,27,4,108439,2013-06-18,NA,"Active",NA,"Employee","Regular",1,"Remote",12.73
106975,7,27,7,108439,2013-06-21,NA,"Active",NA,"Employee","Regular",1,"Onsite",12.72
109583,7,27,10,108439,2013-08-17,NA,"Active",NA,"Employee","Regular",0.8,"Onsite",12.56
104588,7,27,2,108439,2013-10-26,NA,"Active",NA,"Employee","Regular",1,"Onsite",12.37
103375,7,27,8,108439,2013-12-03,NA,"Active",NA,"Employee","Regular",1,"Hybrid",12.27
104834,7,27,2,108439,2013-12-13,NA,"Active",NA,"Employee","Regular",1,"Onsite",12.24
101605,7,27,7,108439,2014-03-25,NA,"Active",NA,"Employee","Regular",1,"Onsite",11.96
105076,7,27,12,108439,2014-04-30,NA,"Active",NA,"Employee","Regular",1,"Remote",11.86
102636,7,27,3,108439,2014-05-12,NA,"Active",NA,"Employee","Regular",1,"Hybrid",11.83
107561,7,27,5,108439,2015-01-17,NA,"Active",NA,"Employee","Regular",0.8,"Hybrid",11.14
106198,7,27,8,108439,2015-01-21,NA,"Active",NA,"Employee","Regular",1,"Remote",11.13
109416,7,27,6,108439,2015-03-14,NA,"Active",NA,"Employee","Regular",1,"Hybrid",10.99
104819,7,27,7,108439,2015-11-17,NA,"Active",NA,"Employee","Regular",0.6,"Hybrid",10.31
107991,7,27,3,108439,2016-01-08,NA,"Active",NA,"Employee","Regular",1,"Onsite",10.17
103923,7,27,11,108439,2016-02-09,NA,"Active",NA,"Employee","Regular",1,"Onsite",10.08
105575,7,27,9,108439,2016-03-20,NA,"Active",NA,"Employee","Regular",1,"Onsite",9.97
104526,7,27,12,108439,2016-06-15,NA,"Active",NA,"Employee","Regular",1,"Remote",9.73
109184,7,27,9,108439,2016-12-11,NA,"Active",NA,"Employee","Regular",1,"Onsite",9.24
103667,7,27,3,108439,2016-12-14,NA,"Active",NA,"Employee","Regular",0.8,"Onsite",9.24
102864,7,27,6,108439,2017-01-03,2022-02-22,"Terminated","Voluntary","Employee","Regular",1,"Hybrid",5.14
107853,7,27,3,108439,2017-08-22,2025-04-17,"Terminated","Involuntary","Employee","Regular",1,"Hybrid",7.65
105514,7,27,4,108439,2017-12-19,NA,"Active",NA,"Employee","Regular",1,"Hybrid",8.22
106759,7,27,11,108439,2018-06-05,NA,"Active",NA,"Employee","Regular",1,"Onsite",7.76
105782,7,27,7,108439,2018-09-18,NA,"Active",NA,"Employee","Regular",1,"Hybrid",7.47
100415,7,27,4,108439,2018-09-21,NA,"Active",NA,"Employee","Regular",1,"Hybrid",7.47
102246,7,27,7,108439,2018-10-05,NA,"Active",NA,"Employee","Regular",1,"Onsite",7.43
107354,7,27,7,108439,2018-12-18,NA,"Active",NA,"Employee","Regular",1,"Onsite",7.22
101688,7,27,1,108439,2019-04-02,NA,"Active",NA,"Contractor","Regular",0.8,"Remote",6.94
101859,7,27,1,108439,2019-05-02,2022-07-04,"Terminated","Voluntary","Employee","Regular",1,"Onsite",3.17
101268,7,27,7,108439,2019-10-05,NA,"Active",NA,"Employee","Temporary",0.8,"Hybrid",6.43
107391,7,27,10,108439,2020-02-08,2025-11-30,"Terminated","Voluntary","Employee","Regular",0.6,"Onsite",5.81
105739,7,27,6,108439,2020-03-28,NA,"Active",NA,"Employee","Regular",1,"Onsite",5.95
109553,7,27,1,108439,2020-05-16,NA,"Active",NA,"Employee","Regular",1,"Hybrid",5.82
102661,7,27,11,108439,2020-12-09,NA,"Active",NA,"Employee","Regular",1,"Remote",5.25
104933,7,27,7,108439,2020-12-16,2026-02-27,"Terminated","Voluntary","Employee","Regular",1,"Hybrid",5.2
105131,7,27,6,108439,2021-01-12,NA,"Active",NA,"Employee","Regular",0.8,"Hybrid",5.16
100010,7,27,3,108439,2021-03-10,NA,"Active",NA,"Employee","Regular",1,"Hybrid",5
105642,7,27,9,108439,2021-03-16,NA,"Active",NA,"Employee","Regular",1,"Hybrid",4.98
105158,7,27,3,108439,2021-03-28,NA,"Active",NA,"Employee","Regular",1,"Onsite",4.95
107273,7,27,11,108439,2021-04-20,NA,"Active",NA,"Employee","Regular",1,"Onsite",4.89
100404,7,27,9,108439,2021-06-02,NA,"Active",NA,"Employee","Regular",0.8,"Hybrid",4.77
101828,7,27,1,108439,2021-07-24,NA,"Active",NA,"Employee","Regular",0.6,"Onsite",4.63
108597,7,27,8,108439,2021-08-23,NA,"Active",NA,"Employee","Regular",1,"Onsite",4.55
101027,7,27,4,108439,2021-09-08,NA,"Active",NA,"Employee","Regular",1,"Onsite",4.5
109310,7,27,12,108439,2022-01-13,NA,"Active",NA,"Employee","Regular",0.8,"Hybrid",4.15
109723,7,27,1,108439,2022-05-05,NA,"Active",NA,"Employee","Regular",1,"Hybrid",3.85
103789,7,27,8,108439,2022-06-09,2025-02-07,"Terminated","Voluntary","Employee","Regular",1,"Hybrid",2.67
101630,7,27,6,108439,2022-09-21,NA,"Active",NA,"Employee","Regular",1,"Onsite",3.47
104244,7,27,4,108439,2022-11-07,NA,"Active",NA,"Employee","Regular",1,"Remote",3.34
101687,7,27,6,108439,2022-11-25,NA,"Active",NA,"Employee","Regular",1,"Remote",3.29
108931,7,27,9,108439,2023-03-16,NA,"Active",NA,"Employee","Regular",1,"Hybrid",2.98
109192,7,27,7,108439,2023-08-03,NA,"Active",NA,"Employee","Temporary",1,"Hybrid",2.6
105228,7,27,12,108439,2023-08-22,NA,"Active",NA,"Employee","Regular",1,"Remote",2.55
106409,7,27,9,108439,2023-11-28,NA,"Active",NA,"Employee","Regular",1,"Hybrid",2.28
109956,7,27,12,108439,2023-12-10,NA,"Active",NA,"Employee","Regular",1,"Remote",2.25
101108,7,27,10,108439,2024-04-29,NA,"Active",NA,"Employee","Regular",1,"Onsite",1.86
100327,7,27,7,108439,2024-06-07,NA,"Active",NA,"Employee","Temporary",1,"Onsite",1.76
105666,7,27,9,108439,2024-06-28,NA,"Active",NA,"Employee","Regular",0.8,"Remote",1.7
109978,7,27,1,108439,2024-09-26,NA,"Active",NA,"Employee","Regular",1,"Hybrid",1.45
101144,7,27,12,108439,2024-10-13,NA,"Active",NA,"Employee","Regular",1,"Onsite",1.41
101718,7,27,8,108439,2024-10-21,NA,"Active",NA,"Employee","Regular",1,"Remote",1.38
105183,7,27,10,108439,2025-01-26,NA,"Active",NA,"Employee","Regular",1,"Hybrid",1.12
101585,7,27,2,108439,2025-02-27,NA,"Active",NA,"Employee","Temporary",1,"Onsite",1.03
104338,7,27,2,108439,2025-03-12,NA,"Active",NA,"Employee","Regular",0.8,"Onsite",0.99
103790,7,27,3,108439,2025-06-26,NA,"Active",NA,"Employee","Regular",1,"Hybrid",0.7
109715,7,27,12,108439,2025-07-20,NA,"Active",NA,"Employee","Regular",1,"Hybrid",0.64
107879,7,27,7,108439,2025-08-09,NA,"Active",NA,"Employee","Regular",1,"Onsite",0.58
104416,10,37,1,108439,2013-01-31,NA,"Active",NA,"Employee","Regular",1,"Onsite",13.1
107944,10,37,3,108439,2013-03-11,NA,"Active",NA,"Employee","Regular",0.6,"Remote",13
101631,10,37,1,108439,2013-12-17,2021-07-15,"Terminated","Voluntary","Employee","Regular",1,"Hybrid",7.58
107819,10,37,9,108439,2013-12-23,NA,"Active",NA,"Employee","Temporary",1,"Remote",12.21
106920,10,37,1,108439,2014-01-11,NA,"Active",NA,"Employee","Regular",1,"Hybrid",12.16
101167,10,37,9,108439,2014-02-05,NA,"Active",NA,"Employee","Regular",1,"Hybrid",12.09
107022,10,37,1,108439,2014-02-13,NA,"Active",NA,"Employee","Regular",0.8,"Hybrid",12.07
104220,10,37,9,108439,2014-06-18,NA,"Active",NA,"Employee","Regular",1,"Onsite",11.73
108620,10,37,4,108439,2014-06-21,NA,"Active",NA,"Employee","Regular",1,"Hybrid",11.72
103722,10,37,10,108439,2014-07-17,NA,"Active",NA,"Employee","Regular",1,"Hybrid",11.65
109527,10,37,5,108439,2014-09-12,NA,"Active",NA,"Employee","Regular",1,"Onsite",11.49
103887,10,37,7,108439,2014-11-19,NA,"Active",NA,"Employee","Regular",1,"Onsite",11.3
108820,10,37,5,108439,2015-02-19,NA,"Active",NA,"Employee","Regular",1,"Onsite",11.05
101543,10,37,7,108439,2015-03-02,NA,"Active",NA,"Employee","Regular",1,"Onsite",11.02
106905,10,37,11,108439,2015-11-03,NA,"Active",NA,"Employee","Regular",1,"Hybrid",10.35
104561,10,37,6,108439,2015-11-16,NA,"Active",NA,"Employee","Regular",1,"Onsite",10.31
109313,10,37,10,108439,2015-12-12,NA,"Active",NA,"Employee","Temporary",0.8,"Remote",10.24
104050,10,37,6,108439,2016-02-18,NA,"Active",NA,"Employee","Regular",1,"Hybrid",10.05
109097,10,37,11,108439,2016-03-14,NA,"Active",NA,"Employee","Regular",1,"Hybrid",9.99
100545,10,37,7,108439,2016-05-21,NA,"Active",NA,"Employee","Regular",1,"Remote",9.8
109331,10,37,1,108439,2016-09-22,NA,"Active",NA,"Employee","Regular",1,"Onsite",9.46
103328,10,37,2,108439,2017-04-28,NA,"Active",NA,"Employee","Regular",1,"Hybrid",8.87
103428,10,37,2,108439,2017-07-13,NA,"Active",NA,"Employee","Regular",1,"Hybrid",8.66
106676,10,37,7,108439,2017-08-10,NA,"Active",NA,"Employee","Regular",1,"Onsite",8.58
103625,10,37,1,108439,2017-08-24,NA,"Active",NA,"Employee","Regular",0.8,"Onsite",8.54
105374,10,37,5,108439,2017-09-07,NA,"Active",NA,"Employee","Regular",1,"Hybrid",8.5
108371,10,37,1,108439,2017-11-26,NA,"Active",NA,"Employee","Regular",0.8,"Onsite",8.28
105983,10,37,11,108439,2018-01-04,NA,"Active",NA,"Employee","Regular",1,"Onsite",8.18
109865,10,37,9,108439,2018-03-26,NA,"Active",NA,"Employee","Regular",1,"Hybrid",7.96
101071,10,37,7,108439,2018-04-03,2025-01-21,"Terminated","Voluntary","Employee","Regular",1,"Onsite",6.8
109122,10,37,2,108439,2018-07-19,NA,"Active",NA,"Employee","Regular",1,"Hybrid",7.64
100820,10,37,8,108439,2018-08-20,NA,"Active",NA,"Employee","Regular",1,"Onsite",7.55
103818,10,37,9,108439,2018-09-26,NA,"Active",NA,"Employee","Temporary",1,"Onsite",7.45
103416,10,37,8,108439,2018-10-11,NA,"Active",NA,"Employee","Regular",1,"Remote",7.41
103691,10,37,7,108439,2018-11-10,NA,"Active",NA,"Employee","Regular",1,"Onsite",7.33
103050,10,37,6,108439,2018-11-23,NA,"Active",NA,"Employee","Regular",0.8,"Remote",7.29
108919,10,37,4,108439,2019-03-02,NA,"Active",NA,"Employee","Regular",1,"Hybrid",7.02
101209,10,37,12,108439,2019-04-17,NA,"Active",NA,"Contractor","Regular",1,"Onsite",6.9
107090,10,37,1,108439,2019-05-13,NA,"Active",NA,"Employee","Regular",1,"Onsite",6.82
101360,10,37,1,108439,2019-05-14,NA,"Active",NA,"Employee","Regular",0.6,"Remote",6.82
105476,10,37,6,108439,2019-07-30,NA,"Active",NA,"Employee","Regular",1,"Onsite",6.61
107693,10,37,9,108439,2020-01-14,NA,"Active",NA,"Employee","Regular",1,"Onsite",6.15
101521,10,37,1,108439,2020-03-01,NA,"Active",NA,"Employee","Regular",1,"Onsite",6.02
104555,10,37,2,108439,2020-03-21,2025-11-29,"Terminated","Voluntary","Employee","Regular",1,"Hybrid",5.69
106758,10,37,1,108439,2020-04-28,NA,"Active",NA,"Employee","Temporary",0.8,"Onsite",5.87
102735,10,37,10,108439,2020-06-20,NA,"Active",NA,"Employee","Regular",1,"Hybrid",5.72
101130,10,37,10,108439,2020-08-15,NA,"Active",NA,"Employee","Regular",1,"Onsite",5.57
102844,10,37,1,108439,2020-12-31,2024-12-03,"Terminated","Voluntary","Employee","Regular",1,"Hybrid",3.92
109844,10,37,9,108439,2021-05-08,NA,"Active",NA,"Employee","Regular",1,"Onsite",4.84
108260,10,37,2,108439,2021-09-24,NA,"Active",NA,"Employee","Regular",1,"Onsite",4.46
109960,10,37,2,108439,2022-01-24,NA,"Active",NA,"Employee","Regular",1,"Onsite",4.12
104238,10,37,11,108439,2022-02-05,NA,"Active",NA,"Employee","Regular",1,"Hybrid",4.09
101217,10,37,3,108439,2022-02-07,NA,"Active",NA,"Employee","Regular",0.8,"Hybrid",4.08
104880,10,37,5,108439,2022-03-04,NA,"Active",NA,"Employee","Regular",1,"Hybrid",4.02
106095,10,37,1,108439,2022-04-27,NA,"Active",NA,"Employee","Regular",1,"Onsite",3.87
101771,10,37,12,108439,2022-05-23,NA,"Active",NA,"Employee","Regular",1,"Hybrid",3.8
102294,10,37,1,108439,2022-07-16,NA,"Active",NA,"Employee","Regular",0.6,"Hybrid",3.65
106105,10,37,1,108439,2022-08-24,NA,"Active",NA,"Employee","Regular",1,"Onsite",3.54
103354,10,37,6,108439,2022-10-18,NA,"Active",NA,"Employee","Regular",1,"Onsite",3.39
104470,10,37,9,108439,2022-12-24,NA,"Active",NA,"Employee","Regular",0.8,"Hybrid",3.21
102980,10,37,3,108439,2023-01-11,NA,"Active",NA,"Employee","Regular",1,"Remote",3.16
106734,10,37,9,108439,2023-03-05,NA,"Active",NA,"Employee","Regular",1,"Hybrid",3.01
100758,10,37,8,108439,2023-09-04,2025-01-10,"Terminated","Voluntary","Employee","Regular",1,"Remote",1.35
107512,10,37,9,108439,2023-09-16,NA,"Active",NA,"Employee","Regular",1,"Onsite",2.48
103551,10,37,1,108439,2023-09-19,NA,"Active",NA,"Employee","Regular",1,"Hybrid",2.47
105636,10,37,10,108439,2023-12-19,NA,"Active",NA,"Employee","Regular",1,"Hybrid",2.22
106262,10,37,2,108439,2024-01-08,NA,"Active",NA,"Employee","Regular",1,"Remote",2.17
102160,10,37,8,108439,2024-03-30,NA,"Active",NA,"Employee","Temporary",1,"Hybrid",1.95
107574,10,37,7,108439,2024-05-09,NA,"Active",NA,"Employee","Regular",1,"Onsite",1.84
102738,10,37,3,108439,2024-09-02,NA,"Active",NA,"Employee","Regular",1,"Hybrid",1.52
104806,10,37,3,108439,2024-09-10,NA,"Active",NA,"Employee","Regular",0.8,"Hybrid",1.5
103755,10,37,10,108439,2024-09-24,NA,"Active",NA,"Employee","Regular",1,"Hybrid",1.46
100397,10,37,12,108439,2024-11-13,NA,"Active",NA,"Employee","Regular",1,"Remote",1.32
106112,10,37,1,108439,2024-12-17,NA,"Active",NA,"Employee","Regular",1,"Onsite",1.23
101226,10,37,10,108439,2024-12-22,NA,"Active",NA,"Employee","Regular",1,"Onsite",1.21
105177,10,37,3,108439,2025-01-28,NA,"Active",NA,"Employee","Regular",1,"Hybrid",1.11
100286,10,37,3,108439,2025-02-23,NA,"Active",NA,"Employee","Regular",1,"Hybrid",1.04
109451,10,37,2,108439,2025-05-31,NA,"Active",NA,"Employee","Regular",1,"Onsite",0.78
100368,10,37,4,108439,2025-06-20,NA,"Active",NA,"Employee","Regular",1,"Remote",0.72
103674,10,37,9,108439,2025-09-10,NA,"Active",NA,"Employee","Regular",1,"Remote",0.5
106605,10,37,3,108439,2025-12-10,NA,"Active",NA,"Employee","Temporary",1,"Hybrid",0.25
107094,10,37,7,108439,2026-01-27,NA,"Active",NA,"Employee","Regular",0.8,"Hybrid",0.12
101291,2,7,1,102671,2013-01-04,NA,"Active",NA,"Employee","Regular",1,"Hybrid",13.18
102535,2,7,2,107818,2013-01-09,NA,"Active",NA,"Employee","Regular",1,"Hybrid",13.16
109295,2,7,10,102372,2013-01-18,NA,"Active",NA,"Employee","Regular",1,"Onsite",13.14
108418,2,7,9,101532,2013-01-31,NA,"Active",NA,"Employee","Regular",1,"Onsite",13.1
101003,2,7,7,107818,2013-03-08,NA,"Active",NA,"Employee","Regular",1,"Remote",13.01
109330,2,7,12,107667,2013-03-26,NA,"Active",NA,"Employee","Regular",0.6,"Remote",12.96
106326,2,7,8,104987,2013-03-29,NA,"Active",NA,"Employee","Regular",1,"Onsite",12.95
100196,2,7,2,103393,2013-04-03,NA,"Active",NA,"Employee","Regular",0.8,"Onsite",12.93
100150,2,7,10,101132,2013-05-14,NA,"Active",NA,"Employee","Regular",1,"Hybrid",12.82
101397,2,7,2,102788,2013-05-23,NA,"Active",NA,"Employee","Regular",1,"Onsite",12.8
106411,2,7,1,108255,2013-06-08,NA,"Active",NA,"Employee","Regular",0.8,"Hybrid",12.75
105526,2,7,4,101132,2013-07-21,NA,"Active",NA,"Employee","Regular",1,"Onsite",12.64
102315,2,7,9,101678,2013-08-08,NA,"Active",NA,"Employee","Regular",1,"Onsite",12.59
106741,2,7,6,107970,2013-08-31,2023-01-03,"Terminated","Voluntary","Employee","Regular",1,"Onsite",9.34
102791,2,7,2,102497,2013-10-13,NA,"Active",NA,"Employee","Regular",1,"Hybrid",12.41
100414,2,7,3,100722,2013-10-24,NA,"Active",NA,"Contractor","Regular",1,"Hybrid",12.38
109440,2,7,4,109710,2013-10-24,NA,"Active",NA,"Employee","Regular",1,"Hybrid",12.38
103708,2,7,2,108760,2013-11-02,NA,"Active",NA,"Employee","Regular",1,"Onsite",12.35
101254,2,7,7,107984,2013-11-09,NA,"Active",NA,"Employee","Regular",1,"Onsite",12.33
103238,2,7,11,106029,2013-11-13,NA,"Active",NA,"Employee","Regular",1,"Onsite",12.32
102483,2,7,11,103393,2013-11-30,NA,"Active",NA,"Employee","Regular",1,"Onsite",12.27
108350,2,7,7,106889,2013-12-12,NA,"Active",NA,"Employee","Regular",1,"Onsite",12.24
101367,2,7,12,109424,2013-12-22,NA,"Active",NA,"Employee","Regular",1,"Remote",12.21
105171,2,7,9,108841,2014-01-06,NA,"Active",NA,"Employee","Regular",1,"Onsite",12.17
101943,2,7,11,107667,2014-01-10,NA,"Active",NA,"Employee","Regular",1,"Hybrid",12.16
100295,2,7,6,106044,2014-01-23,NA,"Active",NA,"Employee","Regular",1,"Hybrid",12.13
105365,2,7,5,107818,2014-01-31,NA,"Active",NA,"Employee","Regular",1,"Hybrid",12.1
108012,2,7,9,109885,2014-02-21,NA,"Active",NA,"Employee","Regular",1,"Onsite",12.05
108355,2,7,7,109424,2014-02-27,2025-08-29,"Terminated","Voluntary","Employee","Regular",1,"Onsite",11.5
101030,2,7,7,106334,2014-03-06,NA,"Active",NA,"Employee","Regular",1,"Hybrid",12.01
108338,2,7,2,101646,2014-03-12,NA,"Active",NA,"Employee","Regular",0.8,"Hybrid",11.99
106090,2,7,6,100074,2014-03-15,NA,"Active",NA,"Contractor","Regular",1,"Hybrid",11.99
101138,2,7,7,105201,2014-04-02,NA,"Active",NA,"Employee","Regular",1,"Hybrid",11.94
108898,2,7,6,105695,2014-04-14,NA,"Active",NA,"Employee","Regular",1,"Hybrid",11.9
106185,2,7,10,101678,2014-04-15,NA,"Active",NA,"Contractor","Temporary",0.8,"Hybrid",11.9
102813,2,7,5,104008,2014-04-29,NA,"Active",NA,"Employee","Regular",1,"Onsite",11.86
103061,2,7,1,108841,2014-06-21,NA,"Active",NA,"Employee","Regular",1,"Onsite",11.72
100594,2,7,4,107091,2014-07-24,NA,"Active",NA,"Employee","Regular",1,"Onsite",11.63
107860,2,7,3,105201,2014-08-02,NA,"Active",NA,"Employee","Regular",1,"Remote",11.6
101584,2,7,8,106334,2014-08-12,2023-11-01,"Terminated","Reduction in Force","Employee","Regular",1,"Hybrid",9.22
101989,2,7,7,101532,2014-08-15,NA,"Active",NA,"Employee","Regular",1,"Hybrid",11.57
102585,2,7,11,101132,2014-08-16,NA,"Active",NA,"Employee","Regular",1,"Remote",11.56
102195,2,7,11,107984,2014-09-10,NA,"Active",NA,"Employee","Regular",1,"Remote",11.5
106406,2,7,8,100074,2014-09-28,NA,"Active",NA,"Employee","Regular",1,"Remote",11.45
102837,2,7,11,109424,2014-10-21,NA,"Active",NA,"Employee","Regular",1,"Remote",11.38
100396,2,7,1,100762,2014-11-05,NA,"Active",NA,"Employee","Regular",1,"Hybrid",11.34
108166,2,7,3,102788,2014-11-13,NA,"Active",NA,"Employee","Regular",1,"Onsite",11.32
108794,2,7,12,105923,2014-12-12,NA,"Active",NA,"Employee","Regular",1,"Onsite",11.24
105010,2,7,6,103999,2014-12-13,NA,"Active",NA,"Employee","Regular",1,"Hybrid",11.24
108835,2,7,6,100369,2015-01-16,NA,"Active",NA,"Employee","Regular",0.8,"Remote",11.15
109355,2,7,6,104697,2015-01-24,NA,"Active",NA,"Employee","Regular",1,"Hybrid",11.12
101499,2,7,3,101772,2015-01-26,NA,"Active",NA,"Employee","Regular",1,"Remote",11.12
109254,2,7,4,103681,2015-01-30,NA,"Active",NA,"Employee","Regular",0.6,"Onsite",11.11
106906,2,7,3,108255,2015-02-02,NA,"Active",NA,"Employee","Regular",1,"Onsite",11.1
101467,2,7,12,108189,2015-03-04,NA,"Active",NA,"Employee","Regular",1,"Onsite",11.02
107901,2,7,7,105695,2015-03-09,NA,"Active",NA,"Employee","Regular",1,"Remote",11
102614,2,7,11,108760,2015-03-12,NA,"Active",NA,"Employee","Regular",1,"Onsite",10.99
101627,2,7,7,108852,2015-03-28,NA,"Active",NA,"Employee","Regular",1,"Onsite",10.95
102684,2,7,7,106311,2015-03-29,NA,"Active",NA,"Employee","Regular",1,"Hybrid",10.95
107470,2,7,8,102671,2015-03-30,NA,"Active",NA,"Employee","Regular",1,"Hybrid",10.95
102144,2,7,2,103417,2015-04-05,NA,"Active",NA,"Employee","Regular",1,"Onsite",10.93
102067,2,7,7,109885,2015-04-25,NA,"Active",NA,"Employee","Regular",1,"Hybrid",10.87
104374,2,7,5,103999,2015-04-26,NA,"Active",NA,"Employee","Regular",1,"Hybrid",10.87
105915,2,7,11,109948,2015-08-10,NA,"Active",NA,"Employee","Regular",1,"Hybrid",10.58
108701,2,7,11,106044,2015-08-12,NA,"Active",NA,"Employee","Regular",1,"Remote",10.58
103492,2,7,12,109911,2015-08-28,NA,"Active",NA,"Employee","Temporary",1,"Hybrid",10.53
107414,2,7,1,106479,2015-09-13,2019-09-24,"Terminated","Involuntary","Employee","Regular",1,"Onsite",4.03
100518,2,7,1,103754,2015-09-22,NA,"Active",NA,"Employee","Regular",0.8,"Hybrid",10.46
100622,2,7,3,107228,2015-11-02,NA,"Active",NA,"Employee","Regular",0.8,"Onsite",10.35
103278,2,7,1,103331,2015-11-20,NA,"Active",NA,"Employee","Regular",1,"Hybrid",10.3
109875,2,7,6,102788,2015-11-22,NA,"Active",NA,"Employee","Temporary",1,"Remote",10.3
101318,2,7,4,101532,2015-11-27,NA,"Active",NA,"Employee","Regular",0.8,"Hybrid",10.28
100802,2,7,9,108852,2015-12-13,NA,"Active",NA,"Employee","Regular",1,"Onsite",10.24
104797,2,7,9,100111,2015-12-23,NA,"Active",NA,"Employee","Regular",0.8,"Remote",10.21
101412,2,7,3,105201,2016-01-09,NA,"Active",NA,"Employee","Regular",1,"Hybrid",10.16
107545,2,7,4,107318,2016-01-19,NA,"Active",NA,"Employee","Temporary",1,"Remote",10.14
104579,2,7,5,103764,2016-01-30,NA,"Active",NA,"Employee","Regular",1,"Hybrid",10.11
107194,2,7,1,106044,2016-02-08,NA,"Active",NA,"Employee","Regular",1,"Onsite",10.08
107910,2,7,7,109887,2016-03-01,2017-08-10,"Terminated","Voluntary","Employee","Regular",1,"Onsite",1.44
105227,2,7,5,100733,2016-03-21,NA,"Active",NA,"Employee","Temporary",1,"Onsite",9.97
105276,2,7,11,106334,2016-03-27,NA,"Active",NA,"Employee","Regular",1,"Onsite",9.95
103194,2,7,12,100722,2016-04-03,NA,"Active",NA,"Employee","Regular",1,"Hybrid",9.93
104092,2,7,12,100912,2016-04-19,NA,"Active",NA,"Employee","Regular",1,"Hybrid",9.89
100945,2,7,12,102032,2016-04-23,NA,"Active",NA,"Employee","Regular",1,"Onsite",9.88
103406,2,7,9,100815,2016-04-26,NA,"Active",NA,"Employee","Regular",1,"Onsite",9.87
103348,2,7,10,100816,2016-05-25,NA,"Active",NA,"Employee","Regular",1,"Hybrid",9.79
106213,2,7,11,108671,2016-06-13,NA,"Active",NA,"Employee","Regular",1,"Onsite",9.74
104043,2,7,9,109887,2016-06-27,NA,"Active",NA,"Contractor","Regular",1,"Onsite",9.7
101278,2,7,10,107667,2016-07-03,NA,"Active",NA,"Employee","Regular",1,"Remote",9.68
109436,2,7,5,102015,2016-07-14,NA,"Active",NA,"Employee","Regular",1,"Onsite",9.65
108235,2,7,8,103393,2016-07-26,NA,"Active",NA,"Employee","Regular",1,"Hybrid",9.62
107002,2,7,12,108365,2016-07-29,NA,"Active",NA,"Employee","Regular",1,"Onsite",9.61
105187,2,7,7,109948,2016-08-29,NA,"Active",NA,"Employee","Regular",1,"Onsite",9.53
107779,2,7,12,104483,2016-08-31,NA,"Active",NA,"Employee","Regular",1,"Hybrid",9.52
100605,2,7,2,108671,2016-09-16,2024-02-12,"Terminated","Involuntary","Employee","Regular",1,"Onsite",7.41
105096,2,7,11,101601,2016-09-26,NA,"Active",NA,"Employee","Regular",1,"Hybrid",9.45
109516,2,7,2,104697,2016-10-13,NA,"Active",NA,"Employee","Regular",0.8,"Hybrid",9.41
104389,2,7,12,101532,2016-10-21,NA,"Active",NA,"Employee","Regular",1,"Remote",9.38
102520,2,7,5,107318,2016-11-03,NA,"Active",NA,"Employee","Regular",0.8,"Hybrid",9.35
102108,2,7,2,108453,2016-11-04,NA,"Active",NA,"Employee","Regular",0.8,"Hybrid",9.35
107660,2,7,11,100111,2016-11-10,NA,"Active",NA,"Employee","Regular",1,"Remote",9.33
109701,2,7,9,105179,2016-11-26,NA,"Active",NA,"Employee","Regular",1,"Onsite",9.28
109595,2,7,10,103764,2016-12-16,NA,"Active",NA,"Employee","Regular",1,"Remote",9.23
106465,2,7,6,104987,2016-12-21,NA,"Active",NA,"Employee","Regular",1,"Hybrid",9.22
101978,2,7,10,104483,2017-01-27,NA,"Active",NA,"Employee","Regular",1,"Remote",9.12
105074,2,7,8,105201,2017-02-15,NA,"Active",NA,"Employee","Regular",1,"Remote",9.06
103448,2,7,5,107228,2017-03-02,NA,"Active",NA,"Employee","Regular",1,"Hybrid",9.02
107126,2,7,12,105923,2017-03-18,NA,"Active",NA,"Employee","Regular",1,"Hybrid",8.98
108006,2,7,6,109911,2017-03-20,NA,"Active",NA,"Employee","Regular",1,"Onsite",8.97
101514,2,7,1,106311,2017-04-01,NA,"Active",NA,"Employee","Regular",1,"Onsite",8.94
105532,2,7,4,104823,2017-04-18,NA,"Active",NA,"Employee","Regular",1,"Remote",8.89
108861,2,7,8,107667,2017-04-21,NA,"Active",NA,"Employee","Regular",1,"Onsite",8.88
103021,2,7,3,101775,2017-04-23,NA,"Active",NA,"Employee","Regular",1,"Hybrid",8.88
107384,2,7,1,108255,2017-05-23,NA,"Active",NA,"Employee","Regular",1,"Hybrid",8.8
102459,2,7,5,107995,2017-05-26,NA,"Active",NA,"Employee","Regular",1,"Onsite",8.79
109998,2,7,6,102032,2017-05-29,NA,"Active",NA,"Employee","Regular",1,"Remote",8.78
105045,2,7,7,104823,2017-06-07,NA,"Active",NA,"Employee","Regular",1,"Hybrid",8.76
103484,2,7,8,102015,2017-06-09,NA,"Active",NA,"Employee","Regular",1,"Remote",8.75
105181,2,7,8,107318,2017-06-15,NA,"Active",NA,"Contractor","Regular",1,"Remote",8.73
104776,2,7,3,106290,2017-06-22,NA,"Active",NA,"Employee","Regular",1,"Remote",8.72
102192,2,7,7,104697,2017-06-23,NA,"Active",NA,"Employee","Regular",1,"Onsite",8.71
100315,2,7,1,104697,2017-07-06,NA,"Active",NA,"Contractor","Regular",1,"Remote",8.68
109425,2,7,2,100504,2017-07-07,NA,"Active",NA,"Employee","Regular",0.8,"Onsite",8.67
109442,2,7,9,101347,2017-07-18,NA,"Active",NA,"Employee","Regular",1,"Hybrid",8.64
103874,2,7,3,101772,2017-08-06,NA,"Active",NA,"Employee","Regular",1,"Onsite",8.59
109042,2,7,2,102497,2017-08-14,NA,"Active",NA,"Employee","Regular",0.8,"Hybrid",8.57
105391,2,7,6,104188,2017-08-21,NA,"Active",NA,"Employee","Regular",0.8,"Hybrid",8.55
108650,2,7,7,107995,2017-08-26,NA,"Active",NA,"Employee","Regular",1,"Hybrid",8.54
101951,2,7,10,106334,2017-09-08,NA,"Active",NA,"Employee","Regular",1,"Hybrid",8.5
108351,2,7,6,103155,2017-09-17,2022-10-13,"Terminated","Voluntary","Employee","Regular",0.8,"Onsite",5.07
106900,2,7,4,106290,2017-09-28,NA,"Active",NA,"Employee","Regular",0.8,"Onsite",8.45
106140,2,7,12,108365,2017-10-06,NA,"Active",NA,"Employee","Regular",1,"Onsite",8.42
108497,2,7,12,108671,2017-10-22,2024-08-25,"Terminated","Voluntary","Employee","Regular",1,"Remote",6.84
102493,2,7,12,109887,2017-10-25,NA,"Active",NA,"Employee","Regular",0.8,"Hybrid",8.37
104568,2,7,2,103764,2017-11-06,NA,"Active",NA,"Employee","Regular",1,"Hybrid",8.34
102092,2,7,8,107667,2017-11-19,NA,"Active",NA,"Employee","Regular",1,"Hybrid",8.3
100970,2,7,3,107970,2017-11-23,NA,"Active",NA,"Employee","Regular",1,"Onsite",8.29
102475,2,7,4,104008,2017-12-22,NA,"Active",NA,"Employee","Regular",1,"Hybrid",8.21
107336,2,7,7,102372,2017-12-24,NA,"Active",NA,"Employee","Regular",1,"Hybrid",8.21
107781,2,7,10,103417,2018-01-05,NA,"Active",NA,"Employee","Regular",1,"Onsite",8.18
100603,2,7,6,108189,2018-01-07,NA,"Active",NA,"Employee","Regular",0.8,"Remote",8.17
103947,2,7,3,108760,2018-01-09,NA,"Active",NA,"Employee","Regular",0.8,"Hybrid",8.16
100100,2,7,11,102015,2018-01-24,NA,"Active",NA,"Employee","Regular",1,"Hybrid",8.12
100245,2,7,3,102671,2018-01-25,NA,"Active",NA,"Employee","Regular",1,"Hybrid",8.12
108716,2,7,2,100912,2018-02-07,2024-10-19,"Terminated","Voluntary","Employee","Regular",1,"Remote",6.7
106325,2,7,5,105695,2018-02-23,NA,"Active",NA,"Employee","Regular",1,"Remote",8.04
105267,2,7,5,103155,2018-02-25,NA,"Active",NA,"Employee","Regular",1,"Hybrid",8.04
101517,2,7,4,101601,2018-03-06,NA,"Active",NA,"Employee","Regular",1,"Hybrid",8.01
104626,2,7,12,106988,2018-03-06,NA,"Active",NA,"Employee","Regular",1,"Hybrid",8.01
103217,2,7,4,104987,2018-03-09,NA,"Active",NA,"Employee","Regular",1,"Hybrid",8
102035,2,7,5,104188,2018-03-26,NA,"Active",NA,"Employee","Regular",1,"Hybrid",7.96
105496,2,7,8,103155,2018-03-29,NA,"Active",NA,"Employee","Regular",1,"Onsite",7.95
107548,2,7,6,103681,2018-03-31,NA,"Active",NA,"Employee","Regular",1,"Hybrid",7.94
101073,2,7,4,103681,2018-04-08,2024-05-15,"Terminated","Involuntary","Employee","Regular",1,"Hybrid",6.1
104652,2,7,11,109887,2018-05-03,NA,"Active",NA,"Employee","Regular",1,"Onsite",7.85
105870,2,7,11,105179,2018-05-05,NA,"Active",NA,"Employee","Regular",1,"Hybrid",7.85
103241,2,7,2,108841,2018-05-21,NA,"Active",NA,"Employee","Regular",1,"Hybrid",7.8
108594,2,7,1,100762,2018-06-03,NA,"Active",NA,"Employee","Regular",1,"Onsite",7.77
107347,2,7,3,103920,2018-06-05,NA,"Active",NA,"Employee","Regular",1,"Hybrid",7.76
108471,2,7,7,106029,2018-06-06,NA,"Active",NA,"Employee","Regular",1,"Hybrid",7.76
103048,2,7,4,109887,2018-06-19,NA,"Active",NA,"Employee","Regular",1,"Remote",7.72
102816,2,7,7,103393,2018-06-20,NA,"Active",NA,"Employee","Regular",1,"Remote",7.72
100969,2,7,12,108671,2018-07-17,NA,"Active",NA,"Employee","Temporary",1,"Onsite",7.65
104160,2,7,9,100815,2018-07-20,NA,"Active",NA,"Employee","Regular",1,"Onsite",7.64
100988,2,7,6,101532,2018-07-22,NA,"Active",NA,"Employee","Regular",1,"Remote",7.63
107393,2,7,6,109887,2018-08-11,NA,"Active",NA,"Employee","Regular",1,"Hybrid",7.58
102117,2,7,12,106283,2018-09-23,NA,"Active",NA,"Employee","Regular",0.8,"Onsite",7.46
106525,2,7,4,100504,2018-09-23,NA,"Active",NA,"Employee","Regular",1,"Onsite",7.46
106913,2,7,8,102032,2018-09-23,NA,"Active",NA,"Employee","Regular",1,"Remote",7.46
108070,2,7,12,101775,2018-09-27,NA,"Active",NA,"Employee","Regular",1,"Hybrid",7.45
107233,2,7,12,109939,2018-10-10,NA,"Active",NA,"Employee","Regular",1,"Onsite",7.41
106789,2,7,11,100733,2018-10-17,NA,"Active",NA,"Employee","Regular",1,"Hybrid",7.39
100861,2,7,10,103764,2018-10-19,NA,"Active",NA,"Employee","Regular",0.6,"Hybrid",7.39
102683,2,7,2,101601,2018-11-09,NA,"Active",NA,"Employee","Regular",0.6,"Onsite",7.33
103557,2,7,2,104188,2018-11-18,NA,"Active",NA,"Employee","Regular",1,"Hybrid",7.31
107829,2,7,12,107603,2018-11-20,NA,"Active",NA,"Employee","Regular",1,"Onsite",7.3
107923,2,7,11,104635,2018-12-13,NA,"Active",NA,"Employee","Regular",1,"Hybrid",7.24
102577,2,7,9,109887,2019-01-17,NA,"Active",NA,"Employee","Regular",1,"Remote",7.14
109230,2,7,4,106334,2019-01-20,NA,"Active",NA,"Employee","Regular",0.6,"Onsite",7.13
109930,2,7,8,109887,2019-02-01,NA,"Active",NA,"Contractor","Regular",1,"Remote",7.1
104962,2,7,2,109887,2019-02-02,NA,"Active",NA,"Employee","Regular",1,"Hybrid",7.1
105592,2,7,6,103123,2019-02-21,NA,"Active",NA,"Employee","Regular",1,"Hybrid",7.05
108477,2,7,3,102015,2019-04-01,NA,"Active",NA,"Employee","Temporary",1,"Onsite",6.94
109340,2,7,3,102015,2019-04-01,NA,"Active",NA,"Employee","Regular",1,"Onsite",6.94
104876,2,7,12,100722,2019-04-08,NA,"Active",NA,"Employee","Regular",1,"Hybrid",6.92
107564,2,7,3,104483,2019-04-09,NA,"Active",NA,"Employee","Regular",1,"Hybrid",6.92
107895,2,7,5,106290,2019-05-18,NA,"Active",NA,"Employee","Regular",1,"Remote",6.81
101668,2,7,7,100111,2019-05-21,NA,"Active",NA,"Employee","Regular",1,"Hybrid",6.8
108547,2,7,1,103155,2019-05-23,NA,"Active",NA,"Employee","Regular",1,"Remote",6.8
109479,2,7,4,103417,2019-06-01,NA,"Active",NA,"Employee","Regular",1,"Onsite",6.77
101186,2,7,8,108453,2019-06-10,NA,"Active",NA,"Employee","Regular",1,"Hybrid",6.75
109046,2,7,1,106334,2019-07-05,NA,"Active",NA,"Employee","Regular",1,"Onsite",6.68
101511,2,7,4,105923,2019-07-09,NA,"Active",NA,"Employee","Regular",1,"Hybrid",6.67
102224,2,7,5,104987,2019-07-20,NA,"Active",NA,"Employee","Regular",1,"Onsite",6.64
104511,2,7,2,106988,2019-07-24,NA,"Active",NA,"Employee","Regular",1,"Remote",6.63
107743,2,7,9,100762,2019-08-16,NA,"Active",NA,"Employee","Regular",1,"Onsite",6.56
108868,2,7,9,106988,2019-08-19,NA,"Active",NA,"Employee","Regular",0.8,"Hybrid",6.56
104066,2,7,10,108453,2019-09-03,NA,"Active",NA,"Employee","Regular",1,"Hybrid",6.52
102333,2,7,3,102032,2019-10-05,NA,"Active",NA,"Employee","Regular",1,"Hybrid",6.43
107647,2,7,4,103754,2019-10-08,NA,"Active",NA,"Employee","Regular",1,"Onsite",6.42
103124,2,7,7,103681,2019-11-18,NA,"Active",NA,"Employee","Temporary",1,"Onsite",6.31
109549,2,7,1,107667,2019-12-05,NA,"Active",NA,"Employee","Regular",1,"Hybrid",6.26
109755,2,7,5,103388,2019-12-24,NA,"Active",NA,"Employee","Regular",0.8,"Hybrid",6.21
101380,2,7,1,103764,2020-01-03,NA,"Active",NA,"Employee","Regular",1,"Onsite",6.18
103332,2,7,9,100722,2020-01-11,NA,"Active",NA,"Employee","Regular",0.8,"Onsite",6.16
106070,2,7,7,100815,2020-02-07,NA,"Active",NA,"Employee","Regular",1,"Hybrid",6.08
104162,2,7,2,105179,2020-03-17,NA,"Active",NA,"Employee","Regular",1,"Onsite",5.98
103039,2,7,5,104838,2020-04-07,NA,"Active",NA,"Employee","Regular",1,"Hybrid",5.92
108866,2,7,1,108106,2020-04-19,NA,"Active",NA,"Employee","Regular",1,"Hybrid",5.89
103398,2,7,11,109887,2020-06-01,NA,"Active",NA,"Employee","Regular",1,"Hybrid",5.77
100888,2,7,6,102149,2020-06-15,NA,"Active",NA,"Employee","Regular",1,"Onsite",5.73
104765,2,7,3,107984,2020-06-20,NA,"Active",NA,"Employee","Regular",1,"Hybrid",5.72
109066,2,7,12,101772,2020-07-13,NA,"Active",NA,"Employee","Regular",1,"Onsite",5.66
100825,2,7,1,103331,2020-07-19,NA,"Active",NA,"Employee","Regular",1,"Remote",5.64
100060,2,7,6,104008,2020-08-15,NA,"Active",NA,"Employee","Regular",0.6,"Remote",5.57
102421,2,7,1,103155,2020-08-16,NA,"Active",NA,"Employee","Regular",1,"Onsite",5.56
109259,2,7,11,103331,2020-08-27,NA,"Active",NA,"Employee","Regular",1,"Onsite",5.53
105448,2,7,7,108106,2020-09-18,2025-11-03,"Terminated","Involuntary","Employee","Regular",1,"Onsite",5.13
104946,2,7,5,104823,2020-09-26,NA,"Active",NA,"Employee","Regular",1,"Onsite",5.45
108817,2,7,7,108365,2020-10-14,NA,"Active",NA,"Employee","Temporary",1,"Remote",5.4
107458,2,7,1,102671,2020-10-29,NA,"Active",NA,"Employee","Regular",1,"Remote",5.36
100784,2,7,7,106479,2020-11-04,NA,"Active",NA,"Employee","Regular",1,"Hybrid",5.35
105041,2,7,1,100722,2020-11-12,NA,"Active",NA,"Employee","Regular",1,"Hybrid",5.32
105851,2,7,9,108760,2020-11-23,NA,"Active",NA,"Employee","Regular",1,"Remote",5.29
106610,2,7,9,102788,2020-12-04,NA,"Active",NA,"Employee","Regular",1,"Hybrid",5.26
108205,2,7,4,101132,2021-01-08,NA,"Active",NA,"Employee","Regular",1,"Onsite",5.17
103198,2,7,8,102671,2021-01-22,NA,"Active",NA,"Employee","Regular",1,"Onsite",5.13
104010,2,7,1,107818,2021-01-27,NA,"Active",NA,"Employee","Regular",1,"Hybrid",5.12
103176,2,7,8,108365,2021-02-14,NA,"Active",NA,"Employee","Regular",1,"Onsite",5.07
108049,2,7,11,107984,2021-04-07,NA,"Active",NA,"Employee","Temporary",1,"Remote",4.92
107692,2,7,11,101646,2021-04-23,NA,"Active",NA,"Employee","Regular",1,"Onsite",4.88
101092,2,7,8,103393,2021-05-13,NA,"Active",NA,"Employee","Regular",1,"Remote",4.82
103836,2,7,2,108365,2021-05-23,NA,"Active",NA,"Employee","Regular",1,"Hybrid",4.8
104438,2,7,1,109935,2021-06-10,NA,"Active",NA,"Employee","Regular",1,"Hybrid",4.75
101266,2,7,11,109424,2021-06-30,NA,"Active",NA,"Employee","Regular",1,"Onsite",4.69
109003,2,7,5,103331,2021-07-24,NA,"Active",NA,"Employee","Regular",1,"Remote",4.63
102362,2,7,5,101132,2021-08-14,NA,"Active",NA,"Employee","Regular",1,"Remote",4.57
104275,2,7,3,103417,2021-09-27,NA,"Active",NA,"Employee","Regular",1,"Onsite",4.45
102274,2,7,6,103681,2021-09-30,NA,"Active",NA,"Employee","Regular",1,"Hybrid",4.44
106101,2,7,5,106283,2021-10-14,NA,"Active",NA,"Employee","Regular",1,"Onsite",4.4
106389,2,7,7,108760,2021-10-19,NA,"Active",NA,"Employee","Regular",1,"Hybrid",4.39
104187,2,7,6,102497,2021-10-28,NA,"Active",NA,"Employee","Regular",1,"Onsite",4.36
107103,2,7,2,106479,2021-12-14,NA,"Active",NA,"Employee","Regular",1,"Onsite",4.24
101135,2,7,11,107984,2021-12-26,NA,"Active",NA,"Employee","Regular",1,"Hybrid",4.2
101224,2,7,7,109948,2022-01-14,NA,"Active",NA,"Employee","Regular",1,"Onsite",4.15
100073,2,7,2,100111,2022-01-15,2025-04-08,"Terminated","Voluntary","Employee","Regular",1,"Hybrid",3.23
104364,2,7,8,106889,2022-01-24,NA,"Active",NA,"Employee","Regular",1,"Hybrid",4.12
101002,2,7,1,104188,2022-01-29,NA,"Active",NA,"Employee","Regular",1,"Hybrid",4.11
108707,2,7,1,103999,2022-02-11,NA,"Active",NA,"Contractor","Regular",1,"Hybrid",4.07
103647,2,7,3,108760,2022-02-13,NA,"Active",NA,"Employee","Regular",1,"Hybrid",4.07
108292,2,7,4,108106,2022-02-15,NA,"Active",NA,"Contractor","Regular",0.6,"Onsite",4.06
108463,2,7,2,108453,2022-03-16,NA,"Active",NA,"Employee","Regular",1,"Hybrid",3.98
108451,2,7,1,102032,2022-03-27,NA,"Active",NA,"Employee","Regular",1,"Onsite",3.95
106264,2,7,1,104483,2022-04-27,NA,"Active",NA,"Employee","Regular",1,"Hybrid",3.87
107466,2,7,7,109939,2022-05-04,NA,"Active",NA,"Employee","Regular",1,"Remote",3.85
101117,2,7,11,100722,2022-05-13,NA,"Active",NA,"Employee","Regular",1,"Onsite",3.82
103327,2,7,9,106044,2022-06-12,NA,"Active",NA,"Employee","Regular",1,"Remote",3.74
102336,2,7,9,107818,2022-06-17,NA,"Active",NA,"Employee","Regular",1,"Onsite",3.73
106848,2,7,3,104596,2022-07-20,NA,"Active",NA,"Employee","Regular",1,"Onsite",3.64
100768,2,7,1,101646,2022-08-23,NA,"Active",NA,"Employee","Regular",1,"Onsite",3.55
102287,2,7,11,104188,2022-08-26,NA,"Active",NA,"Employee","Regular",1,"Remote",3.54
108619,2,7,5,102149,2022-09-02,NA,"Active",NA,"Contractor","Regular",0.8,"Hybrid",3.52
106717,2,7,2,107318,2022-09-25,NA,"Active",NA,"Employee","Temporary",1,"Hybrid",3.45
104116,2,7,4,105201,2022-09-26,NA,"Active",NA,"Employee","Regular",1,"Onsite",3.45
106121,2,7,12,101347,2022-10-14,NA,"Active",NA,"Employee","Regular",1,"Hybrid",3.4
108644,2,7,1,106029,2022-10-14,NA,"Active",NA,"Employee","Temporary",0.6,"Remote",3.4
109847,2,7,3,105923,2022-10-14,2025-10-06,"Terminated","Voluntary","Employee","Regular",1,"Hybrid",2.98
106529,2,7,11,109424,2022-10-23,NA,"Active",NA,"Employee","Regular",1,"Remote",3.38
103405,2,7,3,105695,2022-11-06,NA,"Active",NA,"Employee","Regular",1,"Hybrid",3.34
101420,2,7,4,100733,2022-11-13,NA,"Active",NA,"Employee","Regular",1,"Remote",3.32
109391,2,7,5,109939,2022-11-15,NA,"Active",NA,"Employee","Regular",1,"Remote",3.32
107809,2,7,3,103681,2023-01-09,NA,"Active",NA,"Employee","Regular",1,"Onsite",3.16
108916,2,7,12,108453,2023-01-12,NA,"Active",NA,"Employee","Regular",1,"Remote",3.16
100960,2,7,1,108576,2023-02-07,NA,"Active",NA,"Contractor","Regular",1,"Onsite",3.08
102782,2,7,8,106044,2023-02-11,NA,"Active",NA,"Employee","Regular",1,"Hybrid",3.07
108331,2,7,1,100762,2023-02-13,NA,"Active",NA,"Employee","Regular",1,"Remote",3.07
101812,2,7,5,104838,2023-02-16,NA,"Active",NA,"Employee","Regular",0.8,"Remote",3.06
103995,2,7,1,108453,2023-02-17,NA,"Active",NA,"Employee","Regular",0.8,"Remote",3.06
105737,2,7,9,105179,2023-04-12,NA,"Active",NA,"Employee","Regular",1,"Onsite",2.91
106794,2,7,3,101678,2023-04-15,NA,"Active",NA,"Employee","Regular",0.8,"Hybrid",2.9
104210,2,7,10,102372,2023-05-01,NA,"Active",NA,"Employee","Regular",1,"Remote",2.86
102461,2,7,4,104838,2023-05-03,NA,"Active",NA,"Employee","Regular",1,"Hybrid",2.85
106299,2,7,1,107984,2023-05-06,NA,"Active",NA,"Employee","Regular",1,"Hybrid",2.84
107718,2,7,10,103920,2023-05-24,NA,"Active",NA,"Contractor","Temporary",1,"Remote",2.79
105703,2,7,1,104008,2023-06-09,NA,"Active",NA,"Employee","Regular",1,"Onsite",2.75
106117,2,7,6,101603,2023-06-11,NA,"Active",NA,"Employee","Regular",0.8,"Remote",2.75
106503,2,7,7,108255,2023-06-17,NA,"Active",NA,"Employee","Regular",1,"Hybrid",2.73
102839,2,7,7,102372,2023-07-15,NA,"Active",NA,"Employee","Regular",1,"Hybrid",2.65
109651,2,7,12,109911,2023-07-16,NA,"Active",NA,"Employee","Regular",1,"Remote",2.65
103245,2,7,1,104188,2023-07-25,NA,"Active",NA,"Contractor","Regular",0.6,"Hybrid",2.62
101805,2,7,5,103393,2023-08-05,NA,"Active",NA,"Employee","Regular",0.8,"Hybrid",2.59
107380,2,7,1,108841,2023-08-23,NA,"Active",NA,"Employee","Regular",1,"Hybrid",2.55
105308,2,7,12,109948,2023-09-13,NA,"Active",NA,"Employee","Regular",1,"Onsite",2.49
109153,2,7,8,101772,2023-09-28,NA,"Active",NA,"Contractor","Regular",1,"Hybrid",2.45
109458,2,7,9,106988,2023-09-30,NA,"Active",NA,"Employee","Temporary",1,"Remote",2.44
106277,2,7,9,105923,2023-11-21,NA,"Active",NA,"Employee","Regular",1,"Hybrid",2.3
103720,2,7,7,101646,2023-12-07,NA,"Active",NA,"Employee","Regular",1,"Remote",2.25
106725,2,7,3,100367,2023-12-13,NA,"Active",NA,"Employee","Regular",1,"Hybrid",2.24
108562,2,7,6,108365,2023-12-24,NA,"Active",NA,"Employee","Regular",1,"Hybrid",2.21
109626,2,7,5,100369,2024-01-25,NA,"Active",NA,"Employee","Regular",1,"Onsite",2.12
105343,2,7,10,104697,2024-02-01,NA,"Active",NA,"Employee","Regular",0.8,"Onsite",2.1
108514,2,7,2,101532,2024-02-11,NA,"Active",NA,"Employee","Regular",1,"Hybrid",2.07
109656,2,7,12,108189,2024-02-11,NA,"Active",NA,"Employee","Regular",0.8,"Remote",2.07
100581,2,7,3,108841,2024-02-12,NA,"Active",NA,"Employee","Regular",0.8,"Remote",2.07
106092,2,7,11,107984,2024-02-18,NA,"Active",NA,"Employee","Regular",1,"Hybrid",2.05
104058,2,7,6,108255,2024-02-19,NA,"Active",NA,"Employee","Regular",1,"Hybrid",2.05
106533,2,7,12,107228,2024-03-06,NA,"Active",NA,"Employee","Regular",1,"Onsite",2.01
106661,2,7,6,107818,2024-03-31,NA,"Active",NA,"Employee","Regular",0.8,"Onsite",1.94
106710,2,7,8,107603,2024-04-08,NA,"Active",NA,"Employee","Regular",1,"Hybrid",1.92
108023,2,7,1,109939,2024-04-29,NA,"Active",NA,"Employee","Regular",1,"Hybrid",1.86
109408,2,7,6,108453,2024-05-07,NA,"Active",NA,"Contractor","Regular",1,"Hybrid",1.84
102985,2,7,8,106044,2024-05-08,NA,"Active",NA,"Employee","Regular",1,"Hybrid",1.84
104046,2,7,2,108841,2024-06-12,NA,"Active",NA,"Employee","Regular",1,"Hybrid",1.74
106352,2,7,11,101772,2024-06-16,NA,"Active",NA,"Employee","Regular",1,"Onsite",1.73
107175,2,7,9,100816,2024-06-22,NA,"Active",NA,"Contractor","Regular",1,"Hybrid",1.72
105081,2,7,9,103393,2024-07-01,NA,"Active",NA,"Employee","Regular",1,"Hybrid",1.69
105263,2,7,3,103331,2024-07-25,NA,"Active",NA,"Employee","Regular",1,"Remote",1.62
107326,2,7,4,105201,2024-08-16,NA,"Active",NA,"Employee","Regular",1,"Hybrid",1.56
103120,2,7,10,104596,2024-08-27,NA,"Active",NA,"Employee","Regular",1,"Onsite",1.53
101168,2,7,3,106988,2024-09-13,NA,"Active",NA,"Employee","Regular",1,"Onsite",1.49
105256,2,7,12,108189,2024-09-18,NA,"Active",NA,"Employee","Regular",1,"Onsite",1.47
100013,2,7,8,102671,2024-10-10,NA,"Active",NA,"Employee","Regular",1,"Hybrid",1.41
101694,2,7,7,109935,2024-10-13,NA,"Active",NA,"Employee","Regular",1,"Hybrid",1.41
103389,2,7,8,100733,2024-11-18,NA,"Active",NA,"Employee","Regular",1,"Onsite",1.31
109558,2,7,11,109935,2024-12-19,NA,"Active",NA,"Employee","Regular",1,"Hybrid",1.22
100982,2,7,10,105201,2024-12-29,NA,"Active",NA,"Employee","Regular",1,"Onsite",1.19
109572,2,7,4,102372,2025-01-24,NA,"Active",NA,"Employee","Temporary",1,"Remote",1.12
105985,2,7,5,104008,2025-01-27,NA,"Active",NA,"Employee","Temporary",1,"Hybrid",1.12
108452,2,7,4,100912,2025-02-01,NA,"Active",NA,"Contractor","Regular",1,"Hybrid",1.1
103436,2,7,3,100733,2025-02-18,NA,"Active",NA,"Contractor","Regular",1,"Hybrid",1.05
104798,2,7,4,106479,2025-03-10,NA,"Active",NA,"Employee","Regular",1,"Hybrid",1
102106,2,7,1,100816,2025-03-15,NA,"Active",NA,"Employee","Regular",0.8,"Onsite",0.99
109011,2,7,8,108576,2025-04-19,NA,"Active",NA,"Employee","Regular",1,"Onsite",0.89
104342,2,7,3,100504,2025-04-26,NA,"Active",NA,"Employee","Regular",1,"Hybrid",0.87
106705,2,7,2,103417,2025-05-04,NA,"Active",NA,"Employee","Regular",1,"Hybrid",0.85
109094,2,7,4,108576,2025-05-06,NA,"Active",NA,"Employee","Regular",1,"Onsite",0.84
108691,2,7,1,102372,2025-05-13,NA,"Active",NA,"Employee","Regular",1,"Onsite",0.82
106922,2,7,6,106029,2025-06-05,NA,"Active",NA,"Employee","Regular",1,"Hybrid",0.76
100560,2,7,9,103388,2025-06-07,NA,"Active",NA,"Employee","Regular",1,"Onsite",0.76
102795,2,7,7,103331,2025-06-14,NA,"Active",NA,"Employee","Temporary",1,"Onsite",0.74
107643,2,7,11,106988,2025-06-15,NA,"Active",NA,"Contractor","Regular",1,"Onsite",0.73
101661,2,7,9,108453,2025-08-05,NA,"Active",NA,"Employee","Regular",1,"Onsite",0.59
108377,2,7,9,109939,2025-09-02,NA,"Active",NA,"Employee","Regular",1,"Onsite",0.52
101229,2,7,8,107091,2025-09-06,NA,"Active",NA,"Employee","Regular",1,"Remote",0.51
104071,2,7,5,100074,2025-09-20,NA,"Active",NA,"Employee","Regular",1,"Onsite",0.47
104521,2,7,12,102497,2025-09-29,NA,"Active",NA,"Employee","Regular",1,"Onsite",0.44
103918,2,7,1,102032,2025-10-08,NA,"Active",NA,"Employee","Regular",1,"Hybrid",0.42
107426,2,7,3,100912,2025-11-02,NA,"Active",NA,"Contractor","Regular",1,"Onsite",0.35
107695,2,7,2,101132,2025-11-08,NA,"Active",NA,"Contractor","Regular",1,"Onsite",0.33
109170,2,7,5,105201,2025-11-11,NA,"Active",NA,"Employee","Regular",1,"Onsite",0.33
101586,2,7,10,103393,2025-11-27,NA,"Active",NA,"Employee","Regular",1,"Onsite",0.28
103585,2,7,4,109887,2025-12-18,NA,"Active",NA,"Employee","Regular",1,"Hybrid",0.22
101321,3,11,1,106642,2013-02-22,NA,"Active",NA,"Employee","Regular",1,"Onsite",13.04
101214,3,11,3,108213,2013-03-01,NA,"Active",NA,"Employee","Regular",1,"Hybrid",13.02
100873,3,11,9,103440,2013-04-05,NA,"Active",NA,"Employee","Regular",0.6,"Onsite",12.93
103676,3,11,5,104192,2013-05-27,NA,"Active",NA,"Employee","Regular",1,"Hybrid",12.79
103952,3,11,4,104192,2013-06-07,NA,"Active",NA,"Employee","Regular",0.6,"Onsite",12.76
103987,3,11,1,101842,2013-07-09,NA,"Active",NA,"Employee","Regular",1,"Hybrid",12.67
106251,3,11,8,102687,2013-07-14,NA,"Active",NA,"Contractor","Regular",1,"Onsite",12.65
100358,3,11,3,102687,2013-08-30,NA,"Active",NA,"Employee","Regular",0.8,"Onsite",12.53
108198,3,11,6,102847,2013-09-23,NA,"Active",NA,"Employee","Regular",1,"Remote",12.46
104619,3,11,4,104248,2013-10-23,NA,"Active",NA,"Employee","Regular",0.6,"Hybrid",12.38
109030,3,11,11,101842,2013-12-22,NA,"Active",NA,"Employee","Regular",1,"Hybrid",12.21
109802,3,11,7,105917,2014-03-11,NA,"Active",NA,"Employee","Regular",1,"Hybrid",12
105893,3,11,2,109711,2014-03-15,NA,"Active",NA,"Employee","Regular",1,"Remote",11.99
100252,3,11,3,100597,2014-03-27,NA,"Active",NA,"Employee","Regular",1,"Onsite",11.95
107199,3,11,10,108213,2014-04-23,NA,"Active",NA,"Employee","Regular",0.8,"Hybrid",11.88
106909,3,11,2,104646,2014-06-13,NA,"Active",NA,"Employee","Regular",1,"Onsite",11.74
106237,3,11,7,100597,2014-06-23,NA,"Active",NA,"Employee","Regular",0.6,"Remote",11.71
102832,3,11,8,107324,2014-06-25,NA,"Active",NA,"Employee","Temporary",1,"Onsite",11.71
101121,3,11,5,101454,2014-07-21,NA,"Active",NA,"Employee","Regular",1,"Remote",11.64
102171,3,11,6,106434,2014-11-05,NA,"Active",NA,"Employee","Regular",1,"Remote",11.34
105775,3,11,9,104248,2014-11-12,NA,"Active",NA,"Employee","Regular",1,"Onsite",11.32
101811,3,11,11,106642,2014-11-17,NA,"Active",NA,"Employee","Regular",1,"Hybrid",11.31
104398,3,11,9,105650,2015-02-09,NA,"Active",NA,"Employee","Regular",1,"Hybrid",11.08
104011,3,11,2,106125,2015-02-20,NA,"Active",NA,"Employee","Regular",1,"Remote",11.05
107387,3,11,2,106125,2015-02-23,NA,"Active",NA,"Employee","Regular",1,"Onsite",11.04
103003,3,11,11,104784,2015-06-16,NA,"Active",NA,"Employee","Regular",1,"Hybrid",10.73
102947,3,11,2,100168,2015-08-24,NA,"Active",NA,"Employee","Regular",1,"Hybrid",10.54
109159,3,11,3,100597,2015-09-05,NA,"Active",NA,"Employee","Regular",1,"Hybrid",10.51
104005,3,11,11,101876,2015-12-04,NA,"Active",NA,"Employee","Regular",1,"Onsite",10.26
109268,3,11,1,106434,2015-12-11,NA,"Active",NA,"Employee","Regular",1,"Remote",10.24
106641,3,11,12,103440,2016-01-06,NA,"Active",NA,"Employee","Regular",1,"Remote",10.17
100012,3,11,6,107600,2016-01-24,NA,"Active",NA,"Employee","Regular",1,"Hybrid",10.12
107303,3,11,3,104248,2016-02-26,NA,"Active",NA,"Employee","Regular",1,"Hybrid",10.03
107453,3,11,3,105833,2016-03-06,NA,"Active",NA,"Employee","Regular",1,"Remote",10.01
104226,3,11,2,102687,2016-03-08,NA,"Active",NA,"Employee","Regular",1,"Hybrid",10.01
105067,3,11,1,106678,2016-03-09,NA,"Active",NA,"Employee","Temporary",0.8,"Hybrid",10
103665,3,11,1,104192,2016-03-17,NA,"Active",NA,"Employee","Regular",1,"Remote",9.98
107859,3,11,6,101777,2016-05-18,NA,"Active",NA,"Employee","Regular",1,"Hybrid",9.81
108484,3,11,8,107600,2016-06-18,NA,"Active",NA,"Employee","Regular",0.6,"Hybrid",9.73
108987,3,11,3,105650,2016-09-18,NA,"Active",NA,"Employee","Regular",0.8,"Remote",9.47
109931,3,11,9,105650,2016-09-18,NA,"Active",NA,"Employee","Regular",1,"Hybrid",9.47
109177,3,11,6,103440,2016-12-06,NA,"Active",NA,"Contractor","Regular",1,"Onsite",9.26
105292,3,11,7,102687,2016-12-11,NA,"Active",NA,"Employee","Regular",1,"Remote",9.24
107162,3,11,2,102897,2016-12-16,NA,"Active",NA,"Employee","Regular",1,"Remote",9.23
100059,3,11,4,101876,2016-12-27,NA,"Active",NA,"Employee","Regular",1,"Hybrid",9.2
105920,3,11,3,102687,2017-02-06,NA,"Active",NA,"Employee","Regular",1,"Hybrid",9.09
100135,3,11,7,108213,2017-04-12,NA,"Active",NA,"Employee","Regular",1,"Onsite",8.91
101720,3,11,3,101876,2017-05-02,NA,"Active",NA,"Employee","Regular",1,"Remote",8.85
102506,3,11,9,104646,2017-05-11,NA,"Active",NA,"Employee","Regular",1,"Onsite",8.83
108029,3,11,2,106985,2017-06-15,NA,"Active",NA,"Employee","Regular",1,"Hybrid",8.73
109799,3,11,3,101876,2017-06-27,NA,"Active",NA,"Employee","Regular",1,"Remote",8.7
104045,3,11,11,100597,2018-02-05,NA,"Active",NA,"Employee","Regular",0.8,"Hybrid",8.09
108278,3,11,11,106678,2018-03-07,NA,"Active",NA,"Employee","Temporary",1,"Hybrid",8.01
103261,3,11,3,104784,2018-10-26,NA,"Active",NA,"Employee","Regular",1,"Onsite",7.37
103882,3,11,4,100606,2018-11-07,NA,"Active",NA,"Employee","Regular",1,"Onsite",7.34
100259,3,11,8,109913,2018-11-19,NA,"Active",NA,"Employee","Regular",1,"Hybrid",7.3
102542,3,11,3,103440,2019-02-04,NA,"Active",NA,"Employee","Temporary",1,"Hybrid",7.09
106708,3,11,4,100939,2019-02-09,NA,"Active",NA,"Employee","Regular",1,"Onsite",7.08
106329,3,11,6,101454,2019-04-08,NA,"Active",NA,"Employee","Regular",1,"Onsite",6.92
102311,3,11,1,105938,2019-06-12,NA,"Active",NA,"Employee","Regular",1,"Onsite",6.74
104237,3,11,3,109913,2019-08-02,NA,"Active",NA,"Employee","Regular",1,"Remote",6.6
104301,3,11,10,100187,2019-10-11,NA,"Active",NA,"Employee","Regular",1,"Onsite",6.41
105989,3,11,3,102847,2019-12-14,2023-08-26,"Terminated","Voluntary","Employee","Regular",1,"Hybrid",3.7
104718,3,11,11,106642,2020-01-01,NA,"Active",NA,"Employee","Regular",1,"Onsite",6.19
105450,3,11,12,107704,2020-04-07,NA,"Active",NA,"Employee","Regular",1,"Onsite",5.92
109364,3,11,10,109711,2020-04-30,NA,"Active",NA,"Employee","Regular",1,"Remote",5.86
106673,3,11,12,104248,2020-05-26,NA,"Active",NA,"Employee","Regular",1,"Onsite",5.79
108487,3,11,6,101655,2020-06-26,NA,"Active",NA,"Employee","Regular",1,"Hybrid",5.7
106742,3,11,8,107704,2020-07-09,NA,"Active",NA,"Employee","Regular",1,"Onsite",5.67
104576,3,11,11,106642,2020-07-10,NA,"Active",NA,"Employee","Regular",0.8,"Hybrid",5.67
104361,3,11,3,107704,2020-08-17,NA,"Active",NA,"Employee","Regular",1,"Remote",5.56
101084,3,11,1,106985,2020-11-11,NA,"Active",NA,"Contractor","Temporary",1,"Onsite",5.33
102265,3,11,3,100597,2020-11-16,2022-04-29,"Terminated","Voluntary","Employee","Regular",1,"Hybrid",1.45
104102,3,11,12,106125,2020-11-28,NA,"Active",NA,"Employee","Regular",0.6,"Remote",5.28
108561,3,11,2,105938,2020-12-05,NA,"Active",NA,"Employee","Regular",1,"Onsite",5.26
107862,3,11,6,108213,2020-12-07,NA,"Active",NA,"Employee","Regular",1,"Hybrid",5.25
107382,3,11,3,107338,2020-12-08,NA,"Active",NA,"Employee","Regular",1,"Hybrid",5.25
104213,3,11,4,101777,2020-12-25,NA,"Active",NA,"Employee","Regular",1,"Onsite",5.21
100340,3,11,9,106434,2021-01-28,NA,"Active",NA,"Employee","Regular",1,"Onsite",5.11
102861,3,11,10,101655,2021-02-09,2024-07-30,"Terminated","Voluntary","Employee","Regular",1,"Remote",3.47
100641,3,11,7,102897,2021-02-26,NA,"Active",NA,"Employee","Regular",1,"Onsite",5.03
102686,3,11,5,101842,2021-04-15,2022-06-18,"Terminated","Voluntary","Employee","Regular",1,"Hybrid",1.18
107745,3,11,11,106434,2021-05-03,NA,"Active",NA,"Employee","Regular",1,"Onsite",4.85
103715,3,11,12,109711,2021-05-17,NA,"Active",NA,"Employee","Regular",1,"Onsite",4.81
104911,3,11,8,109711,2021-06-02,NA,"Active",NA,"Contractor","Regular",1,"Hybrid",4.77
105755,3,11,3,106434,2021-06-21,NA,"Active",NA,"Employee","Regular",1,"Hybrid",4.72
100824,3,11,2,107338,2021-07-13,NA,"Active",NA,"Employee","Regular",0.8,"Onsite",4.66
108579,3,11,11,101777,2021-08-04,NA,"Active",NA,"Employee","Regular",1,"Hybrid",4.6
104039,3,11,2,107600,2021-11-10,NA,"Active",NA,"Contractor","Regular",0.6,"Hybrid",4.33
108719,3,11,4,109711,2021-11-17,NA,"Active",NA,"Employee","Regular",1,"Remote",4.31
101106,3,11,1,106125,2021-12-09,NA,"Active",NA,"Employee","Regular",1,"Remote",4.25
108784,3,11,6,101454,2022-01-04,NA,"Active",NA,"Employee","Regular",0.6,"Hybrid",4.18
107544,3,11,2,107324,2022-01-30,NA,"Active",NA,"Employee","Regular",1,"Remote",4.11
100986,3,11,1,106125,2022-03-25,NA,"Active",NA,"Employee","Regular",1,"Hybrid",3.96
109074,3,11,8,101777,2022-06-26,NA,"Active",NA,"Employee","Regular",1,"Hybrid",3.7
103093,3,11,8,104248,2022-07-26,NA,"Active",NA,"Employee","Regular",1,"Hybrid",3.62
103627,3,11,10,100606,2022-08-03,NA,"Active",NA,"Employee","Regular",0.8,"Onsite",3.6
106841,3,11,10,104784,2022-08-27,NA,"Active",NA,"Employee","Regular",1,"Onsite",3.53
104924,3,11,9,100939,2022-09-10,NA,"Active",NA,"Employee","Regular",0.6,"Remote",3.5
100021,3,11,1,101454,2022-12-22,NA,"Active",NA,"Employee","Regular",1,"Hybrid",3.21
106341,3,11,8,107600,2023-05-18,NA,"Active",NA,"Employee","Regular",0.6,"Hybrid",2.81
109623,3,11,2,101454,2023-06-04,NA,"Active",NA,"Employee","Regular",1,"Hybrid",2.76
100889,3,11,1,107704,2023-07-07,NA,"Active",NA,"Employee","Regular",1,"Hybrid",2.67
100623,3,11,2,106125,2023-07-23,NA,"Active",NA,"Contractor","Regular",1,"Hybrid",2.63
102567,3,11,1,100597,2023-08-05,NA,"Active",NA,"Employee","Regular",1,"Onsite",2.59
109997,3,11,8,101777,2023-09-04,NA,"Active",NA,"Employee","Regular",1,"Hybrid",2.51
103566,3,11,8,109711,2023-09-10,NA,"Active",NA,"Employee","Regular",1,"Hybrid",2.5
106852,3,11,12,104192,2023-09-24,NA,"Active",NA,"Employee","Regular",1,"Onsite",2.46
106404,3,11,7,100187,2023-10-26,NA,"Active",NA,"Employee","Regular",1,"Hybrid",2.37
106930,3,11,6,104192,2023-11-06,NA,"Active",NA,"Employee","Regular",1,"Remote",2.34
106894,3,11,12,105833,2023-11-19,NA,"Active",NA,"Employee","Regular",1,"Onsite",2.3
104363,3,11,11,107338,2023-12-11,NA,"Active",NA,"Employee","Regular",1,"Hybrid",2.24
103528,3,11,8,106125,2024-01-22,NA,"Active",NA,"Employee","Regular",1,"Onsite",2.13
102518,3,11,7,101842,2024-03-23,NA,"Active",NA,"Employee","Regular",1,"Onsite",1.96
102820,3,11,2,105917,2024-04-03,NA,"Active",NA,"Contractor","Regular",1,"Hybrid",1.93
109095,3,11,3,101842,2024-06-08,NA,"Active",NA,"Employee","Regular",1,"Remote",1.75
100923,3,11,11,100168,2024-09-03,NA,"Active",NA,"Employee","Regular",0.8,"Remote",1.52
102169,3,11,9,105833,2024-10-28,NA,"Active",NA,"Employee","Regular",1,"Onsite",1.36
103829,3,11,9,100187,2024-11-13,NA,"Active",NA,"Employee","Regular",1,"Onsite",1.32
104706,3,11,3,101454,2024-12-28,NA,"Active",NA,"Employee","Regular",1,"Remote",1.2
103191,3,11,6,106678,2025-03-31,NA,"Active",NA,"Employee","Regular",1,"Hybrid",0.94
102889,3,11,4,107704,2025-04-12,NA,"Active",NA,"Employee","Temporary",1,"Hybrid",0.91
103362,3,11,5,104646,2025-07-01,NA,"Active",NA,"Employee","Regular",1,"Onsite",0.69
102574,3,11,1,100187,2025-07-05,NA,"Active",NA,"Employee","Regular",1,"Hybrid",0.68
105994,3,11,10,107324,2025-07-18,NA,"Active",NA,"Employee","Regular",1,"Onsite",0.64
103544,3,11,2,102847,2025-08-08,NA,"Active",NA,"Employee","Regular",1,"Onsite",0.59
109186,3,11,1,107704,2025-10-12,NA,"Active",NA,"Employee","Regular",0.8,"Hybrid",0.41
107055,3,11,7,107600,2026-01-02,NA,"Active",NA,"Contractor","Regular",1,"Onsite",0.18
107014,4,15,10,108439,2013-02-21,2018-10-22,"Terminated","Voluntary","Employee","Regular",1,"Hybrid",5.67
101330,4,15,10,108439,2013-03-06,NA,"Active",NA,"Employee","Regular",1,"Remote",13.01
105527,4,15,7,108439,2013-06-11,NA,"Active",NA,"Employee","Regular",1,"Remote",12.75
101206,4,15,3,108439,2013-06-26,NA,"Active",NA,"Employee","Regular",1,"Onsite",12.7
103338,4,15,10,108439,2013-07-26,NA,"Active",NA,"Employee","Regular",1,"Hybrid",12.62
100382,4,15,9,108439,2013-09-15,NA,"Active",NA,"Employee","Regular",1,"Onsite",12.48
109281,4,15,4,108439,2013-11-01,NA,"Active",NA,"Contractor","Regular",1,"Onsite",12.35
100720,4,15,12,108439,2013-11-02,NA,"Active",NA,"Employee","Regular",1,"Hybrid",12.35
105389,4,15,7,108439,2013-11-11,NA,"Active",NA,"Employee","Regular",1,"Onsite",12.33
106714,4,15,12,108439,2013-11-17,NA,"Active",NA,"Employee","Regular",1,"Hybrid",12.31
104086,4,15,6,108439,2014-02-14,NA,"Active",NA,"Employee","Regular",0.8,"Hybrid",12.07
108774,4,15,9,108439,2014-03-12,NA,"Active",NA,"Employee","Regular",1,"Remote",11.99
101833,4,15,2,108439,2014-04-14,NA,"Active",NA,"Employee","Regular",1,"Hybrid",11.9
102556,4,15,12,108439,2014-06-05,2018-05-17,"Terminated","Voluntary","Employee","Regular",1,"Onsite",3.95
108481,4,15,9,108439,2014-06-24,NA,"Active",NA,"Contractor","Regular",0.8,"Onsite",11.71
109693,4,15,12,108439,2014-07-14,NA,"Active",NA,"Employee","Regular",1,"Onsite",11.65
101487,4,15,5,108439,2014-09-22,NA,"Active",NA,"Employee","Regular",0.8,"Remote",11.46
109306,4,15,6,108439,2014-11-16,NA,"Active",NA,"Employee","Regular",0.8,"Hybrid",11.31
101700,4,15,9,108439,2014-12-19,NA,"Active",NA,"Employee","Regular",1,"Hybrid",11.22
107648,4,15,5,108439,2015-01-30,NA,"Active",NA,"Employee","Regular",1,"Hybrid",11.11
107527,4,15,10,108439,2015-02-05,NA,"Active",NA,"Employee","Regular",1,"Hybrid",11.09
106872,4,15,6,108439,2015-04-17,NA,"Active",NA,"Employee","Regular",1,"Hybrid",10.9
101149,4,15,2,108439,2015-05-30,NA,"Active",NA,"Employee","Temporary",1,"Hybrid",10.78
109158,4,15,10,108439,2015-05-30,NA,"Active",NA,"Employee","Temporary",1,"Hybrid",10.78
108505,4,15,5,108439,2015-07-01,NA,"Active",NA,"Employee","Regular",1,"Hybrid",10.69
103469,4,15,11,108439,2015-07-02,NA,"Active",NA,"Employee","Regular",1,"Onsite",10.69
101505,4,15,9,108439,2015-07-05,NA,"Active",NA,"Employee","Regular",1,"Hybrid",10.68
102536,4,15,3,108439,2015-08-21,NA,"Active",NA,"Employee","Regular",1,"Remote",10.55
109490,4,15,6,108439,2015-08-24,NA,"Active",NA,"Employee","Regular",1,"Hybrid",10.54
108145,4,15,10,108439,2015-09-02,NA,"Active",NA,"Employee","Regular",1,"Hybrid",10.52
104478,4,15,3,108439,2015-09-11,NA,"Active",NA,"Employee","Regular",1,"Hybrid",10.49
101413,4,15,4,108439,2015-10-09,NA,"Active",NA,"Employee","Regular",1,"Hybrid",10.42
104664,4,15,5,108439,2015-10-16,NA,"Active",NA,"Employee","Regular",1,"Hybrid",10.4
104742,4,15,2,108439,2015-11-18,NA,"Active",NA,"Employee","Regular",1,"Hybrid",10.31
101275,4,15,3,108439,2016-01-14,NA,"Active",NA,"Employee","Regular",1,"Remote",10.15
108063,4,15,2,108439,2016-01-24,NA,"Active",NA,"Employee","Regular",1,"Hybrid",10.12
100516,4,15,2,108439,2016-03-01,NA,"Active",NA,"Employee","Regular",1,"Onsite",10.02
105058,4,15,4,108439,2016-05-09,NA,"Active",NA,"Employee","Regular",1,"Onsite",9.84
104405,4,15,5,108439,2016-05-31,NA,"Active",NA,"Employee","Regular",1,"Remote",9.78
106627,4,15,10,108439,2016-08-09,NA,"Active",NA,"Employee","Regular",0.8,"Onsite",9.58
107740,4,15,10,108439,2016-12-13,2023-10-26,"Terminated","Voluntary","Employee","Regular",1,"Hybrid",6.87
105520,4,15,4,108439,2017-03-12,NA,"Active",NA,"Employee","Regular",1,"Remote",8.99
107279,4,15,5,108439,2017-03-15,NA,"Active",NA,"Employee","Regular",1,"Remote",8.99
106019,4,15,7,108439,2017-03-27,NA,"Active",NA,"Employee","Regular",1,"Onsite",8.95
101780,4,15,10,108439,2017-03-31,NA,"Active",NA,"Contractor","Regular",1,"Onsite",8.94
104019,4,15,7,108439,2017-04-08,NA,"Active",NA,"Employee","Regular",1,"Hybrid",8.92
105069,4,15,6,108439,2017-05-04,NA,"Active",NA,"Employee","Regular",0.8,"Hybrid",8.85
108806,4,15,3,108439,2017-08-02,2025-02-16,"Terminated","Involuntary","Employee","Regular",1,"Remote",7.54
107948,4,15,7,108439,2017-08-29,NA,"Active",NA,"Employee","Regular",1,"Hybrid",8.53
106327,4,15,7,108439,2017-09-28,NA,"Active",NA,"Employee","Regular",0.8,"Onsite",8.45
103190,4,15,4,108439,2017-10-13,NA,"Active",NA,"Employee","Regular",0.8,"Onsite",8.41
107429,4,15,6,108439,2018-01-21,NA,"Active",NA,"Employee","Temporary",0.6,"Hybrid",8.13
101463,4,15,6,108439,2018-03-23,NA,"Active",NA,"Contractor","Regular",1,"Onsite",7.96
103344,4,15,12,108439,2018-05-09,NA,"Active",NA,"Employee","Regular",1,"Remote",7.84
107157,4,15,8,108439,2018-05-22,NA,"Active",NA,"Employee","Regular",1,"Hybrid",7.8
109367,4,15,5,108439,2018-05-26,NA,"Active",NA,"Employee","Regular",1,"Onsite",7.79
105135,4,15,3,108439,2018-08-01,NA,"Active",NA,"Employee","Regular",1,"Onsite",7.61
104993,4,15,3,108439,2018-08-18,NA,"Active",NA,"Employee","Regular",1,"Remote",7.56
108849,4,15,11,108439,2018-08-25,NA,"Active",NA,"Employee","Regular",1,"Hybrid",7.54
100586,4,15,3,108439,2018-09-07,NA,"Active",NA,"Employee","Regular",1,"Hybrid",7.5
109616,4,15,8,108439,2018-09-18,NA,"Active",NA,"Employee","Regular",1,"Onsite",7.47
109815,4,15,12,108439,2018-10-05,NA,"Active",NA,"Employee","Regular",1,"Remote",7.43
109920,4,15,9,108439,2018-10-11,NA,"Active",NA,"Employee","Regular",1,"Onsite",7.41
108874,4,15,4,108439,2018-10-14,NA,"Active",NA,"Employee","Regular",0.8,"Remote",7.4
100345,4,15,8,108439,2018-11-11,NA,"Active",NA,"Employee","Regular",1,"Onsite",7.33
103266,4,15,4,108439,2018-12-04,NA,"Active",NA,"Employee","Regular",1,"Onsite",7.26
107342,4,15,12,108439,2019-06-16,NA,"Active",NA,"Employee","Regular",1,"Hybrid",6.73
104685,4,15,11,108439,2019-08-26,NA,"Active",NA,"Employee","Temporary",1,"Hybrid",6.54
102207,4,15,1,108439,2019-08-29,NA,"Active",NA,"Employee","Regular",1,"Hybrid",6.53
108468,4,15,11,108439,2019-08-30,NA,"Active",NA,"Employee","Regular",1,"Hybrid",6.53
109832,4,15,10,108439,2019-09-07,NA,"Active",NA,"Employee","Regular",1,"Remote",6.5
103432,4,15,6,108439,2019-10-04,NA,"Active",NA,"Employee","Regular",1,"Onsite",6.43
106695,4,15,11,108439,2019-10-26,2023-07-21,"Terminated","Involuntary","Employee","Regular",1,"Hybrid",3.73
106798,4,15,4,108439,2019-11-22,NA,"Active",NA,"Employee","Regular",1,"Remote",6.3
102982,4,15,1,108439,2019-12-28,NA,"Active",NA,"Employee","Regular",1,"Hybrid",6.2
106775,4,15,2,108439,2020-02-16,NA,"Active",NA,"Employee","Temporary",1,"Onsite",6.06
104320,4,15,8,108439,2020-06-12,NA,"Active",NA,"Employee","Regular",1,"Onsite",5.74
102534,4,15,8,108439,2020-06-25,2024-08-04,"Terminated","Voluntary","Employee","Regular",0.6,"Remote",4.11
103823,4,15,3,108439,2020-08-14,NA,"Active",NA,"Employee","Regular",1,"Onsite",5.57
104133,4,15,3,108439,2020-09-18,NA,"Active",NA,"Employee","Regular",1,"Onsite",5.47
105800,4,15,11,108439,2020-10-04,NA,"Active",NA,"Employee","Regular",0.8,"Hybrid",5.43
107449,4,15,7,108439,2021-03-29,NA,"Active",NA,"Employee","Regular",1,"Remote",4.95
105926,4,15,8,108439,2021-05-16,NA,"Active",NA,"Employee","Regular",0.8,"Remote",4.82
100333,4,15,4,108439,2021-05-30,NA,"Active",NA,"Employee","Regular",1,"Onsite",4.78
109921,4,15,8,108439,2021-06-21,NA,"Active",NA,"Contractor","Regular",1,"Onsite",4.72
104658,4,15,5,108439,2021-08-03,NA,"Active",NA,"Employee","Regular",1,"Remote",4.6
107700,4,15,8,108439,2021-08-19,NA,"Active",NA,"Employee","Regular",1,"Hybrid",4.56
101140,4,15,3,108439,2021-08-22,NA,"Active",NA,"Employee","Regular",1,"Hybrid",4.55
104974,4,15,7,108439,2021-10-22,NA,"Active",NA,"Employee","Regular",1,"Onsite",4.38
103098,4,15,10,108439,2021-11-04,NA,"Active",NA,"Employee","Regular",1,"Onsite",4.35
108320,4,15,12,108439,2021-12-24,NA,"Active",NA,"Employee","Regular",1,"Hybrid",4.21
105930,4,15,12,108439,2022-01-03,NA,"Active",NA,"Employee","Regular",1,"Hybrid",4.18
107095,4,15,5,108439,2022-01-28,NA,"Active",NA,"Employee","Regular",1,"Onsite",4.11
100020,4,15,2,108439,2022-02-18,NA,"Active",NA,"Employee","Regular",1,"Onsite",4.05
101182,4,15,7,108439,2022-03-19,NA,"Active",NA,"Employee","Regular",1,"Hybrid",3.98
104442,4,15,2,108439,2022-03-21,NA,"Active",NA,"Employee","Regular",0.8,"Hybrid",3.97
108330,4,15,12,108439,2022-06-10,NA,"Active",NA,"Employee","Regular",1,"Hybrid",3.75
108757,4,15,5,108439,2022-09-20,NA,"Active",NA,"Employee","Regular",1,"Onsite",3.47
107220,4,15,1,108439,2022-10-01,NA,"Active",NA,"Employee","Regular",1,"Remote",3.44
106869,4,15,1,108439,2022-11-10,NA,"Active",NA,"Contractor","Temporary",1,"Hybrid",3.33
108441,4,15,3,108439,2022-12-13,NA,"Active",NA,"Employee","Regular",1,"Hybrid",3.24
106561,4,15,1,108439,2023-01-10,NA,"Active",NA,"Employee","Regular",1,"Onsite",3.16
103131,4,15,8,108439,2023-01-14,NA,"Active",NA,"Employee","Regular",1,"Remote",3.15
105120,4,15,7,108439,2023-03-12,NA,"Active",NA,"Employee","Regular",1,"Onsite",2.99
106431,4,15,4,108439,2023-03-18,NA,"Active",NA,"Employee","Regular",1,"Onsite",2.98
103210,4,15,9,108439,2023-03-19,NA,"Active",NA,"Employee","Regular",1,"Remote",2.98
104637,4,15,11,108439,2023-05-10,NA,"Active",NA,"Employee","Regular",1,"Remote",2.83
109807,4,15,12,108439,2023-05-19,NA,"Active",NA,"Contractor","Regular",1,"Remote",2.81
102435,4,15,9,108439,2023-06-01,NA,"Active",NA,"Employee","Regular",1,"Remote",2.77
103017,4,15,4,108439,2023-07-20,NA,"Active",NA,"Employee","Regular",1,"Hybrid",2.64
104158,4,15,11,108439,2023-07-22,NA,"Active",NA,"Employee","Regular",1,"Remote",2.63
102484,4,15,4,108439,2023-07-24,NA,"Active",NA,"Employee","Regular",1,"Remote",2.63
105151,4,15,7,108439,2023-08-22,NA,"Active",NA,"Employee","Regular",1,"Remote",2.55
108940,4,15,2,108439,2023-09-27,NA,"Active",NA,"Employee","Regular",1,"Hybrid",2.45
107041,4,15,9,108439,2023-10-05,NA,"Active",NA,"Employee","Regular",1,"Onsite",2.43
104454,4,15,2,108439,2023-10-18,NA,"Active",NA,"Employee","Regular",1,"Remote",2.39
109707,4,15,7,108439,2023-10-30,NA,"Active",NA,"Contractor","Regular",1,"Onsite",2.36
105913,4,15,4,108439,2023-11-08,NA,"Active",NA,"Employee","Regular",1,"Hybrid",2.33
105507,4,15,10,108439,2023-11-16,NA,"Active",NA,"Employee","Regular",1,"Hybrid",2.31
105318,4,15,5,108439,2024-01-27,NA,"Active",NA,"Employee","Regular",1,"Hybrid",2.12
108704,4,15,2,108439,2024-03-21,NA,"Active",NA,"Employee","Regular",0.8,"Hybrid",1.97
107267,4,15,1,108439,2024-04-26,NA,"Active",NA,"Contractor","Regular",1,"Hybrid",1.87
104018,4,15,4,108439,2024-05-06,NA,"Active",NA,"Employee","Regular",1,"Onsite",1.84
105086,4,15,10,108439,2024-06-24,NA,"Active",NA,"Employee","Regular",1,"Hybrid",1.71
103418,4,15,3,108439,2024-08-02,NA,"Active",NA,"Employee","Regular",1,"Onsite",1.6
103401,4,15,7,108439,2024-08-13,NA,"Active",NA,"Employee","Regular",1,"Onsite",1.57
103317,4,15,3,108439,2024-08-23,NA,"Active",NA,"Employee","Regular",1,"Hybrid",1.55
100835,4,15,5,108439,2024-08-28,NA,"Active",NA,"Employee","Regular",1,"Hybrid",1.53
105297,4,15,11,108439,2024-11-12,NA,"Active",NA,"Employee","Regular",1,"Onsite",1.32
105954,4,15,10,108439,2024-12-25,NA,"Active",NA,"Employee","Regular",1,"Remote",1.21
104794,4,15,3,108439,2025-04-03,NA,"Active",NA,"Employee","Regular",1,"Onsite",0.93
102112,4,15,10,108439,2025-05-21,NA,"Active",NA,"Employee","Regular",1,"Hybrid",0.8
106962,4,15,4,108439,2025-06-13,NA,"Active",NA,"Employee","Regular",1,"Onsite",0.74
108766,4,15,1,108439,2025-07-07,NA,"Active",NA,"Employee","Regular",1,"Hybrid",0.67
103429,4,15,8,108439,2025-09-15,NA,"Active",NA,"Employee","Regular",1,"Hybrid",0.48
102600,4,15,7,108439,2025-10-25,NA,"Active",NA,"Employee","Regular",1,"Hybrid",0.37
102692,4,15,10,108439,2026-01-12,NA,"Active",NA,"Employee","Temporary",0.6,"Hybrid",0.16
107405,5,18,9,109079,2013-03-12,2025-06-28,"Terminated","Voluntary","Employee","Regular",1,"Remote",12.3
101444,5,18,12,105488,2013-08-01,NA,"Active",NA,"Employee","Regular",1,"Onsite",12.61
109821,5,18,6,105488,2014-01-11,NA,"Active",NA,"Employee","Regular",1,"Remote",12.16
101098,5,18,1,106436,2014-02-20,NA,"Active",NA,"Employee","Regular",1,"Onsite",12.05
107304,5,18,6,102505,2014-02-22,NA,"Active",NA,"Employee","Regular",1,"Hybrid",12.04
102453,5,18,9,109793,2014-04-19,NA,"Active",NA,"Employee","Regular",1,"Onsite",11.89
100079,5,18,12,109145,2014-08-10,NA,"Active",NA,"Employee","Regular",1,"Remote",11.58
102401,5,18,12,104513,2014-08-11,NA,"Active",NA,"Employee","Regular",1,"Onsite",11.58
107642,5,18,4,109793,2014-08-27,NA,"Active",NA,"Employee","Regular",1,"Onsite",11.53
101587,5,18,7,102505,2014-10-03,NA,"Active",NA,"Employee","Regular",0.8,"Onsite",11.43
101040,5,18,12,106151,2014-11-06,NA,"Active",NA,"Employee","Regular",1,"Remote",11.34
103515,5,18,11,106151,2014-12-10,NA,"Active",NA,"Employee","Regular",1,"Hybrid",11.25
103591,5,18,2,104433,2015-01-05,NA,"Active",NA,"Employee","Regular",1,"Hybrid",11.18
106455,5,18,2,100451,2015-02-08,NA,"Active",NA,"Employee","Temporary",0.8,"Hybrid",11.08
103081,5,18,2,104513,2015-02-10,NA,"Active",NA,"Employee","Regular",1,"Hybrid",11.08
103431,5,18,8,105211,2015-03-10,NA,"Active",NA,"Employee","Regular",1,"Remote",11
105364,5,18,1,106151,2015-04-14,NA,"Active",NA,"Employee","Regular",1,"Hybrid",10.9
103212,5,18,3,100451,2015-08-29,NA,"Active",NA,"Employee","Regular",1,"Remote",10.53
104678,5,18,7,109762,2015-10-14,NA,"Active",NA,"Employee","Regular",1,"Hybrid",10.4
102474,5,18,2,101887,2015-10-31,NA,"Active",NA,"Employee","Regular",1,"Onsite",10.36
101522,5,18,1,102775,2016-03-31,NA,"Active",NA,"Employee","Regular",1,"Hybrid",9.94
105997,5,18,10,108962,2016-04-27,2024-12-23,"Terminated","Voluntary","Employee","Regular",1,"Hybrid",8.66
109120,5,18,10,106436,2016-04-30,NA,"Active",NA,"Employee","Regular",1,"Onsite",9.86
104936,5,18,12,102775,2016-06-11,NA,"Active",NA,"Employee","Regular",1,"Hybrid",9.75
101716,5,18,1,109079,2016-12-07,NA,"Active",NA,"Employee","Regular",1,"Onsite",9.25
102557,5,18,8,106151,2017-03-21,NA,"Active",NA,"Employee","Regular",1,"Remote",8.97
107592,5,18,2,105339,2017-04-28,NA,"Active",NA,"Employee","Regular",1,"Onsite",8.87
109420,5,18,4,109793,2017-06-20,NA,"Active",NA,"Employee","Regular",1,"Hybrid",8.72
107927,5,18,9,106151,2017-06-26,NA,"Active",NA,"Employee","Regular",1,"Hybrid",8.7
105246,5,18,5,106151,2017-06-27,NA,"Active",NA,"Employee","Regular",1,"Onsite",8.7
102808,5,18,10,108962,2017-06-29,NA,"Active",NA,"Employee","Regular",1,"Onsite",8.7
108581,5,18,12,102505,2017-08-28,NA,"Active",NA,"Employee","Regular",1,"Onsite",8.53
105403,5,18,7,104341,2017-12-14,NA,"Active",NA,"Employee","Regular",1,"Onsite",8.24
106035,5,18,8,109145,2017-12-23,2024-03-14,"Terminated","Voluntary","Contractor","Regular",1,"Remote",6.22
108666,5,18,9,100732,2018-02-05,NA,"Active",NA,"Employee","Regular",1,"Hybrid",8.09
109575,5,18,2,103462,2018-02-10,2024-01-26,"Terminated","Voluntary","Employee","Regular",0.8,"Hybrid",5.96
104935,5,18,12,102775,2018-02-20,NA,"Active",NA,"Employee","Regular",1,"Remote",8.05
101385,5,18,3,106151,2018-05-01,NA,"Active",NA,"Employee","Temporary",1,"Onsite",7.86
104009,5,18,11,109079,2018-05-24,NA,"Active",NA,"Employee","Regular",0.8,"Onsite",7.79
106835,5,18,4,109145,2018-06-10,NA,"Active",NA,"Employee","Regular",0.8,"Remote",7.75
101906,5,18,7,102505,2018-08-01,NA,"Active",NA,"Employee","Regular",0.6,"Onsite",7.61
109432,5,18,3,103462,2018-09-29,NA,"Active",NA,"Employee","Regular",1,"Hybrid",7.44
103747,5,18,5,104867,2018-12-05,NA,"Active",NA,"Employee","Regular",1,"Remote",7.26
107197,5,18,4,109762,2019-02-15,NA,"Active",NA,"Employee","Regular",1,"Hybrid",7.06
108972,5,18,12,102775,2019-02-22,NA,"Active",NA,"Employee","Temporary",1,"Onsite",7.04
100482,5,18,3,109793,2019-02-24,NA,"Active",NA,"Employee","Regular",1,"Onsite",7.04
106854,5,18,8,109793,2019-04-10,NA,"Active",NA,"Employee","Regular",1,"Hybrid",6.92
101861,5,18,10,102329,2019-05-05,NA,"Active",NA,"Employee","Regular",0.8,"Remote",6.85
106007,5,18,3,109793,2019-05-24,NA,"Active",NA,"Employee","Regular",1,"Hybrid",6.79
100535,5,18,8,104433,2019-05-25,NA,"Active",NA,"Employee","Temporary",1,"Hybrid",6.79
106934,5,18,6,105488,2019-07-06,NA,"Active",NA,"Contractor","Regular",1,"Hybrid",6.68
102041,5,18,9,109762,2019-07-19,NA,"Active",NA,"Employee","Regular",1,"Remote",6.64
107993,5,18,7,106151,2019-08-25,NA,"Active",NA,"Employee","Regular",1,"Onsite",6.54
109434,5,18,3,106436,2019-10-12,NA,"Active",NA,"Employee","Regular",1,"Onsite",6.41
101185,5,18,12,105339,2019-11-05,NA,"Active",NA,"Employee","Regular",1,"Remote",6.34
106403,5,18,12,108962,2019-12-16,NA,"Active",NA,"Employee","Regular",0.8,"Hybrid",6.23
102150,5,18,3,106151,2020-02-01,NA,"Active",NA,"Employee","Regular",1,"Hybrid",6.1
104313,5,18,9,109793,2020-05-08,NA,"Active",NA,"Employee","Temporary",1,"Remote",5.84
103901,5,18,2,104341,2020-06-08,NA,"Active",NA,"Employee","Regular",1,"Onsite",5.75
103042,5,18,5,104341,2020-08-02,NA,"Active",NA,"Employee","Regular",0.6,"Remote",5.6
100563,5,18,1,106151,2020-08-19,NA,"Active",NA,"Employee","Regular",1,"Remote",5.56
107597,5,18,5,104513,2020-11-03,NA,"Active",NA,"Employee","Temporary",1,"Onsite",5.35
100705,5,18,9,105488,2020-11-05,NA,"Active",NA,"Employee","Regular",1,"Onsite",5.34
102986,5,18,10,103462,2020-12-24,NA,"Active",NA,"Employee","Regular",1,"Hybrid",5.21
108544,5,18,11,103462,2021-01-13,NA,"Active",NA,"Employee","Regular",1,"Onsite",5.15
104163,5,18,9,108962,2021-03-30,NA,"Active",NA,"Employee","Regular",1,"Hybrid",4.95
106518,5,18,2,105339,2021-05-03,NA,"Active",NA,"Employee","Regular",1,"Hybrid",4.85
109235,5,18,6,102222,2021-05-30,NA,"Active",NA,"Employee","Regular",1,"Onsite",4.78
107052,5,18,1,108962,2021-06-17,NA,"Active",NA,"Employee","Regular",1,"Hybrid",4.73
108454,5,18,12,104513,2021-07-13,NA,"Active",NA,"Contractor","Regular",1,"Onsite",4.66
104890,5,18,6,100451,2021-08-08,NA,"Active",NA,"Employee","Regular",1,"Remote",4.59
107351,5,18,7,104867,2021-08-12,NA,"Active",NA,"Employee","Regular",0.6,"Onsite",4.58
100502,5,18,3,103462,2021-10-06,NA,"Active",NA,"Employee","Regular",0.8,"Onsite",4.42
104030,5,18,9,102505,2022-01-07,NA,"Active",NA,"Employee","Regular",0.8,"Hybrid",4.17
102059,5,18,10,106151,2022-01-15,NA,"Active",NA,"Employee","Regular",1,"Hybrid",4.15
103797,5,18,4,102329,2022-03-26,NA,"Active",NA,"Employee","Regular",1,"Hybrid",3.96
103263,5,18,9,105339,2022-07-03,NA,"Active",NA,"Employee","Regular",1,"Hybrid",3.68
103794,5,18,1,104513,2022-07-22,NA,"Active",NA,"Employee","Regular",1,"Hybrid",3.63
103125,5,18,3,100451,2022-07-28,NA,"Active",NA,"Employee","Regular",1,"Remote",3.62
105481,5,18,11,102329,2022-08-02,NA,"Active",NA,"Employee","Regular",1,"Remote",3.6
105876,5,18,3,101887,2022-08-10,NA,"Active",NA,"Employee","Temporary",1,"Onsite",3.58
104243,5,18,9,109079,2023-01-10,NA,"Active",NA,"Employee","Regular",0.6,"Onsite",3.16
103134,5,18,7,104341,2023-03-02,NA,"Active",NA,"Employee","Regular",1,"Hybrid",3.02
106171,5,18,3,109145,2023-03-23,NA,"Active",NA,"Employee","Regular",1,"Remote",2.96
106544,5,18,7,106436,2023-05-15,NA,"Active",NA,"Employee","Temporary",1,"Hybrid",2.82
104270,5,18,9,109145,2023-06-03,NA,"Active",NA,"Employee","Regular",1,"Remote",2.77
108297,5,18,9,105211,2023-06-11,NA,"Active",NA,"Employee","Regular",1,"Hybrid",2.75
104558,5,18,3,104867,2023-06-13,NA,"Active",NA,"Employee","Regular",1,"Onsite",2.74
109936,5,18,4,104433,2023-06-13,NA,"Active",NA,"Employee","Regular",1,"Hybrid",2.74
103934,5,18,9,108746,2023-06-30,NA,"Active",NA,"Employee","Regular",1,"Onsite",2.69
109773,5,18,12,102222,2023-07-05,NA,"Active",NA,"Employee","Regular",0.8,"Hybrid",2.68
102350,5,18,8,109145,2023-07-14,NA,"Active",NA,"Employee","Regular",1,"Onsite",2.65
108206,5,18,3,108746,2023-07-21,NA,"Active",NA,"Employee","Regular",0.8,"Onsite",2.64
109877,5,18,1,108746,2023-07-25,2025-01-02,"Terminated","Involuntary","Employee","Regular",1,"Onsite",1.44
106631,5,18,12,104867,2023-09-02,NA,"Active",NA,"Employee","Regular",1,"Hybrid",2.52
102960,5,18,10,103462,2023-10-24,NA,"Active",NA,"Employee","Regular",0.8,"Onsite",2.38
109140,5,18,8,109793,2023-10-26,NA,"Active",NA,"Contractor","Regular",1,"Remote",2.37
109276,5,18,7,109145,2023-11-17,NA,"Active",NA,"Employee","Regular",1,"Onsite",2.31
105026,5,18,11,104433,2023-11-30,NA,"Active",NA,"Employee","Regular",1,"Hybrid",2.27
106739,5,18,11,101887,2024-01-08,NA,"Active",NA,"Employee","Regular",1,"Hybrid",2.17
108926,5,18,11,102222,2024-03-14,NA,"Active",NA,"Employee","Regular",1,"Remote",1.99
108156,5,18,9,100732,2024-03-16,NA,"Active",NA,"Employee","Regular",1,"Onsite",1.98
102892,5,18,7,109762,2024-03-21,NA,"Active",NA,"Employee","Regular",1,"Hybrid",1.97
104453,5,18,6,104341,2024-04-20,NA,"Active",NA,"Employee","Regular",1,"Remote",1.89
106156,5,18,2,102775,2024-05-11,NA,"Active",NA,"Employee","Temporary",1,"Hybrid",1.83
105565,5,18,7,102329,2024-05-15,NA,"Active",NA,"Employee","Regular",1,"Remote",1.82
109787,5,18,3,106436,2024-08-03,NA,"Active",NA,"Employee","Temporary",1,"Onsite",1.6
105789,5,18,7,100732,2024-08-21,NA,"Active",NA,"Employee","Regular",1,"Hybrid",1.55
104096,5,18,5,106151,2025-02-04,NA,"Active",NA,"Employee","Regular",1,"Hybrid",1.09
109040,5,18,10,100732,2025-04-18,NA,"Active",NA,"Employee","Regular",1,"Hybrid",0.89
103310,5,18,4,108746,2025-05-24,NA,"Active",NA,"Employee","Regular",1,"Remote",0.79
101888,5,18,5,104433,2025-06-02,NA,"Active",NA,"Employee","Regular",1,"Hybrid",0.77
100161,5,18,1,103948,2025-06-04,NA,"Active",NA,"Employee","Regular",1,"Hybrid",0.76
100550,5,18,3,103948,2025-07-11,NA,"Active",NA,"Employee","Regular",1,"Onsite",0.66
104857,5,18,5,103948,2025-07-16,NA,"Active",NA,"Employee","Regular",1,"Hybrid",0.65
104104,5,18,6,109793,2025-09-01,NA,"Active",NA,"Employee","Regular",1,"Onsite",0.52
109271,5,18,10,108746,2025-09-13,NA,"Active",NA,"Employee","Regular",1,"Onsite",0.49
109358,5,18,1,100732,2025-11-09,NA,"Active",NA,"Employee","Regular",1,"Onsite",0.33
101425,5,18,2,105488,2026-01-11,NA,"Active",NA,"Employee","Regular",0.8,"Hybrid",0.16
104694,5,18,9,104867,2026-01-20,NA,"Active",NA,"Contractor","Regular",1,"Remote",0.13
102818,5,18,7,101887,2026-01-28,NA,"Active",NA,"Employee","Regular",1,"Hybrid",0.11
109349,6,23,1,104523,2013-03-17,NA,"Active",NA,"Employee","Regular",1,"Onsite",12.98
104567,6,23,6,102575,2013-07-24,NA,"Active",NA,"Employee","Regular",1,"Hybrid",12.63
101544,6,23,4,105486,2013-08-31,NA,"Active",NA,"Employee","Regular",1,"Remote",12.52
101461,6,23,7,102575,2013-10-16,NA,"Active",NA,"Employee","Regular",0.8,"Onsite",12.4
104899,6,23,1,105486,2013-10-23,NA,"Active",NA,"Employee","Regular",1,"Onsite",12.38
109695,6,23,4,106361,2013-10-25,NA,"Active",NA,"Employee","Regular",1,"Onsite",12.37
105835,6,23,5,104523,2013-11-15,NA,"Active",NA,"Employee","Regular",1,"Onsite",12.32
106785,6,23,5,103761,2014-01-07,2020-06-19,"Terminated","Voluntary","Employee","Regular",1,"Onsite",6.45
105008,6,23,3,106361,2014-03-18,NA,"Active",NA,"Employee","Regular",0.8,"Onsite",11.98
101020,6,23,4,105486,2014-04-18,NA,"Active",NA,"Employee","Regular",1,"Remote",11.89
106701,6,23,10,102260,2014-05-21,NA,"Active",NA,"Employee","Regular",1,"Onsite",11.8
108551,6,23,3,102260,2014-07-11,NA,"Active",NA,"Employee","Regular",1,"Hybrid",11.66
105216,6,23,5,103761,2014-07-29,NA,"Active",NA,"Employee","Regular",1,"Onsite",11.61
109805,6,23,9,103761,2014-08-15,NA,"Active",NA,"Employee","Regular",1,"Onsite",11.57
101618,6,23,7,104523,2014-10-08,NA,"Active",NA,"Contractor","Regular",1,"Hybrid",11.42
100094,6,23,11,109900,2014-10-25,NA,"Active",NA,"Employee","Regular",1,"Onsite",11.37
101028,6,23,4,103761,2014-11-02,NA,"Active",NA,"Employee","Regular",0.8,"Onsite",11.35
102250,6,23,11,104523,2014-12-08,NA,"Active",NA,"Employee","Regular",1,"Hybrid",11.25
109069,6,23,2,106361,2015-02-06,NA,"Active",NA,"Employee","Regular",1,"Hybrid",11.09
102283,6,23,10,109900,2015-06-04,NA,"Active",NA,"Employee","Regular",1,"Hybrid",10.76
101491,6,23,6,102260,2015-10-12,NA,"Active",NA,"Employee","Temporary",1,"Onsite",10.41
106735,6,23,5,105948,2016-03-02,NA,"Active",NA,"Contractor","Temporary",1,"Hybrid",10.02
106685,6,23,1,102575,2016-03-24,2020-08-21,"Terminated","Involuntary","Employee","Regular",1,"Remote",4.41
103679,6,23,6,103761,2016-05-12,2020-03-16,"Terminated","Voluntary","Employee","Regular",1,"Hybrid",3.84
100937,6,23,5,104523,2016-06-17,NA,"Active",NA,"Employee","Regular",1,"Hybrid",9.73
106797,6,23,3,102575,2016-08-11,NA,"Active",NA,"Employee","Regular",1,"Onsite",9.58
109291,6,23,3,103761,2016-10-10,NA,"Active",NA,"Employee","Regular",1,"Hybrid",9.41
102016,6,23,1,105486,2016-10-15,NA,"Active",NA,"Employee","Regular",1,"Hybrid",9.4
106106,6,23,12,109900,2016-11-23,NA,"Active",NA,"Employee","Regular",1,"Onsite",9.29
102071,6,23,4,102260,2017-02-06,NA,"Active",NA,"Employee","Regular",1,"Hybrid",9.09
103936,6,23,1,106361,2017-03-29,NA,"Active",NA,"Employee","Regular",1,"Hybrid",8.95
107034,6,23,4,104523,2017-08-26,NA,"Active",NA,"Employee","Regular",1,"Onsite",8.54
100797,6,23,8,106361,2017-12-21,2022-08-19,"Terminated","Voluntary","Employee","Regular",1,"Onsite",4.66
107288,6,23,7,102260,2017-12-27,NA,"Active",NA,"Employee","Regular",1,"Hybrid",8.2
108979,6,23,5,102575,2018-05-25,NA,"Active",NA,"Employee","Regular",1,"Remote",7.79
102029,6,23,1,105486,2018-05-29,NA,"Active",NA,"Contractor","Regular",1,"Hybrid",7.78
100559,6,23,2,104523,2018-09-22,NA,"Active",NA,"Employee","Regular",1,"Hybrid",7.46
102003,6,23,3,109900,2018-10-26,NA,"Active",NA,"Employee","Regular",1,"Remote",7.37
107578,6,23,2,104523,2019-02-28,NA,"Active",NA,"Employee","Temporary",1,"Hybrid",7.03
104087,6,23,10,103761,2019-05-05,NA,"Active",NA,"Employee","Regular",1,"Hybrid",6.85
101868,6,23,6,102575,2019-05-07,NA,"Active",NA,"Employee","Regular",0.6,"Hybrid",6.84
109401,6,23,4,106361,2019-07-12,NA,"Active",NA,"Employee","Regular",1,"Remote",6.66
109908,6,23,11,104523,2019-11-10,NA,"Active",NA,"Employee","Regular",1,"Onsite",6.33
106786,6,23,2,105486,2020-01-22,NA,"Active",NA,"Employee","Regular",1,"Onsite",6.13
108259,6,23,6,102260,2020-01-29,2025-03-05,"Terminated","Voluntary","Employee","Regular",1,"Onsite",5.1
103958,6,23,1,103761,2020-02-01,NA,"Active",NA,"Employee","Regular",1,"Onsite",6.1
107406,6,23,3,103761,2020-02-06,NA,"Active",NA,"Employee","Regular",1,"Hybrid",6.09
105361,6,23,8,105486,2020-04-22,NA,"Active",NA,"Employee","Regular",1,"Hybrid",5.88
102516,6,23,7,105486,2020-08-29,NA,"Active",NA,"Employee","Regular",0.6,"Onsite",5.53
102667,6,23,4,102575,2020-09-17,NA,"Active",NA,"Employee","Regular",1,"Hybrid",5.48
109413,6,23,5,102575,2021-02-25,NA,"Active",NA,"Employee","Regular",0.8,"Hybrid",5.04
105104,6,23,7,103761,2021-06-06,NA,"Active",NA,"Employee","Regular",1,"Onsite",4.76
109705,6,23,9,105486,2021-08-04,NA,"Active",NA,"Employee","Regular",1,"Hybrid",4.6
104090,6,23,5,102575,2022-02-06,NA,"Active",NA,"Employee","Regular",1,"Remote",4.09
101181,6,23,6,103761,2022-04-04,NA,"Active",NA,"Contractor","Regular",1,"Onsite",3.93
108742,6,23,8,109900,2022-06-07,NA,"Active",NA,"Employee","Regular",0.6,"Remote",3.76
103620,6,23,12,104523,2022-06-13,NA,"Active",NA,"Employee","Regular",1,"Hybrid",3.74
100492,6,23,10,102575,2022-06-22,NA,"Active",NA,"Employee","Regular",1,"Hybrid",3.72
101747,6,23,3,102575,2022-07-20,NA,"Active",NA,"Employee","Regular",1,"Onsite",3.64
106559,6,23,3,104523,2022-09-05,NA,"Active",NA,"Employee","Regular",1,"Onsite",3.51
107328,6,23,7,105486,2022-09-14,NA,"Active",NA,"Employee","Temporary",1,"Hybrid",3.48
107482,6,23,7,105948,2022-10-30,NA,"Active",NA,"Employee","Regular",1,"Remote",3.36
108942,6,23,4,102260,2023-02-07,NA,"Active",NA,"Employee","Regular",1,"Hybrid",3.08
102235,6,23,10,102260,2023-03-08,NA,"Active",NA,"Contractor","Regular",1,"Onsite",3.01
109064,6,23,5,106361,2023-04-26,NA,"Active",NA,"Employee","Regular",1,"Remote",2.87
108589,6,23,3,106361,2023-10-28,NA,"Active",NA,"Employee","Regular",1,"Onsite",2.36
100943,6,23,6,103761,2023-12-10,NA,"Active",NA,"Employee","Regular",0.8,"Hybrid",2.25
102842,6,23,4,102260,2024-03-01,NA,"Active",NA,"Employee","Regular",1,"Hybrid",2.02
104446,6,23,6,105948,2024-06-03,NA,"Active",NA,"Employee","Regular",1,"Remote",1.77
107777,6,23,9,106361,2024-06-07,NA,"Active",NA,"Employee","Regular",1,"Onsite",1.76
103730,6,23,2,104523,2024-07-05,NA,"Active",NA,"Employee","Regular",1,"Onsite",1.68
108992,6,23,6,109900,2024-07-14,NA,"Active",NA,"Employee","Regular",1,"Hybrid",1.65
104540,6,23,12,102575,2024-07-20,NA,"Active",NA,"Employee","Regular",1,"Onsite",1.64
102642,6,23,9,106361,2024-07-23,NA,"Active",NA,"Employee","Regular",1,"Remote",1.63
108047,6,23,7,104523,2024-10-25,NA,"Active",NA,"Employee","Regular",0.8,"Hybrid",1.37
101640,6,23,3,104523,2024-11-10,NA,"Active",NA,"Employee","Regular",1,"Hybrid",1.33
103315,6,23,11,103761,2024-11-30,NA,"Active",NA,"Employee","Regular",1,"Onsite",1.27
105268,6,23,7,102260,2025-06-04,NA,"Active",NA,"Employee","Regular",1,"Hybrid",0.76
105231,6,23,4,105486,2025-06-20,NA,"Active",NA,"Employee","Regular",1,"Remote",0.72
109260,6,23,4,104523,2025-07-18,NA,"Active",NA,"Employee","Regular",1,"Hybrid",0.64
104932,6,23,6,106361,2025-08-16,NA,"Active",NA,"Employee","Regular",1,"Remote",0.56
103894,6,23,10,109900,2025-10-19,NA,"Active",NA,"Employee","Regular",0.8,"Remote",0.39
101510,6,23,11,104523,2025-10-31,NA,"Active",NA,"Employee","Regular",1,"Remote",0.36
109778,6,23,12,105486,2025-11-05,NA,"Active",NA,"Employee","Regular",0.8,"Onsite",0.34
106267,6,23,11,102575,2025-12-24,NA,"Active",NA,"Employee","Regular",1,"Hybrid",0.21
103750,6,23,3,102575,2026-01-27,NA,"Active",NA,"Contractor","Regular",0.8,"Onsite",0.12
105910,8,30,11,102063,2013-01-01,NA,"Active",NA,"Employee","Regular",1,"Hybrid",13.19
106093,8,30,4,102698,2013-01-29,NA,"Active",NA,"Employee","Regular",1,"Onsite",13.11
106337,8,30,1,105614,2013-02-24,NA,"Active",NA,"Employee","Regular",1,"Onsite",13.04
106133,8,30,2,102698,2013-03-12,NA,"Active",NA,"Employee","Regular",1,"Onsite",12.99
101113,8,30,12,104813,2013-04-10,NA,"Active",NA,"Employee","Regular",1,"Remote",12.92
107440,8,30,7,105607,2013-04-10,NA,"Active",NA,"Employee","Regular",1,"Onsite",12.92
108909,8,30,1,101008,2013-04-18,2022-08-10,"Terminated","Voluntary","Employee","Regular",1,"Remote",9.31
109341,8,30,3,106071,2013-04-25,NA,"Active",NA,"Employee","Regular",1,"Onsite",12.87
107452,8,30,5,109878,2013-06-05,NA,"Active",NA,"Employee","Regular",1,"Onsite",12.76
107060,8,30,12,104409,2013-06-19,2019-11-23,"Terminated","Involuntary","Employee","Regular",1,"Onsite",6.43
107519,8,30,12,107832,2013-07-09,NA,"Active",NA,"Employee","Temporary",1,"Remote",12.67
100788,8,30,6,102063,2013-08-11,NA,"Active",NA,"Employee","Regular",0.8,"Onsite",12.58
104422,8,30,3,105607,2013-08-23,NA,"Active",NA,"Employee","Regular",1,"Hybrid",12.55
106370,8,30,11,106822,2013-09-08,NA,"Active",NA,"Employee","Regular",1,"Hybrid",12.5
106992,8,30,1,108781,2013-09-13,NA,"Active",NA,"Employee","Regular",1,"Onsite",12.49
105302,8,30,5,105607,2013-09-25,NA,"Active",NA,"Employee","Regular",1,"Onsite",12.45
100468,8,30,6,106273,2013-09-30,NA,"Active",NA,"Employee","Regular",1,"Hybrid",12.44
106359,8,30,7,106065,2013-10-02,NA,"Active",NA,"Employee","Regular",1,"Hybrid",12.44
109378,8,30,4,102349,2013-10-03,2022-05-18,"Terminated","Voluntary","Employee","Regular",1,"Remote",8.62
108428,8,30,11,108902,2013-10-16,NA,"Active",NA,"Employee","Regular",1,"Remote",12.4
105148,8,30,9,102349,2013-11-16,NA,"Active",NA,"Contractor","Regular",1,"Onsite",12.31
107428,8,30,6,107165,2013-11-18,NA,"Active",NA,"Employee","Regular",1,"Onsite",12.31
101427,8,30,9,108976,2013-11-22,NA,"Active",NA,"Employee","Temporary",1,"Hybrid",12.3
109712,8,30,12,104786,2013-12-21,NA,"Active",NA,"Employee","Regular",0.8,"Onsite",12.22
108718,8,30,2,104813,2014-01-10,NA,"Active",NA,"Contractor","Regular",1,"Hybrid",12.16
106886,8,30,12,103434,2014-01-30,NA,"Active",NA,"Employee","Regular",1,"Remote",12.11
104373,8,30,5,106515,2014-02-17,NA,"Active",NA,"Employee","Regular",1,"Onsite",12.06
105483,8,30,2,106543,2014-03-21,NA,"Active",NA,"Employee","Regular",1,"Hybrid",11.97
108056,8,30,5,103378,2014-03-31,NA,"Active",NA,"Employee","Regular",1,"Hybrid",11.94
106838,8,30,4,101008,2014-06-17,NA,"Active",NA,"Employee","Regular",1,"Hybrid",11.73
108668,8,30,4,102647,2014-06-21,NA,"Active",NA,"Employee","Regular",1,"Remote",11.72
107799,8,30,2,106650,2014-07-06,NA,"Active",NA,"Employee","Regular",1,"Hybrid",11.68
108142,8,30,8,105607,2014-09-09,NA,"Active",NA,"Employee","Regular",0.8,"Onsite",11.5
100540,8,30,3,100406,2014-09-16,NA,"Active",NA,"Employee","Regular",1,"Hybrid",11.48
103160,8,30,1,103353,2014-10-19,2022-02-17,"Terminated","Voluntary","Employee","Regular",1,"Onsite",7.33
101395,8,30,3,106423,2014-10-27,NA,"Active",NA,"Employee","Regular",1,"Remote",11.37
101936,8,30,4,107537,2014-11-26,NA,"Active",NA,"Employee","Regular",1,"Onsite",11.28
102753,8,30,7,107383,2014-12-08,NA,"Active",NA,"Employee","Regular",1,"Hybrid",11.25
105082,8,30,10,104543,2015-02-26,NA,"Active",NA,"Employee","Regular",1,"Hybrid",11.03
104037,8,30,9,102698,2015-03-01,NA,"Active",NA,"Employee","Regular",1,"Onsite",11.02
104323,8,30,5,101008,2015-04-02,NA,"Active",NA,"Employee","Regular",0.6,"Remote",10.94
109788,8,30,4,107537,2015-04-06,NA,"Active",NA,"Employee","Regular",1,"Hybrid",10.93
105964,8,30,3,104786,2015-05-05,NA,"Active",NA,"Contractor","Regular",1,"Remote",10.85
108834,8,30,2,104207,2015-05-17,NA,"Active",NA,"Employee","Regular",1,"Onsite",10.81
106960,8,30,6,105614,2015-05-21,NA,"Active",NA,"Employee","Temporary",1,"Onsite",10.8
106743,8,30,3,105607,2015-05-26,NA,"Active",NA,"Employee","Regular",1,"Hybrid",10.79
108980,8,30,11,107537,2015-05-27,2023-11-04,"Terminated","Voluntary","Employee","Regular",1,"Hybrid",8.44
106000,8,30,1,105607,2015-05-29,NA,"Active",NA,"Employee","Regular",0.8,"Onsite",10.78
101757,8,30,9,105185,2015-07-19,NA,"Active",NA,"Employee","Regular",1,"Onsite",10.64
101559,8,30,11,104409,2015-07-25,NA,"Active",NA,"Employee","Regular",0.8,"Hybrid",10.62
109542,8,30,1,106650,2015-08-16,NA,"Active",NA,"Employee","Temporary",1,"Onsite",10.56
104560,8,30,6,105614,2015-09-15,NA,"Active",NA,"Employee","Regular",1,"Onsite",10.48
103404,8,30,4,104813,2015-10-26,NA,"Active",NA,"Employee","Regular",1,"Onsite",10.37
103501,8,30,3,103353,2015-11-20,NA,"Active",NA,"Employee","Regular",1,"Hybrid",10.3
107285,8,30,4,104786,2015-12-15,NA,"Active",NA,"Employee","Temporary",1,"Hybrid",10.23
103459,8,30,12,105614,2015-12-16,NA,"Active",NA,"Employee","Regular",1,"Onsite",10.23
104573,8,30,11,104786,2015-12-26,NA,"Active",NA,"Employee","Regular",1,"Hybrid",10.2
109986,8,30,1,106822,2016-01-02,NA,"Active",NA,"Contractor","Regular",1,"Hybrid",10.18
103029,8,30,6,108976,2016-02-05,NA,"Active",NA,"Employee","Regular",1,"Onsite",10.09
101364,8,30,2,104428,2016-02-29,NA,"Active",NA,"Employee","Regular",1,"Onsite",10.02
101754,8,30,2,103446,2016-03-20,NA,"Active",NA,"Employee","Regular",1,"Hybrid",9.97
103051,8,30,5,107832,2016-05-22,NA,"Active",NA,"Employee","Regular",1,"Remote",9.8
105734,8,30,6,103159,2016-06-17,2024-06-05,"Terminated","Voluntary","Employee","Regular",1,"Onsite",7.97
109562,8,30,5,102647,2016-08-05,NA,"Active",NA,"Employee","Regular",1,"Onsite",9.59
107539,8,30,3,104161,2016-08-24,NA,"Active",NA,"Employee","Regular",1,"Hybrid",9.54
102228,8,30,11,105614,2016-08-30,NA,"Active",NA,"Employee","Temporary",1,"Onsite",9.53
104259,8,30,4,107832,2016-08-30,NA,"Active",NA,"Employee","Regular",1,"Remote",9.53
101046,8,30,1,108781,2016-09-08,NA,"Active",NA,"Employee","Regular",0.8,"Hybrid",9.5
106604,8,30,6,108499,2016-09-19,NA,"Active",NA,"Employee","Regular",1,"Remote",9.47
106292,8,30,7,106650,2016-11-10,NA,"Active",NA,"Employee","Regular",1,"Hybrid",9.33
104111,8,30,6,105614,2016-11-21,NA,"Active",NA,"Employee","Regular",1,"Onsite",9.3
102190,8,30,8,103402,2016-11-28,NA,"Active",NA,"Employee","Regular",1,"Hybrid",9.28
102387,8,30,1,109660,2016-12-31,NA,"Active",NA,"Employee","Regular",1,"Onsite",9.19
106779,8,30,7,105349,2017-01-01,NA,"Active",NA,"Employee","Regular",1,"Hybrid",9.19
108799,8,30,4,100790,2017-01-10,NA,"Active",NA,"Employee","Regular",1,"Remote",9.16
105681,8,30,3,105349,2017-01-20,NA,"Active",NA,"Employee","Regular",1,"Hybrid",9.13
107737,8,30,9,103446,2017-02-11,2024-12-10,"Terminated","Involuntary","Employee","Regular",0.8,"Onsite",7.83
103425,8,30,11,109660,2017-02-17,NA,"Active",NA,"Employee","Regular",1,"Hybrid",9.06
104193,8,30,9,105349,2017-02-19,NA,"Active",NA,"Employee","Regular",1,"Onsite",9.05
108044,8,30,11,101172,2017-02-19,NA,"Active",NA,"Employee","Regular",0.8,"Hybrid",9.05
102263,8,30,2,100790,2017-03-31,NA,"Active",NA,"Employee","Regular",1,"Remote",8.94
104751,8,30,4,107165,2017-05-21,NA,"Active",NA,"Employee","Regular",1,"Onsite",8.8
101612,8,30,7,100790,2017-05-22,NA,"Active",NA,"Employee","Regular",1,"Onsite",8.8
108664,8,30,12,106273,2017-06-10,NA,"Active",NA,"Employee","Regular",1,"Onsite",8.75
107724,8,30,1,104207,2017-07-27,NA,"Active",NA,"Employee","Regular",1,"Onsite",8.62
101852,8,30,11,107247,2017-09-25,NA,"Active",NA,"Employee","Regular",1,"Hybrid",8.45
108039,8,30,5,105614,2017-10-02,NA,"Active",NA,"Employee","Regular",0.8,"Onsite",8.44
101504,8,30,9,104543,2017-10-05,NA,"Active",NA,"Employee","Regular",0.8,"Onsite",8.43
103562,8,30,8,101008,2017-10-13,NA,"Active",NA,"Employee","Regular",1,"Remote",8.41
103539,8,30,1,101008,2017-10-26,NA,"Active",NA,"Employee","Temporary",0.8,"Hybrid",8.37
108910,8,30,1,108902,2017-11-11,NA,"Active",NA,"Employee","Regular",1,"Onsite",8.33
108082,8,30,10,104161,2018-01-11,NA,"Active",NA,"Employee","Regular",1,"Hybrid",8.16
102895,8,30,4,106543,2018-01-25,NA,"Active",NA,"Employee","Regular",1,"Hybrid",8.12
105993,8,30,9,101172,2018-02-17,NA,"Active",NA,"Employee","Regular",1,"Remote",8.06
107502,8,30,3,108781,2018-03-31,NA,"Active",NA,"Contractor","Regular",1,"Hybrid",7.94
108542,8,30,3,102647,2018-05-18,NA,"Active",NA,"Employee","Regular",1,"Hybrid",7.81
101969,8,30,4,105607,2018-06-06,NA,"Active",NA,"Contractor","Regular",1,"Onsite",7.76
100657,8,30,11,103159,2018-06-26,NA,"Active",NA,"Contractor","Regular",0.8,"Hybrid",7.7
108183,8,30,6,104207,2018-07-09,NA,"Active",NA,"Employee","Regular",1,"Hybrid",7.67
109541,8,30,3,104161,2018-07-11,NA,"Active",NA,"Employee","Regular",1,"Hybrid",7.66
109113,8,30,10,103402,2018-07-19,NA,"Active",NA,"Employee","Regular",1,"Onsite",7.64
107650,8,30,12,104543,2018-07-29,NA,"Active",NA,"Employee","Temporary",1,"Hybrid",7.61
106811,8,30,3,103446,2018-08-21,NA,"Active",NA,"Employee","Regular",1,"Onsite",7.55
103659,8,30,6,102698,2018-09-12,NA,"Active",NA,"Employee","Regular",1,"Onsite",7.49
100169,8,30,4,104207,2018-09-15,2022-06-12,"Terminated","Involuntary","Employee","Regular",0.8,"Remote",3.74
100846,8,30,10,104161,2018-10-03,NA,"Active",NA,"Employee","Regular",1,"Onsite",7.43
108151,8,30,6,104813,2018-11-01,NA,"Active",NA,"Employee","Regular",1,"Hybrid",7.35
102197,8,30,11,100596,2018-11-20,NA,"Active",NA,"Employee","Regular",1,"Onsite",7.3
101877,8,30,1,104207,2018-12-11,NA,"Active",NA,"Employee","Regular",1,"Hybrid",7.24
100742,8,30,11,108499,2018-12-25,NA,"Active",NA,"Employee","Regular",1,"Onsite",7.21
104236,8,30,2,103446,2019-01-05,NA,"Active",NA,"Employee","Regular",1,"Hybrid",7.18
100724,8,30,2,106543,2019-01-13,NA,"Active",NA,"Employee","Regular",1,"Remote",7.15
107942,8,30,3,105349,2019-03-13,NA,"Active",NA,"Employee","Temporary",1,"Hybrid",6.99
104604,8,30,6,105280,2019-05-17,NA,"Active",NA,"Employee","Regular",1,"Onsite",6.81
102275,8,30,4,107383,2019-05-20,NA,"Active",NA,"Employee","Regular",1,"Onsite",6.81
102347,8,30,5,107165,2019-05-27,NA,"Active",NA,"Employee","Regular",1,"Onsite",6.79
104996,8,30,9,100080,2019-06-10,NA,"Active",NA,"Employee","Temporary",1,"Onsite",6.75
108438,8,30,3,108902,2019-06-11,NA,"Active",NA,"Employee","Temporary",1,"Onsite",6.75
105062,8,30,8,102530,2019-07-06,NA,"Active",NA,"Contractor","Temporary",1,"Onsite",6.68
108744,8,30,5,108499,2019-07-17,NA,"Active",NA,"Employee","Regular",1,"Onsite",6.65
104391,8,30,11,100596,2019-08-10,NA,"Active",NA,"Employee","Regular",1,"Onsite",6.58
104514,8,30,1,106423,2019-09-17,NA,"Active",NA,"Employee","Regular",1,"Onsite",6.48
103513,8,30,12,102530,2019-09-28,NA,"Active",NA,"Employee","Regular",1,"Onsite",6.45
107520,8,30,11,102063,2019-10-01,NA,"Active",NA,"Employee","Regular",1,"Onsite",6.44
100141,8,30,11,103353,2019-11-03,NA,"Active",NA,"Employee","Regular",1,"Onsite",6.35
100250,8,30,5,105614,2019-11-20,NA,"Active",NA,"Employee","Regular",1,"Hybrid",6.3
104518,8,30,1,106822,2019-12-28,NA,"Active",NA,"Employee","Regular",1,"Onsite",6.2
102665,8,30,9,106423,2020-04-13,NA,"Active",NA,"Employee","Regular",1,"Onsite",5.91
100674,8,30,8,105185,2020-04-20,NA,"Active",NA,"Employee","Regular",0.8,"Hybrid",5.89
103975,8,30,5,108781,2020-04-20,NA,"Active",NA,"Employee","Regular",1,"Onsite",5.89
103002,8,30,6,105614,2020-05-18,NA,"Active",NA,"Employee","Regular",0.8,"Remote",5.81
108856,8,30,5,106543,2020-07-13,NA,"Active",NA,"Employee","Regular",1,"Onsite",5.66
105472,8,30,5,101074,2020-07-16,NA,"Active",NA,"Employee","Regular",1,"Onsite",5.65
104284,8,30,9,102349,2020-07-19,NA,"Active",NA,"Employee","Regular",1,"Onsite",5.64
108688,8,30,5,103378,2020-10-18,NA,"Active",NA,"Employee","Regular",0.8,"Onsite",5.39
100044,8,30,11,104161,2020-10-28,NA,"Active",NA,"Employee","Regular",1,"Hybrid",5.36
103552,8,30,6,105349,2020-11-11,NA,"Active",NA,"Employee","Regular",1,"Hybrid",5.33
100864,8,30,9,105437,2020-11-19,NA,"Active",NA,"Employee","Regular",1,"Onsite",5.3
109324,8,30,6,107247,2020-12-22,NA,"Active",NA,"Employee","Regular",1,"Remote",5.21
101290,8,30,8,102647,2021-01-25,NA,"Active",NA,"Employee","Regular",1,"Onsite",5.12
101991,8,30,9,108976,2021-02-22,NA,"Active",NA,"Employee","Regular",1,"Hybrid",5.04
101391,8,30,3,108976,2021-02-26,NA,"Active",NA,"Employee","Regular",1,"Remote",5.03
106867,8,30,7,107383,2021-04-16,NA,"Active",NA,"Employee","Regular",1,"Onsite",4.9
104432,8,30,5,103434,2021-04-27,NA,"Active",NA,"Employee","Regular",1,"Remote",4.87
103250,8,30,12,106650,2021-05-04,NA,"Active",NA,"Contractor","Regular",1,"Onsite",4.85
102824,8,30,3,105349,2021-05-25,2026-01-31,"Terminated","Voluntary","Employee","Regular",1,"Hybrid",4.69
101691,8,30,7,104786,2021-05-31,NA,"Active",NA,"Employee","Regular",1,"Remote",4.78
109728,8,30,11,107537,2021-06-23,NA,"Active",NA,"Employee","Regular",0.6,"Onsite",4.71
105050,8,30,1,103446,2021-07-04,NA,"Active",NA,"Employee","Regular",1,"Onsite",4.68
102083,8,30,12,103353,2021-09-04,NA,"Active",NA,"Employee","Regular",1,"Hybrid",4.51
103594,8,30,1,103446,2021-10-05,NA,"Active",NA,"Employee","Temporary",1,"Onsite",4.43
109746,8,30,1,104786,2021-10-11,NA,"Active",NA,"Employee","Regular",1,"Onsite",4.41
109739,8,30,11,103378,2021-10-28,NA,"Active",NA,"Employee","Regular",1,"Onsite",4.36
100216,8,30,11,106065,2021-11-01,NA,"Active",NA,"Employee","Regular",0.6,"Remote",4.35
104764,8,30,4,104543,2021-11-04,NA,"Active",NA,"Employee","Regular",1,"Onsite",4.35
109327,8,30,9,105349,2021-11-27,NA,"Active",NA,"Employee","Regular",1,"Onsite",4.28
105676,8,30,9,105614,2021-12-03,NA,"Active",NA,"Employee","Regular",1,"Remote",4.27
108621,8,30,8,100406,2021-12-04,NA,"Active",NA,"Employee","Regular",0.8,"Onsite",4.26
105332,8,30,6,106043,2021-12-06,NA,"Active",NA,"Employee","Regular",1,"Hybrid",4.26
105205,8,30,12,100080,2021-12-15,NA,"Active",NA,"Employee","Regular",1,"Hybrid",4.23
109157,8,30,1,107247,2021-12-22,NA,"Active",NA,"Employee","Regular",1,"Hybrid",4.21
102312,8,30,3,106065,2022-01-17,NA,"Active",NA,"Employee","Regular",1,"Onsite",4.14
101568,8,30,4,104207,2022-01-18,NA,"Active",NA,"Employee","Regular",1,"Hybrid",4.14
105278,8,30,7,104161,2022-01-28,NA,"Active",NA,"Employee","Regular",1,"Onsite",4.11
105434,8,30,10,108499,2022-02-07,NA,"Active",NA,"Employee","Regular",0.8,"Hybrid",4.08
100401,8,30,2,100790,2022-02-09,NA,"Active",NA,"Employee","Regular",0.6,"Onsite",4.08
100905,8,30,7,105614,2022-02-21,NA,"Active",NA,"Employee","Regular",1,"Onsite",4.05
101215,8,30,11,101008,2022-02-25,NA,"Active",NA,"Employee","Regular",0.8,"Onsite",4.04
104612,8,30,5,101074,2022-03-07,NA,"Active",NA,"Employee","Regular",1,"Onsite",4.01
108496,8,30,10,102647,2022-03-15,NA,"Active",NA,"Employee","Regular",1,"Remote",3.99
105500,8,30,8,100080,2022-04-08,NA,"Active",NA,"Employee","Regular",1,"Remote",3.92
106645,8,30,1,102349,2022-05-30,NA,"Active",NA,"Employee","Regular",1,"Onsite",3.78
100539,8,30,11,105437,2022-06-10,2024-02-26,"Terminated","Involuntary","Contractor","Regular",0.8,"Hybrid",1.71
105291,8,30,4,104161,2022-06-12,NA,"Active",NA,"Employee","Regular",0.8,"Onsite",3.74
101055,8,30,10,102698,2022-06-14,NA,"Active",NA,"Employee","Regular",1,"Remote",3.74
105017,8,30,6,107832,2022-06-16,NA,"Active",NA,"Employee","Regular",1,"Hybrid",3.73
104808,8,30,12,109660,2022-06-24,NA,"Active",NA,"Employee","Regular",1,"Remote",3.71
104640,8,30,12,106650,2022-06-26,NA,"Active",NA,"Employee","Regular",1,"Remote",3.7
105395,8,30,8,104207,2022-08-14,NA,"Active",NA,"Employee","Regular",1,"Hybrid",3.57
101531,8,30,12,102349,2022-08-24,NA,"Active",NA,"Employee","Regular",1,"Onsite",3.54
109680,8,30,3,109660,2022-09-01,NA,"Active",NA,"Employee","Regular",1,"Remote",3.52
107677,8,30,8,105185,2022-09-20,NA,"Active",NA,"Employee","Regular",1,"Onsite",3.47
101119,8,30,2,101172,2022-10-08,NA,"Active",NA,"Employee","Regular",1,"Hybrid",3.42
106323,8,30,2,106273,2022-11-11,NA,"Active",NA,"Employee","Regular",1,"Hybrid",3.33
100913,8,30,3,100596,2022-11-29,NA,"Active",NA,"Employee","Regular",1,"Onsite",3.28
103615,8,30,4,100790,2022-11-30,NA,"Active",NA,"Employee","Regular",1,"Onsite",3.27
103300,8,30,4,105185,2023-03-23,NA,"Active",NA,"Employee","Regular",1,"Hybrid",2.96
103208,8,30,3,102647,2023-04-22,NA,"Active",NA,"Employee","Regular",1,"Hybrid",2.88
103677,8,30,3,100596,2023-05-11,NA,"Active",NA,"Employee","Regular",0.8,"Hybrid",2.83
108256,8,30,6,107537,2023-06-12,NA,"Active",NA,"Employee","Regular",1,"Onsite",2.74
102696,8,30,10,109878,2023-06-14,NA,"Active",NA,"Employee","Regular",1,"Hybrid",2.74
107242,8,30,2,105185,2023-08-01,NA,"Active",NA,"Employee","Regular",1,"Onsite",2.61
106850,8,30,4,108499,2023-08-23,NA,"Active",NA,"Employee","Regular",1,"Hybrid",2.55
103079,8,30,4,101008,2023-08-31,2025-10-29,"Terminated","Voluntary","Employee","Regular",1,"Onsite",2.16
103260,8,30,3,104161,2023-09-20,NA,"Active",NA,"Employee","Regular",1,"Onsite",2.47
101379,8,30,4,106822,2023-11-03,NA,"Active",NA,"Employee","Regular",1,"Onsite",2.35
101957,8,30,6,105185,2023-11-29,NA,"Active",NA,"Employee","Regular",0.6,"Hybrid",2.28
108708,8,30,5,106543,2023-11-30,NA,"Active",NA,"Employee","Regular",1,"Hybrid",2.27
109447,8,30,4,105614,2024-02-01,NA,"Active",NA,"Employee","Regular",1,"Hybrid",2.1
107350,8,30,6,105280,2024-02-18,NA,"Active",NA,"Employee","Regular",1,"Hybrid",2.05
104410,8,30,6,103446,2024-02-21,NA,"Active",NA,"Employee","Regular",1,"Hybrid",2.05
105447,8,30,7,108781,2024-02-29,NA,"Active",NA,"Employee","Regular",1,"Hybrid",2.02
105399,8,30,7,105280,2024-03-01,NA,"Active",NA,"Employee","Regular",1,"Onsite",2.02
101751,8,30,8,102647,2024-03-07,NA,"Active",NA,"Employee","Regular",0.8,"Hybrid",2.01
107595,8,30,10,106423,2024-03-17,NA,"Active",NA,"Contractor","Regular",0.8,"Remote",1.98
104421,8,30,5,105437,2024-03-23,NA,"Active",NA,"Employee","Regular",1,"Onsite",1.96
105511,8,30,12,101099,2024-04-07,NA,"Active",NA,"Employee","Regular",1,"Remote",1.92
100324,8,30,12,104428,2024-04-30,NA,"Active",NA,"Contractor","Regular",1,"Onsite",1.86
105409,8,30,2,100406,2024-06-01,NA,"Active",NA,"Employee","Regular",1,"Onsite",1.77
103933,8,30,9,106515,2024-06-07,NA,"Active",NA,"Employee","Regular",1,"Remote",1.76
102855,8,30,8,108499,2024-06-16,NA,"Active",NA,"Employee","Regular",1,"Onsite",1.73
105602,8,30,2,109878,2024-06-29,NA,"Active",NA,"Employee","Regular",1,"Remote",1.7
106239,8,30,3,107383,2024-07-08,NA,"Active",NA,"Employee","Regular",1,"Hybrid",1.67
108709,8,30,3,102349,2024-08-05,NA,"Active",NA,"Contractor","Regular",1,"Hybrid",1.59
107730,8,30,1,102349,2024-09-01,NA,"Active",NA,"Employee","Regular",1,"Hybrid",1.52
105811,8,30,12,108499,2024-11-13,NA,"Active",NA,"Employee","Regular",1,"Onsite",1.32
108373,8,30,6,109878,2024-12-04,NA,"Active",NA,"Employee","Regular",1,"Hybrid",1.26
102409,8,30,3,103353,2024-12-21,NA,"Active",NA,"Employee","Regular",0.6,"Onsite",1.22
103588,8,30,5,109660,2024-12-23,NA,"Active",NA,"Employee","Regular",1,"Remote",1.21
106815,8,30,7,103378,2025-01-17,NA,"Active",NA,"Employee","Regular",1,"Onsite",1.14
108149,8,30,3,104813,2025-03-08,NA,"Active",NA,"Employee","Regular",1,"Onsite",1.01
105700,8,30,10,100080,2025-05-05,NA,"Active",NA,"Contractor","Regular",1,"Hybrid",0.85
108893,8,30,8,101008,2025-05-09,NA,"Active",NA,"Employee","Regular",1,"Remote",0.84
106772,8,30,11,103402,2025-05-19,NA,"Active",NA,"Employee","Regular",1,"Hybrid",0.81
107286,8,30,12,103434,2025-06-09,NA,"Active",NA,"Employee","Regular",1,"Onsite",0.75
106842,8,30,7,104543,2025-06-22,NA,"Active",NA,"Employee","Regular",1,"Onsite",0.72
106732,8,30,3,104428,2025-07-16,NA,"Active",NA,"Employee","Regular",1,"Onsite",0.65
100928,8,30,4,109878,2025-07-25,NA,"Active",NA,"Employee","Regular",1,"Onsite",0.62
101307,8,30,10,103434,2025-08-10,NA,"Active",NA,"Employee","Regular",1,"Hybrid",0.58
104242,8,30,3,108902,2025-08-17,NA,"Active",NA,"Employee","Regular",1,"Onsite",0.56
101304,8,30,10,104207,2025-09-09,NA,"Active",NA,"Employee","Regular",1,"Remote",0.5
107629,8,30,9,101074,2025-09-22,NA,"Active",NA,"Employee","Regular",1,"Hybrid",0.46
100499,8,30,4,106650,2025-09-24,NA,"Active",NA,"Employee","Regular",0.8,"Remote",0.46
108343,8,30,3,103159,2025-09-27,NA,"Active",NA,"Employee","Regular",1,"Onsite",0.45
101925,8,30,2,100080,2025-10-15,NA,"Active",NA,"Employee","Regular",0.8,"Hybrid",0.4
101644,8,30,3,103159,2025-11-20,NA,"Active",NA,"Employee","Regular",0.8,"Hybrid",0.3
109926,8,30,8,100790,2025-12-06,NA,"Active",NA,"Employee","Regular",1,"Onsite",0.26
104522,8,30,2,106071,2025-12-27,NA,"Active",NA,"Employee","Regular",0.8,"Hybrid",0.2
103288,8,30,5,107537,2026-01-29,NA,"Active",NA,"Employee","Regular",1,"Hybrid",0.11
100475,9,33,1,105880,2013-01-05,NA,"Active",NA,"Contractor","Regular",1,"Hybrid",13.18
101319,9,33,2,105315,2013-01-05,NA,"Active",NA,"Employee","Regular",1,"Hybrid",13.18
105670,9,33,11,107322,2013-01-17,NA,"Active",NA,"Employee","Regular",0.8,"Onsite",13.14
108997,9,33,2,108500,2013-02-15,NA,"Active",NA,"Employee","Regular",1,"Hybrid",13.06
107751,9,33,2,100120,2013-02-20,NA,"Active",NA,"Employee","Regular",1,"Onsite",13.05
100090,9,33,3,105974,2013-02-22,NA,"Active",NA,"Employee","Regular",1,"Hybrid",13.04
103224,9,33,7,101653,2013-03-18,NA,"Active",NA,"Employee","Regular",1,"Onsite",12.98
100289,9,33,7,105315,2013-04-12,NA,"Active",NA,"Employee","Regular",1,"Remote",12.91
102799,9,33,9,107733,2013-05-01,NA,"Active",NA,"Employee","Temporary",1,"Onsite",12.86
104176,9,33,2,108417,2013-06-08,NA,"Active",NA,"Employee","Regular",1,"Hybrid",12.75
104276,9,33,6,109849,2013-06-21,NA,"Active",NA,"Employee","Regular",1,"Remote",12.72
100318,9,33,1,107893,2013-07-05,NA,"Active",NA,"Employee","Regular",1,"Remote",12.68
102128,9,33,1,108837,2013-07-11,NA,"Active",NA,"Employee","Regular",1,"Hybrid",12.66
100751,9,33,4,101823,2013-07-21,NA,"Active",NA,"Employee","Temporary",0.8,"Remote",12.64
102652,9,33,3,101339,2013-08-18,NA,"Active",NA,"Employee","Regular",1,"Onsite",12.56
103888,9,33,2,103077,2013-09-05,NA,"Active",NA,"Employee","Regular",0.8,"Hybrid",12.51
104842,9,33,4,103116,2013-09-20,NA,"Active",NA,"Employee","Regular",1,"Remote",12.47
109402,9,33,7,104502,2013-09-24,NA,"Active",NA,"Contractor","Regular",1,"Onsite",12.46
100957,9,33,6,105598,2013-10-21,NA,"Active",NA,"Contractor","Regular",1,"Onsite",12.38
105519,9,33,10,103843,2013-11-20,2024-05-13,"Terminated","Involuntary","Employee","Regular",1,"Onsite",10.48
104847,9,33,1,103182,2013-12-19,NA,"Active",NA,"Employee","Regular",1,"Onsite",12.22
109650,9,33,9,107235,2014-01-07,NA,"Active",NA,"Employee","Regular",1,"Onsite",12.17
105336,9,33,6,106601,2014-01-12,NA,"Active",NA,"Employee","Regular",1,"Remote",12.16
102827,9,33,6,101653,2014-02-03,NA,"Active",NA,"Employee","Regular",1,"Hybrid",12.1
102464,9,33,2,107037,2014-02-06,2023-05-17,"Terminated","Involuntary","Employee","Regular",1,"Remote",9.27
108819,9,33,9,102119,2014-02-24,2024-10-19,"Terminated","Involuntary","Employee","Regular",1,"Hybrid",10.65
100253,9,33,6,106958,2014-03-11,NA,"Active",NA,"Employee","Regular",0.8,"Hybrid",12
108715,9,33,1,102119,2014-03-16,NA,"Active",NA,"Employee","Regular",1,"Onsite",11.98
109774,9,33,6,101175,2014-03-26,NA,"Active",NA,"Employee","Regular",0.8,"Hybrid",11.96
108613,9,33,12,109804,2014-05-18,NA,"Active",NA,"Employee","Regular",0.6,"Hybrid",11.81
108936,9,33,4,108683,2014-05-29,NA,"Active",NA,"Employee","Regular",1,"Remote",11.78
100930,9,33,8,107278,2014-05-31,NA,"Active",NA,"Employee","Regular",1,"Onsite",11.78
109375,9,33,8,108823,2014-06-14,NA,"Active",NA,"Employee","Regular",1,"Hybrid",11.74
104392,9,33,9,107132,2014-07-16,NA,"Active",NA,"Employee","Regular",1,"Hybrid",11.65
109535,9,33,11,103116,2014-07-19,NA,"Active",NA,"Employee","Temporary",1,"Hybrid",11.64
105360,9,33,7,101564,2014-08-26,NA,"Active",NA,"Employee","Regular",1,"Onsite",11.54
105698,9,33,3,100120,2014-09-02,NA,"Active",NA,"Employee","Regular",1,"Onsite",11.52
106321,9,33,9,104992,2014-09-18,NA,"Active",NA,"Employee","Regular",0.8,"Hybrid",11.47
104785,9,33,11,104992,2014-10-02,NA,"Active",NA,"Employee","Regular",0.8,"Onsite",11.44
104846,9,33,11,107878,2014-10-16,NA,"Active",NA,"Employee","Regular",1,"Remote",11.4
100349,9,33,9,100438,2014-10-26,NA,"Active",NA,"Employee","Regular",1,"Onsite",11.37
102147,9,33,4,108238,2014-11-03,2025-01-29,"Terminated","Voluntary","Employee","Regular",1,"Remote",10.24
101693,9,33,4,103563,2014-11-19,NA,"Active",NA,"Employee","Regular",1,"Onsite",11.3
107894,9,33,9,106220,2014-11-20,NA,"Active",NA,"Employee","Regular",1,"Onsite",11.3
105762,9,33,11,103563,2014-12-04,NA,"Active",NA,"Employee","Regular",0.8,"Remote",11.26
108262,9,33,1,107278,2015-01-07,NA,"Active",NA,"Employee","Regular",0.8,"Onsite",11.17
101034,9,33,4,107665,2015-01-16,NA,"Active",NA,"Employee","Regular",1,"Hybrid",11.15
103553,9,33,11,103622,2015-01-31,NA,"Active",NA,"Employee","Regular",0.6,"Onsite",11.1
103415,9,33,8,104152,2015-02-01,NA,"Active",NA,"Employee","Regular",1,"Hybrid",11.1
109702,9,33,6,108837,2015-02-02,NA,"Active",NA,"Employee","Temporary",0.8,"Remote",11.1
100173,9,33,3,105314,2015-02-23,NA,"Active",NA,"Employee","Regular",1,"Remote",11.04
109846,9,33,12,101195,2015-03-14,2020-04-12,"Terminated","Voluntary","Employee","Regular",1,"Hybrid",5.08
107687,9,33,9,107037,2015-03-31,NA,"Active",NA,"Employee","Regular",1,"Onsite",10.94
108733,9,33,6,109664,2015-04-18,NA,"Active",NA,"Employee","Regular",1,"Remote",10.89
105659,9,33,8,102254,2015-06-16,NA,"Active",NA,"Employee","Regular",1,"Hybrid",10.73
101082,9,33,5,100055,2015-07-15,NA,"Active",NA,"Employee","Regular",1,"Onsite",10.65
107206,9,33,8,103077,2015-09-10,NA,"Active",NA,"Employee","Regular",1,"Hybrid",10.5
102801,9,33,8,104115,2015-09-23,NA,"Active",NA,"Employee","Regular",1,"Hybrid",10.46
102319,9,33,9,102206,2015-10-02,NA,"Active",NA,"Employee","Temporary",1,"Onsite",10.44
101889,9,33,2,107037,2015-10-09,2017-04-20,"Terminated","Voluntary","Employee","Regular",1,"Hybrid",1.53
100088,9,33,1,100070,2015-10-27,NA,"Active",NA,"Employee","Regular",0.6,"Remote",10.37
109641,9,33,6,104424,2015-11-07,NA,"Active",NA,"Employee","Regular",1,"Hybrid",10.34
109321,9,33,4,109849,2015-12-07,NA,"Active",NA,"Employee","Regular",1,"Onsite",10.25
103175,9,33,3,108282,2015-12-09,NA,"Active",NA,"Employee","Regular",0.8,"Remote",10.25
107581,9,33,12,109507,2016-01-12,NA,"Active",NA,"Employee","Regular",0.8,"Hybrid",10.16
108374,9,33,9,107665,2016-02-11,NA,"Active",NA,"Employee","Regular",1,"Hybrid",10.07
107020,9,33,9,105005,2016-03-02,NA,"Active",NA,"Employee","Regular",1,"Hybrid",10.02
102774,9,33,1,109849,2016-03-14,NA,"Active",NA,"Employee","Regular",1,"Hybrid",9.99
102094,9,33,6,107893,2016-04-09,NA,"Active",NA,"Employee","Regular",0.8,"Hybrid",9.92
109694,9,33,11,107987,2016-05-02,NA,"Active",NA,"Employee","Regular",1,"Remote",9.85
106284,9,33,11,108238,2016-06-21,NA,"Active",NA,"Employee","Temporary",1,"Remote",9.72
107048,9,33,1,106178,2016-06-24,NA,"Active",NA,"Employee","Regular",0.8,"Hybrid",9.71
101589,9,33,5,101564,2016-07-03,NA,"Active",NA,"Employee","Regular",1,"Hybrid",9.68
104021,9,33,12,105412,2016-07-05,NA,"Active",NA,"Employee","Regular",1,"Hybrid",9.68
108611,9,33,4,107884,2016-09-02,NA,"Active",NA,"Employee","Regular",1,"Onsite",9.52
101577,9,33,10,104502,2016-09-07,NA,"Active",NA,"Employee","Regular",0.6,"Hybrid",9.5
108268,9,33,10,103382,2016-09-27,NA,"Active",NA,"Employee","Regular",1,"Hybrid",9.45
109444,9,33,1,104992,2016-10-17,NA,"Active",NA,"Employee","Regular",1,"Onsite",9.39
105213,9,33,9,107132,2016-11-11,NA,"Active",NA,"Employee","Regular",1,"Onsite",9.33
103637,9,33,4,104115,2016-11-19,NA,"Active",NA,"Employee","Regular",1,"Hybrid",9.3
100086,9,33,12,107322,2016-12-14,NA,"Active",NA,"Employee","Regular",1,"Hybrid",9.24
108830,9,33,10,108417,2016-12-21,NA,"Active",NA,"Employee","Regular",1,"Hybrid",9.22
104383,9,33,4,105412,2017-02-25,NA,"Active",NA,"Contractor","Regular",1,"Hybrid",9.04
106768,9,33,10,103563,2017-03-16,NA,"Active",NA,"Employee","Regular",1,"Hybrid",8.98
100892,9,33,12,105315,2017-03-29,NA,"Active",NA,"Employee","Regular",0.6,"Hybrid",8.95
101363,9,33,9,107037,2017-04-13,NA,"Active",NA,"Employee","Regular",1,"Onsite",8.91
100551,9,33,3,106178,2017-04-25,NA,"Active",NA,"Contractor","Regular",1,"Hybrid",8.87
103998,9,33,3,106178,2017-05-05,NA,"Active",NA,"Employee","Regular",1,"Hybrid",8.85
100172,9,33,12,105598,2017-05-16,NA,"Active",NA,"Employee","Regular",1,"Remote",8.82
109864,9,33,3,101653,2017-05-19,NA,"Active",NA,"Employee","Regular",1,"Hybrid",8.81
107936,9,33,3,107733,2017-07-09,NA,"Active",NA,"Employee","Regular",1,"Hybrid",8.67
106587,9,33,12,103116,2017-07-11,NA,"Active",NA,"Employee","Regular",1,"Hybrid",8.66
109054,9,33,3,106178,2017-07-21,NA,"Active",NA,"Employee","Regular",1,"Remote",8.64
107381,9,33,8,104559,2017-07-25,NA,"Active",NA,"Employee","Regular",1,"Remote",8.62
107840,9,33,12,108282,2017-08-26,NA,"Active",NA,"Employee","Regular",0.8,"Onsite",8.54
102631,9,33,6,104559,2017-10-24,NA,"Active",NA,"Employee","Temporary",1,"Hybrid",8.38
104443,9,33,7,101853,2017-10-26,NA,"Active",NA,"Employee","Regular",1,"Onsite",8.37
102860,9,33,4,103116,2017-10-30,NA,"Active",NA,"Employee","Regular",0.6,"Onsite",8.36
103980,9,33,1,107127,2017-11-11,NA,"Active",NA,"Employee","Regular",1,"Remote",8.33
102769,9,33,6,105412,2017-11-12,NA,"Active",NA,"Contractor","Regular",1,"Hybrid",8.32
100578,9,33,10,108282,2017-12-15,NA,"Active",NA,"Employee","Regular",0.6,"Onsite",8.23
103867,9,33,3,106601,2017-12-16,2025-06-04,"Terminated","Voluntary","Employee","Regular",1,"Remote",7.47
100204,9,33,1,102206,2017-12-22,NA,"Active",NA,"Employee","Regular",0.8,"Remote",8.21
102602,9,33,11,102455,2017-12-22,NA,"Active",NA,"Employee","Regular",1,"Hybrid",8.21
102891,9,33,8,105880,2017-12-27,NA,"Active",NA,"Employee","Regular",1,"Hybrid",8.2
107855,9,33,5,108417,2018-01-01,NA,"Active",NA,"Employee","Regular",1,"Remote",8.19
104812,9,33,11,107227,2018-02-01,NA,"Active",NA,"Employee","Regular",1,"Hybrid",8.1
102630,9,33,11,101339,2018-02-02,NA,"Active",NA,"Employee","Regular",0.8,"Hybrid",8.1
105871,9,33,10,107278,2018-02-06,NA,"Active",NA,"Employee","Regular",0.8,"Remote",8.09
103301,9,33,8,100070,2018-02-14,NA,"Active",NA,"Employee","Regular",1,"Onsite",8.07
104708,9,33,9,104115,2018-02-20,NA,"Active",NA,"Employee","Regular",1,"Hybrid",8.05
107902,9,33,10,107893,2018-03-03,NA,"Active",NA,"Employee","Temporary",1,"Onsite",8.02
107835,9,33,10,105412,2018-03-18,NA,"Active",NA,"Employee","Temporary",1,"Remote",7.98
109554,9,33,3,102455,2018-04-10,NA,"Active",NA,"Employee","Regular",1,"Remote",7.92
106317,9,33,8,101823,2018-04-19,NA,"Active",NA,"Employee","Regular",1,"Onsite",7.89
107963,9,33,11,103622,2018-04-19,NA,"Active",NA,"Employee","Temporary",1,"Onsite",7.89
104509,9,33,10,103372,2018-04-22,NA,"Active",NA,"Employee","Regular",1,"Remote",7.88
100636,9,33,9,107127,2018-05-26,NA,"Active",NA,"Employee","Regular",1,"Onsite",7.79
100016,9,33,12,103182,2018-05-28,NA,"Active",NA,"Employee","Regular",1,"Onsite",7.78
102539,9,33,1,101823,2018-05-28,NA,"Active",NA,"Employee","Regular",1,"Hybrid",7.78
102047,9,33,10,101653,2018-06-09,NA,"Active",NA,"Employee","Regular",1,"Hybrid",7.75
103783,9,33,5,100221,2018-06-16,NA,"Active",NA,"Employee","Regular",1,"Onsite",7.73
101540,9,33,10,104152,2018-06-17,2025-07-26,"Terminated","Voluntary","Employee","Regular",1,"Onsite",7.11
107839,9,33,10,101653,2018-08-21,NA,"Active",NA,"Employee","Regular",1,"Remote",7.55
101681,9,33,3,106958,2018-08-27,NA,"Active",NA,"Employee","Regular",1,"Onsite",7.53
104777,9,33,9,101823,2018-08-28,NA,"Active",NA,"Employee","Regular",0.8,"Hybrid",7.53
101173,9,33,3,100438,2018-09-22,NA,"Active",NA,"Employee","Regular",1,"Hybrid",7.46
106965,9,33,12,105974,2018-10-07,NA,"Active",NA,"Employee","Regular",1,"Onsite",7.42
108153,9,33,11,100438,2018-10-12,NA,"Active",NA,"Employee","Regular",1,"Hybrid",7.41
107188,9,33,10,103622,2018-10-15,NA,"Active",NA,"Employee","Regular",1,"Onsite",7.4
105048,9,33,10,107278,2018-10-22,NA,"Active",NA,"Employee","Regular",1,"Onsite",7.38
106795,9,33,4,104152,2018-10-31,NA,"Active",NA,"Employee","Regular",1,"Hybrid",7.36
101760,9,33,2,108105,2018-11-07,NA,"Active",NA,"Employee","Regular",1,"Hybrid",7.34
100808,9,33,1,107322,2018-11-17,NA,"Active",NA,"Employee","Regular",0.8,"Hybrid",7.31
102966,9,33,3,107235,2018-11-26,NA,"Active",NA,"Employee","Regular",1,"Hybrid",7.28
102954,9,33,1,103600,2018-12-08,NA,"Active",NA,"Employee","Regular",1,"Onsite",7.25
108288,9,33,10,104992,2018-12-24,NA,"Active",NA,"Employee","Regular",1,"Remote",7.21
107607,9,33,2,107235,2019-01-06,NA,"Active",NA,"Employee","Regular",1,"Onsite",7.17
104218,9,33,4,100070,2019-01-20,NA,"Active",NA,"Employee","Regular",1,"Onsite",7.13
101169,9,33,10,103116,2019-01-22,NA,"Active",NA,"Employee","Regular",0.6,"Onsite",7.13
100495,9,33,4,107733,2019-01-23,NA,"Active",NA,"Employee","Regular",0.8,"Onsite",7.13
105222,9,33,4,108105,2019-01-28,NA,"Active",NA,"Employee","Regular",0.6,"Onsite",7.11
102583,9,33,3,105005,2019-02-19,NA,"Active",NA,"Employee","Regular",1,"Onsite",7.05
103748,9,33,5,102814,2019-02-22,NA,"Active",NA,"Employee","Regular",1,"Hybrid",7.04
109858,9,33,4,108105,2019-04-05,NA,"Active",NA,"Employee","Regular",1,"Onsite",6.93
105206,9,33,3,109804,2019-05-07,2023-12-28,"Terminated","Voluntary","Employee","Regular",1,"Hybrid",4.64
105518,9,33,11,102848,2019-05-14,2022-03-21,"Terminated","Involuntary","Employee","Regular",1,"Hybrid",2.85
107078,9,33,4,106220,2019-05-24,NA,"Active",NA,"Employee","Regular",1,"Onsite",6.79
101309,9,33,4,104992,2019-05-29,NA,"Active",NA,"Employee","Regular",0.8,"Hybrid",6.78
109995,9,33,5,107878,2019-06-04,NA,"Active",NA,"Employee","Regular",1,"Hybrid",6.76
103226,9,33,12,105412,2019-06-08,NA,"Active",NA,"Employee","Regular",1,"Onsite",6.75
105816,9,33,6,107918,2019-06-12,NA,"Active",NA,"Employee","Regular",1,"Onsite",6.74
101621,9,33,7,108823,2019-06-23,NA,"Active",NA,"Employee","Regular",1,"Remote",6.71
101797,9,33,3,105412,2019-06-26,NA,"Active",NA,"Employee","Regular",0.8,"Hybrid",6.7
109589,9,33,4,105880,2019-06-27,NA,"Active",NA,"Employee","Regular",1,"Hybrid",6.7
105643,9,33,12,107278,2019-09-02,NA,"Active",NA,"Employee","Regular",1,"Hybrid",6.52
105346,9,33,1,105598,2019-10-03,NA,"Active",NA,"Employee","Regular",1,"Hybrid",6.43
109012,9,33,4,101564,2019-10-19,NA,"Active",NA,"Employee","Regular",1,"Hybrid",6.39
109166,9,33,10,100438,2019-11-16,NA,"Active",NA,"Employee","Regular",1,"Onsite",6.31
109052,9,33,2,100070,2019-11-30,2025-12-06,"Terminated","Voluntary","Employee","Regular",1,"Hybrid",6.02
108132,9,33,2,108823,2019-12-26,NA,"Active",NA,"Employee","Regular",1,"Onsite",6.2
108695,9,33,8,101564,2020-01-04,NA,"Active",NA,"Employee","Regular",1,"Hybrid",6.18
102214,9,33,9,109881,2020-01-08,NA,"Active",NA,"Employee","Regular",1,"Hybrid",6.17
105649,9,33,7,105880,2020-01-10,NA,"Active",NA,"Employee","Regular",1,"Onsite",6.16
101262,9,33,9,103372,2020-02-07,NA,"Active",NA,"Employee","Regular",1,"Hybrid",6.08
106162,9,33,1,107987,2020-02-25,NA,"Active",NA,"Employee","Temporary",1,"Hybrid",6.04
109457,9,33,7,101653,2020-03-11,NA,"Active",NA,"Employee","Regular",1,"Hybrid",6
101051,9,33,2,104283,2020-03-14,2025-05-17,"Terminated","Reduction in Force","Employee","Regular",1,"Onsite",5.18
103787,9,33,1,102206,2020-03-19,NA,"Active",NA,"Employee","Temporary",1,"Remote",5.98
104395,9,33,1,103116,2020-03-30,NA,"Active",NA,"Employee","Regular",1,"Onsite",5.95
105840,9,33,2,101715,2020-03-31,NA,"Active",NA,"Employee","Regular",1,"Hybrid",5.94
108488,9,33,7,101823,2020-05-01,NA,"Active",NA,"Employee","Regular",0.8,"Hybrid",5.86
109487,9,33,5,109489,2020-05-04,NA,"Active",NA,"Employee","Regular",1,"Hybrid",5.85
109756,9,33,7,104152,2020-05-13,NA,"Active",NA,"Employee","Regular",1,"Hybrid",5.82
106609,9,33,1,105314,2020-05-15,NA,"Active",NA,"Employee","Regular",1,"Onsite",5.82
101524,9,33,12,107665,2020-05-18,NA,"Active",NA,"Employee","Regular",0.8,"Hybrid",5.81
105690,9,33,1,103600,2020-05-24,NA,"Active",NA,"Employee","Regular",1,"Onsite",5.79
108584,9,33,5,104559,2020-06-11,NA,"Active",NA,"Employee","Regular",1,"Remote",5.75
104016,9,33,4,103843,2020-06-15,NA,"Active",NA,"Employee","Regular",1,"Hybrid",5.73
100811,9,33,1,107884,2020-06-17,NA,"Active",NA,"Contractor","Regular",1,"Hybrid",5.73
104474,9,33,5,107127,2020-07-03,2025-06-15,"Terminated","Voluntary","Employee","Regular",0.8,"Hybrid",4.95
100642,9,33,10,108837,2020-07-28,NA,"Active",NA,"Employee","Regular",1,"Onsite",5.62
105125,9,33,6,106778,2020-08-11,NA,"Active",NA,"Employee","Regular",1,"Remote",5.58
105843,9,33,5,101195,2020-08-15,NA,"Active",NA,"Employee","Regular",0.8,"Hybrid",5.57
105808,9,33,10,108105,2020-08-17,NA,"Active",NA,"Employee","Regular",1,"Onsite",5.56
109377,9,33,5,108194,2020-09-04,NA,"Active",NA,"Employee","Regular",1,"Onsite",5.51
104739,9,33,10,102206,2020-10-09,NA,"Active",NA,"Employee","Regular",1,"Onsite",5.42
103767,9,33,12,107733,2020-10-10,NA,"Active",NA,"Employee","Regular",1,"Remote",5.41
105769,9,33,6,101195,2020-10-27,NA,"Active",NA,"Employee","Regular",1,"Remote",5.37
107640,9,33,10,108194,2020-12-01,NA,"Active",NA,"Employee","Regular",0.6,"Remote",5.27
109112,9,33,3,107987,2021-02-08,NA,"Active",NA,"Employee","Regular",1,"Hybrid",5.08
100249,9,33,3,106778,2021-02-09,NA,"Active",NA,"Employee","Regular",1,"Remote",5.08
107521,9,33,5,103382,2021-02-23,NA,"Active",NA,"Employee","Regular",1,"Remote",5.04
101637,9,33,4,108282,2021-02-26,NA,"Active",NA,"Employee","Regular",1,"Hybrid",5.03
109209,9,33,4,101823,2021-03-05,NA,"Active",NA,"Employee","Regular",1,"Onsite",5.01
100967,9,33,9,107127,2021-03-15,NA,"Active",NA,"Employee","Regular",1,"Onsite",4.99
109032,9,33,2,108500,2021-03-26,NA,"Active",NA,"Employee","Regular",1,"Onsite",4.96
100983,9,33,12,100438,2021-04-01,NA,"Active",NA,"Employee","Regular",1,"Onsite",4.94
104032,9,33,10,105315,2021-04-13,NA,"Active",NA,"Employee","Regular",1,"Hybrid",4.91
105060,9,33,3,108683,2021-04-21,NA,"Active",NA,"Employee","Regular",1,"Remote",4.88
106621,9,33,1,101823,2021-04-23,NA,"Active",NA,"Employee","Temporary",1,"Remote",4.88
109335,9,33,5,107918,2021-05-17,NA,"Active",NA,"Employee","Regular",1,"Hybrid",4.81
100497,9,33,10,102119,2021-05-18,NA,"Active",NA,"Employee","Regular",0.6,"Remote",4.81
103525,9,33,8,101823,2021-05-19,NA,"Active",NA,"Employee","Temporary",1,"Onsite",4.81
101553,9,33,3,101339,2021-05-24,NA,"Active",NA,"Employee","Regular",1,"Remote",4.79
107786,9,33,3,109881,2021-06-23,NA,"Active",NA,"Employee","Regular",1,"Remote",4.71
102879,9,33,10,102455,2021-07-10,NA,"Active",NA,"Employee","Regular",1,"Remote",4.67
105905,9,33,6,105315,2021-07-10,NA,"Active",NA,"Employee","Regular",1,"Hybrid",4.67
107805,9,33,2,103372,2021-07-13,NA,"Active",NA,"Employee","Regular",1,"Remote",4.66
103646,9,33,9,103116,2021-07-20,NA,"Active",NA,"Employee","Regular",1,"Hybrid",4.64
109266,9,33,11,108510,2021-07-21,NA,"Active",NA,"Employee","Regular",0.8,"Hybrid",4.64
104296,9,33,5,104401,2021-09-07,NA,"Active",NA,"Employee","Regular",1,"Hybrid",4.5
100486,9,33,10,107893,2021-09-09,NA,"Active",NA,"Employee","Regular",1,"Hybrid",4.5
101547,9,33,7,100438,2021-09-24,NA,"Active",NA,"Contractor","Regular",1,"Onsite",4.46
109922,9,33,12,103077,2021-10-01,NA,"Active",NA,"Employee","Regular",0.8,"Onsite",4.44
104228,9,33,6,108131,2021-10-23,NA,"Active",NA,"Employee","Temporary",1,"Onsite",4.38
103629,9,33,11,106558,2021-11-02,NA,"Active",NA,"Employee","Regular",1,"Onsite",4.35
107714,9,33,4,106558,2021-11-08,NA,"Active",NA,"Employee","Regular",1,"Hybrid",4.33
105586,9,33,2,107127,2021-11-18,NA,"Active",NA,"Employee","Regular",1,"Hybrid",4.31
102909,9,33,4,109849,2021-12-01,NA,"Active",NA,"Employee","Regular",1,"Onsite",4.27
103063,9,33,3,108417,2021-12-08,NA,"Active",NA,"Employee","Regular",1,"Hybrid",4.25
100017,9,33,11,104115,2021-12-27,NA,"Active",NA,"Employee","Regular",1,"Onsite",4.2
105972,9,33,6,105005,2021-12-30,NA,"Active",NA,"Employee","Regular",1,"Remote",4.19
104625,9,33,3,102747,2022-01-01,NA,"Active",NA,"Employee","Regular",1,"Onsite",4.19
109412,9,33,2,107733,2022-01-25,NA,"Active",NA,"Employee","Regular",0.8,"Hybrid",4.12
105168,9,33,5,106558,2022-02-01,NA,"Active",NA,"Employee","Regular",1,"Onsite",4.1
101909,9,33,4,101175,2022-02-17,NA,"Active",NA,"Employee","Regular",0.8,"Hybrid",4.06
104960,9,33,9,107733,2022-02-20,NA,"Active",NA,"Employee","Regular",0.8,"Hybrid",4.05
106536,9,33,4,102814,2022-02-20,NA,"Active",NA,"Employee","Regular",1,"Remote",4.05
106943,9,33,10,102814,2022-04-04,NA,"Active",NA,"Employee","Regular",1,"Onsite",3.93
104185,9,33,10,101175,2022-04-23,NA,"Active",NA,"Employee","Regular",1,"Remote",3.88
108826,9,33,3,103382,2022-05-18,NA,"Active",NA,"Employee","Regular",1,"Onsite",3.81
102653,9,33,3,105005,2022-05-24,NA,"Active",NA,"Employee","Regular",1,"Onsite",3.79
104611,9,33,7,107733,2022-06-22,NA,"Active",NA,"Employee","Regular",1,"Onsite",3.72
108030,9,33,8,101564,2022-07-15,NA,"Active",NA,"Contractor","Regular",1,"Hybrid",3.65
100531,9,33,10,103622,2022-08-07,NA,"Active",NA,"Employee","Regular",1,"Hybrid",3.59
108087,9,33,1,102747,2022-08-14,NA,"Active",NA,"Employee","Regular",1,"Onsite",3.57
102904,9,33,3,107918,2022-08-30,NA,"Active",NA,"Employee","Regular",1,"Hybrid",3.53
107905,9,33,10,106958,2022-09-19,NA,"Active",NA,"Employee","Regular",1,"Hybrid",3.47
101464,9,33,7,107918,2022-09-23,NA,"Active",NA,"Employee","Regular",1,"Onsite",3.46
106469,9,33,2,101653,2022-09-23,NA,"Active",NA,"Employee","Regular",1,"Hybrid",3.46
106058,9,33,1,107987,2022-10-14,NA,"Active",NA,"Contractor","Regular",1,"Remote",3.4
107478,9,33,6,108510,2022-11-12,NA,"Active",NA,"Employee","Regular",1,"Remote",3.32
100847,9,33,4,100221,2022-11-21,NA,"Active",NA,"Employee","Regular",0.8,"Onsite",3.3
100991,9,33,7,107322,2022-11-22,NA,"Active",NA,"Employee","Regular",1,"Onsite",3.3
101556,9,33,4,107893,2022-11-26,NA,"Active",NA,"Employee","Regular",1,"Hybrid",3.28
108478,9,33,3,104559,2023-01-26,NA,"Active",NA,"Employee","Regular",1,"Hybrid",3.12
106757,9,33,12,107665,2023-02-21,NA,"Active",NA,"Employee","Regular",1,"Onsite",3.05
108555,9,33,7,105412,2023-03-29,NA,"Active",NA,"Contractor","Regular",1,"Hybrid",2.95
104633,9,33,2,106601,2023-03-30,NA,"Active",NA,"Employee","Temporary",1,"Remote",2.95
107411,9,33,6,107037,2023-04-24,NA,"Active",NA,"Employee","Regular",1,"Hybrid",2.88
100708,9,33,1,107132,2023-05-22,NA,"Active",NA,"Employee","Regular",0.8,"Onsite",2.8
108372,9,33,9,102254,2023-05-28,NA,"Active",NA,"Employee","Regular",1,"Onsite",2.78
104488,9,33,10,108131,2023-06-29,NA,"Active",NA,"Employee","Regular",1,"Hybrid",2.7
100149,9,33,1,103077,2023-07-08,NA,"Active",NA,"Employee","Regular",1,"Hybrid",2.67
100283,9,33,2,103372,2023-07-24,NA,"Active",NA,"Employee","Regular",1,"Remote",2.63
104917,9,33,7,101715,2023-08-31,NA,"Active",NA,"Employee","Regular",1,"Remote",2.52
101910,9,33,11,109874,2023-09-01,NA,"Active",NA,"Employee","Regular",1,"Onsite",2.52
101298,9,33,10,108500,2023-09-06,NA,"Active",NA,"Employee","Regular",1,"Hybrid",2.51
106388,9,33,2,101715,2023-09-07,NA,"Active",NA,"Employee","Regular",1,"Remote",2.5
107707,9,33,2,107884,2023-09-12,NA,"Active",NA,"Employee","Regular",1,"Hybrid",2.49
104609,9,33,10,108105,2023-09-22,NA,"Active",NA,"Employee","Regular",0.8,"Onsite",2.46
106205,9,33,12,105412,2023-09-29,NA,"Active",NA,"Employee","Regular",1,"Onsite",2.44
101538,9,33,12,107918,2023-11-06,NA,"Active",NA,"Employee","Regular",1,"Remote",2.34
100809,9,33,10,102848,2023-11-22,NA,"Active",NA,"Employee","Regular",1,"Hybrid",2.3
108632,9,33,5,103182,2023-12-08,NA,"Active",NA,"Employee","Regular",1,"Onsite",2.25
103369,9,33,7,104152,2023-12-15,NA,"Active",NA,"Employee","Regular",1,"Hybrid",2.23
109161,9,33,3,104115,2024-01-04,NA,"Active",NA,"Contractor","Temporary",1,"Onsite",2.18
104328,9,33,3,108837,2024-01-12,NA,"Active",NA,"Employee","Regular",1,"Hybrid",2.16
105132,9,33,9,104152,2024-01-19,NA,"Active",NA,"Employee","Regular",1,"Hybrid",2.14
101843,9,33,4,107278,2024-02-06,NA,"Active",NA,"Employee","Regular",1,"Onsite",2.09
102907,9,33,3,107878,2024-02-06,NA,"Active",NA,"Employee","Regular",1,"Remote",2.09
100747,9,33,4,109664,2024-02-08,NA,"Active",NA,"Employee","Temporary",1,"Onsite",2.08
107099,9,33,2,107322,2024-02-18,NA,"Active",NA,"Employee","Regular",1,"Hybrid",2.05
108832,9,33,9,105005,2024-02-21,NA,"Active",NA,"Employee","Regular",0.8,"Hybrid",2.05
107291,9,33,2,104992,2024-03-30,NA,"Active",NA,"Employee","Regular",1,"Hybrid",1.95
106996,9,33,10,106958,2024-04-15,NA,"Active",NA,"Employee","Regular",1,"Hybrid",1.9
100554,9,33,7,104283,2024-05-07,NA,"Active",NA,"Employee","Temporary",1,"Onsite",1.84
106711,9,33,4,104992,2024-06-20,NA,"Active",NA,"Employee","Temporary",1,"Hybrid",1.72
105911,9,33,10,107893,2024-06-30,NA,"Active",NA,"Employee","Regular",1,"Onsite",1.69
100264,9,33,11,100120,2024-07-08,NA,"Active",NA,"Employee","Temporary",0.8,"Onsite",1.67
105063,9,33,2,105005,2024-07-21,NA,"Active",NA,"Employee","Regular",1,"Onsite",1.64
104324,9,33,5,105314,2024-08-17,NA,"Active",NA,"Employee","Regular",1,"Onsite",1.56
103777,9,33,1,104401,2024-08-29,NA,"Active",NA,"Employee","Regular",1,"Onsite",1.53
107943,9,33,1,108683,2024-08-31,NA,"Active",NA,"Employee","Regular",1,"Onsite",1.52
105075,9,33,3,108683,2024-10-11,NA,"Active",NA,"Employee","Regular",1,"Hybrid",1.41
108509,9,33,3,103622,2024-10-15,NA,"Active",NA,"Employee","Regular",1,"Remote",1.4
105479,9,33,6,107278,2024-10-28,NA,"Active",NA,"Contractor","Regular",1,"Hybrid",1.36
108251,9,33,12,108510,2024-12-09,NA,"Active",NA,"Employee","Regular",1,"Hybrid",1.25
107058,9,33,12,108500,2025-01-03,NA,"Active",NA,"Employee","Regular",1,"Onsite",1.18
100273,9,33,9,106178,2025-01-04,NA,"Active",NA,"Employee","Regular",1,"Onsite",1.18
109224,9,33,12,107733,2025-01-08,NA,"Active",NA,"Employee","Regular",1,"Remote",1.17
105371,9,33,9,106778,2025-01-31,NA,"Active",NA,"Employee","Temporary",1,"Remote",1.1
107783,9,33,10,109849,2025-03-05,NA,"Active",NA,"Employee","Regular",1,"Onsite",1.01
104473,9,33,1,107665,2025-03-12,NA,"Active",NA,"Employee","Regular",1,"Onsite",0.99
107360,9,33,3,105005,2025-04-10,NA,"Active",NA,"Employee","Regular",0.6,"Hybrid",0.92
105015,9,33,8,107278,2025-04-17,NA,"Active",NA,"Contractor","Regular",1,"Onsite",0.9
108147,9,33,4,101653,2025-05-25,NA,"Active",NA,"Employee","Regular",1,"Hybrid",0.79
102006,9,33,3,105412,2025-07-11,NA,"Active",NA,"Employee","Regular",1,"Onsite",0.66
108690,9,33,6,106778,2025-07-27,NA,"Active",NA,"Employee","Regular",1,"Hybrid",0.62
100464,9,33,3,104424,2025-07-28,NA,"Active",NA,"Employee","Regular",1,"Hybrid",0.62
104766,9,33,5,107665,2025-07-30,NA,"Active",NA,"Contractor","Regular",1,"Hybrid",0.61
102490,9,33,6,107235,2025-08-10,NA,"Active",NA,"Employee","Regular",1,"Hybrid",0.58
101934,9,33,3,107227,2025-08-16,NA,"Active",NA,"Employee","Regular",1,"Onsite",0.56
109152,9,33,1,100055,2025-08-26,NA,"Active",NA,"Employee","Temporary",1,"Hybrid",0.54
103089,9,33,4,104115,2025-09-28,NA,"Active",NA,"Employee","Regular",1,"Hybrid",0.45
104773,9,33,1,103077,2025-09-30,NA,"Active",NA,"Employee","Regular",1,"Onsite",0.44
108911,9,33,3,109804,2025-10-15,NA,"Active",NA,"Employee","Regular",1,"Hybrid",0.4
102529,9,33,7,107127,2025-11-05,NA,"Active",NA,"Employee","Regular",1,"Hybrid",0.34
107016,9,33,2,102814,2025-11-18,NA,"Active",NA,"Employee","Temporary",1,"Onsite",0.31
109721,9,33,10,108194,2025-12-02,NA,"Active",NA,"Employee","Regular",1,"Onsite",0.27
100792,9,33,4,103563,2025-12-16,NA,"Active",NA,"Employee","Regular",1,"Hybrid",0.23
101993,9,33,6,106778,2025-12-18,NA,"Active",NA,"Employee","Regular",1,"Hybrid",0.22
109652,9,33,11,100070,2025-12-28,NA,"Active",NA,"Employee","Regular",1,"Onsite",0.2
100130,9,33,1,104424,2026-01-11,NA,"Active",NA,"Employee","Regular",0.8,"Onsite",0.16
101007,9,33,3,104152,2026-01-11,NA,"Active",NA,"Employee","Regular",1,"Onsite",0.16
106936,9,33,11,100070,2026-01-19,NA,"Active",NA,"Employee","Regular",1,"Hybrid",0.14
109767,11,39,7,102052,2013-01-06,NA,"Active",NA,"Employee","Regular",1,"Remote",13.17
102955,11,39,3,106302,2015-03-13,NA,"Active",NA,"Employee","Regular",0.6,"Onsite",10.99
106608,11,39,7,109811,2015-10-09,NA,"Active",NA,"Employee","Regular",1,"Hybrid",10.42
100365,11,39,6,106302,2016-06-25,NA,"Active",NA,"Employee","Regular",1,"Hybrid",9.71
101590,11,39,3,102052,2016-07-25,NA,"Active",NA,"Employee","Temporary",1,"Onsite",9.62
104691,11,39,4,101479,2016-10-31,NA,"Active",NA,"Employee","Regular",0.8,"Hybrid",9.36
102115,11,39,7,107673,2017-03-23,NA,"Active",NA,"Employee","Regular",0.8,"Remote",8.96
103932,11,39,7,101479,2017-07-24,2025-03-29,"Terminated","Voluntary","Employee","Regular",1,"Remote",7.68
109745,11,39,7,101479,2017-10-14,NA,"Active",NA,"Employee","Regular",1,"Onsite",8.4
104743,11,39,1,102673,2018-03-05,NA,"Active",NA,"Contractor","Regular",1,"Onsite",8.01
107983,11,39,2,107673,2018-06-23,NA,"Active",NA,"Employee","Regular",1,"Hybrid",7.71
106217,11,39,6,102673,2018-09-23,NA,"Active",NA,"Employee","Regular",0.8,"Remote",7.46
102713,11,39,6,102673,2019-08-23,NA,"Active",NA,"Employee","Regular",1,"Hybrid",6.55
107054,11,39,9,102052,2019-11-19,NA,"Active",NA,"Employee","Regular",1,"Hybrid",6.3
100131,11,39,9,102052,2019-12-24,NA,"Active",NA,"Employee","Regular",1,"Onsite",6.21
108107,11,39,7,101479,2021-01-10,NA,"Active",NA,"Employee","Regular",1,"Onsite",5.16
105030,11,39,1,106302,2021-05-01,NA,"Active",NA,"Employee","Regular",1,"Remote",4.86
104477,11,39,1,102673,2021-09-07,NA,"Active",NA,"Employee","Regular",1,"Onsite",4.5
108635,11,39,7,102052,2021-10-22,NA,"Active",NA,"Employee","Regular",1,"Remote",4.38
102408,11,39,3,106302,2022-02-18,NA,"Active",NA,"Employee","Regular",1,"Onsite",4.05
108140,11,39,5,106302,2022-09-22,NA,"Active",NA,"Employee","Regular",1,"Hybrid",3.46
104740,11,39,7,101479,2022-12-28,NA,"Active",NA,"Employee","Regular",1,"Hybrid",3.2
106940,11,39,9,102052,2023-01-07,NA,"Active",NA,"Employee","Regular",1,"Onsite",3.17
106308,11,39,8,102052,2023-01-21,NA,"Active",NA,"Employee","Regular",1,"Remote",3.13
100445,11,39,5,102052,2023-06-02,NA,"Active",NA,"Employee","Regular",0.6,"Onsite",2.77
106564,11,39,10,102052,2023-06-18,NA,"Active",NA,"Employee","Regular",1,"Onsite",2.73
107261,11,39,11,102673,2023-09-08,NA,"Active",NA,"Employee","Regular",1,"Remote",2.5
107843,11,39,11,101479,2023-11-21,NA,"Active",NA,"Contractor","Regular",1,"Onsite",2.3
103793,11,39,6,107673,2025-03-04,NA,"Active",NA,"Employee","Regular",1,"Hybrid",1.02
100306,11,39,6,102052,2025-04-22,NA,"Active",NA,"Employee","Regular",1,"Onsite",0.88
106265,11,39,10,101479,2025-05-16,NA,"Active",NA,"Employee","Regular",1,"Hybrid",0.82
109227,11,39,4,101479,2025-07-24,NA,"Active",NA,"Employee","Regular",1,"Hybrid",0.63
107451,11,39,10,102052,2025-08-31,NA,"Active",NA,"Employee","Regular",1,"Onsite",0.52
100032,11,39,4,101479,2025-09-11,NA,"Active",NA,"Employee","Regular",1,"Onsite",0.49
105379,11,39,1,107673,2025-09-18,NA,"Active",NA,"Employee","Regular",1,"Remote",0.47
100257,2,6,2,106213,2013-01-07,NA,"Active",NA,"Employee","Regular",1,"Hybrid",13.17
101723,2,6,2,107660,2013-01-07,NA,"Active",NA,"Employee","Regular",1,"Hybrid",13.17
104520,2,6,3,103278,2013-01-08,NA,"Active",NA,"Employee","Regular",1,"Hybrid",13.17
100001,2,6,8,100245,2013-01-18,NA,"Active",NA,"Employee","Regular",1,"Hybrid",13.14
102279,2,6,2,101805,2013-01-20,NA,"Active",NA,"Employee","Regular",1,"Remote",13.13
107896,2,6,6,109710,2013-01-21,NA,"Active",NA,"Employee","Regular",1,"Hybrid",13.13
100342,2,6,4,108671,2013-02-20,2016-03-25,"Terminated","Involuntary","Employee","Regular",1,"Onsite",3.09
108687,2,6,2,107695,2013-03-05,NA,"Active",NA,"Employee","Regular",1,"Hybrid",13.01
109968,2,6,1,105171,2013-03-05,NA,"Active",NA,"Employee","Regular",1,"Hybrid",13.01
105651,2,6,12,100622,2013-03-24,NA,"Active",NA,"Employee","Temporary",1,"Remote",12.96
109024,2,6,8,101132,2013-03-29,NA,"Active",NA,"Employee","Regular",1,"Hybrid",12.95
106190,2,6,3,107091,2013-04-02,NA,"Active",NA,"Employee","Regular",1,"Onsite",12.94
106787,2,6,8,109094,2013-04-03,NA,"Active",NA,"Employee","Regular",1,"Onsite",12.93
104461,2,6,10,106705,2013-04-10,NA,"Active",NA,"Employee","Temporary",1,"Remote",12.92
104754,2,6,7,108106,2013-04-20,NA,"Active",NA,"Employee","Temporary",1,"Hybrid",12.89
107174,2,6,6,108453,2013-04-26,NA,"Active",NA,"Employee","Regular",1,"Hybrid",12.87
101329,2,6,1,106533,2013-04-28,NA,"Active",NA,"Employee","Regular",1,"Hybrid",12.87
103799,2,6,6,109254,2013-05-02,NA,"Active",NA,"Employee","Regular",1,"Onsite",12.85
106956,2,6,1,106311,2013-05-12,NA,"Active",NA,"Employee","Regular",1,"Onsite",12.83
109239,2,6,3,102092,2013-05-26,NA,"Active",NA,"Employee","Regular",1,"Remote",12.79
107914,2,6,10,104652,2013-06-07,NA,"Active",NA,"Employee","Regular",0.6,"Hybrid",12.76
107973,2,6,4,104071,2013-06-18,NA,"Active",NA,"Employee","Regular",1,"Onsite",12.73
106188,2,6,1,109436,2013-07-03,NA,"Active",NA,"Employee","Regular",1,"Remote",12.68
108712,2,6,8,108841,2013-07-12,NA,"Active",NA,"Employee","Regular",1,"Remote",12.66
106628,2,6,7,109046,2013-07-15,NA,"Active",NA,"Employee","Regular",1,"Remote",12.65
100534,2,6,2,106503,2013-07-29,NA,"Active",NA,"Employee","Regular",1,"Remote",12.61
102967,2,6,8,109003,2013-08-01,NA,"Active",NA,"Employee","Regular",1,"Remote",12.61
106336,2,6,1,100945,2013-08-14,NA,"Active",NA,"Employee","Temporary",1,"Onsite",12.57
100465,2,6,6,103245,2013-08-23,NA,"Active",NA,"Employee","Regular",1,"Hybrid",12.55
106555,2,6,2,109930,2013-09-21,NA,"Active",NA,"Employee","Regular",1,"Remote",12.47
100974,2,6,5,103061,2013-10-31,NA,"Active",NA,"Employee","Regular",1,"Onsite",12.36
103782,2,6,6,102035,2013-11-07,2019-01-19,"Terminated","Voluntary","Employee","Regular",1,"Onsite",5.2
104278,2,6,11,101318,2013-11-23,NA,"Active",NA,"Employee","Regular",1,"Remote",12.29
104331,2,6,3,106101,2013-11-29,NA,"Active",NA,"Employee","Regular",1,"Onsite",12.28
103757,2,6,9,101030,2013-11-30,2023-06-16,"Terminated","Voluntary","Employee","Regular",1,"Remote",9.54
101303,2,6,9,103492,2013-12-07,NA,"Active",NA,"Employee","Regular",1,"Remote",12.25
108724,2,6,10,102421,2013-12-11,2023-06-18,"Terminated","Voluntary","Employee","Regular",1,"Onsite",9.52
101387,2,6,10,104823,2013-12-27,NA,"Active",NA,"Employee","Regular",1,"Remote",12.2
103961,2,6,4,108205,2014-01-03,NA,"Active",NA,"Employee","Regular",1,"Hybrid",12.18
108941,2,6,8,100060,2014-02-21,NA,"Active",NA,"Employee","Regular",1,"Onsite",12.05
106607,2,6,6,102274,2014-02-28,2023-11-20,"Terminated","Voluntary","Employee","Regular",1,"Remote",9.73
107904,2,6,5,103708,2014-03-15,NA,"Active",NA,"Employee","Regular",1,"Hybrid",11.99
109379,2,6,10,106101,2014-03-30,NA,"Active",NA,"Employee","Regular",1,"Hybrid",11.95
102302,2,6,6,109003,2014-04-16,NA,"Active",NA,"Employee","Regular",1,"Onsite",11.9
103732,2,6,9,107603,2014-04-16,NA,"Active",NA,"Employee","Regular",1,"Onsite",11.9
105669,2,6,11,106503,2014-04-30,NA,"Active",NA,"Employee","Regular",0.8,"Onsite",11.86
105881,2,6,12,108418,2014-05-15,NA,"Active",NA,"Employee","Regular",1,"Remote",11.82
107624,2,6,2,104697,2014-05-16,NA,"Active",NA,"Employee","Regular",1,"Onsite",11.82
106802,2,6,9,107660,2014-05-19,NA,"Active",NA,"Employee","Regular",1,"Hybrid",11.81
105942,2,6,3,103155,2014-05-22,NA,"Active",NA,"Employee","Regular",1,"Onsite",11.8
104730,2,6,4,107002,2014-05-31,NA,"Active",NA,"Employee","Regular",1,"Hybrid",11.78
103171,2,6,1,106789,2014-06-27,NA,"Active",NA,"Employee","Regular",1,"Onsite",11.7
105620,2,6,1,103720,2014-07-01,NA,"Active",NA,"Contractor","Regular",1,"Hybrid",11.69
101692,2,6,2,102092,2014-07-07,NA,"Active",NA,"Employee","Regular",1,"Onsite",11.67
106060,2,6,9,109011,2014-07-16,NA,"Active",NA,"Employee","Regular",1,"Hybrid",11.65
105596,2,6,5,101511,2014-07-17,NA,"Active",NA,"Employee","Regular",1,"Hybrid",11.65
101525,2,6,3,100825,2014-08-04,NA,"Active",NA,"Contractor","Regular",1,"Hybrid",11.6
105359,2,6,2,100315,2014-09-13,NA,"Active",NA,"Employee","Regular",0.6,"Onsite",11.49
105119,2,6,10,109330,2014-10-13,2025-10-03,"Terminated","Voluntary","Employee","Regular",0.8,"Remote",10.97
100271,2,6,7,101229,2014-10-25,NA,"Active",NA,"Contractor","Regular",1,"Hybrid",11.37
100651,2,6,1,101117,2014-10-30,NA,"Active",NA,"Employee","Regular",1,"Onsite",11.36
107992,2,6,8,109998,2014-11-01,NA,"Active",NA,"Employee","Regular",1,"Hybrid",11.35
100444,2,6,4,101002,2014-11-14,NA,"Active",NA,"Employee","Regular",0.6,"Onsite",11.32
105398,2,6,8,101412,2014-12-07,NA,"Active",NA,"Employee","Regular",1,"Hybrid",11.25
109061,2,6,1,101499,2014-12-31,NA,"Active",NA,"Employee","Regular",1,"Hybrid",11.19
106111,2,6,4,105181,2015-01-21,NA,"Active",NA,"Employee","Temporary",1,"Onsite",11.13
105491,2,6,6,106913,2015-01-22,NA,"Active",NA,"Employee","Regular",1,"Onsite",11.13
106356,2,6,6,109755,2015-02-08,2025-09-17,"Terminated","Voluntary","Employee","Regular",1,"Remote",10.61
109593,2,6,7,101397,2015-02-14,NA,"Active",NA,"Employee","Regular",1,"Hybrid",11.07
108556,2,6,6,101030,2015-02-17,NA,"Active",NA,"Employee","Regular",1,"Onsite",11.06
101817,2,6,9,100060,2015-03-04,NA,"Active",NA,"Employee","Regular",0.8,"Remote",11.02
108563,2,6,2,103398,2015-03-18,NA,"Active",NA,"Employee","Regular",1,"Hybrid",10.98
103838,2,6,3,103448,2015-03-19,NA,"Active",NA,"Employee","Regular",1,"Hybrid",10.98
100197,2,6,10,109153,2015-03-24,2025-06-11,"Terminated","Voluntary","Employee","Regular",1,"Remote",10.22
109110,2,6,3,100150,2015-03-25,NA,"Active",NA,"Employee","Regular",1,"Onsite",10.96
108327,2,6,3,100815,2015-04-30,2025-05-08,"Terminated","Reduction in Force","Employee","Regular",1,"Remote",10.02
109070,2,6,7,107923,2015-05-03,NA,"Active",NA,"Employee","Regular",1,"Hybrid",10.85
103330,2,6,2,106325,2015-05-05,NA,"Active",NA,"Employee","Regular",1,"Hybrid",10.85
103243,2,6,3,104798,2015-05-09,NA,"Active",NA,"Employee","Regular",1,"Onsite",10.84
100929,2,6,2,108471,2015-05-13,NA,"Active",NA,"Employee","Regular",1,"Onsite",10.82
105344,2,6,6,108868,2015-05-16,NA,"Active",NA,"Employee","Regular",1,"Onsite",10.82
105186,2,6,3,101678,2015-05-22,2025-07-02,"Terminated","Voluntary","Employee","Regular",1,"Hybrid",10.11
102422,2,6,10,103217,2015-05-28,NA,"Active",NA,"Employee","Regular",1,"Hybrid",10.78
101689,2,6,12,105227,2015-06-24,NA,"Active",NA,"Employee","Regular",1,"Hybrid",10.71
102508,2,6,3,105181,2015-07-14,2021-03-03,"Terminated","Voluntary","Employee","Regular",1,"Onsite",5.64
103628,2,6,11,106503,2015-08-05,NA,"Active",NA,"Employee","Regular",1,"Remote",10.59
101714,2,6,10,102274,2015-08-09,NA,"Active",NA,"Employee","Regular",1,"Hybrid",10.58
106955,2,6,8,108350,2015-08-27,NA,"Active",NA,"Employee","Regular",1,"Onsite",10.53
101799,2,6,2,106213,2015-09-19,NA,"Active",NA,"Employee","Regular",1,"Onsite",10.47
109973,2,6,6,102149,2015-09-26,NA,"Active",NA,"Employee","Regular",1,"Onsite",10.45
105174,2,6,4,101412,2015-09-27,NA,"Active",NA,"Employee","Regular",1,"Remote",10.45
104661,2,6,8,102287,2015-09-29,NA,"Active",NA,"Employee","Regular",1,"Hybrid",10.44
105852,2,6,5,106389,2015-10-21,NA,"Active",NA,"Employee","Regular",1,"Hybrid",10.38
108339,2,6,3,103155,2015-10-26,NA,"Active",NA,"Employee","Regular",1,"Onsite",10.37
103735,2,6,4,108650,2015-11-21,NA,"Active",NA,"Employee","Regular",1,"Hybrid",10.3
104972,2,6,10,108514,2015-11-22,NA,"Active",NA,"Employee","Regular",1,"Remote",10.3
109178,2,6,11,104521,2015-11-25,NA,"Active",NA,"Employee","Regular",1,"Onsite",10.29
105632,2,6,8,109153,2015-11-28,NA,"Active",NA,"Employee","Temporary",0.8,"Hybrid",10.28
102878,2,6,10,107995,2015-12-09,NA,"Active",NA,"Employee","Temporary",1,"Onsite",10.25
100033,2,6,10,102108,2015-12-16,NA,"Active",NA,"Employee","Regular",1,"Hybrid",10.23
106647,2,6,6,108166,2015-12-19,NA,"Active",NA,"Employee","Regular",1,"Remote",10.22
100064,2,6,12,108701,2015-12-22,NA,"Active",NA,"Employee","Regular",0.6,"Remote",10.21
103379,2,6,3,107901,2016-01-01,NA,"Active",NA,"Employee","Regular",1,"Onsite",10.19
100954,2,6,11,104071,2016-01-10,NA,"Active",NA,"Employee","Regular",1,"Hybrid",10.16
105692,2,6,11,102837,2016-01-15,NA,"Active",NA,"Employee","Regular",1,"Remote",10.15
105054,2,6,12,101412,2016-01-16,NA,"Active",NA,"Employee","Regular",1,"Onsite",10.15
106782,2,6,3,101601,2016-01-17,2024-12-10,"Terminated","Involuntary","Contractor","Regular",1,"Hybrid",8.9
107811,2,6,3,107228,2016-01-22,NA,"Active",NA,"Employee","Regular",1,"Hybrid",10.13
101814,2,6,5,103920,2016-01-25,NA,"Active",NA,"Employee","Regular",1,"Hybrid",10.12
102416,2,6,5,109042,2016-02-15,NA,"Active",NA,"Employee","Regular",1,"Hybrid",10.06
108329,2,6,9,101467,2016-03-02,2021-06-03,"Terminated","Voluntary","Employee","Regular",1,"Onsite",5.25
102099,2,6,1,104652,2016-03-05,NA,"Active",NA,"Employee","Temporary",1,"Hybrid",10.01
100572,2,6,3,100947,2016-03-13,NA,"Active",NA,"Employee","Regular",1,"Onsite",9.99
102987,2,6,6,105267,2016-03-14,NA,"Active",NA,"Employee","Regular",1,"Hybrid",9.99
106315,2,6,4,109875,2016-03-22,NA,"Active",NA,"Contractor","Regular",1,"Remote",9.97
100914,2,6,9,107466,2016-04-13,2026-01-24,"Terminated","Voluntary","Employee","Regular",1,"Onsite",9.78
109564,2,6,1,107091,2016-04-18,NA,"Active",NA,"Employee","Regular",1,"Onsite",9.89
101386,2,6,3,108365,2016-05-16,2024-09-18,"Terminated","Voluntary","Employee","Regular",1,"Onsite",8.34
105966,2,6,1,108707,2016-05-26,NA,"Active",NA,"Employee","Regular",1,"Onsite",9.79
101439,2,6,9,101678,2016-06-02,NA,"Active",NA,"Employee","Regular",1,"Hybrid",9.77
100353,2,6,5,107603,2016-06-03,NA,"Active",NA,"Employee","Regular",1,"Remote",9.77
105259,2,6,11,108868,2016-06-04,NA,"Active",NA,"Employee","Temporary",1,"Onsite",9.76
106454,2,6,3,109442,2016-06-04,NA,"Active",NA,"Employee","Regular",0.8,"Onsite",9.76
100314,2,6,12,104797,2016-06-16,NA,"Active",NA,"Employee","Regular",1,"Onsite",9.73
106489,2,6,8,100581,2016-06-20,NA,"Active",NA,"Employee","Regular",1,"Remote",9.72
101743,2,6,9,106411,2016-06-25,NA,"Active",NA,"Employee","Regular",1,"Hybrid",9.71
100761,2,6,9,109230,2016-06-27,NA,"Active",NA,"Employee","Regular",1,"Onsite",9.7
105947,2,6,7,100970,2016-07-18,NA,"Active",NA,"Employee","Regular",0.8,"Onsite",9.64
102202,2,6,2,102816,2016-07-20,NA,"Active",NA,"Employee","Regular",0.6,"Hybrid",9.64
100538,2,6,12,103238,2016-07-28,NA,"Active",NA,"Employee","Regular",1,"Hybrid",9.62
104184,2,6,11,102274,2016-08-08,2024-02-08,"Terminated","Voluntary","Employee","Regular",1,"Remote",7.5
106542,2,6,6,107126,2016-08-08,NA,"Active",NA,"Employee","Regular",1,"Onsite",9.59
103254,2,6,12,106389,2016-08-09,NA,"Active",NA,"Employee","Regular",0.8,"Hybrid",9.58
109638,2,6,3,109479,2016-08-20,NA,"Active",NA,"Employee","Regular",1,"Remote",9.55
104701,2,6,11,106044,2016-08-30,NA,"Active",NA,"Employee","Regular",1,"Onsite",9.53
108527,2,6,11,103048,2016-08-30,NA,"Active",NA,"Employee","Regular",1,"Onsite",9.53
106873,2,6,4,107667,2016-09-06,NA,"Active",NA,"Employee","Regular",0.8,"Onsite",9.51
100236,2,6,1,103217,2016-09-08,NA,"Active",NA,"Employee","Regular",1,"Onsite",9.5
104657,2,6,3,101367,2016-09-12,NA,"Active",NA,"Employee","Regular",1,"Hybrid",9.49
109240,2,6,4,101627,2016-09-24,NA,"Active",NA,"Employee","Temporary",1,"Remote",9.46
103157,2,6,10,107318,2016-10-01,NA,"Active",NA,"Employee","Regular",0.8,"Onsite",9.44
109129,2,6,5,107895,2016-10-02,NA,"Active",NA,"Employee","Regular",1,"Hybrid",9.44
109234,2,6,11,105923,2016-10-06,NA,"Active",NA,"Employee","Regular",1,"Onsite",9.42
100553,2,6,2,104210,2016-10-08,NA,"Active",NA,"Employee","Temporary",1,"Hybrid",9.42
102375,2,6,2,105276,2016-10-09,NA,"Active",NA,"Employee","Temporary",1,"Hybrid",9.42
105410,2,6,8,109436,2016-10-26,NA,"Active",NA,"Employee","Regular",1,"Onsite",9.37
101041,2,6,1,100504,2016-11-21,NA,"Active",NA,"Contractor","Regular",1,"Remote",9.3
101611,2,6,1,102577,2016-11-22,NA,"Active",NA,"Employee","Regular",1,"Onsite",9.3
109927,2,6,9,106070,2016-12-02,NA,"Active",NA,"Employee","Regular",1,"Onsite",9.27
107239,2,6,2,105267,2016-12-16,NA,"Active",NA,"Employee","Regular",0.8,"Onsite",9.23
106657,2,6,10,103448,2016-12-23,NA,"Active",NA,"Employee","Regular",0.6,"Hybrid",9.21
100952,2,6,2,105391,2017-02-02,NA,"Active",NA,"Employee","Regular",1,"Onsite",9.1
108295,2,6,5,109875,2017-02-05,NA,"Active",NA,"Employee","Regular",1,"Hybrid",9.09
106303,2,6,6,107781,2017-03-22,2025-02-09,"Terminated","Voluntary","Employee","Regular",1,"Onsite",7.89
104524,2,6,1,109254,2017-04-06,NA,"Active",NA,"Employee","Regular",0.6,"Remote",8.93
102118,2,6,7,104438,2017-04-18,NA,"Active",NA,"Employee","Regular",1,"Remote",8.89
107549,2,6,1,108451,2017-04-22,NA,"Active",NA,"Employee","Regular",1,"Onsite",8.88
106876,2,6,2,109011,2017-04-29,NA,"Active",NA,"Employee","Regular",1,"Hybrid",8.86
104076,2,6,1,108049,2017-05-23,2024-11-21,"Terminated","Voluntary","Employee","Regular",1,"Onsite",7.5
104179,2,6,7,103436,2017-06-04,NA,"Active",NA,"Employee","Regular",1,"Hybrid",8.76
107348,2,6,5,104635,2017-06-18,NA,"Active",NA,"Employee","Regular",1,"Remote",8.73
108072,2,6,3,100861,2017-06-25,NA,"Active",NA,"Employee","Regular",1,"Hybrid",8.71
104885,2,6,6,103720,2017-06-26,NA,"Active",NA,"Employee","Regular",1,"Onsite",8.7
101826,2,6,8,108835,2017-06-29,NA,"Active",NA,"Employee","Regular",0.8,"Onsite",8.7
100529,2,6,3,101511,2017-07-10,NA,"Active",NA,"Employee","Regular",1,"Onsite",8.67
101795,2,6,6,109516,2017-07-10,NA,"Active",NA,"Employee","Regular",1,"Remote",8.67
102928,2,6,8,109391,2017-07-26,2025-05-29,"Terminated","Voluntary","Contractor","Regular",1,"Remote",7.84
105420,2,6,2,108794,2017-08-19,NA,"Active",NA,"Employee","Regular",1,"Onsite",8.56
109581,2,6,2,103332,2017-09-04,NA,"Active",NA,"Employee","Regular",1,"Onsite",8.51
101938,2,6,4,108835,2017-09-06,NA,"Active",NA,"Employee","Regular",1,"Onsite",8.51
101183,2,6,11,104962,2017-09-11,NA,"Active",NA,"Contractor","Regular",1,"Hybrid",8.49
102382,2,6,5,100970,2017-09-12,NA,"Active",NA,"Employee","Regular",1,"Hybrid",8.49
106229,2,6,6,102333,2017-09-24,NA,"Active",NA,"Employee","Regular",1,"Onsite",8.46
109889,2,6,11,106705,2017-09-27,NA,"Active",NA,"Employee","Regular",1,"Hybrid",8.45
107386,2,6,11,101532,2017-09-28,NA,"Active",NA,"Employee","Regular",1,"Onsite",8.45
101069,2,6,2,100315,2017-10-10,NA,"Active",NA,"Employee","Regular",1,"Onsite",8.41
101800,2,6,2,100111,2017-10-21,NA,"Active",NA,"Employee","Regular",1,"Remote",8.38
105341,2,6,12,103720,2017-10-28,NA,"Active",NA,"Employee","Regular",1,"Hybrid",8.36
107945,2,6,5,102032,2017-10-30,NA,"Active",NA,"Employee","Regular",1,"Remote",8.36
106856,2,6,10,105181,2017-11-10,NA,"Active",NA,"Employee","Regular",1,"Hybrid",8.33
104994,2,6,12,101367,2017-11-13,NA,"Active",NA,"Employee","Regular",1,"Remote",8.32
105407,2,6,2,100518,2017-11-25,NA,"Active",NA,"Employee","Regular",1,"Hybrid",8.29
104182,2,6,7,102459,2017-11-27,NA,"Active",NA,"Employee","Regular",1,"Onsite",8.28
104298,2,6,4,103123,2017-11-27,NA,"Active",NA,"Employee","Regular",1,"Onsite",8.28
103598,2,6,9,108166,2017-12-02,NA,"Active",NA,"Employee","Regular",1,"Hybrid",8.27
106829,2,6,11,103417,2017-12-19,NA,"Active",NA,"Contractor","Regular",1,"Hybrid",8.22
105973,2,6,5,106406,2017-12-30,NA,"Active",NA,"Employee","Regular",1,"Hybrid",8.19
109322,2,6,9,104798,2018-01-23,2025-08-02,"Terminated","Involuntary","Employee","Regular",1,"Onsite",7.52
103522,2,6,5,107818,2018-02-20,NA,"Active",NA,"Employee","Regular",1,"Hybrid",8.05
102070,2,6,1,106334,2018-03-05,NA,"Active",NA,"Employee","Regular",1,"Onsite",8.01
102399,2,6,7,103245,2018-03-13,NA,"Active",NA,"Employee","Regular",1,"Remote",7.99
102548,2,6,1,105737,2018-04-01,2025-03-28,"Terminated","Involuntary","Employee","Regular",1,"Onsite",6.99
100378,2,6,9,107458,2018-04-06,NA,"Active",NA,"Employee","Regular",1,"Hybrid",7.93
109376,2,6,3,105276,2018-04-07,NA,"Active",NA,"Employee","Regular",1,"Remote",7.92
108969,2,6,12,108594,2018-04-20,NA,"Active",NA,"Employee","Regular",0.8,"Onsite",7.89
109958,2,6,2,106794,2018-04-22,NA,"Active",NA,"Employee","Regular",1,"Hybrid",7.88
105225,2,6,10,109340,2018-04-29,NA,"Active",NA,"Employee","Regular",1,"Onsite",7.86
102268,2,6,6,103836,2018-05-13,NA,"Active",NA,"Employee","Regular",1,"Hybrid",7.82
103781,2,6,9,103417,2018-05-13,NA,"Active",NA,"Contractor","Regular",1,"Hybrid",7.82
102756,2,6,3,107895,2018-05-19,NA,"Active",NA,"Employee","Regular",1,"Onsite",7.81
108312,2,6,8,104823,2018-06-19,NA,"Active",NA,"Employee","Regular",0.6,"Onsite",7.72
101669,2,6,5,106661,2018-06-22,NA,"Active",NA,"Employee","Regular",1,"Remote",7.72
104548,2,6,6,106503,2018-07-13,NA,"Active",NA,"Employee","Regular",1,"Hybrid",7.66
101509,2,6,4,102372,2018-08-03,NA,"Active",NA,"Contractor","Regular",1,"Remote",7.6
105004,2,6,6,109259,2018-08-17,NA,"Active",NA,"Employee","Regular",1,"Remote",7.56
101009,2,6,3,107829,2018-08-23,NA,"Active",NA,"Employee","Regular",1,"Remote",7.55
101042,2,6,3,109651,2018-08-26,NA,"Active",NA,"Employee","Regular",1,"Hybrid",7.54
107023,2,6,7,101380,2018-09-10,NA,"Active",NA,"Employee","Regular",1,"Hybrid",7.5
100467,2,6,10,107228,2018-09-20,NA,"Active",NA,"Employee","Regular",1,"Remote",7.47
107778,2,6,3,103836,2018-10-08,NA,"Active",NA,"Employee","Regular",1,"Hybrid",7.42
108855,2,6,4,106121,2018-10-12,NA,"Active",NA,"Employee","Regular",0.8,"Onsite",7.41
109141,2,6,7,109911,2018-11-06,NA,"Active",NA,"Employee","Temporary",1,"Onsite",7.34
102876,2,6,11,108794,2018-11-17,NA,"Active",NA,"Employee","Regular",1,"Hybrid",7.31
104651,2,6,12,103492,2018-11-20,NA,"Active",NA,"Employee","Regular",1,"Onsite",7.3
104017,2,6,7,108338,2018-12-07,NA,"Active",NA,"Employee","Regular",1,"Remote",7.25
101594,2,6,3,105985,2018-12-12,NA,"Active",NA,"Employee","Regular",1,"Remote",7.24
100863,2,6,3,102421,2018-12-14,NA,"Active",NA,"Employee","Regular",1,"Hybrid",7.24
102699,2,6,6,100581,2018-12-26,NA,"Active",NA,"Employee","Regular",1,"Onsite",7.2
108528,2,6,4,102461,2019-01-17,NA,"Active",NA,"Employee","Temporary",1,"Hybrid",7.14
106180,2,6,1,108255,2019-01-24,NA,"Active",NA,"Employee","Regular",1,"Hybrid",7.12
108660,2,6,10,102839,2019-01-24,2022-05-14,"Terminated","Voluntary","Employee","Regular",1,"Onsite",3.3
107043,2,6,11,103176,2019-02-05,2025-11-05,"Terminated","Involuntary","Employee","Regular",1,"Hybrid",6.75
108661,2,6,5,104438,2019-02-08,NA,"Active",NA,"Employee","Regular",1,"Onsite",7.08
105946,2,6,8,105267,2019-02-13,NA,"Active",NA,"Employee","Regular",1,"Onsite",7.07
101879,2,6,1,106326,2019-02-28,NA,"Active",NA,"Employee","Regular",1,"Onsite",7.03
103333,2,6,4,103406,2019-03-07,NA,"Active",NA,"Employee","Regular",1,"Hybrid",7.01
108285,2,6,3,103039,2019-03-08,NA,"Active",NA,"Employee","Regular",1,"Onsite",7.01
107398,2,6,6,108547,2019-04-14,NA,"Active",NA,"Employee","Regular",1,"Hybrid",6.9
105552,2,6,2,102195,2019-04-25,NA,"Active",NA,"Employee","Temporary",0.8,"Onsite",6.87
104157,2,6,2,107860,2019-05-06,NA,"Active",NA,"Employee","Regular",1,"Hybrid",6.84
102328,2,6,4,107384,2019-05-27,NA,"Active",NA,"Employee","Regular",1,"Remote",6.79
102961,2,6,1,108861,2019-05-27,NA,"Active",NA,"Employee","Regular",1,"Hybrid",6.79
107250,2,6,6,100518,2019-06-11,NA,"Active",NA,"Employee","Regular",1,"Onsite",6.75
104655,2,6,1,106090,2019-06-19,NA,"Active",NA,"Employee","Regular",1,"Onsite",6.72
108025,2,6,8,104987,2019-07-07,NA,"Active",NA,"Employee","Regular",0.6,"Remote",6.67
106939,2,6,6,106913,2019-07-21,NA,"Active",NA,"Employee","Regular",1,"Onsite",6.64
104247,2,6,2,100815,2019-07-30,NA,"Active",NA,"Employee","Regular",1,"Onsite",6.61
108150,2,6,2,100074,2019-08-07,2025-03-03,"Terminated","Voluntary","Employee","Regular",0.6,"Remote",5.57
107533,2,6,9,102493,2019-08-11,NA,"Active",NA,"Employee","Regular",1,"Onsite",6.58
101638,2,6,5,106334,2019-08-26,NA,"Active",NA,"Employee","Regular",1,"Onsite",6.54
102129,2,6,11,105496,2019-09-02,NA,"Active",NA,"Employee","Regular",1,"Onsite",6.52
104720,2,6,11,102106,2019-09-05,NA,"Active",NA,"Employee","Regular",1,"Onsite",6.51
103892,2,6,3,103492,2019-09-11,NA,"Active",NA,"Contractor","Regular",1,"Hybrid",6.49
104531,2,6,7,101420,2019-09-12,NA,"Active",NA,"Employee","Regular",1,"Remote",6.49
107986,2,6,12,105171,2019-09-14,NA,"Active",NA,"Employee","Regular",1,"Hybrid",6.48
100773,2,6,3,101601,2019-10-05,NA,"Active",NA,"Employee","Regular",1,"Remote",6.43
100588,2,6,7,101772,2019-10-06,NA,"Active",NA,"Employee","Regular",1,"Onsite",6.42
102806,2,6,12,102224,2019-10-11,NA,"Active",NA,"Employee","Regular",1,"Onsite",6.41
107975,2,6,11,109656,2019-10-11,NA,"Active",NA,"Employee","Regular",0.8,"Hybrid",6.41
102161,2,6,2,106725,2019-10-14,NA,"Active",NA,"Employee","Regular",1,"Remote",6.4
108949,2,6,1,105526,2019-10-18,NA,"Active",NA,"Employee","Regular",1,"Remote",6.39
104825,2,6,4,105592,2019-10-25,NA,"Active",NA,"Employee","Regular",1,"Hybrid",6.37
101557,2,6,6,106044,2019-10-29,NA,"Active",NA,"Employee","Regular",1,"Hybrid",6.36
100843,2,6,10,105171,2019-11-01,NA,"Active",NA,"Employee","Regular",1,"Onsite",6.35
100279,2,6,7,104838,2019-12-08,NA,"Active",NA,"Employee","Regular",1,"Hybrid",6.25
100748,2,6,2,107458,2019-12-12,NA,"Active",NA,"Employee","Regular",0.8,"Remote",6.24
106203,2,6,2,109391,2019-12-13,NA,"Active",NA,"Employee","Regular",0.6,"Hybrid",6.24
103136,2,6,3,104876,2019-12-22,NA,"Active",NA,"Employee","Regular",1,"Onsite",6.21
103565,2,6,3,102067,2020-01-12,NA,"Active",NA,"Employee","Regular",1,"Onsite",6.16
101219,2,6,10,106029,2020-02-10,2024-10-09,"Terminated","Involuntary","Employee","Regular",1,"Hybrid",4.66
104227,2,6,11,104521,2020-02-10,NA,"Active",NA,"Employee","Regular",1,"Onsite",6.08
108136,2,6,4,107103,2020-02-16,NA,"Active",NA,"Employee","Regular",0.8,"Remote",6.06
106428,2,6,12,106906,2020-02-19,NA,"Active",NA,"Employee","Regular",1,"Onsite",6.05
102979,2,6,6,104579,2020-02-24,NA,"Active",NA,"Employee","Regular",1,"Hybrid",6.04
105757,2,6,6,100414,2020-02-29,NA,"Active",NA,"Employee","Regular",1,"Hybrid",6.02
104033,2,6,8,105201,2020-03-02,NA,"Active",NA,"Employee","Regular",1,"Hybrid",6.02
102008,2,6,6,106117,2020-03-08,NA,"Active",NA,"Employee","Regular",1,"Onsite",6.01
100083,2,6,10,105256,2020-03-20,NA,"Active",NA,"Employee","Regular",1,"Hybrid",5.97
103142,2,6,2,103120,2020-04-01,NA,"Active",NA,"Employee","Regular",1,"Onsite",5.94
107506,2,6,11,100150,2020-04-14,NA,"Active",NA,"Employee","Regular",1,"Hybrid",5.9
109199,2,6,3,102287,2020-05-24,NA,"Active",NA,"Employee","Regular",1,"Hybrid",5.79
103778,2,6,2,108861,2020-05-26,NA,"Active",NA,"Employee","Temporary",1,"Remote",5.79
103724,2,6,4,100150,2020-06-29,NA,"Active",NA,"Employee","Regular",1,"Remote",5.7
108175,2,6,8,109436,2020-07-07,NA,"Active",NA,"Employee","Regular",1,"Hybrid",5.67
108965,2,6,1,100060,2020-07-11,NA,"Active",NA,"Employee","Regular",0.8,"Onsite",5.66
103517,2,6,5,103124,2020-07-16,2025-01-01,"Terminated","Voluntary","Employee","Regular",1,"Hybrid",4.46
108436,2,6,3,101517,2020-07-17,NA,"Active",NA,"Employee","Regular",0.8,"Hybrid",5.65
101731,2,6,5,105851,2020-07-21,NA,"Active",NA,"Employee","Regular",1,"Remote",5.64
104831,2,6,8,101661,2020-08-15,2023-11-04,"Terminated","Voluntary","Employee","Regular",1,"Onsite",3.22
107504,2,6,10,100367,2020-08-20,NA,"Active",NA,"Employee","Regular",0.8,"Hybrid",5.55
101410,2,6,8,101603,2020-08-29,NA,"Active",NA,"Employee","Regular",1,"Remote",5.53
106599,2,6,1,108235,2020-09-15,NA,"Active",NA,"Employee","Regular",1,"Hybrid",5.48
109123,2,6,4,104798,2020-09-15,NA,"Active",NA,"Contractor","Regular",1,"Hybrid",5.48
100521,2,6,12,106503,2020-10-06,NA,"Active",NA,"Employee","Regular",1,"Hybrid",5.42
107070,2,6,11,107695,2020-10-09,2024-08-03,"Terminated","Involuntary","Employee","Regular",1,"Hybrid",3.82
100829,2,6,9,102791,2020-10-23,NA,"Active",NA,"Employee","Regular",1,"Onsite",5.38
108110,2,6,1,100762,2020-11-03,NA,"Active",NA,"Employee","Regular",1,"Hybrid",5.35
109223,2,6,12,108189,2020-11-14,NA,"Active",NA,"Employee","Regular",1,"Remote",5.32
101054,2,6,9,104188,2020-11-17,NA,"Active",NA,"Employee","Regular",0.8,"Remote",5.31
103639,2,6,7,106406,2020-11-30,NA,"Active",NA,"Employee","Regular",1,"Hybrid",5.27
101004,2,6,3,103585,2020-12-16,2023-07-20,"Terminated","Involuntary","Employee","Regular",1,"Hybrid",2.59
104747,2,6,11,109440,2020-12-16,NA,"Active",NA,"Employee","Regular",1,"Onsite",5.23
103542,2,6,4,106389,2020-12-19,NA,"Active",NA,"Employee","Regular",1,"Onsite",5.22
109826,2,6,10,101805,2021-01-02,NA,"Active",NA,"Employee","Regular",1,"Onsite",5.18
107046,2,6,1,106794,2021-01-24,NA,"Active",NA,"Employee","Regular",1,"Onsite",5.12
105854,2,6,10,102372,2021-01-28,2025-10-18,"Terminated","Voluntary","Employee","Regular",0.6,"Hybrid",4.72
109437,2,6,4,109094,2021-01-31,NA,"Active",NA,"Employee","Regular",1,"Remote",5.1
103158,2,6,3,101254,2021-02-06,2025-09-29,"Terminated","Voluntary","Employee","Regular",1,"Hybrid",4.64
105810,2,6,9,103393,2021-02-14,NA,"Active",NA,"Employee","Regular",1,"Remote",5.07
102507,2,6,10,108166,2021-02-16,NA,"Active",NA,"Employee","Regular",1,"Hybrid",5.06
101327,2,6,6,100367,2021-02-17,NA,"Active",NA,"Employee","Regular",1,"Hybrid",5.06
104507,2,6,9,102493,2021-02-20,NA,"Active",NA,"Employee","Regular",1,"Onsite",5.05
106082,2,6,7,103754,2021-03-06,NA,"Active",NA,"Employee","Regular",0.6,"Onsite",5.01
104607,2,6,11,103448,2021-03-09,2025-06-16,"Terminated","Voluntary","Contractor","Regular",0.6,"Remote",4.27
104055,2,6,9,103436,2021-03-25,NA,"Active",NA,"Employee","Regular",1,"Hybrid",4.96
100251,2,6,1,103123,2021-04-02,NA,"Active",NA,"Employee","Regular",1,"Hybrid",4.94
100007,2,6,4,106913,2021-04-11,NA,"Active",NA,"Employee","Regular",0.6,"Onsite",4.91
109785,2,6,1,103194,2021-04-17,NA,"Active",NA,"Employee","Regular",1,"Onsite",4.9
102617,2,6,1,102224,2021-05-02,NA,"Active",NA,"Employee","Regular",1,"Remote",4.85
105648,2,6,3,102067,2021-05-04,NA,"Active",NA,"Contractor","Regular",1,"Remote",4.85
109907,2,6,8,109935,2021-05-12,NA,"Active",NA,"Employee","Regular",1,"Remote",4.83
107455,2,6,11,103874,2021-05-22,NA,"Active",NA,"Employee","Regular",1,"Onsite",4.8
100933,2,6,5,106029,2021-05-24,NA,"Active",NA,"Employee","Regular",1,"Onsite",4.79
103776,2,6,7,103708,2021-06-13,NA,"Active",NA,"Employee","Regular",1,"Remote",4.74
104565,2,6,1,108916,2021-06-24,NA,"Active",NA,"Employee","Regular",1,"Onsite",4.71
108236,2,6,4,107660,2021-06-26,NA,"Active",NA,"Contractor","Regular",1,"Onsite",4.7
106235,2,6,3,107384,2021-07-08,NA,"Active",NA,"Employee","Regular",0.8,"Onsite",4.67
105641,2,6,5,108453,2021-07-11,2025-11-22,"Terminated","Involuntary","Employee","Regular",1,"Hybrid",4.37
109597,2,6,2,106913,2021-07-12,NA,"Active",NA,"Employee","Regular",1,"Onsite",4.66
105571,2,6,3,109330,2021-07-30,NA,"Active",NA,"Employee","Regular",1,"Onsite",4.61
100660,2,6,6,107194,2021-08-11,NA,"Active",NA,"Employee","Regular",1,"Hybrid",4.58
105396,2,6,1,103021,2021-08-19,NA,"Active",NA,"Employee","Regular",1,"Hybrid",4.56
102722,2,6,1,105171,2021-08-20,NA,"Active",NA,"Employee","Regular",1,"Remote",4.55
102276,2,6,4,100603,2021-08-22,NA,"Active",NA,"Employee","Regular",1,"Onsite",4.55
103824,2,6,12,105737,2021-08-31,NA,"Active",NA,"Employee","Temporary",1,"Onsite",4.52
105322,2,6,4,103120,2021-09-14,NA,"Active",NA,"Employee","Regular",0.6,"Hybrid",4.48
104201,2,6,9,103920,2021-09-28,NA,"Active",NA,"Employee","Regular",1,"Onsite",4.45
100177,2,6,4,103920,2021-09-30,NA,"Active",NA,"Employee","Regular",1,"Onsite",4.44
107723,2,6,10,107126,2021-11-21,NA,"Active",NA,"Employee","Regular",1,"Hybrid",4.3
108404,2,6,5,100768,2021-11-23,NA,"Active",NA,"Employee","Regular",1,"Hybrid",4.29
109441,2,6,10,109516,2021-11-29,2025-12-16,"Terminated","Involuntary","Employee","Regular",1,"Onsite",4.05
105662,2,6,1,107466,2021-12-17,NA,"Active",NA,"Employee","Temporary",1,"Hybrid",4.23
106721,2,6,2,109153,2021-12-17,NA,"Active",NA,"Employee","Temporary",1,"Onsite",4.23
102227,2,6,1,109295,2022-01-03,NA,"Active",NA,"Employee","Regular",1,"Onsite",4.18
102360,2,6,1,108006,2022-01-08,NA,"Active",NA,"Employee","Regular",1,"Remote",4.17
101415,2,6,5,102032,2022-01-11,NA,"Active",NA,"Contractor","Regular",1,"Onsite",4.16
107024,2,6,12,101601,2022-01-19,NA,"Active",NA,"Employee","Regular",1,"Hybrid",4.14
101320,2,6,7,106092,2022-01-22,NA,"Active",NA,"Employee","Regular",1,"Onsite",4.13
100886,2,6,3,101229,2022-01-25,NA,"Active",NA,"Employee","Regular",1,"Hybrid",4.12
105785,2,6,8,107818,2022-01-26,NA,"Active",NA,"Employee","Regular",1,"Onsite",4.12
109898,2,6,9,109440,2022-01-29,NA,"Active",NA,"Employee","Regular",1,"Hybrid",4.11
105831,2,6,7,100970,2022-02-13,NA,"Active",NA,"Employee","Regular",1,"Hybrid",4.07
106517,2,6,9,105096,2022-02-14,NA,"Active",NA,"Employee","Regular",1,"Hybrid",4.07
105740,2,6,11,108070,2022-02-20,NA,"Active",NA,"Employee","Regular",1,"Onsite",4.05
103537,2,6,8,106140,2022-03-01,NA,"Active",NA,"Employee","Regular",0.8,"Onsite",4.02
106638,2,6,8,106479,2022-03-15,NA,"Active",NA,"Employee","Regular",1,"Remote",3.99
103520,2,6,9,102092,2022-03-16,NA,"Active",NA,"Employee","Regular",1,"Onsite",3.98
108982,2,6,3,104798,2022-03-20,NA,"Active",NA,"Employee","Regular",1,"Hybrid",3.97
101403,2,6,11,104521,2022-03-21,NA,"Active",NA,"Employee","Regular",1,"Hybrid",3.97
100183,2,6,11,109626,2022-03-26,NA,"Active",NA,"Employee","Regular",1,"Hybrid",3.96
100678,2,6,2,106525,2022-03-26,NA,"Active",NA,"Employee","Regular",1,"Onsite",3.96
105052,2,6,4,103389,2022-04-20,NA,"Active",NA,"Employee","Regular",1,"Remote",3.89
102949,2,6,10,106725,2022-05-03,NA,"Active",NA,"Employee","Regular",1,"Onsite",3.85
102324,2,6,11,103327,2022-05-11,NA,"Active",NA,"Employee","Regular",0.8,"Onsite",3.83
106391,2,6,7,108817,2022-05-15,NA,"Active",NA,"Employee","Regular",1,"Remote",3.82
102398,2,6,12,108650,2022-05-23,NA,"Active",NA,"Employee","Regular",1,"Hybrid",3.8
101233,2,6,5,107564,2022-05-26,NA,"Active",NA,"Employee","Regular",1,"Onsite",3.79
101257,2,6,4,106717,2022-06-09,NA,"Active",NA,"Employee","Regular",1,"Onsite",3.75
108729,2,6,9,105923,2022-06-10,NA,"Active",NA,"Employee","Regular",1,"Hybrid",3.75
102062,2,6,4,100888,2022-06-13,NA,"Active",NA,"Employee","Regular",1,"Onsite",3.74
102682,2,6,4,101812,2022-06-27,NA,"Active",NA,"Employee","Regular",1,"Remote",3.7
100300,2,6,9,104626,2022-06-28,NA,"Active",NA,"Employee","Regular",1,"Hybrid",3.7
105217,2,6,9,105096,2022-07-07,NA,"Active",NA,"Employee","Regular",1,"Onsite",3.67
104484,2,6,2,102520,2022-07-11,NA,"Active",NA,"Employee","Regular",1,"Remote",3.66
101477,2,6,8,102287,2022-07-17,NA,"Active",NA,"Employee","Regular",1,"Hybrid",3.65
107264,2,6,1,100722,2022-07-23,NA,"Active",NA,"Employee","Regular",0.8,"Onsite",3.63
101176,2,6,5,109477,2022-07-29,NA,"Active",NA,"Contractor","Regular",0.8,"Remote",3.61
106280,2,6,4,108861,2022-08-08,NA,"Active",NA,"Employee","Regular",1,"Hybrid",3.59
108525,2,6,3,105201,2022-08-14,NA,"Active",NA,"Employee","Regular",0.6,"Onsite",3.57
105368,2,6,3,101586,2022-09-08,NA,"Active",NA,"Contractor","Regular",1,"Onsite",3.5
101080,2,6,9,103327,2022-09-13,NA,"Active",NA,"Employee","Regular",1,"Onsite",3.49
104074,2,6,7,103398,2022-09-20,NA,"Active",NA,"Employee","Regular",1,"Onsite",3.47
101180,2,6,1,101318,2022-10-21,NA,"Active",NA,"Employee","Regular",1,"Onsite",3.38
103092,2,6,12,100861,2022-11-06,NA,"Active",NA,"Employee","Regular",1,"Hybrid",3.34
109002,2,6,1,105923,2022-11-16,NA,"Active",NA,"Employee","Regular",1,"Hybrid",3.31
103756,2,6,6,108023,2022-12-06,NA,"Active",NA,"Employee","Regular",1,"Remote",3.26
104653,2,6,10,109875,2022-12-16,NA,"Active",NA,"Employee","Regular",1,"Onsite",3.23
108241,2,6,5,104162,2022-12-21,NA,"Active",NA,"Employee","Regular",1,"Onsite",3.22
101737,2,6,10,103492,2023-01-02,NA,"Active",NA,"Employee","Regular",0.8,"Hybrid",3.18
101849,2,6,10,109911,2023-01-10,NA,"Active",NA,"Employee","Regular",1,"Onsite",3.16
102278,2,6,5,100074,2023-01-18,NA,"Active",NA,"Employee","Regular",1,"Hybrid",3.14
103201,2,6,6,101772,2023-02-08,NA,"Active",NA,"Employee","Regular",1,"Remote",3.08
101450,2,6,11,105227,2023-02-21,NA,"Active",NA,"Employee","Regular",1,"Hybrid",3.05
100364,2,6,9,101775,2023-03-04,NA,"Active",NA,"Employee","Regular",1,"Onsite",3.02
102110,2,6,4,102985,2023-03-23,NA,"Active",NA,"Employee","Regular",1,"Hybrid",2.96
103486,2,6,8,107103,2023-04-07,NA,"Active",NA,"Employee","Regular",1,"Hybrid",2.92
106274,2,6,1,107643,2023-04-18,NA,"Active",NA,"Employee","Regular",1,"Onsite",2.89
105330,2,6,7,103874,2023-04-23,NA,"Active",NA,"Employee","Regular",1,"Onsite",2.88
101846,2,6,5,103920,2023-04-26,NA,"Active",NA,"Employee","Regular",1,"Remote",2.87
109587,2,6,8,103836,2023-06-12,NA,"Active",NA,"Employee","Regular",1,"Onsite",2.74
105202,2,6,7,106389,2023-06-13,NA,"Active",NA,"Employee","Regular",1,"Onsite",2.74
103808,2,6,8,107194,2023-06-24,NA,"Active",NA,"Employee","Regular",0.8,"Onsite",2.71
102168,2,6,7,108707,2023-07-25,NA,"Active",NA,"Employee","Regular",1,"Hybrid",2.62
101890,2,6,1,100815,2023-07-26,NA,"Active",NA,"Employee","Regular",1,"Onsite",2.62
104122,2,6,6,102535,2023-08-03,NA,"Active",NA,"Employee","Regular",1,"Onsite",2.6
101869,2,6,10,103021,2023-08-05,NA,"Active",NA,"Employee","Regular",1,"Onsite",2.59
106218,2,6,9,109458,2023-08-09,NA,"Active",NA,"Employee","Regular",1,"Remote",2.58
106281,2,6,6,103061,2023-08-10,NA,"Active",NA,"Employee","Regular",1,"Remote",2.58
105802,2,6,2,108691,2023-08-11,NA,"Active",NA,"Employee","Regular",1,"Onsite",2.58
103087,2,6,1,106900,2023-08-23,NA,"Active",NA,"Employee","Regular",1,"Onsite",2.55
106487,2,6,5,103124,2023-08-23,NA,"Active",NA,"Employee","Regular",1,"Remote",2.55
103682,2,6,9,106299,2023-09-08,NA,"Active",NA,"Employee","Regular",1,"Remote",2.5
107010,2,6,7,103348,2023-09-29,NA,"Active",NA,"Employee","Regular",1,"Hybrid",2.44
104321,2,6,1,100912,2023-09-30,NA,"Active",NA,"Employee","Regular",1,"Hybrid",2.44
109465,2,6,7,106533,2023-10-15,NA,"Active",NA,"Employee","Regular",1,"Hybrid",2.4
101695,2,6,12,105391,2023-11-21,NA,"Active",NA,"Employee","Temporary",1,"Hybrid",2.3
105487,2,6,3,104092,2023-12-22,NA,"Active",NA,"Employee","Regular",0.8,"Hybrid",2.21
101704,2,6,4,102493,2023-12-29,NA,"Active",NA,"Employee","Regular",1,"Hybrid",2.19
100117,2,6,9,107103,2024-01-05,NA,"Active",NA,"Employee","Regular",1,"Onsite",2.18
104444,2,6,5,106090,2024-01-29,NA,"Active",NA,"Employee","Regular",1,"Onsite",2.11
104656,2,6,5,104483,2024-02-04,NA,"Active",NA,"Employee","Regular",1,"Hybrid",2.09
104233,2,6,4,102535,2024-02-06,NA,"Active",NA,"Employee","Regular",1,"Onsite",2.09
104537,2,6,7,101132,2024-02-20,NA,"Active",NA,"Employee","Regular",1,"Remote",2.05
103062,2,6,11,103492,2024-03-02,NA,"Active",NA,"Employee","Regular",1,"Onsite",2.02
106679,2,6,1,102985,2024-03-15,NA,"Active",NA,"Employee","Regular",1,"Hybrid",1.99
102913,2,6,6,100295,2024-04-01,NA,"Active",NA,"Employee","Regular",1,"Onsite",1.94
109138,2,6,12,109153,2024-04-15,NA,"Active",NA,"Employee","Regular",1,"Onsite",1.9
103219,2,6,8,107426,2024-04-20,NA,"Active",NA,"Employee","Regular",0.8,"Onsite",1.89
105566,2,6,2,103585,2024-04-30,NA,"Active",NA,"Employee","Regular",1,"Hybrid",1.86
109323,2,6,1,108189,2024-05-11,NA,"Active",NA,"Employee","Regular",1,"Hybrid",1.83
102958,2,6,11,105256,2024-05-14,NA,"Active",NA,"Employee","Temporary",0.8,"Onsite",1.82
109871,2,6,11,109170,2024-05-19,NA,"Active",NA,"Employee","Regular",1,"Remote",1.81
101858,2,6,1,103585,2024-05-21,NA,"Active",NA,"Employee","Regular",1,"Remote",1.8
103974,2,6,5,108477,2024-05-28,NA,"Active",NA,"Employee","Regular",0.6,"Onsite",1.78
104930,2,6,10,109656,2024-05-28,NA,"Active",NA,"Employee","Regular",1,"Onsite",1.78
100298,2,6,11,103720,2024-06-09,NA,"Active",NA,"Employee","Regular",1,"Onsite",1.75
105301,2,6,11,100733,2024-06-15,NA,"Active",NA,"Employee","Regular",1,"Hybrid",1.73
102996,2,6,1,104652,2024-07-03,NA,"Active",NA,"Employee","Regular",1,"Hybrid",1.68
109004,2,6,5,103278,2024-07-19,NA,"Active",NA,"Contractor","Regular",1,"Hybrid",1.64
108179,2,6,11,101517,2024-07-22,NA,"Active",NA,"Employee","Regular",1,"Onsite",1.63
100440,2,6,12,104071,2024-07-30,NA,"Active",NA,"Employee","Regular",1,"Hybrid",1.61
108429,2,6,3,105532,2024-08-23,NA,"Active",NA,"Employee","Regular",1,"Hybrid",1.55
105334,2,6,8,103155,2024-09-16,NA,"Active",NA,"Employee","Regular",1,"Hybrid",1.48
105998,2,6,10,102614,2024-09-28,NA,"Active",NA,"Employee","Temporary",1,"Onsite",1.45
107657,2,6,8,101229,2024-10-08,NA,"Active",NA,"Employee","Regular",1,"Hybrid",1.42
103740,2,6,1,104579,2024-10-10,NA,"Active",NA,"Employee","Regular",1,"Hybrid",1.41
103203,2,6,10,102372,2024-11-08,NA,"Active",NA,"Employee","Regular",1,"Onsite",1.33
108470,2,6,2,102614,2024-11-08,NA,"Active",NA,"Employee","Regular",1,"Onsite",1.33
100915,2,6,2,104483,2024-11-21,NA,"Active",NA,"Employee","Regular",1,"Remote",1.3
107888,2,6,9,106479,2024-12-24,NA,"Active",NA,"Employee","Temporary",1,"Onsite",1.21
106332,2,6,6,103417,2024-12-27,NA,"Active",NA,"Employee","Regular",1,"Onsite",1.2
109045,2,6,1,108861,2024-12-27,NA,"Active",NA,"Employee","Regular",1,"Onsite",1.2
107961,2,6,11,104162,2025-01-05,NA,"Active",NA,"Employee","Regular",1,"Onsite",1.18
102009,2,6,5,105695,2025-01-09,NA,"Active",NA,"Employee","Regular",1,"Hybrid",1.16
107816,2,6,2,101978,2025-01-19,NA,"Active",NA,"Employee","Regular",1,"Remote",1.14
106839,2,6,2,102788,2025-02-06,NA,"Active",NA,"Employee","Regular",1,"Onsite",1.09
106451,2,6,9,106533,2025-02-16,NA,"Active",NA,"Employee","Regular",1,"Onsite",1.06
100142,2,6,7,104776,2025-02-28,NA,"Active",NA,"Employee","Regular",1,"Onsite",1.03
104105,2,6,3,104092,2025-03-08,NA,"Active",NA,"Contractor","Regular",1,"Hybrid",1.01
105208,2,6,2,107466,2025-03-08,NA,"Active",NA,"Employee","Regular",1,"Remote",1.01
105934,2,6,10,103048,2025-04-04,NA,"Active",NA,"Employee","Regular",1,"Hybrid",0.93
103058,2,6,11,101318,2025-04-07,NA,"Active",NA,"Employee","Temporary",0.6,"Onsite",0.92
109839,2,6,7,103245,2025-04-07,NA,"Active",NA,"Employee","Temporary",1,"Remote",0.92
102500,2,6,5,106848,2025-04-10,NA,"Active",NA,"Employee","Regular",0.6,"Hybrid",0.92
109996,2,6,2,105870,2025-04-11,NA,"Active",NA,"Employee","Regular",1,"Hybrid",0.91
108998,2,6,5,105181,2025-04-16,NA,"Active",NA,"Employee","Regular",1,"Remote",0.9
105567,2,6,1,102032,2025-04-21,NA,"Active",NA,"Contractor","Regular",1,"Hybrid",0.88
109902,2,6,2,103120,2025-04-21,NA,"Active",NA,"Employee","Regular",0.6,"Onsite",0.88
104570,2,6,5,109330,2025-05-07,NA,"Active",NA,"Employee","Regular",1,"Remote",0.84
101039,2,6,12,105985,2025-05-27,NA,"Active",NA,"Employee","Regular",1,"Onsite",0.79
102389,2,6,11,109408,2025-06-02,NA,"Active",NA,"Employee","Regular",0.6,"Hybrid",0.77
102679,2,6,7,108866,2025-06-02,NA,"Active",NA,"Employee","Regular",1,"Onsite",0.77
103683,2,6,11,101775,2025-06-04,NA,"Active",NA,"Employee","Regular",1,"Hybrid",0.76
101086,2,6,9,100947,2025-07-23,NA,"Active",NA,"Employee","Regular",1,"Onsite",0.63
108938,2,6,12,104626,2025-07-31,NA,"Active",NA,"Employee","Regular",0.6,"Onsite",0.61
108172,2,6,5,100518,2025-08-01,NA,"Active",NA,"Employee","Regular",1,"Remote",0.61
101210,2,6,5,100245,2025-08-07,NA,"Active",NA,"Employee","Regular",1,"Remote",0.59
101864,2,6,1,101467,2025-08-11,NA,"Active",NA,"Employee","Regular",1,"Onsite",0.58
101095,2,6,11,108547,2025-08-23,NA,"Active",NA,"Employee","Regular",1,"Onsite",0.55
104476,2,6,5,107564,2025-08-23,NA,"Active",NA,"Employee","Regular",1,"Hybrid",0.55
108362,2,6,5,101467,2025-08-28,NA,"Active",NA,"Employee","Regular",1,"Remote",0.53
100635,2,6,5,109477,2025-09-03,NA,"Active",NA,"Employee","Regular",1,"Remote",0.52
109214,2,6,3,104162,2025-09-13,NA,"Active",NA,"Employee","Regular",0.6,"Onsite",0.49
105279,2,6,1,102333,2025-10-24,NA,"Active",NA,"Employee","Regular",1,"Hybrid",0.38
104289,2,6,10,104188,2025-10-29,NA,"Active",NA,"Employee","Regular",1,"Hybrid",0.36
106363,2,6,8,105870,2025-11-22,NA,"Active",NA,"Employee","Regular",1,"Remote",0.3
108502,2,6,11,109340,2025-12-06,NA,"Active",NA,"Employee","Regular",1,"Hybrid",0.26
101248,2,6,5,104116,2025-12-27,NA,"Active",NA,"Employee","Regular",1,"Onsite",0.2
106986,2,6,3,106725,2026-01-10,NA,"Active",NA,"Employee","Regular",0.6,"Hybrid",0.16
107113,2,6,9,103557,2026-01-16,NA,"Active",NA,"Employee","Regular",1,"Onsite",0.15
106275,3,10,4,100340,2013-01-03,NA,"Active",NA,"Employee","Regular",1,"Hybrid",13.18
102231,3,10,10,102169,2013-01-11,NA,"Active",NA,"Employee","Regular",1,"Onsite",13.16
107270,3,10,10,109030,2013-01-22,NA,"Active",NA,"Employee","Regular",1,"Onsite",13.13
101609,3,10,9,106852,2013-01-28,NA,"Active",NA,"Employee","Regular",1,"Remote",13.11
105029,3,10,3,105833,2013-02-10,NA,"Active",NA,"Employee","Regular",1,"Remote",13.08
101328,3,10,8,109913,2013-02-24,NA,"Active",NA,"Employee","Regular",1,"Onsite",13.04
102376,3,10,2,105650,2013-02-24,NA,"Active",NA,"Employee","Regular",1,"Onsite",13.04
109187,3,10,8,100358,2013-02-24,NA,"Active",NA,"Employee","Regular",1,"Onsite",13.04
107146,3,10,8,106742,2013-03-19,NA,"Active",NA,"Employee","Regular",1,"Onsite",12.98
108246,3,10,9,108719,2013-03-24,NA,"Active",NA,"Employee","Regular",1,"Hybrid",12.96
107703,3,10,2,100824,2013-03-31,NA,"Active",NA,"Contractor","Regular",1,"Onsite",12.94
105777,3,10,9,104718,2013-04-20,NA,"Active",NA,"Contractor","Regular",1,"Remote",12.89
100270,3,10,6,106708,2013-04-25,NA,"Active",NA,"Employee","Regular",0.6,"Remote",12.87
108211,3,10,7,104011,2013-04-28,NA,"Active",NA,"Employee","Regular",1,"Onsite",12.87
108033,3,10,6,103440,2013-05-12,2020-11-15,"Terminated","Voluntary","Employee","Regular",1,"Onsite",7.51
109519,3,10,3,106708,2013-05-16,NA,"Active",NA,"Employee","Regular",1,"Hybrid",12.82
109467,3,10,7,103544,2013-05-25,NA,"Active",NA,"Employee","Regular",1,"Onsite",12.79
105827,3,10,3,104576,2013-05-27,NA,"Active",NA,"Employee","Regular",0.6,"Onsite",12.79
100376,3,10,4,103362,2013-06-05,2023-04-14,"Terminated","Voluntary","Employee","Regular",1,"Onsite",9.86
104877,3,10,10,104398,2013-07-14,NA,"Active",NA,"Employee","Temporary",1,"Onsite",12.65
107899,3,10,5,106852,2013-08-09,NA,"Active",NA,"Contractor","Regular",1,"Hybrid",12.58
103306,3,10,12,108561,2013-08-27,NA,"Active",NA,"Employee","Regular",0.8,"Hybrid",12.53
105021,3,10,6,102574,2013-09-19,NA,"Active",NA,"Employee","Temporary",1,"Onsite",12.47
100493,3,10,5,103362,2013-10-18,NA,"Active",NA,"Employee","Regular",1,"Onsite",12.39
105264,3,10,6,101720,2013-11-05,NA,"Active",NA,"Contractor","Regular",1,"Hybrid",12.34
105928,3,10,8,104039,2013-11-18,NA,"Active",NA,"Employee","Regular",1,"Hybrid",12.31
103275,3,10,9,106329,2013-11-29,NA,"Active",NA,"Employee","Regular",1,"Remote",12.28
108026,3,10,12,109177,2013-12-20,NA,"Active",NA,"Employee","Regular",1,"Remote",12.22
103129,3,10,6,100340,2013-12-23,NA,"Active",NA,"Employee","Regular",0.8,"Onsite",12.21
104836,3,10,2,102897,2013-12-23,NA,"Active",NA,"Employee","Regular",1,"Hybrid",12.21
107412,3,10,12,107745,2014-01-20,NA,"Active",NA,"Employee","Regular",1,"Onsite",12.13
105065,3,10,4,101876,2014-01-25,NA,"Active",NA,"Employee","Regular",1,"Hybrid",12.12
107172,3,10,4,100623,2014-03-07,NA,"Active",NA,"Employee","Regular",1,"Onsite",12.01
102902,3,10,7,104398,2014-03-11,NA,"Active",NA,"Employee","Regular",1,"Hybrid",12
108812,3,10,3,101811,2014-03-24,NA,"Active",NA,"Employee","Regular",1,"Onsite",11.96
104622,3,10,12,107387,2014-04-01,NA,"Active",NA,"Employee","Regular",1,"Onsite",11.94
106761,3,10,7,102311,2014-04-27,NA,"Active",NA,"Employee","Regular",1,"Hybrid",11.87
109454,3,10,5,105938,2014-05-12,NA,"Active",NA,"Employee","Regular",1,"Onsite",11.83
105477,3,10,2,107303,2014-05-19,2022-03-22,"Terminated","Involuntary","Employee","Regular",1,"Hybrid",7.84
108307,3,10,10,101121,2014-05-23,NA,"Active",NA,"Employee","Temporary",1,"Hybrid",11.8
102776,3,10,6,102832,2014-06-25,2021-08-06,"Terminated","Voluntary","Employee","Regular",1,"Remote",7.12
102952,3,10,9,101811,2014-06-29,NA,"Active",NA,"Employee","Regular",1,"Hybrid",11.7
100061,3,10,11,103093,2014-07-03,NA,"Active",NA,"Employee","Temporary",1,"Remote",11.68
108590,3,10,8,100059,2014-07-05,NA,"Active",NA,"Employee","Regular",1,"Remote",11.68
100162,3,10,6,104361,2014-07-15,NA,"Active",NA,"Contractor","Regular",1,"Remote",11.65
101696,3,10,5,105833,2014-07-16,NA,"Active",NA,"Employee","Regular",1,"Onsite",11.65
103168,3,10,7,100059,2014-09-11,NA,"Active",NA,"Employee","Regular",0.8,"Hybrid",11.49
103220,3,10,6,105292,2014-10-07,NA,"Active",NA,"Employee","Regular",1,"Remote",11.42
106589,3,10,7,109159,2014-10-29,NA,"Active",NA,"Employee","Regular",1,"Hybrid",11.36
103969,3,10,8,106678,2014-11-03,NA,"Active",NA,"Employee","Regular",1,"Onsite",11.35
106510,3,10,7,100340,2015-01-19,NA,"Active",NA,"Employee","Regular",1,"Onsite",11.14
109048,3,10,3,101214,2015-02-14,NA,"Active",NA,"Employee","Regular",1,"Onsite",11.07
104945,3,10,4,106930,2015-03-08,NA,"Active",NA,"Employee","Regular",1,"Hybrid",11.01
104311,3,10,5,104718,2015-03-23,NA,"Active",NA,"Employee","Regular",1,"Remote",10.96
108483,3,10,3,102171,2015-04-09,NA,"Active",NA,"Employee","Regular",1,"Onsite",10.92
102675,3,10,2,101842,2015-04-13,NA,"Active",NA,"Employee","Regular",0.8,"Remote",10.91
108472,3,10,4,102889,2015-04-22,NA,"Active",NA,"Employee","Regular",1,"Onsite",10.88
105906,3,10,9,103544,2015-05-04,NA,"Active",NA,"Employee","Regular",1,"Hybrid",10.85
103811,3,10,12,100597,2015-05-24,NA,"Active",NA,"Employee","Regular",1,"Hybrid",10.79
109894,3,10,6,101777,2015-06-08,NA,"Active",NA,"Employee","Regular",1,"Onsite",10.75
104884,3,10,12,103191,2015-06-18,NA,"Active",NA,"Employee","Regular",1,"Onsite",10.73
102645,3,10,12,100939,2015-06-20,NA,"Active",NA,"Employee","Regular",1,"Onsite",10.72
100524,3,10,2,105994,2015-06-22,NA,"Active",NA,"Employee","Regular",0.8,"Onsite",10.72
101782,3,10,2,103093,2015-07-10,NA,"Active",NA,"Employee","Regular",1,"Onsite",10.67
101230,3,10,8,103829,2015-08-13,NA,"Active",NA,"Employee","Temporary",1,"Onsite",10.57
108634,3,10,10,104011,2015-09-13,NA,"Active",NA,"Employee","Regular",1,"Hybrid",10.49
100627,3,10,2,100012,2015-09-17,NA,"Active",NA,"Employee","Regular",1,"Hybrid",10.48
102170,3,10,10,105833,2015-10-15,NA,"Active",NA,"Employee","Regular",0.8,"Onsite",10.4
109406,3,10,8,109802,2015-11-14,NA,"Active",NA,"Employee","Regular",0.8,"Hybrid",10.32
100160,3,10,4,100135,2015-12-05,NA,"Active",NA,"Employee","Regular",1,"Hybrid",10.26
101128,3,10,4,109268,2015-12-13,NA,"Active",NA,"Employee","Regular",1,"Hybrid",10.24
105237,3,10,6,104576,2015-12-26,NA,"Active",NA,"Employee","Regular",1,"Onsite",10.2
104870,3,10,4,102518,2016-01-13,NA,"Active",NA,"Employee","Regular",1,"Onsite",10.15
102914,3,10,6,103003,2016-01-25,NA,"Active",NA,"Employee","Regular",1,"Hybrid",10.12
105748,3,10,7,102889,2016-01-28,NA,"Active",NA,"Employee","Regular",1,"Onsite",10.11
102563,3,10,6,102889,2016-01-31,NA,"Active",NA,"Employee","Regular",1,"Hybrid",10.1
105655,3,10,3,103261,2016-02-05,NA,"Active",NA,"Employee","Regular",1,"Hybrid",10.09
102258,3,10,1,101811,2016-02-16,NA,"Active",NA,"Employee","Regular",1,"Remote",10.06
104614,3,10,8,102567,2016-02-16,NA,"Active",NA,"Contractor","Regular",1,"Onsite",10.06
105838,3,10,12,100012,2016-02-25,NA,"Active",NA,"Employee","Regular",1,"Remote",10.04
106694,3,10,3,108579,2016-03-04,NA,"Active",NA,"Contractor","Regular",1,"Hybrid",10.02
109371,3,10,5,107859,2016-03-09,NA,"Active",NA,"Employee","Regular",1,"Remote",10
108843,3,10,3,106251,2016-04-10,2022-05-25,"Terminated","Voluntary","Employee","Regular",1,"Onsite",6.12
101032,3,10,8,103715,2016-04-25,NA,"Active",NA,"Employee","Regular",1,"Hybrid",9.87
109136,3,10,9,100187,2016-06-15,NA,"Active",NA,"Employee","Regular",0.6,"Hybrid",9.73
103359,3,10,9,104045,2016-06-28,NA,"Active",NA,"Employee","Regular",1,"Onsite",9.7
109620,3,10,6,102518,2016-07-17,NA,"Active",NA,"Employee","Regular",1,"Remote",9.65
107388,3,10,7,107199,2016-07-19,NA,"Active",NA,"Employee","Regular",1,"Hybrid",9.64
104468,3,10,4,102889,2016-08-11,NA,"Active",NA,"Employee","Regular",1,"Hybrid",9.58
101015,3,10,3,105833,2016-08-13,NA,"Active",NA,"Employee","Regular",1,"Onsite",9.57
102442,3,10,9,106251,2016-08-20,NA,"Active",NA,"Employee","Regular",1,"Onsite",9.55
108170,3,10,1,103715,2016-09-11,NA,"Active",NA,"Employee","Regular",1,"Hybrid",9.49
107421,3,10,4,106930,2016-10-08,NA,"Active",NA,"Employee","Regular",1,"Onsite",9.42
100547,3,10,3,108213,2016-11-16,NA,"Active",NA,"Employee","Regular",1,"Hybrid",9.31
100459,3,10,7,104576,2016-12-06,NA,"Active",NA,"Employee","Regular",1,"Remote",9.26
103651,3,10,3,106251,2016-12-07,NA,"Active",NA,"Employee","Regular",1,"Onsite",9.25
107274,3,10,1,102542,2017-01-24,NA,"Active",NA,"Employee","Temporary",1,"Onsite",9.12
109466,3,10,9,105755,2017-02-13,NA,"Active",NA,"Employee","Regular",1,"Hybrid",9.07
107178,3,10,11,103627,2017-02-25,NA,"Active",NA,"Employee","Regular",1,"Onsite",9.04
103056,3,10,11,102847,2017-03-04,NA,"Active",NA,"Employee","Regular",1,"Remote",9.02
103041,3,10,6,104911,2017-03-13,NA,"Active",NA,"Employee","Regular",1,"Onsite",8.99
103455,3,10,2,107338,2017-03-30,NA,"Active",NA,"Employee","Regular",1,"Onsite",8.95
102936,3,10,3,104237,2017-05-18,NA,"Active",NA,"Employee","Regular",0.6,"Hybrid",8.81
101820,3,10,1,101321,2017-07-21,NA,"Active",NA,"Employee","Regular",1,"Remote",8.64
105277,3,10,2,103261,2017-08-14,NA,"Active",NA,"Employee","Temporary",1,"Onsite",8.57
105154,3,10,1,109802,2017-08-17,NA,"Active",NA,"Employee","Regular",1,"Onsite",8.56
103577,3,10,5,107303,2017-09-07,NA,"Active",NA,"Employee","Regular",1,"Onsite",8.5
108185,3,10,5,104237,2017-09-10,NA,"Active",NA,"Employee","Regular",1,"Hybrid",8.5
101492,3,10,7,100824,2017-09-29,NA,"Active",NA,"Employee","Regular",1,"Onsite",8.44
102314,3,10,11,104005,2017-12-18,NA,"Active",NA,"Employee","Regular",0.6,"Onsite",8.22
100667,3,10,12,100641,2017-12-28,NA,"Active",NA,"Employee","Regular",0.8,"Remote",8.2
109951,3,10,6,106985,2018-01-02,NA,"Active",NA,"Employee","Regular",1,"Onsite",8.18
102635,3,10,12,103987,2018-01-07,NA,"Active",NA,"Employee","Regular",1,"Onsite",8.17
108658,3,10,11,108579,2018-02-27,NA,"Active",NA,"Employee","Regular",1,"Hybrid",8.03
108035,3,10,10,103882,2018-03-04,NA,"Active",NA,"Employee","Regular",1,"Remote",8.02
108521,3,10,9,101321,2018-03-20,NA,"Active",NA,"Employee","Regular",1,"Hybrid",7.97
102054,3,10,12,108484,2018-03-25,NA,"Active",NA,"Employee","Regular",1,"Onsite",7.96
107739,3,10,6,103544,2018-04-07,NA,"Active",NA,"Employee","Regular",1,"Hybrid",7.92
107563,3,10,5,101842,2018-04-23,NA,"Active",NA,"Employee","Regular",1,"Hybrid",7.88
104964,3,10,1,101720,2018-06-21,NA,"Active",NA,"Employee","Regular",1,"Hybrid",7.72
104332,3,10,3,107745,2018-07-11,NA,"Active",NA,"Employee","Regular",1,"Hybrid",7.66
108655,3,10,8,107199,2018-11-01,NA,"Active",NA,"Employee","Regular",1,"Onsite",7.35
101719,3,10,9,102171,2018-11-06,NA,"Active",NA,"Employee","Regular",1,"Onsite",7.34
103082,3,10,11,108784,2018-11-08,NA,"Active",NA,"Employee","Regular",1,"Onsite",7.33
102446,3,10,12,106909,2018-12-28,2025-09-22,"Terminated","Voluntary","Employee","Regular",0.8,"Remote",6.73
108739,3,10,12,109931,2019-02-10,NA,"Active",NA,"Employee","Regular",0.8,"Onsite",7.08
101562,3,10,12,105292,2019-03-29,NA,"Active",NA,"Employee","Regular",1,"Remote",6.95
100990,3,10,7,106852,2019-04-07,NA,"Active",NA,"Contractor","Regular",1,"Hybrid",6.92
103768,3,10,8,104361,2019-05-11,NA,"Active",NA,"Employee","Regular",1,"Onsite",6.83
105953,3,10,8,100059,2019-05-12,NA,"Active",NA,"Employee","Regular",0.8,"Remote",6.83
105694,3,10,1,108987,2019-06-04,2022-12-12,"Terminated","Voluntary","Employee","Regular",1,"Onsite",3.52
107635,3,10,1,100623,2019-06-09,NA,"Active",NA,"Employee","Regular",1,"Remote",6.75
107956,3,10,11,101321,2019-06-29,NA,"Active",NA,"Employee","Regular",1,"Hybrid",6.7
103702,3,10,11,102169,2019-07-03,NA,"Active",NA,"Employee","Regular",1,"Hybrid",6.68
104279,3,10,10,109177,2019-07-07,NA,"Active",NA,"Employee","Regular",1,"Hybrid",6.67
104700,3,10,8,106341,2019-08-06,NA,"Active",NA,"Employee","Regular",1,"Hybrid",6.59
106716,3,10,3,102847,2019-08-08,NA,"Active",NA,"Employee","Regular",1,"Remote",6.59
104790,3,10,9,102847,2019-09-23,NA,"Active",NA,"Contractor","Regular",0.8,"Remote",6.46
104554,3,10,5,104192,2019-10-14,NA,"Active",NA,"Employee","Regular",1,"Onsite",6.4
106658,3,10,2,105450,2019-10-29,NA,"Active",NA,"Employee","Regular",0.6,"Hybrid",6.36
101049,3,10,5,102506,2019-11-08,NA,"Active",NA,"Employee","Regular",1,"Remote",6.33
103944,3,10,7,106642,2019-12-14,NA,"Active",NA,"Employee","Regular",1,"Hybrid",6.24
106269,3,10,3,100873,2019-12-15,NA,"Active",NA,"Employee","Regular",0.6,"Onsite",6.23
109795,3,10,9,108029,2019-12-22,NA,"Active",NA,"Employee","Regular",1,"Hybrid",6.21
101945,3,10,7,108198,2019-12-25,NA,"Active",NA,"Employee","Regular",1,"Onsite",6.21
106067,3,10,12,104039,2020-01-19,NA,"Active",NA,"Employee","Regular",1,"Hybrid",6.14
109087,3,10,1,102687,2020-01-23,NA,"Active",NA,"Employee","Temporary",1,"Onsite",6.13
108867,3,10,4,100059,2020-02-04,NA,"Active",NA,"Employee","Regular",0.6,"Hybrid",6.09
107310,3,10,6,107382,2020-03-20,NA,"Active",NA,"Employee","Regular",1,"Remote",5.97
106486,3,10,4,109364,2020-04-18,2025-02-03,"Terminated","Voluntary","Employee","Regular",1,"Hybrid",4.8
109076,3,10,6,106841,2020-05-04,NA,"Active",NA,"Employee","Regular",1,"Hybrid",5.85
109396,3,10,8,107324,2020-05-10,NA,"Active",NA,"Contractor","Regular",1,"Onsite",5.83
100146,3,10,5,102506,2020-05-12,NA,"Active",NA,"Employee","Regular",1,"Onsite",5.83
106306,3,10,1,104237,2020-05-24,NA,"Active",NA,"Employee","Regular",1,"Onsite",5.79
105310,3,10,12,104005,2020-07-22,NA,"Active",NA,"Employee","Regular",1,"Hybrid",5.63
101942,3,10,9,108484,2020-09-08,NA,"Active",NA,"Employee","Regular",1,"Hybrid",5.5
105572,3,10,7,109159,2020-10-01,NA,"Active",NA,"Employee","Regular",1,"Remote",5.44
100448,3,10,10,108719,2020-10-03,NA,"Active",NA,"Employee","Regular",1,"Hybrid",5.43
108161,3,10,7,103627,2020-10-25,NA,"Active",NA,"Employee","Regular",1,"Onsite",5.37
108572,3,10,2,109186,2020-12-07,2025-08-26,"Terminated","Involuntary","Contractor","Regular",0.8,"Hybrid",4.72
100880,3,10,3,101720,2021-01-09,NA,"Active",NA,"Employee","Regular",1,"Onsite",5.16
108875,3,10,8,104619,2021-02-12,NA,"Active",NA,"Contractor","Regular",1,"Hybrid",5.07
107669,3,10,10,100135,2021-02-25,NA,"Active",NA,"Employee","Regular",1,"Onsite",5.04
108864,3,10,8,108278,2021-04-20,NA,"Active",NA,"Employee","Regular",1,"Onsite",4.89
100919,3,10,1,108579,2021-04-22,NA,"Active",NA,"Employee","Regular",1,"Hybrid",4.88
100215,3,10,1,102171,2021-05-28,NA,"Active",NA,"Employee","Regular",1,"Hybrid",4.78
101011,3,10,6,101106,2021-05-30,NA,"Active",NA,"Employee","Regular",1,"Hybrid",4.78
100202,3,10,5,105450,2021-06-11,NA,"Active",NA,"Employee","Regular",1,"Onsite",4.75
109548,3,10,2,104363,2021-07-07,NA,"Active",NA,"Employee","Regular",1,"Remote",4.67
108755,3,10,12,100923,2021-07-09,NA,"Active",NA,"Employee","Regular",1,"Hybrid",4.67
106915,3,10,6,102506,2021-07-24,NA,"Active",NA,"Employee","Regular",1,"Remote",4.63
106662,3,10,1,102311,2021-07-26,NA,"Active",NA,"Employee","Regular",1,"Remote",4.62
103972,3,10,7,102542,2021-08-23,NA,"Active",NA,"Employee","Regular",0.8,"Remote",4.55
105758,3,10,3,102687,2021-12-26,NA,"Active",NA,"Employee","Regular",1,"Onsite",4.2
109073,3,10,3,100059,2021-12-29,NA,"Active",NA,"Employee","Regular",1,"Onsite",4.19
107341,3,10,7,109997,2022-01-10,2025-10-02,"Terminated","Voluntary","Employee","Temporary",1,"Onsite",3.73
103091,3,10,1,109268,2022-02-24,NA,"Active",NA,"Employee","Regular",1,"Onsite",4.04
109692,3,10,10,109095,2022-03-07,2025-02-11,"Terminated","Voluntary","Employee","Regular",1,"Hybrid",2.93
105685,3,10,5,103715,2022-03-26,NA,"Active",NA,"Employee","Regular",1,"Onsite",3.96
100626,3,10,5,101811,2022-04-09,NA,"Active",NA,"Employee","Regular",1,"Onsite",3.92
107213,3,10,9,108579,2022-04-27,NA,"Active",NA,"Employee","Regular",1,"Onsite",3.87
106249,3,10,1,100012,2022-05-25,NA,"Active",NA,"Contractor","Regular",1,"Hybrid",3.79
107079,3,10,2,109711,2022-07-07,NA,"Active",NA,"Employee","Regular",0.6,"Onsite",3.67
104129,3,10,11,104646,2022-10-04,NA,"Active",NA,"Employee","Regular",1,"Onsite",3.43
105556,3,10,8,107745,2022-10-30,NA,"Active",NA,"Employee","Regular",1,"Hybrid",3.36
107689,3,10,10,106678,2022-11-14,NA,"Active",NA,"Employee","Regular",0.6,"Hybrid",3.32
106194,3,10,1,105938,2022-12-09,NA,"Active",NA,"Employee","Regular",1,"Hybrid",3.25
107935,3,10,2,100824,2022-12-19,NA,"Active",NA,"Employee","Regular",1,"Onsite",3.22
104479,3,10,6,106909,2022-12-28,NA,"Active",NA,"Employee","Regular",1,"Onsite",3.2
104644,3,10,12,106404,2022-12-31,NA,"Active",NA,"Employee","Regular",1,"Onsite",3.19
102261,3,10,6,103829,2023-02-09,NA,"Active",NA,"Employee","Regular",1,"Onsite",3.08
100137,3,10,4,100641,2023-04-05,NA,"Active",NA,"Employee","Regular",1,"Remote",2.93
107402,3,10,6,106237,2023-05-19,NA,"Active",NA,"Employee","Temporary",0.8,"Onsite",2.81
103801,3,10,7,106404,2023-06-06,NA,"Active",NA,"Employee","Regular",1,"Hybrid",2.76
108229,3,10,6,100939,2023-06-09,NA,"Active",NA,"Employee","Regular",1,"Hybrid",2.75
106098,3,10,11,106237,2023-07-15,NA,"Active",NA,"Employee","Regular",1,"Onsite",2.65
107803,3,10,3,104213,2023-07-30,NA,"Active",NA,"Employee","Regular",1,"Onsite",2.61
100791,3,10,1,104005,2023-08-30,NA,"Active",NA,"Employee","Regular",1,"Hybrid",2.53
108293,3,10,10,108579,2023-09-25,NA,"Active",NA,"Employee","Regular",1,"Remote",2.45
109010,3,10,10,109802,2023-10-17,NA,"Active",NA,"Employee","Regular",1,"Onsite",2.39
101730,3,10,11,100623,2023-11-03,NA,"Active",NA,"Employee","Regular",1,"Hybrid",2.35
101107,3,10,11,104192,2023-11-08,NA,"Active",NA,"Employee","Regular",1,"Onsite",2.33
101276,3,10,4,100873,2023-11-13,NA,"Active",NA,"Employee","Regular",1,"Onsite",2.32
107467,3,10,9,103882,2023-11-14,NA,"Active",NA,"Employee","Regular",1,"Hybrid",2.32
104926,3,10,3,103676,2023-11-22,NA,"Active",NA,"Employee","Regular",1,"Onsite",2.3
105411,3,10,3,100986,2024-03-12,NA,"Active",NA,"Employee","Regular",1,"Hybrid",1.99
109431,3,10,6,106841,2024-03-24,NA,"Active",NA,"Employee","Regular",1,"Onsite",1.96
106407,3,10,2,103440,2024-03-28,NA,"Active",NA,"Employee","Regular",1,"Hybrid",1.95
106009,3,10,5,107544,2024-04-14,NA,"Active",NA,"Employee","Temporary",1,"Hybrid",1.9
100931,3,10,10,103566,2024-05-02,NA,"Active",NA,"Employee","Regular",1,"Hybrid",1.85
109418,3,10,5,103987,2024-05-23,NA,"Active",NA,"Employee","Temporary",1,"Onsite",1.8
105557,3,10,2,107862,2024-05-27,NA,"Active",NA,"Employee","Regular",1,"Hybrid",1.79
106519,3,10,10,106125,2024-07-01,NA,"Active",NA,"Employee","Regular",1,"Hybrid",1.69
103049,3,10,5,103093,2024-07-21,NA,"Active",NA,"Employee","Regular",1,"Hybrid",1.64
106884,3,10,3,106841,2024-08-29,NA,"Active",NA,"Contractor","Regular",1,"Onsite",1.53
107678,3,10,5,103191,2024-09-21,NA,"Active",NA,"Employee","Regular",1,"Hybrid",1.47
102758,3,10,6,109799,2024-09-22,2026-02-07,"Terminated","Voluntary","Employee","Regular",1,"Onsite",1.38
102707,3,10,3,101321,2024-10-20,NA,"Active",NA,"Employee","Regular",0.8,"Onsite",1.39
106726,3,10,5,100824,2024-12-28,NA,"Active",NA,"Employee","Regular",1,"Remote",1.2
109282,3,10,4,103544,2025-01-30,NA,"Active",NA,"Employee","Regular",1,"Hybrid",1.11
108977,3,10,11,109802,2025-04-03,NA,"Active",NA,"Employee","Regular",1,"Onsite",0.93
109168,3,10,7,101321,2025-06-08,NA,"Active",NA,"Employee","Regular",1,"Onsite",0.75
109462,3,10,4,102169,2025-06-21,NA,"Active",NA,"Employee","Regular",1,"Remote",0.72
106215,3,10,4,100252,2025-07-23,NA,"Active",NA,"Employee","Regular",1,"Remote",0.63
103954,3,10,2,106673,2025-08-06,NA,"Active",NA,"Employee","Regular",1,"Onsite",0.59
101250,3,10,10,104192,2025-08-15,NA,"Active",NA,"Employee","Temporary",1,"Onsite",0.57
100507,3,10,12,109711,2025-09-08,NA,"Active",NA,"Employee","Regular",0.6,"Onsite",0.5
107525,3,10,3,108487,2025-09-10,NA,"Active",NA,"Employee","Regular",1,"Hybrid",0.5
102392,3,10,12,109711,2025-10-25,NA,"Active",NA,"Employee","Regular",0.8,"Hybrid",0.37
105696,3,10,7,108987,2025-11-21,NA,"Active",NA,"Employee","Regular",1,"Onsite",0.3
109272,3,10,10,104361,2025-12-30,NA,"Active",NA,"Contractor","Regular",1,"Remote",0.19
105749,3,10,10,104718,2026-01-10,NA,"Active",NA,"Employee","Regular",1,"Hybrid",0.16
104013,3,10,3,107544,2026-01-22,NA,"Active",NA,"Employee","Regular",1,"Remote",0.13
104079,3,10,6,106742,2026-01-28,NA,"Active",NA,"Employee","Regular",1,"Onsite",0.11
107755,5,17,9,103134,2013-01-04,NA,"Active",NA,"Employee","Regular",1,"Hybrid",13.18
106620,5,17,3,103934,2013-01-26,NA,"Active",NA,"Employee","Regular",1,"Onsite",13.12
108252,5,17,10,101098,2013-01-26,NA,"Active",NA,"Employee","Regular",1,"Onsite",13.12
108492,5,17,10,109040,2013-04-08,NA,"Active",NA,"Employee","Regular",1,"Onsite",12.92
109314,5,17,7,103747,2013-05-16,NA,"Active",NA,"Employee","Regular",1,"Hybrid",12.82
104503,5,17,5,101906,2013-06-18,NA,"Active",NA,"Employee","Regular",1,"Hybrid",12.73
107082,5,17,2,104270,2013-06-25,NA,"Active",NA,"Employee","Regular",1,"Remote",12.71
109270,5,17,11,101887,2013-07-10,NA,"Active",NA,"Employee","Regular",1,"Remote",12.67
100267,5,17,11,101587,2013-10-03,NA,"Active",NA,"Employee","Regular",1,"Onsite",12.43
107337,5,17,3,109420,2013-11-03,2024-06-09,"Terminated","Voluntary","Employee","Temporary",1,"Hybrid",10.6
101803,5,17,4,103042,2013-11-07,NA,"Active",NA,"Employee","Regular",1,"Remote",12.34
109233,5,17,8,104009,2013-11-26,NA,"Active",NA,"Employee","Regular",1,"Remote",12.28
106557,5,17,6,108297,2013-12-23,NA,"Active",NA,"Contractor","Regular",1,"Remote",12.21
105020,5,17,9,104694,2013-12-26,NA,"Active",NA,"Employee","Regular",1,"Onsite",12.2
104231,5,17,11,109079,2014-01-27,NA,"Active",NA,"Employee","Regular",1,"Hybrid",12.12
106373,5,17,3,101425,2014-02-08,NA,"Active",NA,"Employee","Regular",1,"Hybrid",12.08
107477,5,17,8,108156,2014-05-26,NA,"Active",NA,"Employee","Regular",1,"Remote",11.79
105635,5,17,4,101098,2014-06-08,NA,"Active",NA,"Employee","Regular",1,"Hybrid",11.75
103804,5,17,4,100550,2014-06-19,NA,"Active",NA,"Employee","Regular",1,"Hybrid",11.72
105384,5,17,3,100161,2014-07-17,NA,"Active",NA,"Employee","Regular",0.8,"Hybrid",11.65
102370,5,17,3,107304,2014-08-13,NA,"Active",NA,"Employee","Regular",1,"Remote",11.57
102323,5,17,10,103134,2014-11-19,NA,"Active",NA,"Employee","Temporary",1,"Onsite",11.3
100452,5,17,10,108156,2015-02-04,NA,"Active",NA,"Employee","Regular",1,"Onsite",11.09
102332,5,17,10,103431,2015-02-17,NA,"Active",NA,"Contractor","Regular",1,"Hybrid",11.06
106166,5,17,3,107351,2015-02-18,NA,"Active",NA,"Employee","Regular",1,"Onsite",11.05
103309,5,17,4,106455,2015-03-27,NA,"Active",NA,"Employee","Regular",1,"Onsite",10.95
105370,5,17,6,106007,2015-04-14,NA,"Active",NA,"Employee","Regular",1,"Onsite",10.9
108963,5,17,7,100502,2015-06-11,NA,"Active",NA,"Employee","Regular",1,"Hybrid",10.75
101892,5,17,1,107642,2015-06-20,NA,"Active",NA,"Employee","Regular",1,"Hybrid",10.72
109357,5,17,4,101098,2015-07-26,NA,"Active",NA,"Employee","Regular",1,"Hybrid",10.62
105936,5,17,12,109773,2015-08-04,NA,"Active",NA,"Employee","Temporary",1,"Hybrid",10.6
107814,5,17,11,100535,2015-08-30,NA,"Active",NA,"Employee","Regular",1,"Onsite",10.53
109970,5,17,3,102041,2015-09-10,NA,"Active",NA,"Employee","Regular",1,"Hybrid",10.5
107627,5,17,12,104313,2015-09-27,NA,"Active",NA,"Employee","Regular",1,"Onsite",10.45
104394,5,17,11,106171,2015-10-01,NA,"Active",NA,"Employee","Regular",1,"Hybrid",10.44
109592,5,17,9,101716,2015-10-02,NA,"Active",NA,"Employee","Regular",0.8,"Onsite",10.44
106812,5,17,6,106835,2015-10-03,NA,"Active",NA,"Employee","Regular",1,"Onsite",10.43
109196,5,17,4,102960,2015-10-07,NA,"Active",NA,"Contractor","Regular",1,"Onsite",10.42
108920,5,17,9,107642,2015-11-11,NA,"Active",NA,"Employee","Regular",1,"Hybrid",10.33
101673,5,17,4,104558,2015-12-24,NA,"Active",NA,"Employee","Regular",1,"Onsite",10.21
107852,5,17,3,107197,2016-01-09,NA,"Active",NA,"Employee","Regular",1,"Hybrid",10.16
105680,5,17,11,100482,2016-01-22,2025-04-18,"Terminated","Involuntary","Employee","Regular",1,"Hybrid",9.24
109598,5,17,12,103462,2016-02-08,NA,"Active",NA,"Contractor","Temporary",1,"Onsite",10.08
101932,5,17,4,105246,2016-04-07,NA,"Active",NA,"Employee","Regular",0.8,"Remote",9.92
101821,5,17,5,104030,2016-04-22,NA,"Active",NA,"Employee","Regular",1,"Remote",9.88
108535,5,17,3,108581,2016-04-30,NA,"Active",NA,"Employee","Regular",0.8,"Onsite",9.86
102145,5,17,5,104867,2016-05-28,NA,"Active",NA,"Employee","Regular",1,"Hybrid",9.78
104469,5,17,6,101906,2016-05-30,NA,"Active",NA,"Contractor","Regular",1,"Remote",9.78
100634,5,17,6,109420,2016-06-16,NA,"Active",NA,"Employee","Regular",1,"Onsite",9.73
108200,5,17,5,104867,2016-06-25,2025-01-20,"Terminated","Voluntary","Employee","Regular",1,"Onsite",8.57
100666,5,17,3,104513,2016-08-11,NA,"Active",NA,"Employee","Regular",1,"Hybrid",9.58
100489,5,17,9,103042,2016-09-07,NA,"Active",NA,"Employee","Regular",1,"Hybrid",9.5
104095,5,17,7,101906,2016-10-06,NA,"Active",NA,"Employee","Regular",1,"Onsite",9.42
101686,5,17,11,103934,2016-10-08,NA,"Active",NA,"Employee","Regular",1,"Onsite",9.42
106261,5,17,5,102557,2016-10-13,NA,"Active",NA,"Employee","Regular",0.6,"Hybrid",9.41
102971,5,17,11,100535,2016-10-14,2025-08-17,"Terminated","Voluntary","Employee","Regular",1,"Hybrid",8.84
106051,5,17,7,108581,2016-10-15,NA,"Active",NA,"Employee","Regular",0.8,"Hybrid",9.4
101036,5,17,9,109358,2016-11-16,NA,"Active",NA,"Employee","Regular",0.8,"Remote",9.31
101984,5,17,9,106854,2016-12-14,NA,"Active",NA,"Employee","Regular",1,"Hybrid",9.24
103850,5,17,6,104867,2016-12-19,NA,"Active",NA,"Employee","Regular",1,"Onsite",9.22
109783,5,17,11,104857,2017-01-18,NA,"Active",NA,"Employee","Regular",1,"Onsite",9.14
107959,5,17,10,104009,2017-02-27,NA,"Active",NA,"Employee","Regular",0.8,"Hybrid",9.03
106660,5,17,7,101098,2017-03-12,NA,"Active",NA,"Employee","Regular",1,"Onsite",8.99
109028,5,17,2,100079,2017-04-05,NA,"Active",NA,"Employee","Regular",1,"Hybrid",8.93
109255,5,17,4,104890,2017-04-22,2024-03-12,"Terminated","Voluntary","Employee","Regular",0.8,"Onsite",6.89
104767,5,17,8,106436,2017-04-30,2024-11-27,"Terminated","Voluntary","Employee","Regular",1,"Hybrid",7.58
107608,5,17,4,105211,2017-06-11,NA,"Active",NA,"Employee","Regular",1,"Remote",8.75
104085,5,17,6,102960,2017-07-06,2024-01-17,"Terminated","Voluntary","Employee","Temporary",1,"Onsite",6.53
105426,5,17,12,100451,2017-07-23,NA,"Active",NA,"Employee","Regular",1,"Onsite",8.63
101365,5,17,3,104009,2017-09-23,NA,"Active",NA,"Employee","Regular",1,"Onsite",8.46
103599,5,17,6,104453,2017-10-07,NA,"Active",NA,"Employee","Temporary",1,"Hybrid",8.42
109952,5,17,4,103462,2017-10-24,NA,"Active",NA,"Employee","Regular",1,"Onsite",8.38
102449,5,17,2,108156,2017-11-05,NA,"Active",NA,"Employee","Regular",1,"Hybrid",8.34
107294,5,17,1,109276,2017-11-18,2021-12-18,"Terminated","Involuntary","Employee","Regular",0.8,"Remote",4.08
100901,5,17,2,103263,2017-12-17,NA,"Active",NA,"Employee","Regular",0.8,"Hybrid",8.23
108337,5,17,1,106171,2018-01-21,NA,"Active",NA,"Employee","Regular",0.8,"Onsite",8.13
103169,5,17,5,108926,2018-01-22,NA,"Active",NA,"Employee","Regular",1,"Hybrid",8.13
102159,5,17,2,106739,2018-02-03,NA,"Active",NA,"Employee","Regular",1,"Onsite",8.1
100949,5,17,3,106007,2018-03-06,NA,"Active",NA,"Employee","Regular",1,"Hybrid",8.01
101494,5,17,11,102775,2018-05-13,NA,"Active",NA,"Employee","Regular",1,"Hybrid",7.82
109867,5,17,7,101906,2018-06-21,NA,"Active",NA,"Employee","Regular",1,"Onsite",7.72
104722,5,17,2,102453,2018-06-26,NA,"Active",NA,"Employee","Regular",1,"Hybrid",7.7
101451,5,17,3,101185,2018-06-30,NA,"Active",NA,"Employee","Regular",1,"Onsite",7.69
100290,5,17,6,101861,2018-09-24,NA,"Active",NA,"Employee","Regular",0.8,"Hybrid",7.46
107425,5,17,1,103747,2018-09-27,NA,"Active",NA,"Employee","Regular",1,"Hybrid",7.45
107587,5,17,2,109434,2018-10-11,NA,"Active",NA,"Employee","Regular",1,"Onsite",7.41
105413,5,17,1,106739,2018-11-19,NA,"Active",NA,"Employee","Regular",1,"Remote",7.3
108586,5,17,5,109793,2018-12-01,NA,"Active",NA,"Employee","Regular",1,"Hybrid",7.27
101829,5,17,6,107052,2018-12-28,NA,"Active",NA,"Employee","Regular",0.8,"Remote",7.2
101658,5,17,6,107642,2019-02-07,NA,"Active",NA,"Employee","Regular",1,"Remote",7.08
103851,5,17,7,100079,2019-02-10,NA,"Active",NA,"Employee","Regular",1,"Remote",7.08
103614,5,17,11,109040,2019-02-11,2024-12-15,"Terminated","Voluntary","Employee","Regular",1,"Hybrid",5.84
100035,5,17,7,109936,2019-03-09,NA,"Active",NA,"Employee","Regular",1,"Onsite",7
109267,5,17,7,109358,2019-03-17,NA,"Active",NA,"Employee","Regular",1,"Onsite",6.98
109492,5,17,6,106156,2019-04-14,2025-04-18,"Terminated","Voluntary","Employee","Regular",1,"Onsite",6.01
100158,5,17,12,108206,2019-04-20,NA,"Active",NA,"Employee","Regular",1,"Onsite",6.89
109155,5,17,7,106156,2019-05-16,NA,"Active",NA,"Employee","Regular",0.8,"Onsite",6.82
104864,5,17,5,109276,2019-05-24,NA,"Active",NA,"Employee","Regular",1,"Hybrid",6.79
105388,5,17,10,105488,2019-05-31,NA,"Active",NA,"Employee","Regular",1,"Hybrid",6.78
107598,5,17,9,103310,2019-06-09,NA,"Active",NA,"Employee","Regular",0.6,"Hybrid",6.75
106598,5,17,1,108746,2019-06-11,NA,"Active",NA,"Employee","Regular",1,"Remote",6.75
103377,5,17,8,105339,2019-07-12,2025-12-26,"Terminated","Voluntary","Employee","Regular",0.8,"Hybrid",6.46
104277,5,17,4,104678,2019-07-27,NA,"Active",NA,"Employee","Regular",1,"Hybrid",6.62
103911,5,17,12,103125,2019-08-21,NA,"Active",NA,"Employee","Temporary",1,"Onsite",6.55
105979,5,17,4,102041,2019-09-16,NA,"Active",NA,"Employee","Regular",1,"Onsite",6.48
107753,5,17,1,106403,2019-10-01,NA,"Active",NA,"Employee","Regular",1,"Onsite",6.44
109814,5,17,8,106934,2019-10-09,NA,"Active",NA,"Employee","Regular",0.8,"Onsite",6.42
107102,5,17,2,104433,2019-11-03,NA,"Active",NA,"Employee","Regular",1,"Onsite",6.35
100106,5,17,11,102474,2019-11-20,NA,"Active",NA,"Employee","Regular",1,"Onsite",6.3
106176,5,17,11,102557,2019-11-23,NA,"Active",NA,"Employee","Regular",1,"Hybrid",6.29
105885,5,17,4,103462,2020-02-23,NA,"Active",NA,"Employee","Regular",1,"Hybrid",6.04
102031,5,17,6,100732,2020-03-25,NA,"Active",NA,"Employee","Regular",1,"Onsite",5.96
102317,5,17,5,101587,2020-05-13,NA,"Active",NA,"Employee","Regular",0.6,"Onsite",5.82
100065,5,17,6,108206,2020-07-01,NA,"Active",NA,"Employee","Temporary",1,"Onsite",5.69
105018,5,17,11,101861,2020-08-06,NA,"Active",NA,"Employee","Regular",1,"Hybrid",5.59
104853,5,17,2,107592,2020-08-31,NA,"Active",NA,"Employee","Regular",1,"Remote",5.52
103922,5,17,1,101185,2020-09-23,NA,"Active",NA,"Employee","Regular",1,"Remote",5.46
109468,5,17,10,103948,2020-10-05,NA,"Active",NA,"Employee","Regular",1,"Hybrid",5.43
108393,5,17,4,104453,2020-10-17,NA,"Active",NA,"Employee","Temporary",1,"Onsite",5.39
109765,5,17,11,102960,2020-11-30,NA,"Active",NA,"Employee","Regular",1,"Onsite",5.27
100904,5,17,6,109271,2020-12-22,NA,"Active",NA,"Employee","Regular",1,"Hybrid",5.21
107921,5,17,10,101887,2021-02-01,NA,"Active",NA,"Employee","Regular",0.8,"Hybrid",5.1
102384,5,17,7,104163,2021-03-07,NA,"Active",NA,"Employee","Regular",1,"Hybrid",5.01
101613,5,17,6,106835,2021-04-20,NA,"Active",NA,"Employee","Regular",1,"Hybrid",4.89
106740,5,17,3,103948,2021-06-02,NA,"Active",NA,"Employee","Regular",1,"Onsite",4.77
103508,5,17,4,109434,2021-09-04,NA,"Active",NA,"Employee","Regular",1,"Remote",4.51
106862,5,17,6,103948,2021-09-08,2025-09-27,"Terminated","Voluntary","Employee","Regular",1,"Onsite",4.05
106602,5,17,5,106518,2021-09-11,NA,"Active",NA,"Employee","Regular",1,"Onsite",4.49
104340,5,17,12,106631,2021-09-21,NA,"Active",NA,"Employee","Regular",1,"Remote",4.47
103145,5,17,8,109432,2021-09-30,NA,"Active",NA,"Employee","Regular",1,"Onsite",4.44
108066,5,17,7,106544,2021-10-03,NA,"Active",NA,"Employee","Regular",1,"Onsite",4.43
105982,5,17,10,106854,2021-10-04,2024-12-26,"Terminated","Voluntary","Employee","Regular",1,"Onsite",3.23
103104,5,17,12,106518,2021-10-30,2025-01-20,"Terminated","Voluntary","Employee","Temporary",1,"Onsite",3.22
105325,5,17,11,105876,2021-11-09,NA,"Active",NA,"Contractor","Regular",1,"Onsite",4.33
108749,5,17,1,103042,2021-12-02,NA,"Active",NA,"Employee","Regular",1,"Hybrid",4.27
102522,5,17,9,104936,2022-01-26,NA,"Active",NA,"Employee","Regular",1,"Hybrid",4.12
103313,5,17,3,109432,2022-02-01,NA,"Active",NA,"Employee","Regular",1,"Hybrid",4.1
101643,5,17,9,108297,2022-02-09,2026-02-01,"Terminated","Involuntary","Employee","Regular",1,"Hybrid",3.98
103305,5,17,12,107592,2022-03-20,2025-06-23,"Terminated","Involuntary","Contractor","Regular",1,"Hybrid",3.26
107153,5,17,12,103462,2022-04-09,NA,"Active",NA,"Employee","Regular",1,"Hybrid",3.92
101470,5,17,3,103212,2022-06-14,NA,"Active",NA,"Employee","Regular",1,"Hybrid",3.74
100655,5,17,8,102350,2022-07-05,NA,"Active",NA,"Employee","Temporary",1,"Onsite",3.68
100670,5,17,3,103747,2022-07-27,NA,"Active",NA,"Employee","Regular",1,"Onsite",3.62
102431,5,17,5,104857,2022-10-08,NA,"Active",NA,"Employee","Regular",1,"Hybrid",3.42
101759,5,17,10,103934,2022-11-21,NA,"Active",NA,"Employee","Regular",1,"Onsite",3.3
106654,5,17,5,100535,2022-12-12,NA,"Active",NA,"Employee","Regular",1,"Hybrid",3.24
100043,5,17,12,102892,2023-01-01,NA,"Active",NA,"Employee","Regular",1,"Hybrid",3.19
100691,5,17,1,109432,2023-01-18,NA,"Active",NA,"Employee","Regular",1,"Remote",3.14
105814,5,17,7,104513,2023-01-25,NA,"Active",NA,"Employee","Regular",1,"Remote",3.12
107917,5,17,2,103934,2023-01-26,NA,"Active",NA,"Employee","Regular",1,"Remote",3.12
100650,5,17,12,104104,2023-02-05,NA,"Active",NA,"Employee","Regular",1,"Onsite",3.09
100454,5,17,5,109079,2023-04-04,NA,"Active",NA,"Employee","Temporary",1,"Onsite",2.93
107252,5,17,6,103797,2023-05-06,NA,"Active",NA,"Employee","Regular",1,"Onsite",2.84
100453,5,17,9,103934,2023-05-18,NA,"Active",NA,"Employee","Regular",1,"Hybrid",2.81
109670,5,17,3,104313,2023-05-24,NA,"Active",NA,"Employee","Regular",1,"Hybrid",2.79
102603,5,17,11,109235,2023-06-08,NA,"Active",NA,"Employee","Regular",0.8,"Onsite",2.75
107861,5,17,3,100732,2023-06-09,NA,"Active",NA,"Employee","Regular",1,"Remote",2.75
104407,5,17,5,102892,2023-06-11,NA,"Active",NA,"Employee","Regular",1,"Remote",2.75
101326,5,17,10,103081,2023-07-10,NA,"Active",NA,"Employee","Regular",0.8,"Onsite",2.67
106473,5,17,6,103310,2023-07-18,NA,"Active",NA,"Employee","Regular",1,"Remote",2.64
106467,5,17,1,101444,2023-09-20,NA,"Active",NA,"Employee","Regular",1,"Hybrid",2.47
101381,5,17,6,102150,2023-10-20,NA,"Active",NA,"Employee","Regular",1,"Remote",2.39
102525,5,17,11,103431,2023-12-02,NA,"Active",NA,"Employee","Regular",1,"Hybrid",2.27
105935,5,17,2,101444,2024-02-12,NA,"Active",NA,"Contractor","Regular",0.8,"Onsite",2.07
105115,5,17,3,106739,2024-03-03,NA,"Active",NA,"Employee","Regular",1,"Hybrid",2.02
100842,5,17,12,105876,2024-03-04,NA,"Active",NA,"Employee","Regular",1,"Hybrid",2.02
101263,5,17,6,101098,2024-03-04,NA,"Active",NA,"Employee","Regular",1,"Onsite",2.02
108667,5,17,12,107351,2024-04-14,NA,"Active",NA,"Employee","Regular",1,"Remote",1.9
100872,5,17,4,108666,2024-04-15,NA,"Active",NA,"Employee","Regular",1,"Hybrid",1.9
103111,5,17,10,101444,2024-04-28,NA,"Active",NA,"Employee","Regular",1,"Onsite",1.87
104377,5,17,12,104935,2024-05-01,NA,"Active",NA,"Employee","Regular",1,"Hybrid",1.86
103890,5,17,11,100732,2024-05-25,NA,"Active",NA,"Employee","Regular",1,"Onsite",1.79
108065,5,17,10,104558,2024-06-07,NA,"Active",NA,"Employee","Regular",1,"Onsite",1.76
102720,5,17,6,104030,2024-06-11,NA,"Active",NA,"Employee","Regular",1,"Hybrid",1.75
100053,5,17,5,104936,2024-06-14,NA,"Active",NA,"Employee","Regular",1,"Hybrid",1.74
100615,5,17,3,107304,2024-06-25,NA,"Active",NA,"Employee","Regular",1,"Hybrid",1.71
106819,5,17,4,105876,2024-07-11,NA,"Active",NA,"Employee","Regular",1,"Hybrid",1.66
106777,5,17,9,103462,2024-08-08,NA,"Active",NA,"Employee","Regular",1,"Onsite",1.59
100184,5,17,1,106156,2024-08-13,NA,"Active",NA,"Employee","Regular",1,"Onsite",1.57
107192,5,17,10,109420,2024-09-03,NA,"Active",NA,"Employee","Regular",1,"Onsite",1.52
102789,5,17,6,108926,2024-09-24,NA,"Active",NA,"Employee","Regular",1,"Remote",1.46
102737,5,17,9,107351,2024-10-26,NA,"Active",NA,"Employee","Regular",1,"Remote",1.37
102591,5,17,7,106544,2024-11-09,NA,"Active",NA,"Employee","Regular",1,"Hybrid",1.33
108577,5,17,5,109936,2024-11-10,NA,"Active",NA,"Employee","Regular",1,"Onsite",1.33
103291,5,17,8,102986,2024-12-06,NA,"Active",NA,"Employee","Temporary",1,"Remote",1.26
102058,5,17,11,107351,2024-12-14,NA,"Active",NA,"Employee","Regular",1,"Onsite",1.24
108199,5,17,11,108926,2025-01-04,NA,"Active",NA,"Employee","Temporary",1,"Onsite",1.18
104266,5,17,12,103212,2025-01-28,NA,"Active",NA,"Employee","Regular",1,"Onsite",1.11
103008,5,17,8,104096,2025-02-06,NA,"Active",NA,"Employee","Regular",1,"Onsite",1.09
107015,5,17,7,109793,2025-02-17,NA,"Active",NA,"Employee","Regular",1,"Hybrid",1.06
103319,5,17,8,108297,2025-02-24,NA,"Active",NA,"Employee","Regular",1,"Onsite",1.04
107229,5,17,4,109140,2025-04-04,NA,"Active",NA,"Employee","Temporary",1,"Onsite",0.93
103590,5,17,4,107597,2025-04-28,NA,"Active",NA,"Employee","Regular",1,"Hybrid",0.87
100180,5,17,4,109235,2025-05-01,NA,"Active",NA,"Employee","Regular",1,"Onsite",0.86
104287,5,17,7,104270,2025-05-17,NA,"Active",NA,"Employee","Regular",1,"Hybrid",0.81
107891,5,17,11,103794,2025-05-20,NA,"Active",NA,"Contractor","Regular",1,"Onsite",0.81
106750,5,17,9,102329,2025-06-29,NA,"Active",NA,"Employee","Regular",0.8,"Hybrid",0.7
105612,5,17,10,101185,2025-07-05,NA,"Active",NA,"Employee","Regular",1,"Hybrid",0.68
103384,5,17,12,108544,2025-07-17,NA,"Active",NA,"Employee","Regular",0.6,"Hybrid",0.65
103701,5,17,8,102775,2025-08-04,NA,"Active",NA,"Employee","Temporary",1,"Onsite",0.6
106380,5,17,3,109936,2025-09-01,NA,"Active",NA,"Employee","Regular",1,"Remote",0.52
107100,5,17,10,106156,2025-09-07,NA,"Active",NA,"Contractor","Regular",1,"Hybrid",0.5
101316,5,17,4,101716,2025-09-17,NA,"Active",NA,"Employee","Regular",1,"Onsite",0.48
102885,5,17,6,103948,2025-10-02,NA,"Active",NA,"Employee","Regular",1,"Hybrid",0.44
102989,5,17,10,107304,2025-10-19,NA,"Active",NA,"Employee","Regular",1,"Onsite",0.39
104535,5,17,1,101425,2025-11-13,NA,"Active",NA,"Employee","Regular",1,"Onsite",0.32
106837,5,17,11,106544,2026-01-11,NA,"Active",NA,"Employee","Regular",0.6,"Hybrid",0.16
108167,6,22,12,106361,2013-01-04,NA,"Active",NA,"Employee","Regular",1,"Onsite",13.18
108069,6,22,2,106361,2013-02-02,NA,"Active",NA,"Employee","Regular",1,"Hybrid",13.1
108482,6,22,9,102516,2013-02-13,NA,"Active",NA,"Employee","Regular",1,"Hybrid",13.07
100407,6,22,5,109695,2013-02-27,NA,"Active",NA,"Employee","Regular",1,"Hybrid",13.03
101252,6,22,11,101491,2013-03-13,NA,"Active",NA,"Employee","Regular",1,"Hybrid",12.99
101690,6,22,7,102642,2013-05-19,NA,"Active",NA,"Employee","Regular",1,"Onsite",12.81
104271,6,22,1,108979,2013-06-04,NA,"Active",NA,"Employee","Regular",1,"Remote",12.76
105554,6,22,7,101491,2013-07-14,NA,"Active",NA,"Employee","Regular",1,"Remote",12.65
106291,6,22,9,102016,2013-11-04,NA,"Active",NA,"Employee","Regular",1,"Hybrid",12.35
106591,6,22,5,106701,2013-11-28,NA,"Active",NA,"Employee","Regular",1,"Onsite",12.28
100320,6,22,8,107777,2013-12-06,NA,"Active",NA,"Employee","Regular",1,"Hybrid",12.26
108057,6,22,5,105486,2013-12-06,NA,"Active",NA,"Employee","Regular",1,"Onsite",12.26
101282,6,22,4,101181,2014-03-13,NA,"Active",NA,"Employee","Regular",1,"Hybrid",11.99
101384,6,22,11,105231,2014-03-27,NA,"Active",NA,"Employee","Regular",1,"Onsite",11.95
109823,6,22,7,102516,2014-07-03,NA,"Active",NA,"Employee","Regular",1,"Hybrid",11.68
109443,6,22,5,104087,2015-02-02,NA,"Active",NA,"Employee","Regular",1,"Onsite",11.1
106168,6,22,9,102642,2015-02-10,NA,"Active",NA,"Employee","Regular",1,"Onsite",11.08
105663,6,22,2,109291,2015-02-17,NA,"Active",NA,"Employee","Regular",1,"Onsite",11.06
104659,6,22,11,105104,2015-04-19,NA,"Active",NA,"Employee","Regular",1,"Onsite",10.89
104810,6,22,5,100559,2015-04-27,NA,"Active",NA,"Employee","Regular",1,"Hybrid",10.87
109179,6,22,4,109900,2015-06-18,NA,"Active",NA,"Contractor","Regular",1,"Onsite",10.73
109491,6,22,10,106106,2015-07-02,NA,"Active",NA,"Employee","Regular",1,"Onsite",10.69
109020,6,22,7,106797,2015-07-05,NA,"Active",NA,"Employee","Regular",1,"Hybrid",10.68
102450,6,22,9,104567,2015-07-20,NA,"Active",NA,"Employee","Regular",1,"Remote",10.64
100413,6,22,10,108551,2015-08-03,NA,"Active",NA,"Employee","Regular",1,"Hybrid",10.6
100380,6,22,3,103761,2015-08-18,NA,"Active",NA,"Employee","Regular",1,"Onsite",10.56
108310,6,22,3,100094,2015-09-02,NA,"Active",NA,"Employee","Regular",1,"Remote",10.52
108665,6,22,9,109401,2015-09-05,NA,"Active",NA,"Employee","Regular",1,"Hybrid",10.51
106421,6,22,8,103894,2015-10-23,NA,"Active",NA,"Employee","Regular",1,"Hybrid",10.38
104189,6,22,11,102003,2016-02-05,NA,"Active",NA,"Employee","Regular",1,"Remote",10.09
109363,6,22,4,103761,2016-02-17,NA,"Active",NA,"Employee","Regular",1,"Hybrid",10.06
108015,6,22,3,103750,2016-03-26,2025-01-18,"Terminated","Voluntary","Employee","Regular",1,"Hybrid",8.82
107997,6,22,8,103315,2016-07-04,NA,"Active",NA,"Employee","Regular",1,"Onsite",9.68
102178,6,22,10,101544,2016-08-25,NA,"Active",NA,"Employee","Regular",0.8,"Hybrid",9.54
107028,6,22,4,102642,2016-09-10,NA,"Active",NA,"Employee","Regular",1,"Onsite",9.5
100734,6,22,3,102842,2016-09-24,2024-10-07,"Terminated","Involuntary","Employee","Regular",0.8,"Hybrid",8.04
102056,6,22,3,102071,2016-10-06,NA,"Active",NA,"Employee","Regular",1,"Hybrid",9.42
104737,6,22,5,109908,2016-11-11,NA,"Active",NA,"Employee","Regular",1,"Onsite",9.33
103745,6,22,6,105104,2017-01-15,NA,"Active",NA,"Employee","Regular",1,"Remote",9.15
104593,6,22,4,109778,2017-02-17,NA,"Active",NA,"Employee","Regular",0.6,"Hybrid",9.06
101616,6,22,7,100943,2017-03-08,NA,"Active",NA,"Employee","Regular",1,"Remote",9.01
101116,6,22,4,103730,2017-05-05,NA,"Active",NA,"Employee","Regular",1,"Onsite",8.85
101158,6,22,7,104446,2017-07-31,NA,"Active",NA,"Employee","Regular",1,"Hybrid",8.61
101161,6,22,11,101181,2017-08-21,NA,"Active",NA,"Employee","Regular",1,"Hybrid",8.55
100071,6,22,9,109069,2017-08-27,NA,"Active",NA,"Employee","Regular",1,"Hybrid",8.53
104721,6,22,7,106735,2017-10-11,NA,"Active",NA,"Employee","Regular",1,"Onsite",8.41
105624,6,22,12,108742,2017-10-13,NA,"Active",NA,"Employee","Regular",1,"Onsite",8.41
101546,6,22,6,103958,2017-12-07,NA,"Active",NA,"Employee","Regular",1,"Onsite",8.25
105902,6,22,12,105231,2017-12-31,NA,"Active",NA,"Employee","Regular",0.6,"Onsite",8.19
101048,6,22,4,106106,2018-01-03,2026-02-20,"Terminated","Voluntary","Employee","Regular",1,"Hybrid",8.13
102403,6,22,5,109705,2018-02-19,2023-05-11,"Terminated","Voluntary","Employee","Regular",1,"Onsite",5.22
100707,6,22,4,101181,2018-04-12,NA,"Active",NA,"Employee","Regular",1,"Hybrid",7.91
103341,6,22,12,100559,2018-05-05,NA,"Active",NA,"Employee","Regular",1,"Remote",7.85
106443,6,22,2,109349,2018-06-04,NA,"Active",NA,"Employee","Regular",1,"Hybrid",7.76
108353,6,22,4,109291,2018-06-07,NA,"Active",NA,"Employee","Regular",1,"Remote",7.76
102884,6,22,10,101544,2018-06-27,NA,"Active",NA,"Employee","Regular",1,"Onsite",7.7
101200,6,22,4,108047,2018-10-12,NA,"Active",NA,"Employee","Regular",1,"Onsite",7.41
105040,6,22,4,105231,2018-12-26,NA,"Active",NA,"Employee","Regular",1,"Onsite",7.2
103387,6,22,6,101461,2019-01-01,NA,"Active",NA,"Employee","Regular",1,"Onsite",7.19
105900,6,22,7,107034,2019-02-14,NA,"Active",NA,"Employee","Regular",1,"Onsite",7.07
101287,6,22,6,109349,2019-02-25,NA,"Active",NA,"Employee","Regular",1,"Onsite",7.04
105590,6,22,3,101020,2019-03-23,NA,"Active",NA,"Employee","Regular",1,"Hybrid",6.96
109845,6,22,5,101747,2019-04-22,NA,"Active",NA,"Employee","Regular",1,"Onsite",6.88
107775,6,22,4,103958,2019-07-13,NA,"Active",NA,"Employee","Regular",1,"Onsite",6.66
107822,6,22,4,107034,2019-09-12,NA,"Active",NA,"Employee","Regular",1,"Onsite",6.49
100536,6,22,7,104523,2019-10-02,NA,"Active",NA,"Employee","Regular",1,"Remote",6.44
101424,6,22,7,109805,2019-10-23,NA,"Active",NA,"Employee","Regular",1,"Hybrid",6.38
105868,6,22,1,104090,2020-01-09,NA,"Active",NA,"Employee","Regular",0.8,"Onsite",6.16
100624,6,22,3,109260,2020-02-13,NA,"Active",NA,"Employee","Regular",1,"Hybrid",6.07
102281,6,22,12,109900,2020-02-13,NA,"Active",NA,"Employee","Regular",1,"Remote",6.07
100166,6,22,9,102667,2020-02-21,NA,"Active",NA,"Employee","Regular",0.8,"Remote",6.05
107920,6,22,6,107482,2020-03-31,NA,"Active",NA,"Employee","Temporary",1,"Hybrid",5.94
100779,6,22,2,101020,2020-05-08,NA,"Active",NA,"Employee","Regular",0.6,"Remote",5.84
109124,6,22,12,108992,2020-05-30,NA,"Active",NA,"Employee","Temporary",1,"Hybrid",5.78
107507,6,22,3,101020,2020-07-15,NA,"Active",NA,"Employee","Regular",1,"Hybrid",5.65
101738,6,22,11,108047,2020-07-30,NA,"Active",NA,"Employee","Regular",1,"Onsite",5.61
103014,6,22,3,108589,2020-08-15,NA,"Active",NA,"Employee","Regular",1,"Onsite",5.57
102504,6,22,7,109401,2020-08-21,2024-09-26,"Terminated","Involuntary","Employee","Regular",1,"Onsite",4.1
103699,6,22,3,101181,2020-10-18,NA,"Active",NA,"Employee","Regular",1,"Hybrid",5.39
107514,6,22,12,109260,2020-12-15,NA,"Active",NA,"Employee","Regular",1,"Hybrid",5.23
107672,6,22,3,106559,2020-12-24,NA,"Active",NA,"Employee","Regular",1,"Hybrid",5.21
100322,6,22,5,102016,2021-01-16,NA,"Active",NA,"Employee","Regular",1,"Hybrid",5.15
109320,6,22,12,107034,2021-02-07,NA,"Active",NA,"Employee","Regular",0.8,"Hybrid",5.08
107268,6,22,10,102642,2021-03-17,NA,"Active",NA,"Contractor","Regular",0.8,"Remote",4.98
103518,6,22,5,105008,2021-03-30,NA,"Active",NA,"Employee","Regular",1,"Hybrid",4.95
102863,6,22,3,100943,2021-05-03,NA,"Active",NA,"Employee","Regular",1,"Hybrid",4.85
101001,6,22,9,103750,2021-06-11,NA,"Active",NA,"Employee","Regular",1,"Onsite",4.75
103321,6,22,3,105486,2021-07-04,NA,"Active",NA,"Employee","Regular",1,"Hybrid",4.68
101561,6,22,2,108551,2021-08-09,NA,"Active",NA,"Employee","Regular",1,"Hybrid",4.58
105485,6,22,7,105948,2021-08-10,2026-01-01,"Terminated","Voluntary","Employee","Regular",1,"Remote",4.39
103848,6,22,2,102071,2021-08-15,NA,"Active",NA,"Employee","Regular",1,"Hybrid",4.57
104082,6,22,5,104523,2021-09-05,NA,"Active",NA,"Employee","Regular",0.6,"Hybrid",4.51
107529,6,22,12,102260,2021-11-24,NA,"Active",NA,"Employee","Temporary",1,"Hybrid",4.29
100865,6,22,8,105008,2022-01-28,NA,"Active",NA,"Employee","Regular",1,"Remote",4.11
107131,6,22,11,102516,2022-04-03,NA,"Active",NA,"Employee","Regular",1,"Hybrid",3.93
102533,6,22,4,102842,2022-06-07,NA,"Active",NA,"Employee","Regular",1,"Hybrid",3.76
108503,6,22,1,109908,2022-07-19,NA,"Active",NA,"Employee","Regular",1,"Remote",3.64
108358,6,22,4,102516,2022-07-20,NA,"Active",NA,"Contractor","Regular",1,"Remote",3.64
100848,6,22,10,101510,2022-07-31,NA,"Active",NA,"Employee","Regular",1,"Onsite",3.61
108696,6,22,6,101868,2022-08-18,NA,"Active",NA,"Employee","Regular",1,"Hybrid",3.56
106664,6,22,9,109069,2022-10-23,NA,"Active",NA,"Employee","Regular",1,"Onsite",3.38
100233,6,22,5,107406,2022-10-24,NA,"Active",NA,"Employee","Regular",1,"Onsite",3.38
100235,6,22,2,102250,2022-10-30,NA,"Active",NA,"Employee","Regular",1,"Onsite",3.36
102269,6,22,4,102250,2022-11-11,NA,"Active",NA,"Employee","Regular",1,"Remote",3.33
100710,6,22,12,102029,2022-12-13,NA,"Active",NA,"Employee","Regular",1,"Onsite",3.24
107798,6,22,10,107578,2023-02-19,NA,"Active",NA,"Employee","Regular",1,"Remote",3.05
107787,6,22,1,106735,2023-04-02,NA,"Active",NA,"Employee","Regular",1,"Hybrid",2.94
101216,6,22,10,107482,2023-04-08,2025-11-04,"Terminated","Voluntary","Employee","Regular",0.8,"Remote",2.58
103128,6,22,1,104540,2023-08-17,NA,"Active",NA,"Employee","Regular",1,"Onsite",2.56
101810,6,22,12,103750,2023-08-18,NA,"Active",NA,"Employee","Regular",1,"Onsite",2.56
101680,6,22,4,108551,2023-09-06,NA,"Active",NA,"Employee","Temporary",1,"Onsite",2.51
103942,6,22,2,109349,2023-09-07,NA,"Active",NA,"Employee","Regular",1,"Hybrid",2.5
102100,6,22,6,105008,2023-10-22,NA,"Active",NA,"Employee","Regular",1,"Onsite",2.38
108662,6,22,12,101028,2023-12-07,NA,"Active",NA,"Employee","Regular",1,"Onsite",2.25
101104,6,22,3,107406,2024-02-22,NA,"Active",NA,"Employee","Regular",1,"Remote",2.04
108389,6,22,6,104446,2024-02-24,NA,"Active",NA,"Employee","Regular",1,"Hybrid",2.04
106084,6,22,2,109908,2024-03-06,NA,"Active",NA,"Employee","Regular",1,"Remote",2.01
106118,6,22,6,102516,2024-04-05,NA,"Active",NA,"Employee","Regular",1,"Onsite",1.93
104145,6,22,1,104090,2024-05-24,NA,"Active",NA,"Employee","Regular",1,"Hybrid",1.79
105540,6,22,5,103894,2024-06-27,NA,"Active",NA,"Employee","Regular",0.8,"Hybrid",1.7
100737,6,22,12,108551,2024-06-30,NA,"Active",NA,"Employee","Regular",0.8,"Hybrid",1.69
109193,6,22,9,101868,2024-08-13,NA,"Active",NA,"Employee","Regular",1,"Hybrid",1.57
109668,6,22,5,109900,2024-09-19,NA,"Active",NA,"Employee","Regular",0.6,"Hybrid",1.47
104687,6,22,11,101868,2024-09-24,NA,"Active",NA,"Employee","Regular",1,"Onsite",1.46
102351,6,22,2,105268,2024-11-05,NA,"Active",NA,"Employee","Regular",1,"Onsite",1.34
104110,6,22,9,102250,2024-12-25,NA,"Active",NA,"Employee","Regular",1,"Onsite",1.21
101241,6,22,12,101461,2025-01-09,NA,"Active",NA,"Contractor","Regular",1,"Hybrid",1.16
109338,6,22,8,105216,2025-02-20,NA,"Active",NA,"Employee","Regular",1,"Hybrid",1.05
108615,6,22,8,103958,2025-05-21,NA,"Active",NA,"Employee","Regular",1,"Onsite",0.8
102305,6,22,5,104932,2025-06-11,NA,"Active",NA,"Employee","Regular",1,"Remote",0.75
100562,6,22,3,109778,2025-10-02,NA,"Active",NA,"Employee","Regular",1,"Onsite",0.44
106830,6,22,1,101640,2025-10-19,NA,"Active",NA,"Employee","Regular",0.8,"Remote",0.39
104879,6,22,12,101028,2025-10-22,NA,"Active",NA,"Employee","Regular",1,"Onsite",0.38
104703,6,22,8,101618,2025-12-03,NA,"Active",NA,"Employee","Regular",1,"Hybrid",0.27
103247,6,22,4,108992,2026-01-12,NA,"Active",NA,"Employee","Regular",0.6,"Remote",0.16
100477,6,22,1,107288,2026-01-17,NA,"Active",NA,"Employee","Regular",1,"Onsite",0.14
106028,7,26,5,105183,2013-01-06,NA,"Active",NA,"Employee","Regular",1,"Onsite",13.17
105634,7,26,1,109723,2013-04-28,2024-04-21,"Terminated","Involuntary","Employee","Regular",1,"Remote",10.98
107637,7,26,7,100010,2013-05-02,NA,"Active",NA,"Employee","Regular",1,"Onsite",12.85
107754,7,26,8,108697,2013-05-13,NA,"Active",NA,"Employee","Regular",1,"Onsite",12.82
102743,7,26,6,109583,2013-05-22,NA,"Active",NA,"Employee","Regular",1,"Remote",12.8
100104,7,26,12,105739,2013-05-26,NA,"Active",NA,"Employee","Regular",1,"Onsite",12.79
102908,7,26,6,101605,2013-05-26,NA,"Active",NA,"Employee","Regular",0.8,"Remote",12.79
100833,7,26,5,108597,2013-07-01,NA,"Active",NA,"Employee","Regular",1,"Hybrid",12.69
102894,7,26,7,100415,2013-09-10,NA,"Active",NA,"Employee","Regular",1,"Remote",12.5
101154,7,26,5,109723,2013-10-01,NA,"Active",NA,"Employee","Regular",1,"Hybrid",12.44
102648,7,26,12,102661,2013-12-23,NA,"Active",NA,"Contractor","Regular",1,"Hybrid",12.21
105156,7,26,4,105739,2013-12-30,NA,"Active",NA,"Employee","Regular",1,"Hybrid",12.19
105742,7,26,1,109416,2013-12-30,NA,"Active",NA,"Employee","Regular",0.8,"Hybrid",12.19
107114,7,26,8,106975,2013-12-31,NA,"Active",NA,"Employee","Regular",1,"Hybrid",12.19
100112,7,26,11,109978,2014-01-03,NA,"Active",NA,"Employee","Regular",1,"Onsite",12.18
107500,7,26,3,101108,2014-01-16,NA,"Active",NA,"Employee","Regular",1,"Hybrid",12.15
104958,7,26,2,107991,2014-02-04,2024-02-06,"Terminated","Reduction in Force","Employee","Regular",1,"Onsite",10.01
106806,7,26,7,105183,2014-02-22,NA,"Active",NA,"Employee","Regular",1,"Onsite",12.04
108407,7,26,9,101605,2014-03-30,NA,"Active",NA,"Employee","Regular",1,"Onsite",11.95
109290,7,26,9,109956,2014-04-08,NA,"Active",NA,"Contractor","Regular",1,"Hybrid",11.92
108223,7,26,1,107991,2014-04-24,2020-08-04,"Terminated","Voluntary","Employee","Regular",1,"Onsite",6.28
104528,7,26,7,104588,2014-07-14,NA,"Active",NA,"Employee","Regular",1,"Hybrid",11.65
101371,7,26,12,101585,2014-08-08,NA,"Active",NA,"Employee","Regular",1,"Remote",11.59
105667,7,26,9,107354,2014-08-18,NA,"Active",NA,"Employee","Regular",1,"Remote",11.56
104318,7,26,2,103923,2014-09-25,NA,"Active",NA,"Employee","Temporary",1,"Remote",11.45
101377,7,26,9,107273,2014-09-28,NA,"Active",NA,"Employee","Regular",1,"Remote",11.45
105783,7,26,2,109715,2014-12-27,NA,"Active",NA,"Employee","Regular",1,"Onsite",11.2
100510,7,26,7,109553,2015-01-02,NA,"Active",NA,"Employee","Regular",1,"Onsite",11.18
104636,7,26,9,105076,2015-01-29,NA,"Active",NA,"Employee","Regular",1,"Hybrid",11.11
107974,7,26,2,106759,2015-02-10,NA,"Active",NA,"Employee","Regular",1,"Hybrid",11.08
108678,7,26,2,102246,2015-02-17,NA,"Active",NA,"Employee","Regular",1,"Onsite",11.06
101708,7,26,7,101828,2015-03-02,NA,"Active",NA,"Employee","Regular",1,"Hybrid",11.02
107151,7,26,11,105228,2015-03-21,NA,"Active",NA,"Employee","Regular",1,"Hybrid",10.97
101515,7,26,11,104588,2015-04-04,2025-07-25,"Terminated","Reduction in Force","Employee","Regular",1,"Onsite",10.31
104903,7,26,10,106975,2015-04-10,NA,"Active",NA,"Employee","Regular",1,"Remote",10.92
104906,7,26,12,101108,2015-04-12,NA,"Active",NA,"Employee","Regular",1,"Hybrid",10.91
103536,7,26,2,105228,2015-04-22,NA,"Active",NA,"Employee","Regular",1,"Remote",10.88
108424,7,26,9,101687,2015-04-22,NA,"Active",NA,"Employee","Regular",1,"Remote",10.88
105284,7,26,12,105642,2015-04-26,NA,"Active",NA,"Contractor","Regular",1,"Hybrid",10.87
102537,7,26,10,109192,2015-04-29,NA,"Active",NA,"Employee","Regular",1,"Onsite",10.86
107232,7,26,7,107561,2015-05-12,NA,"Active",NA,"Employee","Regular",1,"Onsite",10.83
104091,7,26,10,101605,2015-06-18,NA,"Active",NA,"Employee","Regular",1,"Onsite",10.73
101950,7,26,6,109553,2015-07-04,NA,"Active",NA,"Employee","Regular",1,"Remote",10.68
109992,7,26,11,109723,2015-08-09,NA,"Active",NA,"Employee","Regular",1,"Onsite",10.58
106441,7,26,12,107354,2015-08-18,NA,"Active",NA,"Employee","Regular",1,"Onsite",10.56
107029,7,26,1,104175,2015-09-02,NA,"Active",NA,"Employee","Regular",0.8,"Hybrid",10.52
101960,7,26,8,107561,2015-09-21,NA,"Active",NA,"Employee","Regular",1,"Remote",10.47
108894,7,26,4,108931,2015-10-11,2022-10-05,"Terminated","Voluntary","Employee","Regular",1,"Remote",6.98
109472,7,26,3,103667,2015-12-09,2023-05-19,"Terminated","Involuntary","Employee","Regular",1,"Hybrid",7.44
107697,7,26,3,105782,2015-12-16,NA,"Active",NA,"Employee","Regular",1,"Onsite",10.23
103704,7,26,3,108931,2016-01-06,NA,"Active",NA,"Employee","Regular",0.6,"Hybrid",10.17
103286,7,26,3,101630,2016-02-05,NA,"Active",NA,"Employee","Regular",1,"Onsite",10.09
106976,7,26,9,100404,2016-02-25,NA,"Active",NA,"Employee","Regular",1,"Onsite",10.04
109085,7,26,2,103375,2016-02-25,NA,"Active",NA,"Employee","Regular",0.8,"Remote",10.04
107774,7,26,10,105131,2016-04-16,NA,"Active",NA,"Employee","Regular",0.6,"Hybrid",9.9
106040,7,26,5,100415,2016-05-22,NA,"Active",NA,"Employee","Regular",1,"Onsite",9.8
105863,7,26,6,109416,2016-06-01,NA,"Active",NA,"Employee","Regular",0.8,"Hybrid",9.77
109838,7,26,7,109192,2016-06-12,NA,"Active",NA,"Employee","Regular",1,"Remote",9.74
107374,7,26,7,105183,2016-06-22,NA,"Active",NA,"Employee","Regular",0.6,"Onsite",9.72
100288,7,26,12,103923,2016-06-27,2021-09-30,"Terminated","Voluntary","Employee","Regular",1,"Onsite",5.26
107990,7,26,6,102661,2016-08-18,NA,"Active",NA,"Employee","Regular",1,"Onsite",9.56
106703,7,26,4,105575,2016-09-26,NA,"Active",NA,"Employee","Regular",1,"Remote",9.45
104099,7,26,4,107561,2016-11-26,NA,"Active",NA,"Employee","Regular",1,"Remote",9.28
102447,7,26,10,102636,2016-12-19,NA,"Active",NA,"Employee","Regular",1,"Remote",9.22
103507,7,26,9,105183,2016-12-19,NA,"Active",NA,"Employee","Regular",1,"Onsite",9.22
103710,7,26,3,109553,2016-12-24,NA,"Active",NA,"Employee","Regular",1,"Onsite",9.21
106004,7,26,7,105158,2017-02-04,NA,"Active",NA,"Employee","Regular",1,"Onsite",9.09
105090,7,26,5,106975,2017-02-08,2023-12-15,"Terminated","Involuntary","Employee","Regular",1,"Onsite",6.85
109544,7,26,1,104834,2017-02-13,NA,"Active",NA,"Employee","Regular",1,"Hybrid",9.07
105521,7,26,9,108931,2017-02-17,NA,"Active",NA,"Employee","Regular",1,"Hybrid",9.06
107365,7,26,1,105895,2017-03-29,NA,"Active",NA,"Contractor","Regular",1,"Onsite",8.95
106800,7,26,6,101027,2017-03-30,NA,"Active",NA,"Employee","Regular",1,"Hybrid",8.95
100431,7,26,10,109184,2017-06-20,NA,"Active",NA,"Employee","Regular",1,"Onsite",8.72
107931,7,26,6,105575,2017-08-04,NA,"Active",NA,"Employee","Regular",1,"Onsite",8.6
101838,7,26,2,106759,2017-08-09,NA,"Active",NA,"Employee","Regular",1,"Onsite",8.58
103870,7,26,11,109192,2017-08-24,NA,"Active",NA,"Employee","Regular",1,"Hybrid",8.54
105195,7,26,10,103790,2017-09-20,NA,"Active",NA,"Employee","Regular",0.8,"Hybrid",8.47
109686,7,26,9,108697,2017-10-07,NA,"Active",NA,"Employee","Regular",0.6,"Onsite",8.42
100543,7,26,9,109715,2017-10-08,NA,"Active",NA,"Employee","Regular",1,"Onsite",8.42
109086,7,26,9,104338,2017-12-08,NA,"Active",NA,"Employee","Regular",1,"Hybrid",8.25
108785,7,26,10,101828,2017-12-16,NA,"Active",NA,"Employee","Regular",0.8,"Onsite",8.23
109346,7,26,4,107561,2017-12-25,NA,"Active",NA,"Employee","Regular",1,"Hybrid",8.21
106508,7,26,12,102598,2018-03-13,NA,"Active",NA,"Employee","Temporary",1,"Hybrid",7.99
100695,7,26,2,101027,2018-03-25,NA,"Active",NA,"Employee","Regular",1,"Onsite",7.96
101819,7,26,3,102636,2018-04-09,NA,"Active",NA,"Employee","Regular",1,"Onsite",7.92
104132,7,26,4,103790,2018-04-09,NA,"Active",NA,"Employee","Temporary",0.8,"Remote",7.92
102840,7,26,5,105158,2018-05-22,NA,"Active",NA,"Employee","Temporary",1,"Hybrid",7.8
107649,7,26,7,109978,2018-06-18,NA,"Active",NA,"Employee","Regular",1,"Remote",7.73
109725,7,26,9,109978,2018-06-29,NA,"Active",NA,"Employee","Regular",1,"Onsite",7.7
109393,7,26,12,105158,2018-07-09,NA,"Active",NA,"Employee","Regular",1,"Onsite",7.67
101595,7,26,9,105076,2018-07-21,2025-08-12,"Terminated","Voluntary","Employee","Regular",1,"Onsite",7.06
101802,7,26,6,101529,2018-08-06,NA,"Active",NA,"Employee","Regular",1,"Remote",7.59
104829,7,26,6,107561,2018-09-30,2026-02-22,"Terminated","Voluntary","Contractor","Regular",0.8,"Remote",7.4
103773,7,26,6,108931,2018-11-18,NA,"Active",NA,"Employee","Regular",1,"Hybrid",7.31
109569,7,26,1,103667,2018-11-30,NA,"Active",NA,"Employee","Regular",1,"Remote",7.27
101607,7,26,2,108931,2019-01-08,NA,"Active",NA,"Employee","Regular",1,"Hybrid",7.17
102194,7,26,2,109978,2019-01-18,2024-12-22,"Terminated","Voluntary","Employee","Regular",1,"Onsite",5.93
103149,7,26,5,106759,2019-02-23,NA,"Active",NA,"Employee","Regular",1,"Onsite",7.04
106921,7,26,5,109192,2019-03-13,NA,"Active",NA,"Employee","Regular",1,"Hybrid",6.99
101645,7,26,1,104819,2019-03-15,2024-08-23,"Terminated","Voluntary","Employee","Regular",1,"Remote",5.44
107313,7,26,11,101828,2019-03-27,NA,"Active",NA,"Employee","Regular",1,"Remote",6.95
104094,7,26,6,102598,2019-04-04,NA,"Active",NA,"Employee","Regular",1,"Hybrid",6.93
105969,7,26,1,100404,2019-04-06,NA,"Active",NA,"Employee","Regular",0.8,"Remote",6.93
101118,7,26,4,102246,2019-05-09,NA,"Active",NA,"Contractor","Regular",0.8,"Remote",6.84
106005,7,26,2,100010,2019-05-29,NA,"Active",NA,"Employee","Regular",0.8,"Hybrid",6.78
101301,7,26,6,107991,2019-06-20,NA,"Active",NA,"Employee","Regular",1,"Onsite",6.72
103959,7,26,10,105228,2019-06-21,NA,"Active",NA,"Employee","Regular",1,"Hybrid",6.72
101884,7,26,1,105076,2019-06-26,2023-04-20,"Terminated","Voluntary","Employee","Regular",1,"Onsite",3.82
109021,7,26,5,105575,2019-07-11,NA,"Active",NA,"Employee","Regular",1,"Onsite",6.66
106244,7,26,3,101605,2019-07-14,NA,"Active",NA,"Employee","Regular",1,"Remote",6.65
100522,7,26,11,106409,2019-08-29,NA,"Active",NA,"Employee","Regular",1,"Hybrid",6.53
104760,7,26,1,105158,2019-09-03,NA,"Active",NA,"Employee","Regular",1,"Remote",6.52
106252,7,26,1,109956,2019-09-13,NA,"Active",NA,"Employee","Regular",1,"Onsite",6.49
102165,7,26,6,107273,2019-09-17,NA,"Active",NA,"Employee","Regular",1,"Onsite",6.48
100097,7,26,1,105076,2019-09-22,NA,"Active",NA,"Employee","Regular",1,"Hybrid",6.46
108165,7,26,6,104244,2019-09-30,NA,"Active",NA,"Employee","Regular",1,"Hybrid",6.44
107518,7,26,5,101268,2020-01-20,NA,"Active",NA,"Employee","Regular",1,"Hybrid",6.13
107909,7,26,9,105514,2020-03-14,NA,"Active",NA,"Employee","Regular",1,"Hybrid",5.99
100503,7,26,3,109723,2020-03-20,2026-02-11,"Terminated","Voluntary","Employee","Regular",1,"Hybrid",5.9
102712,7,26,5,103375,2020-03-24,NA,"Active",NA,"Employee","Regular",1,"Remote",5.96
109078,7,26,10,107991,2020-04-05,NA,"Active",NA,"Employee","Regular",1,"Onsite",5.93
109753,7,26,12,101828,2020-04-17,NA,"Active",NA,"Employee","Regular",1,"Hybrid",5.9
100163,7,26,5,101688,2020-04-25,NA,"Active",NA,"Employee","Regular",1,"Hybrid",5.87
107238,7,26,3,101027,2020-05-08,2025-07-15,"Terminated","Voluntary","Employee","Regular",1,"Onsite",5.19
109981,7,26,2,104819,2020-06-27,NA,"Active",NA,"Employee","Regular",1,"Hybrid",5.7
102762,7,26,7,104244,2020-06-30,NA,"Active",NA,"Employee","Regular",1,"Remote",5.69
103503,7,26,9,107991,2020-07-04,NA,"Active",NA,"Employee","Regular",1,"Hybrid",5.68
101012,7,26,12,105158,2020-09-05,NA,"Active",NA,"Employee","Regular",1,"Onsite",5.51
108388,7,26,3,105076,2020-09-18,NA,"Active",NA,"Contractor","Regular",1,"Onsite",5.47
102467,7,26,10,109978,2020-09-20,NA,"Active",NA,"Employee","Temporary",0.8,"Remote",5.47
103760,7,26,1,105739,2020-10-13,NA,"Active",NA,"Employee","Regular",1,"Remote",5.41
105730,7,26,7,108597,2020-11-12,NA,"Active",NA,"Employee","Regular",1,"Remote",5.32
103269,7,26,9,108697,2020-11-18,NA,"Active",NA,"Employee","Regular",1,"Hybrid",5.31
108765,7,26,3,105575,2020-12-11,NA,"Active",NA,"Employee","Regular",0.8,"Hybrid",5.24
109435,7,26,9,109416,2020-12-31,NA,"Active",NA,"Employee","Regular",1,"Remote",5.19
102826,7,26,10,109192,2021-01-24,NA,"Active",NA,"Employee","Regular",1,"Onsite",5.12
105327,7,26,1,109956,2021-03-24,NA,"Active",NA,"Employee","Regular",0.8,"Hybrid",4.96
108174,7,26,9,104244,2021-03-29,NA,"Active",NA,"Employee","Regular",1,"Onsite",4.95
104378,7,26,6,106198,2021-04-26,NA,"Active",NA,"Employee","Temporary",0.6,"Hybrid",4.87
107644,7,26,2,104244,2021-05-30,NA,"Active",NA,"Employee","Regular",1,"Remote",4.78
103930,7,26,9,109310,2021-07-03,NA,"Active",NA,"Employee","Regular",1,"Hybrid",4.68
107972,7,26,6,109723,2021-07-06,NA,"Active",NA,"Contractor","Regular",1,"Remote",4.68
104269,7,26,9,100010,2021-07-07,NA,"Active",NA,"Employee","Regular",1,"Onsite",4.67
101712,7,26,1,108597,2021-07-19,NA,"Active",NA,"Employee","Regular",1,"Remote",4.64
101485,7,26,9,101828,2021-08-15,NA,"Active",NA,"Employee","Regular",1,"Onsite",4.57
103526,7,26,1,109583,2021-08-15,NA,"Active",NA,"Employee","Regular",1,"Hybrid",4.57
104371,7,26,3,104338,2021-08-23,2024-12-25,"Terminated","Voluntary","Employee","Regular",1,"Hybrid",3.34
106663,7,26,5,103667,2021-09-12,NA,"Active",NA,"Employee","Regular",1,"Onsite",4.49
106319,7,26,8,107273,2021-09-29,NA,"Active",NA,"Employee","Regular",1,"Hybrid",4.44
106330,7,26,7,109310,2021-11-11,NA,"Active",NA,"Employee","Regular",0.6,"Hybrid",4.33
103052,7,26,12,101268,2021-11-16,NA,"Active",NA,"Contractor","Regular",1,"Remote",4.31
104351,7,26,6,101687,2021-11-21,2025-04-19,"Terminated","Voluntary","Contractor","Regular",1,"Hybrid",3.41
107940,7,26,12,102246,2021-12-05,NA,"Active",NA,"Employee","Regular",0.8,"Hybrid",4.26
102419,7,26,1,103923,2021-12-14,NA,"Active",NA,"Employee","Regular",1,"Onsite",4.24
104896,7,26,6,108697,2021-12-14,NA,"Active",NA,"Employee","Regular",1,"Hybrid",4.24
106600,7,26,4,108697,2021-12-17,NA,"Active",NA,"Employee","Regular",1,"Remote",4.23
102423,7,26,11,109192,2022-02-11,NA,"Active",NA,"Employee","Regular",1,"Onsite",4.07
105559,7,26,4,101688,2022-02-15,NA,"Active",NA,"Employee","Regular",1,"Remote",4.06
109771,7,26,10,106198,2022-02-19,NA,"Active",NA,"Employee","Temporary",1,"Hybrid",4.05
108395,7,26,3,105228,2022-02-27,NA,"Active",NA,"Employee","Regular",1,"Onsite",4.03
106238,7,26,6,101144,2022-03-14,NA,"Active",NA,"Employee","Regular",1,"Remote",3.99
100571,7,26,1,105183,2022-03-28,NA,"Active",NA,"Employee","Regular",1,"Onsite",3.95
105110,7,26,2,106409,2022-04-27,NA,"Active",NA,"Employee","Regular",0.6,"Hybrid",3.87
107221,7,26,3,101718,2022-05-03,NA,"Active",NA,"Employee","Regular",1,"Onsite",3.85
108088,7,26,11,102598,2022-05-23,2025-05-04,"Terminated","Reduction in Force","Employee","Regular",1,"Remote",2.95
102678,7,26,3,105666,2022-06-15,NA,"Active",NA,"Employee","Regular",1,"Hybrid",3.73
106164,7,26,7,109583,2022-07-03,NA,"Active",NA,"Employee","Regular",1,"Hybrid",3.68
100924,7,26,4,100010,2022-07-05,NA,"Active",NA,"Employee","Regular",1,"Onsite",3.68
102452,7,26,9,109416,2022-07-25,NA,"Active",NA,"Employee","Regular",1,"Onsite",3.62
103593,7,26,12,109192,2022-10-14,NA,"Active",NA,"Employee","Regular",1,"Hybrid",3.4
106387,7,26,1,104526,2022-11-02,NA,"Active",NA,"Employee","Regular",1,"Hybrid",3.35
100532,7,26,7,102598,2022-11-12,NA,"Active",NA,"Employee","Regular",1,"Hybrid",3.32
107591,7,26,10,108597,2022-11-25,NA,"Active",NA,"Employee","Regular",1,"Hybrid",3.29
106129,7,26,7,109723,2022-12-09,NA,"Active",NA,"Employee","Regular",1,"Hybrid",3.25
109706,7,26,3,101108,2023-01-01,NA,"Active",NA,"Employee","Regular",1,"Onsite",3.19
108789,7,26,6,109192,2023-01-03,2024-07-21,"Terminated","Voluntary","Employee","Regular",1,"Onsite",1.55
103925,7,26,7,108597,2023-01-10,NA,"Active",NA,"Employee","Regular",1,"Onsite",3.16
109772,7,26,7,109723,2023-01-21,NA,"Active",NA,"Employee","Regular",0.8,"Remote",3.13
102357,7,26,10,109978,2023-02-23,NA,"Active",NA,"Employee","Regular",1,"Hybrid",3.04
103970,7,26,3,107879,2023-03-07,NA,"Active",NA,"Employee","Regular",1,"Hybrid",3.01
109982,7,26,10,100327,2023-05-08,NA,"Active",NA,"Employee","Regular",1,"Remote",2.84
101389,7,26,6,108697,2023-05-14,2025-04-24,"Terminated","Reduction in Force","Employee","Regular",1,"Remote",1.95
106357,7,26,11,100327,2023-05-20,NA,"Active",NA,"Employee","Regular",1,"Hybrid",2.81
103579,7,26,3,109416,2023-05-31,NA,"Active",NA,"Employee","Regular",1,"Onsite",2.78
100926,7,26,12,101688,2023-07-02,NA,"Active",NA,"Employee","Regular",1,"Hybrid",2.69
108627,7,26,5,102636,2023-07-08,NA,"Active",NA,"Employee","Regular",1,"Hybrid",2.67
102622,7,26,1,106198,2023-07-24,NA,"Active",NA,"Employee","Regular",1,"Hybrid",2.63
103956,7,26,9,101585,2023-07-27,NA,"Active",NA,"Employee","Regular",0.8,"Remote",2.62
107933,7,26,1,105158,2023-08-04,NA,"Active",NA,"Employee","Temporary",1,"Onsite",2.6
107569,7,26,5,101605,2023-08-12,NA,"Active",NA,"Contractor","Regular",1,"Onsite",2.58
103957,7,26,10,101529,2023-08-15,NA,"Active",NA,"Employee","Regular",1,"Onsite",2.57
101088,7,26,1,106759,2023-08-25,NA,"Active",NA,"Employee","Regular",1,"Hybrid",2.54
108332,7,26,10,102661,2023-09-15,NA,"Active",NA,"Employee","Regular",0.8,"Onsite",2.48
109464,7,26,1,106409,2023-09-25,NA,"Active",NA,"Employee","Regular",0.6,"Onsite",2.45
101862,7,26,1,104834,2023-09-30,NA,"Active",NA,"Employee","Regular",1,"Onsite",2.44
101625,7,26,3,101585,2023-10-06,NA,"Active",NA,"Employee","Regular",1,"Onsite",2.42
100715,7,26,12,108697,2023-11-16,NA,"Active",NA,"Employee","Regular",1,"Onsite",2.31
104566,7,26,12,101268,2023-12-08,NA,"Active",NA,"Contractor","Regular",1,"Remote",2.25
104447,7,26,3,104834,2023-12-10,NA,"Active",NA,"Employee","Regular",1,"Hybrid",2.25
103655,7,26,6,106198,2023-12-23,NA,"Active",NA,"Employee","Regular",1,"Onsite",2.21
104353,7,26,5,100415,2024-02-11,NA,"Active",NA,"Employee","Regular",1,"Remote",2.07
108588,7,26,3,105514,2024-02-17,NA,"Active",NA,"Employee","Temporary",1,"Onsite",2.06
109389,7,26,10,105642,2024-03-03,NA,"Active",NA,"Employee","Regular",0.8,"Onsite",2.02
101664,7,26,12,105183,2024-03-25,NA,"Active",NA,"Employee","Regular",1,"Hybrid",1.96
107088,7,26,3,104588,2024-04-04,NA,"Active",NA,"Employee","Regular",1,"Hybrid",1.93
106038,7,26,9,102661,2024-05-31,NA,"Active",NA,"Employee","Regular",1,"Onsite",1.78
103900,7,26,12,105514,2024-06-12,NA,"Active",NA,"Employee","Regular",1,"Remote",1.74
103045,7,26,1,108697,2024-06-21,NA,"Active",NA,"Employee","Regular",1,"Onsite",1.72
102501,7,26,6,109956,2024-07-05,NA,"Active",NA,"Employee","Regular",1,"Remote",1.68
103567,7,26,4,107273,2024-08-30,NA,"Active",NA,"Employee","Regular",1,"Hybrid",1.53
108736,7,26,6,105228,2024-10-03,NA,"Active",NA,"Employee","Regular",1,"Hybrid",1.43
103011,7,26,7,107561,2024-10-22,NA,"Active",NA,"Employee","Regular",1,"Hybrid",1.38
103658,7,26,1,109184,2024-10-29,NA,"Active",NA,"Employee","Temporary",1,"Hybrid",1.36
104982,7,26,1,101828,2025-01-01,NA,"Active",NA,"Employee","Regular",1,"Onsite",1.19
100853,7,26,5,105575,2025-01-03,NA,"Active",NA,"Employee","Regular",1,"Hybrid",1.18
108020,7,26,7,101144,2025-02-22,NA,"Active",NA,"Contractor","Regular",0.6,"Remote",1.04
103276,7,26,10,101687,2025-03-15,NA,"Active",NA,"Employee","Regular",1,"Onsite",0.99
108103,7,26,2,109416,2025-03-15,NA,"Active",NA,"Employee","Regular",1,"Hybrid",0.99
105955,7,26,12,103923,2025-03-21,NA,"Active",NA,"Employee","Regular",1,"Remote",0.97
100966,7,26,10,101828,2025-04-27,NA,"Active",NA,"Employee","Temporary",1,"Remote",0.87
101998,7,26,6,105895,2025-05-23,NA,"Active",NA,"Employee","Regular",1,"Onsite",0.8
109237,7,26,1,106198,2025-07-16,NA,"Active",NA,"Employee","Regular",0.8,"Remote",0.65
106760,7,26,11,104834,2025-07-27,NA,"Active",NA,"Employee","Regular",1,"Hybrid",0.62
103274,7,26,6,109583,2025-08-30,NA,"Active",NA,"Employee","Regular",1,"Remote",0.53
102256,7,26,1,105131,2025-09-19,NA,"Active",NA,"Employee","Regular",1,"Hybrid",0.47
109666,7,26,4,101687,2025-10-02,NA,"Active",NA,"Employee","Regular",1,"Onsite",0.44
100757,7,26,8,108597,2025-11-15,NA,"Active",NA,"Employee","Regular",1,"Onsite",0.32
104380,7,26,2,109583,2025-11-17,NA,"Active",NA,"Employee","Regular",1,"Onsite",0.31
100805,7,26,7,109583,2025-11-26,NA,"Active",NA,"Employee","Regular",0.6,"Hybrid",0.28
100995,7,26,2,109956,2025-12-04,NA,"Active",NA,"Employee","Regular",1,"Hybrid",0.26
105400,7,26,11,109192,2026-01-18,NA,"Active",NA,"Employee","Temporary",1,"Remote",0.14
107824,10,36,12,103674,2013-01-24,NA,"Active",NA,"Employee","Temporary",1,"Onsite",13.12
102772,10,36,9,102738,2013-01-31,NA,"Active",NA,"Employee","Regular",0.8,"Hybrid",13.1
109221,10,36,8,103551,2013-02-03,NA,"Active",NA,"Employee","Regular",1,"Remote",13.1
102019,10,36,1,100820,2013-03-07,NA,"Active",NA,"Employee","Regular",1,"Remote",13.01
106766,10,36,10,100368,2013-03-29,2023-12-01,"Terminated","Voluntary","Employee","Regular",0.6,"Hybrid",10.67
101944,10,36,10,105177,2013-04-13,NA,"Active",NA,"Contractor","Temporary",0.8,"Hybrid",12.91
102991,10,36,7,101209,2013-04-27,NA,"Active",NA,"Employee","Regular",1,"Hybrid",12.87
102721,10,36,7,100545,2013-05-04,NA,"Active",NA,"Employee","Regular",1,"Remote",12.85
100003,10,36,7,107022,2013-06-11,NA,"Active",NA,"Employee","Regular",1,"Hybrid",12.75
105071,10,36,6,107944,2013-06-15,NA,"Active",NA,"Employee","Regular",0.8,"Onsite",12.73
101131,10,36,9,102294,2013-06-18,NA,"Active",NA,"Employee","Regular",1,"Hybrid",12.73
106457,10,36,4,103416,2013-07-07,NA,"Active",NA,"Employee","Regular",1,"Hybrid",12.67
107097,10,36,9,107693,2013-07-08,NA,"Active",NA,"Employee","Regular",1,"Remote",12.67
109808,10,36,10,109844,2013-07-28,NA,"Active",NA,"Employee","Regular",1,"Hybrid",12.62
101908,10,36,1,103416,2013-08-18,NA,"Active",NA,"Employee","Regular",1,"Onsite",12.56
105640,10,36,5,103625,2013-09-07,NA,"Active",NA,"Employee","Regular",1,"Hybrid",12.5
102316,10,36,2,104470,2013-09-14,NA,"Active",NA,"Employee","Regular",1,"Onsite",12.48
104591,10,36,11,109097,2013-09-26,2019-05-08,"Terminated","Involuntary","Employee","Regular",1,"Hybrid",5.61
103439,10,36,9,104561,2013-10-24,NA,"Active",NA,"Employee","Regular",1,"Remote",12.38
107534,10,36,12,103625,2013-10-30,NA,"Active",NA,"Employee","Regular",1,"Remote",12.36
101961,10,36,10,103328,2013-12-11,NA,"Active",NA,"Employee","Regular",1,"Onsite",12.24
105588,10,36,12,109527,2013-12-25,NA,"Active",NA,"Employee","Regular",0.8,"Hybrid",12.21
108566,10,36,11,103416,2014-01-03,NA,"Active",NA,"Employee","Regular",1,"Onsite",12.18
104280,10,36,3,103691,2014-02-07,NA,"Active",NA,"Employee","Regular",1,"Onsite",12.08
109682,10,36,2,109844,2014-02-16,NA,"Active",NA,"Employee","Regular",1,"Remote",12.06
105958,10,36,4,106734,2014-02-25,NA,"Active",NA,"Employee","Regular",1,"Onsite",12.04
108974,10,36,3,104416,2014-03-14,NA,"Active",NA,"Employee","Regular",1,"Hybrid",11.99
108356,10,36,4,108919,2014-05-25,NA,"Active",NA,"Employee","Regular",1,"Onsite",11.79
106354,10,36,1,104220,2014-06-03,NA,"Active",NA,"Employee","Regular",1,"Hybrid",11.77
100619,10,36,11,100545,2014-06-30,NA,"Active",NA,"Employee","Regular",0.6,"Hybrid",11.69
103979,10,36,7,107693,2014-07-15,NA,"Active",NA,"Employee","Regular",1,"Onsite",11.65
104200,10,36,2,107512,2014-07-24,NA,"Active",NA,"Employee","Regular",1,"Onsite",11.63
101836,10,36,3,101771,2014-09-27,NA,"Active",NA,"Employee","Regular",0.8,"Remote",11.45
105849,10,36,7,101217,2014-11-06,NA,"Active",NA,"Employee","Regular",0.6,"Onsite",11.34
100121,10,36,6,104806,2014-11-18,NA,"Active",NA,"Employee","Regular",1,"Onsite",11.31
108921,10,36,7,103818,2014-12-30,NA,"Active",NA,"Employee","Temporary",1,"Onsite",11.19
104709,10,36,11,105636,2015-01-02,NA,"Active",NA,"Employee","Regular",1,"Hybrid",11.18
103185,10,36,10,102735,2015-01-13,NA,"Active",NA,"Employee","Regular",1,"Onsite",11.15
107356,10,36,9,108371,2015-03-10,2020-08-20,"Terminated","Voluntary","Employee","Regular",1,"Remote",5.45
102926,10,36,5,106105,2015-03-13,2022-01-13,"Terminated","Involuntary","Employee","Regular",1,"Hybrid",6.84
106297,10,36,7,102738,2015-05-12,NA,"Active",NA,"Employee","Regular",1,"Onsite",10.83
104354,10,36,3,104220,2015-06-23,NA,"Active",NA,"Employee","Regular",1,"Onsite",10.71
104822,10,36,2,105636,2015-07-11,NA,"Active",NA,"Employee","Regular",1,"Hybrid",10.66
100335,10,36,12,100286,2015-08-07,NA,"Active",NA,"Employee","Regular",1,"Remote",10.59
101066,10,36,2,101167,2015-09-03,NA,"Active",NA,"Employee","Regular",1,"Remote",10.52
105220,10,36,12,107090,2015-10-09,NA,"Active",NA,"Employee","Regular",1,"Hybrid",10.42
104951,10,36,9,103625,2015-10-26,NA,"Active",NA,"Employee","Regular",1,"Hybrid",10.37
109789,10,36,9,105374,2015-10-29,2025-09-15,"Terminated","Voluntary","Employee","Regular",1,"Remote",9.88
101293,10,36,11,109451,2015-11-19,NA,"Active",NA,"Employee","Regular",0.8,"Onsite",10.3
104871,10,36,6,101543,2016-02-02,NA,"Active",NA,"Employee","Regular",1,"Hybrid",10.1
106612,10,36,9,103625,2016-03-20,NA,"Active",NA,"Employee","Regular",1,"Hybrid",9.97
108915,10,36,9,103551,2016-04-12,NA,"Active",NA,"Employee","Regular",1,"Hybrid",9.91
100683,10,36,10,103354,2016-04-20,NA,"Active",NA,"Employee","Regular",1,"Hybrid",9.89
100136,10,36,12,108919,2016-04-23,NA,"Active",NA,"Employee","Temporary",1,"Onsite",9.88
102886,10,36,7,105476,2016-05-09,NA,"Active",NA,"Employee","Regular",1,"Hybrid",9.84
108075,10,36,11,109313,2016-05-18,NA,"Active",NA,"Employee","Regular",1,"Hybrid",9.81
101289,10,36,2,100368,2016-06-02,2017-12-28,"Terminated","Voluntary","Employee","Regular",1,"Hybrid",1.57
104638,10,36,10,109097,2016-06-02,NA,"Active",NA,"Employee","Regular",1,"Onsite",9.77
109298,10,36,6,109960,2016-06-18,NA,"Active",NA,"Employee","Regular",1,"Onsite",9.73
103153,10,36,3,101226,2016-06-23,NA,"Active",NA,"Employee","Regular",1,"Hybrid",9.71
107025,10,36,12,103887,2016-07-19,NA,"Active",NA,"Employee","Regular",1,"Hybrid",9.64
101573,10,36,10,101217,2016-07-25,NA,"Active",NA,"Employee","Regular",0.6,"Onsite",9.62
103090,10,36,1,103416,2016-07-29,NA,"Active",NA,"Employee","Regular",1,"Onsite",9.61
103100,10,36,1,103691,2016-08-06,NA,"Active",NA,"Employee","Regular",1,"Remote",9.59
101596,10,36,10,107512,2016-08-16,2020-11-03,"Terminated","Voluntary","Employee","Regular",1,"Remote",4.22
108730,10,36,1,103328,2016-08-21,NA,"Active",NA,"Employee","Regular",1,"Onsite",9.55
102120,10,36,5,103887,2016-08-27,NA,"Active",NA,"Employee","Regular",1,"Onsite",9.53
106127,10,36,8,106095,2016-10-27,NA,"Active",NA,"Employee","Regular",1,"Onsite",9.37
101302,10,36,9,106095,2016-12-17,2022-11-23,"Terminated","Voluntary","Employee","Regular",1,"Hybrid",5.93
104114,10,36,3,101226,2017-01-03,NA,"Active",NA,"Employee","Regular",1,"Onsite",9.18
101378,10,36,6,101521,2017-01-11,NA,"Active",NA,"Employee","Regular",1,"Remote",9.16
106974,10,36,6,108919,2017-01-11,NA,"Active",NA,"Contractor","Regular",1,"Remote",9.16
104629,10,36,10,104416,2017-01-15,NA,"Active",NA,"Employee","Regular",0.8,"Hybrid",9.15
104577,10,36,9,103328,2017-02-10,NA,"Active",NA,"Employee","Regular",1,"Hybrid",9.08
101972,10,36,1,105983,2017-02-19,NA,"Active",NA,"Employee","Regular",1,"Hybrid",9.05
106677,10,36,12,109122,2017-02-27,NA,"Active",NA,"Employee","Regular",1,"Hybrid",9.03
100630,10,36,2,103625,2017-03-02,NA,"Active",NA,"Employee","Regular",1,"Remote",9.02
104481,10,36,8,103050,2017-03-02,NA,"Active",NA,"Employee","Regular",1,"Onsite",9.02
108101,10,36,2,107022,2017-03-16,2025-04-25,"Terminated","Voluntary","Contractor","Regular",1,"Hybrid",8.11
103792,10,36,3,108260,2017-04-13,NA,"Active",NA,"Contractor","Regular",0.8,"Onsite",8.91
103713,10,36,9,106605,2017-05-01,NA,"Active",NA,"Employee","Regular",1,"Hybrid",8.86
100039,10,36,12,106758,2017-05-05,NA,"Active",NA,"Employee","Regular",1,"Onsite",8.85
108435,10,36,3,105374,2017-05-17,NA,"Active",NA,"Employee","Regular",1,"Remote",8.81
102593,10,36,9,109451,2017-05-30,NA,"Active",NA,"Employee","Temporary",1,"Remote",8.78
107738,10,36,7,107819,2017-06-07,2021-12-08,"Terminated","Voluntary","Employee","Regular",1,"Onsite",4.5
105976,10,36,4,102735,2017-07-21,NA,"Active",NA,"Employee","Regular",1,"Remote",8.64
106614,10,36,10,107512,2017-07-21,NA,"Active",NA,"Employee","Regular",1,"Hybrid",8.64
106116,10,36,5,106758,2017-07-25,2025-11-28,"Terminated","Voluntary","Employee","Regular",1,"Onsite",8.35
108300,10,36,6,109844,2017-07-25,NA,"Active",NA,"Employee","Regular",1,"Remote",8.62
100856,10,36,5,101167,2017-08-18,NA,"Active",NA,"Employee","Regular",1,"Hybrid",8.56
101824,10,36,2,106112,2017-08-21,NA,"Active",NA,"Employee","Regular",1,"Onsite",8.55
105051,10,36,7,107944,2017-10-14,NA,"Active",NA,"Employee","Regular",1,"Onsite",8.4
101608,10,36,1,109865,2017-12-24,NA,"Active",NA,"Employee","Regular",1,"Onsite",8.21
100701,10,36,8,107090,2018-01-03,NA,"Active",NA,"Employee","Regular",1,"Onsite",8.18
107355,10,36,10,103050,2018-02-09,NA,"Active",NA,"Contractor","Regular",1,"Onsite",8.08
108091,10,36,5,102735,2018-02-15,2023-10-25,"Terminated","Voluntary","Employee","Regular",1,"Onsite",5.69
102090,10,36,5,108620,2018-02-19,NA,"Active",NA,"Employee","Regular",1,"Hybrid",8.05
107864,10,36,9,107944,2018-03-27,NA,"Active",NA,"Employee","Regular",1,"Hybrid",7.95
100006,10,36,1,109865,2018-04-26,NA,"Active",NA,"Employee","Regular",1,"Hybrid",7.87
108504,10,36,5,106758,2018-05-18,NA,"Active",NA,"Employee","Regular",1,"Onsite",7.81
100871,10,36,3,108371,2018-07-01,NA,"Active",NA,"Employee","Regular",1,"Hybrid",7.69
107462,10,36,6,103722,2018-07-24,NA,"Active",NA,"Employee","Regular",1,"Remote",7.63
109929,10,36,10,109097,2018-07-30,NA,"Active",NA,"Employee","Regular",1,"Onsite",7.61
105347,10,36,12,100545,2018-08-17,NA,"Active",NA,"Employee","Regular",1,"Hybrid",7.56
106756,10,36,9,103050,2018-09-11,NA,"Active",NA,"Employee","Regular",0.6,"Hybrid",7.49
106335,10,36,1,101543,2018-09-28,NA,"Active",NA,"Contractor","Regular",1,"Remote",7.45
104574,10,36,10,108620,2018-10-26,NA,"Active",NA,"Employee","Regular",1,"Remote",7.37
108476,10,36,8,101130,2018-10-27,NA,"Active",NA,"Employee","Regular",1,"Onsite",7.37
109559,10,36,6,107944,2018-10-29,NA,"Active",NA,"Employee","Regular",1,"Remote",7.36
102148,10,36,3,101217,2018-11-20,NA,"Active",NA,"Employee","Regular",1,"Onsite",7.3
108244,10,36,10,109960,2018-11-24,NA,"Active",NA,"Employee","Regular",1,"Hybrid",7.29
103581,10,36,3,107022,2019-01-03,NA,"Active",NA,"Employee","Regular",1,"Hybrid",7.18
107599,10,36,11,107090,2019-01-20,NA,"Active",NA,"Employee","Regular",1,"Hybrid",7.13
103272,10,36,3,106262,2019-02-01,NA,"Active",NA,"Employee","Regular",1,"Onsite",7.1
108016,10,36,2,109865,2019-02-03,NA,"Active",NA,"Employee","Regular",0.8,"Onsite",7.1
107567,10,36,8,106605,2019-02-17,NA,"Active",NA,"Employee","Regular",1,"Remote",7.06
107585,10,36,1,109331,2019-04-09,NA,"Active",NA,"Employee","Regular",1,"Onsite",6.92
107726,10,36,10,101543,2019-04-14,2025-01-02,"Terminated","Voluntary","Employee","Regular",1,"Hybrid",5.72
106501,10,36,3,107022,2019-04-25,NA,"Active",NA,"Employee","Regular",1,"Hybrid",6.87
108648,10,36,1,101209,2019-04-28,NA,"Active",NA,"Employee","Regular",0.8,"Hybrid",6.87
105439,10,36,2,103416,2019-05-10,NA,"Active",NA,"Employee","Regular",1,"Hybrid",6.83
102420,10,36,10,109313,2019-05-18,NA,"Active",NA,"Employee","Regular",1,"Remote",6.81
108863,10,36,4,100545,2019-06-25,NA,"Active",NA,"Employee","Regular",1,"Hybrid",6.71
105354,10,36,12,107693,2019-07-02,NA,"Active",NA,"Employee","Regular",1,"Onsite",6.69
100693,10,36,3,101167,2019-07-06,NA,"Active",NA,"Employee","Temporary",1,"Onsite",6.68
106030,10,36,4,106758,2019-08-13,NA,"Active",NA,"Employee","Regular",1,"Hybrid",6.57
108845,10,36,3,106920,2019-09-18,NA,"Active",NA,"Employee","Regular",1,"Hybrid",6.47
105941,10,36,4,103722,2019-10-05,NA,"Active",NA,"Employee","Regular",1,"Hybrid",6.43
106745,10,36,5,108919,2019-10-15,NA,"Active",NA,"Employee","Regular",1,"Hybrid",6.4
106765,10,36,9,103818,2019-10-17,2026-02-28,"Terminated","Voluntary","Employee","Regular",1,"Remote",6.37
107679,10,36,2,100397,2019-10-20,NA,"Active",NA,"Employee","Regular",0.6,"Onsite",6.39
109596,10,36,12,100368,2019-10-24,NA,"Active",NA,"Employee","Regular",0.6,"Hybrid",6.38
104336,10,36,1,100820,2019-10-28,NA,"Active",NA,"Contractor","Regular",1,"Onsite",6.36
108402,10,36,5,100545,2019-11-30,NA,"Active",NA,"Employee","Regular",1,"Hybrid",6.27
109621,10,36,4,103818,2019-12-11,NA,"Active",NA,"Employee","Regular",1,"Onsite",6.24
109130,10,36,3,108371,2020-01-03,NA,"Active",NA,"Employee","Regular",1,"Remote",6.18
105702,10,36,1,101130,2020-03-15,2026-01-09,"Terminated","Voluntary","Employee","Regular",1,"Hybrid",5.82
101317,10,36,10,106676,2020-03-28,NA,"Active",NA,"Employee","Regular",1,"Onsite",5.95
104772,10,36,2,103722,2020-04-13,NA,"Active",NA,"Employee","Regular",1,"Hybrid",5.91
102229,10,36,8,103755,2020-04-15,NA,"Active",NA,"Employee","Regular",1,"Hybrid",5.9
101141,10,36,8,102294,2020-04-25,2026-01-02,"Terminated","Involuntary","Employee","Regular",1,"Remote",5.69
102095,10,36,3,109451,2020-06-26,NA,"Active",NA,"Employee","Regular",1,"Onsite",5.7
108054,10,36,6,107022,2020-07-18,2025-08-14,"Terminated","Voluntary","Employee","Regular",1,"Onsite",5.07
107377,10,36,10,100368,2020-07-26,NA,"Active",NA,"Employee","Regular",1,"Onsite",5.62
107187,10,36,4,103755,2020-07-27,NA,"Active",NA,"Employee","Regular",1,"Hybrid",5.62
103346,10,36,9,100397,2020-08-12,NA,"Active",NA,"Employee","Regular",1,"Remote",5.58
102514,10,36,1,102738,2020-08-20,NA,"Active",NA,"Employee","Regular",1,"Remote",5.55
103549,10,36,1,106920,2020-08-28,NA,"Active",NA,"Employee","Regular",1,"Onsite",5.53
109414,10,36,6,101543,2020-09-03,NA,"Active",NA,"Employee","Regular",1,"Hybrid",5.52
103465,10,36,9,109097,2020-09-11,NA,"Active",NA,"Employee","Regular",1,"Onsite",5.49
108363,10,36,1,101543,2020-09-11,2024-05-04,"Terminated","Voluntary","Employee","Regular",1,"Remote",3.64
102757,10,36,1,100545,2020-09-19,NA,"Active",NA,"Employee","Regular",1,"Onsite",5.47
107691,10,36,8,103674,2020-10-28,NA,"Active",NA,"Employee","Regular",1,"Remote",5.36
106808,10,36,1,107819,2020-10-29,NA,"Active",NA,"Employee","Regular",1,"Remote",5.36
102786,10,36,4,104880,2020-11-12,NA,"Active",NA,"Employee","Regular",1,"Hybrid",5.32
109672,10,36,1,103551,2020-11-29,NA,"Active",NA,"Employee","Regular",1,"Hybrid",5.28
100997,10,36,12,101167,2020-12-23,NA,"Active",NA,"Employee","Temporary",0.8,"Onsite",5.21
109106,10,36,3,107944,2021-03-14,NA,"Active",NA,"Employee","Regular",1,"Onsite",4.99
106883,10,36,11,103674,2021-03-20,NA,"Active",NA,"Employee","Regular",1,"Hybrid",4.97
102771,10,36,10,101771,2021-03-22,NA,"Active",NA,"Employee","Regular",0.6,"Onsite",4.97
106120,10,36,5,102738,2021-03-23,NA,"Active",NA,"Employee","Regular",1,"Onsite",4.96
109534,10,36,10,108260,2021-04-20,NA,"Active",NA,"Employee","Regular",1,"Hybrid",4.89
107284,10,36,9,103691,2021-05-12,NA,"Active",NA,"Employee","Regular",1,"Onsite",4.83
100355,10,36,10,103328,2021-05-27,NA,"Active",NA,"Employee","Regular",1,"Onsite",4.79
108999,10,36,1,106262,2021-05-31,NA,"Active",NA,"Employee","Regular",1,"Hybrid",4.78
103924,10,36,9,103755,2021-06-09,NA,"Active",NA,"Employee","Regular",0.8,"Hybrid",4.75
104088,10,36,2,107693,2021-06-11,NA,"Active",NA,"Employee","Regular",1,"Onsite",4.75
102451,10,36,4,101360,2021-06-19,NA,"Active",NA,"Employee","Regular",1,"Onsite",4.72
107708,10,36,9,100820,2021-07-22,NA,"Active",NA,"Employee","Regular",0.8,"Onsite",4.63
107143,10,36,9,105177,2021-08-10,NA,"Active",NA,"Employee","Regular",1,"Onsite",4.58
106755,10,36,12,105374,2021-08-16,NA,"Active",NA,"Employee","Regular",1,"Onsite",4.56
100227,10,36,8,104470,2021-08-30,NA,"Active",NA,"Contractor","Regular",0.8,"Hybrid",4.53
103908,10,36,8,109527,2021-09-22,NA,"Active",NA,"Employee","Regular",1,"Remote",4.46
109403,10,36,10,102294,2021-10-20,NA,"Active",NA,"Employee","Regular",1,"Remote",4.39
105616,10,36,5,102735,2021-10-22,NA,"Active",NA,"Employee","Regular",1,"Hybrid",4.38
107934,10,36,6,107819,2021-10-29,NA,"Active",NA,"Employee","Regular",1,"Hybrid",4.36
106259,10,36,3,101360,2021-11-15,NA,"Active",NA,"Employee","Regular",0.6,"Onsite",4.32
101728,10,36,8,101217,2021-12-25,NA,"Active",NA,"Employee","Regular",1,"Onsite",4.21
100484,10,36,7,103625,2022-01-09,NA,"Active",NA,"Employee","Regular",1,"Remote",4.16
105555,10,36,6,105636,2022-01-20,NA,"Active",NA,"Employee","Regular",1,"Hybrid",4.13
103731,10,36,1,108620,2022-02-08,NA,"Active",NA,"Contractor","Regular",1,"Onsite",4.08
103985,10,36,7,109960,2022-02-11,NA,"Active",NA,"Employee","Regular",1,"Onsite",4.07
105825,10,36,9,102738,2022-02-12,NA,"Active",NA,"Employee","Regular",1,"Hybrid",4.07
101280,10,36,12,109097,2022-02-15,NA,"Active",NA,"Employee","Temporary",1,"Onsite",4.06
106941,10,36,8,102160,2022-02-18,NA,"Active",NA,"Employee","Regular",1,"Remote",4.05
105937,10,36,1,101209,2022-02-21,NA,"Active",NA,"Employee","Regular",1,"Onsite",4.05
104792,10,36,3,104416,2022-03-01,NA,"Active",NA,"Employee","Regular",1,"Remote",4.02
104375,10,36,2,109844,2022-03-27,NA,"Active",NA,"Employee","Regular",0.8,"Hybrid",3.95
107319,10,36,12,103050,2022-04-14,NA,"Active",NA,"Employee","Regular",1,"Hybrid",3.9
107367,10,36,1,104238,2022-04-14,NA,"Active",NA,"Employee","Regular",1,"Hybrid",3.9
102487,10,36,11,109960,2022-05-10,NA,"Active",NA,"Employee","Regular",1,"Onsite",3.83
100004,10,36,1,102160,2022-05-20,NA,"Active",NA,"Employee","Regular",1,"Hybrid",3.81
109964,10,36,11,104050,2022-06-07,NA,"Active",NA,"Employee","Regular",1,"Remote",3.76
106700,10,36,7,102160,2022-06-13,NA,"Active",NA,"Employee","Regular",1,"Hybrid",3.74
107352,10,36,3,108820,2022-06-26,NA,"Active",NA,"Employee","Regular",1,"Remote",3.7
109829,10,36,12,108371,2022-07-04,NA,"Active",NA,"Employee","Regular",1,"Hybrid",3.68
107427,10,36,12,107819,2022-07-16,NA,"Active",NA,"Employee","Regular",1,"Remote",3.65
102494,10,36,10,105177,2022-07-21,NA,"Active",NA,"Employee","Regular",0.8,"Onsite",3.64
105508,10,36,12,108919,2022-08-13,NA,"Active",NA,"Employee","Regular",0.8,"Onsite",3.57
105014,10,36,3,105636,2022-08-19,NA,"Active",NA,"Employee","Regular",1,"Onsite",3.56
106054,10,36,5,101209,2022-08-23,NA,"Active",NA,"Employee","Regular",1,"Onsite",3.55
109988,10,36,1,106920,2022-08-30,NA,"Active",NA,"Employee","Regular",1,"Onsite",3.53
104256,10,36,4,103755,2022-09-23,NA,"Active",NA,"Employee","Regular",1,"Onsite",3.46
108425,10,36,2,100397,2022-10-02,2026-01-15,"Terminated","Voluntary","Employee","Temporary",1,"Remote",3.29
100403,10,36,5,107574,2022-10-19,NA,"Active",NA,"Employee","Regular",1,"Onsite",3.39
101418,10,36,3,109451,2022-10-31,NA,"Active",NA,"Employee","Regular",1,"Onsite",3.36
105656,10,36,3,100368,2022-11-07,NA,"Active",NA,"Employee","Regular",1,"Onsite",3.34
100512,10,36,10,104470,2022-11-12,NA,"Active",NA,"Contractor","Regular",1,"Onsite",3.32
107911,10,36,10,107094,2022-11-21,NA,"Active",NA,"Employee","Regular",1,"Onsite",3.3
101370,10,36,1,108820,2022-11-26,2026-02-28,"Terminated","Involuntary","Employee","Temporary",1,"Onsite",3.26
103240,10,36,8,109097,2022-12-07,NA,"Active",NA,"Employee","Regular",0.8,"Onsite",3.25
105991,10,36,6,102160,2022-12-07,NA,"Active",NA,"Employee","Regular",1,"Onsite",3.25
107067,10,36,5,103050,2022-12-08,NA,"Active",NA,"Employee","Regular",1,"Hybrid",3.25
107588,10,36,5,103722,2022-12-22,NA,"Active",NA,"Employee","Regular",1,"Onsite",3.21
109568,10,36,4,103428,2022-12-26,NA,"Active",NA,"Employee","Regular",0.8,"Onsite",3.2
103027,10,36,7,104470,2023-03-08,NA,"Active",NA,"Employee","Regular",0.8,"Hybrid",3.01
109649,10,36,11,107090,2023-03-17,NA,"Active",NA,"Employee","Regular",1,"Remote",2.98
105591,10,36,12,101217,2023-04-29,NA,"Active",NA,"Employee","Regular",0.8,"Onsite",2.86
100580,10,36,3,109451,2023-05-04,NA,"Active",NA,"Employee","Temporary",1,"Hybrid",2.85
103023,10,36,10,108371,2023-05-06,NA,"Active",NA,"Employee","Regular",1,"Remote",2.84
105470,10,36,12,103818,2023-05-31,NA,"Active",NA,"Employee","Regular",1,"Hybrid",2.78
102744,10,36,4,104220,2023-06-18,NA,"Active",NA,"Employee","Regular",1,"Remote",2.73
108553,10,36,12,101360,2023-07-07,NA,"Active",NA,"Employee","Regular",1,"Remote",2.67
105305,10,36,12,104880,2023-08-08,NA,"Active",NA,"Employee","Regular",1,"Hybrid",2.59
102244,10,36,5,101226,2023-08-17,NA,"Active",NA,"Employee","Regular",1,"Hybrid",2.56
103670,10,36,3,101543,2023-08-27,NA,"Active",NA,"Contractor","Regular",1,"Hybrid",2.53
101904,10,36,12,106758,2023-10-01,NA,"Active",NA,"Employee","Regular",1,"Remote",2.44
106438,10,36,8,103416,2023-10-20,NA,"Active",NA,"Employee","Regular",1,"Onsite",2.39
105480,10,36,12,103722,2023-10-24,NA,"Active",NA,"Employee","Regular",1,"Hybrid",2.38
104472,10,36,10,105476,2023-11-20,NA,"Active",NA,"Employee","Regular",1,"Hybrid",2.3
102990,10,36,11,103674,2023-12-05,NA,"Active",NA,"Employee","Regular",1,"Hybrid",2.26
104186,10,36,2,101226,2023-12-22,NA,"Active",NA,"Employee","Regular",1,"Hybrid",2.21
100124,10,36,4,103722,2024-01-02,NA,"Active",NA,"Employee","Regular",1,"Hybrid",2.18
105766,10,36,3,104238,2024-01-18,NA,"Active",NA,"Employee","Regular",1,"Hybrid",2.14
103109,10,36,9,107090,2024-01-24,NA,"Active",NA,"Employee","Regular",1,"Hybrid",2.12
106047,10,36,2,108919,2024-02-02,NA,"Active",NA,"Employee","Regular",1,"Hybrid",2.1
101867,10,36,3,107022,2024-02-07,NA,"Active",NA,"Employee","Temporary",0.6,"Hybrid",2.08
101398,10,36,2,109313,2024-02-19,NA,"Active",NA,"Employee","Regular",0.8,"Onsite",2.05
108734,10,36,7,102160,2024-03-29,NA,"Active",NA,"Employee","Regular",1,"Hybrid",1.95
103127,10,36,9,101209,2024-05-11,NA,"Active",NA,"Employee","Regular",1,"Hybrid",1.83
101112,10,36,2,106105,2024-05-14,NA,"Active",NA,"Employee","Regular",0.8,"Onsite",1.82
106186,10,36,11,105476,2024-06-11,NA,"Active",NA,"Employee","Regular",1,"Onsite",1.75
104613,10,36,8,104238,2024-06-23,NA,"Active",NA,"Employee","Regular",1,"Hybrid",1.71
104544,10,36,6,104561,2024-07-14,NA,"Active",NA,"Employee","Regular",1,"Remote",1.65
106348,10,36,10,106095,2024-08-01,NA,"Active",NA,"Employee","Regular",1,"Onsite",1.61
107784,10,36,6,103354,2024-08-19,NA,"Active",NA,"Contractor","Regular",1,"Hybrid",1.56
100517,10,36,1,102294,2024-09-06,NA,"Active",NA,"Employee","Regular",1,"Onsite",1.51
102626,10,36,3,105636,2024-09-26,NA,"Active",NA,"Employee","Regular",1,"Remote",1.45
106568,10,36,9,107094,2024-10-05,NA,"Active",NA,"Employee","Regular",1,"Hybrid",1.43
108398,10,36,9,103722,2024-11-08,NA,"Active",NA,"Employee","Regular",1,"Onsite",1.33
103053,10,36,7,104050,2024-11-12,NA,"Active",NA,"Employee","Regular",1,"Remote",1.32
106018,10,36,11,100368,2024-11-23,NA,"Active",NA,"Employee","Regular",1,"Onsite",1.29
100583,10,36,9,107693,2024-11-27,NA,"Active",NA,"Employee","Regular",1,"Onsite",1.28
102298,10,36,10,103691,2024-12-07,NA,"Active",NA,"Employee","Regular",1,"Remote",1.25
102234,10,36,4,101217,2024-12-10,NA,"Active",NA,"Employee","Regular",1,"Onsite",1.25
101575,10,36,3,104238,2024-12-17,NA,"Active",NA,"Employee","Regular",1,"Hybrid",1.23
103840,10,36,8,103050,2025-03-05,NA,"Active",NA,"Employee","Regular",1,"Onsite",1.01
109093,10,36,1,107090,2025-04-02,NA,"Active",NA,"Employee","Regular",1,"Remote",0.94
106818,10,36,7,109960,2025-04-15,2026-01-01,"Terminated","Reduction in Force","Employee","Regular",0.8,"Hybrid",0.72
105817,10,36,6,101167,2025-04-23,NA,"Active",NA,"Employee","Regular",1,"Onsite",0.88
106466,10,36,2,104806,2025-05-04,NA,"Active",NA,"Employee","Regular",1,"Hybrid",0.85
100766,10,36,10,104416,2025-05-05,NA,"Active",NA,"Employee","Regular",1,"Hybrid",0.85
105618,10,36,4,101360,2025-05-18,NA,"Active",NA,"Employee","Temporary",1,"Hybrid",0.81
107994,10,36,5,106905,2025-07-31,NA,"Active",NA,"Employee","Regular",1,"Hybrid",0.61
106036,10,36,1,109451,2025-08-15,NA,"Active",NA,"Employee","Regular",1,"Onsite",0.57
106214,10,36,11,101521,2025-09-27,NA,"Active",NA,"Employee","Regular",1,"Remote",0.45
109750,10,36,11,109097,2025-09-30,NA,"Active",NA,"Employee","Regular",0.8,"Onsite",0.44
104914,10,36,1,103354,2025-10-03,NA,"Active",NA,"Employee","Regular",1,"Onsite",0.43
100573,10,36,10,104470,2025-10-05,NA,"Active",NA,"Employee","Regular",1,"Remote",0.43
109038,10,36,4,108260,2025-10-27,NA,"Active",NA,"Employee","Regular",1,"Hybrid",0.37
108283,10,36,3,102738,2025-11-06,NA,"Active",NA,"Employee","Regular",1,"Onsite",0.34
106193,10,36,4,107693,2025-11-09,NA,"Active",NA,"Employee","Regular",1,"Onsite",0.33
107436,10,36,9,109122,2025-12-10,NA,"Active",NA,"Employee","Regular",1,"Onsite",0.25
106139,10,36,8,106105,2025-12-28,NA,"Active",NA,"Employee","Regular",1,"Hybrid",0.2
109348,10,36,4,106734,2026-01-01,NA,"Active",NA,"Employee","Regular",1,"Onsite",0.19
106080,10,36,1,106605,2026-01-20,NA,"Active",NA,"Employee","Regular",0.6,"Hybrid",0.13
102880,10,36,1,108620,2026-01-28,NA,"Active",NA,"Employee","Temporary",1,"Onsite",0.11
105584,2,5,11,107660,2013-01-02,2020-06-21,"Terminated","Voluntary","Employee","Regular",1,"Onsite",7.47
108097,2,5,7,108701,2013-01-16,NA,"Active",NA,"Contractor","Regular",0.8,"Hybrid",13.15
101150,2,5,8,102497,2013-01-28,NA,"Active",NA,"Employee","Regular",1,"Remote",13.11
109602,2,5,8,100974,2013-02-01,NA,"Active",NA,"Employee","Regular",1,"Onsite",13.1
106115,2,5,6,109199,2013-02-05,NA,"Active",NA,"Employee","Regular",1,"Remote",13.09
103854,2,5,12,107970,2013-02-17,NA,"Active",NA,"Employee","Regular",1,"Onsite",13.06
103886,2,5,1,109330,2013-02-23,NA,"Active",NA,"Employee","Regular",1,"Onsite",13.04
104451,2,5,5,102813,2013-02-28,NA,"Active",NA,"Employee","Regular",1,"Onsite",13.03
102066,2,5,10,107384,2013-03-01,NA,"Active",NA,"Employee","Regular",0.8,"Hybrid",13.02
102685,2,5,5,106070,2013-03-12,NA,"Active",NA,"Employee","Regular",0.8,"Remote",12.99
109525,2,5,12,108235,2013-03-14,NA,"Active",NA,"Employee","Regular",1,"Hybrid",12.99
101773,2,5,5,104321,2013-03-15,2021-11-09,"Terminated","Voluntary","Employee","Regular",1,"Remote",8.65
106088,2,5,9,104524,2013-03-20,NA,"Active",NA,"Employee","Regular",1,"Remote",12.97
108763,2,5,12,103808,2013-03-20,NA,"Active",NA,"Employee","Regular",1,"Onsite",12.97
108135,2,5,7,105420,2013-03-29,NA,"Active",NA,"Employee","Regular",1,"Hybrid",12.95
103966,2,5,1,100553,2013-04-01,NA,"Active",NA,"Employee","Regular",1,"Remote",12.94
104955,2,5,3,100444,2013-04-02,NA,"Active",NA,"Employee","Regular",1,"Onsite",12.94
108508,2,5,10,101412,2013-04-05,NA,"Active",NA,"Employee","Regular",1,"Remote",12.93
107077,2,5,3,102144,2013-04-06,NA,"Active",NA,"Employee","Regular",1,"Remote",12.93
105037,2,5,3,100622,2013-04-27,NA,"Active",NA,"Employee","Regular",1,"Onsite",12.87
100832,2,5,3,101772,2013-04-28,NA,"Active",NA,"Employee","Regular",1,"Hybrid",12.87
104420,2,5,3,103123,2013-05-13,2017-09-21,"Terminated","Reduction in Force","Employee","Regular",1,"Hybrid",4.36
102709,2,5,3,108644,2013-05-15,NA,"Active",NA,"Employee","Regular",1,"Remote",12.82
105944,2,5,11,104511,2013-05-26,NA,"Active",NA,"Employee","Regular",1,"Hybrid",12.79
109586,2,5,6,104754,2013-05-28,NA,"Active",NA,"Employee","Regular",1,"Remote",12.78
107535,2,5,10,103628,2013-06-08,NA,"Active",NA,"Employee","Regular",1,"Remote",12.75
103779,2,5,6,101509,2013-06-17,2020-06-12,"Terminated","Voluntary","Employee","Temporary",1,"Onsite",6.99
108233,2,5,6,109871,2013-06-18,NA,"Active",NA,"Employee","Regular",1,"Hybrid",12.73
105113,2,5,9,109129,2013-06-22,NA,"Active",NA,"Employee","Regular",1,"Hybrid",12.72
100998,2,5,4,101138,2013-07-02,NA,"Active",NA,"Employee","Regular",1,"Hybrid",12.69
107065,2,5,1,103048,2013-07-08,NA,"Active",NA,"Employee","Regular",1,"Hybrid",12.67
106103,2,5,5,102816,2013-07-10,NA,"Active",NA,"Employee","Regular",1,"Onsite",12.67
102288,2,5,7,107986,2013-07-11,NA,"Active",NA,"Employee","Regular",1,"Hybrid",12.66
103509,2,5,4,103681,2013-07-13,NA,"Active",NA,"Employee","Regular",1,"Onsite",12.66
104274,2,5,12,102035,2013-07-25,NA,"Active",NA,"Employee","Regular",1,"Onsite",12.62
101851,2,5,3,102398,2013-07-29,NA,"Active",NA,"Employee","Regular",1,"Onsite",12.61
101672,2,5,9,107564,2013-08-03,NA,"Active",NA,"Employee","Temporary",1,"Hybrid",12.6
108444,2,5,12,106657,2013-08-08,NA,"Active",NA,"Employee","Regular",1,"Onsite",12.59
107003,2,5,3,106428,2013-08-12,NA,"Active",NA,"Employee","Regular",1,"Hybrid",12.58
109791,2,5,6,109875,2013-08-14,2017-01-23,"Terminated","Voluntary","Contractor","Regular",1,"Remote",3.44
109809,2,5,2,106111,2013-08-18,NA,"Active",NA,"Employee","Regular",1,"Remote",12.56
105209,2,5,7,109597,2013-08-21,NA,"Active",NA,"Employee","Regular",1,"Hybrid",12.55
105587,2,5,1,106299,2013-08-21,NA,"Active",NA,"Employee","Regular",1,"Remote",12.55
101832,2,5,9,108661,2013-08-23,NA,"Active",NA,"Employee","Regular",1,"Remote",12.55
109265,2,5,2,103238,2013-08-27,NA,"Active",NA,"Employee","Regular",0.8,"Onsite",12.53
105363,2,5,6,105648,2013-09-04,NA,"Active",NA,"Employee","Regular",1,"Hybrid",12.51
103413,2,5,8,102795,2013-09-05,2017-05-22,"Terminated","Voluntary","Employee","Regular",1,"Onsite",3.71
106570,2,5,6,109889,2013-09-07,NA,"Active",NA,"Employee","Regular",1,"Onsite",12.5
103791,2,5,10,101168,2013-09-10,NA,"Active",NA,"Employee","Regular",1,"Remote",12.5
102048,2,5,4,102008,2013-09-13,NA,"Active",NA,"Employee","Regular",1,"Onsite",12.49
107104,2,5,5,109930,2013-09-27,2024-01-22,"Terminated","Involuntary","Employee","Regular",1,"Onsite",10.32
108583,2,5,10,105532,2013-09-30,NA,"Active",NA,"Employee","Regular",1,"Onsite",12.44
107558,2,5,2,109323,2013-10-01,NA,"Active",NA,"Employee","Regular",0.8,"Remote",12.44
103822,2,5,10,109141,2013-10-17,NA,"Active",NA,"Employee","Regular",1,"Onsite",12.39
101148,2,5,7,105810,2013-10-31,NA,"Active",NA,"Employee","Regular",1,"Hybrid",12.36
100718,2,5,1,109902,2013-11-04,NA,"Active",NA,"Employee","Regular",1,"Onsite",12.35
101966,2,5,12,101989,2013-11-07,NA,"Active",NA,"Employee","Regular",0.8,"Remote",12.34
100653,2,5,4,104656,2013-11-09,NA,"Active",NA,"Employee","Regular",0.8,"Remote",12.33
101555,2,5,5,105487,2013-11-09,2021-05-05,"Terminated","Voluntary","Employee","Regular",1,"Onsite",7.48
102162,2,5,1,104179,2013-11-13,NA,"Active",NA,"Employee","Regular",1,"Remote",12.32
102874,2,5,2,104885,2013-11-14,NA,"Active",NA,"Employee","Regular",1,"Hybrid",12.32
103268,2,5,6,105802,2013-11-23,NA,"Active",NA,"Employee","Regular",1,"Onsite",12.29
107379,2,5,9,103628,2013-11-24,NA,"Active",NA,"Employee","Regular",1,"Remote",12.29
109696,2,5,11,104188,2013-11-26,NA,"Active",NA,"Employee","Regular",1,"Onsite",12.28
107444,2,5,1,101800,2013-12-01,NA,"Active",NA,"Employee","Regular",1,"Onsite",12.27
107655,2,5,9,109259,2013-12-03,2018-01-23,"Terminated","Voluntary","Employee","Regular",1,"Hybrid",4.14
104571,2,5,3,102333,2013-12-22,NA,"Active",NA,"Employee","Regular",1,"Onsite",12.21
100293,2,5,1,100315,2013-12-25,NA,"Active",NA,"Employee","Temporary",1,"Hybrid",12.21
107907,2,5,1,108436,2014-01-06,NA,"Active",NA,"Employee","Regular",1,"Onsite",12.17
103644,2,5,1,104187,2014-01-11,NA,"Active",NA,"Employee","Regular",1,"Onsite",12.16
104388,2,5,12,101714,2014-01-18,NA,"Active",NA,"Employee","Regular",1,"Remote",12.14
105842,2,5,7,100929,2014-01-20,NA,"Active",NA,"Contractor","Regular",1,"Onsite",12.13
104098,2,5,11,100829,2014-01-31,NA,"Active",NA,"Contractor","Temporary",1,"Remote",12.1
106897,2,5,7,104797,2014-02-03,NA,"Active",NA,"Contractor","Regular",1,"Remote",12.1
109827,2,5,1,102876,2014-02-04,NA,"Active",NA,"Employee","Regular",1,"Hybrid",12.09
104517,2,5,9,102679,2014-02-13,2025-08-30,"Terminated","Involuntary","Employee","Regular",1,"Remote",11.54
103575,2,5,8,103021,2014-02-16,NA,"Active",NA,"Employee","Regular",1,"Onsite",12.06
102141,2,5,1,105276,2014-02-20,NA,"Active",NA,"Employee","Regular",0.8,"Remote",12.05
109415,2,5,5,101229,2014-02-22,NA,"Active",NA,"Employee","Regular",1,"Onsite",12.04
106145,2,5,3,101039,2014-02-28,2021-05-15,"Terminated","Involuntary","Contractor","Regular",1,"Onsite",7.21
100946,2,5,1,103406,2014-03-01,NA,"Active",NA,"Employee","Regular",1,"Onsite",12.02
105621,2,5,7,104635,2014-03-08,NA,"Active",NA,"Employee","Regular",1,"Onsite",12.01
106513,2,5,3,104182,2014-03-09,NA,"Active",NA,"Employee","Regular",0.8,"Hybrid",12
108368,2,5,1,100414,2014-03-12,NA,"Active",NA,"Employee","Regular",1,"Hybrid",11.99
107619,2,5,10,105532,2014-03-18,NA,"Active",NA,"Employee","Regular",0.8,"Remote",11.98
103340,2,5,1,104017,2014-03-22,NA,"Active",NA,"Employee","Regular",1,"Hybrid",11.97
106099,2,5,5,109259,2014-03-25,NA,"Active",NA,"Employee","Regular",0.8,"Hybrid",11.96
103877,2,5,10,107961,2014-03-27,NA,"Active",NA,"Employee","Regular",1,"Onsite",11.95
106574,2,5,6,100111,2014-03-29,NA,"Active",NA,"Employee","Regular",1,"Remote",11.95
105919,2,5,8,102967,2014-04-03,NA,"Active",NA,"Employee","Regular",1,"Onsite",11.93
105709,2,5,6,106060,2014-04-04,NA,"Active",NA,"Employee","Regular",1,"Onsite",11.93
103960,2,5,10,103198,2014-04-09,NA,"Active",NA,"Employee","Regular",1,"Onsite",11.92
104121,2,5,10,109002,2014-04-21,NA,"Active",NA,"Employee","Regular",1,"Remote",11.88
107954,2,5,7,104201,2014-04-22,NA,"Active",NA,"Employee","Regular",1,"Remote",11.88
105606,2,5,6,108835,2014-04-24,NA,"Active",NA,"Employee","Regular",1,"Remote",11.88
109673,2,5,6,107384,2014-05-05,NA,"Active",NA,"Employee","Regular",1,"Onsite",11.85
101299,2,5,7,100886,2014-05-13,NA,"Active",NA,"Employee","Regular",0.6,"Onsite",11.82
102388,2,5,11,100651,2014-05-13,NA,"Active",NA,"Employee","Regular",1,"Onsite",11.82
106432,2,5,6,106794,2014-05-19,NA,"Active",NA,"Employee","Regular",1,"Hybrid",11.81
109176,2,5,12,108982,2014-05-23,NA,"Active",NA,"Employee","Regular",1,"Hybrid",11.8
100139,2,5,9,104043,2014-06-08,NA,"Active",NA,"Employee","Regular",1,"Hybrid",11.75
104670,2,5,11,104043,2014-06-19,NA,"Active",NA,"Employee","Regular",1,"Hybrid",11.72
101706,2,5,9,108514,2014-07-01,NA,"Active",NA,"Employee","Temporary",1,"Hybrid",11.69
103487,2,5,2,106411,2014-07-03,NA,"Active",NA,"Employee","Regular",1,"Hybrid",11.68
102973,2,5,5,100298,2014-07-06,NA,"Active",NA,"Employee","Regular",1,"Hybrid",11.68
105387,2,5,3,108477,2014-07-09,NA,"Active",NA,"Employee","Regular",1,"Remote",11.67
101478,2,5,5,102067,2014-07-13,NA,"Active",NA,"Employee","Regular",1,"Onsite",11.66
101997,2,5,9,101509,2014-07-21,NA,"Active",NA,"Employee","Regular",1,"Remote",11.64
104273,2,5,8,103781,2014-07-23,NA,"Active",NA,"Employee","Regular",0.8,"Onsite",11.63
108714,2,5,12,103198,2014-09-07,NA,"Active",NA,"Employee","Regular",1,"Hybrid",11.5
101486,2,5,1,102585,2014-09-11,NA,"Active",NA,"Employee","Regular",1,"Remote",11.49
100794,2,5,3,103406,2014-09-18,NA,"Active",NA,"Employee","Regular",1,"Hybrid",11.47
100738,2,5,3,101704,2014-09-24,NA,"Active",NA,"Employee","Regular",1,"Remote",11.46
101122,2,5,11,101439,2014-10-08,NA,"Active",NA,"Employee","Regular",1,"Onsite",11.42
100800,2,5,5,106900,2014-10-10,NA,"Active",NA,"Employee","Regular",1,"Hybrid",11.41
101571,2,5,3,108292,2014-10-19,NA,"Active",NA,"Employee","Regular",1,"Remote",11.39
101880,2,5,11,108563,2014-10-22,2018-05-15,"Terminated","Voluntary","Employee","Regular",1,"Onsite",3.56
109690,2,5,10,101731,2014-10-22,NA,"Active",NA,"Employee","Regular",1,"Onsite",11.38
108495,2,5,6,102507,2014-10-23,NA,"Active",NA,"Contractor","Regular",1,"Remote",11.38
100054,2,5,2,104521,2014-10-27,NA,"Active",NA,"Employee","Regular",1,"Hybrid",11.37
100501,2,5,7,104701,2014-11-03,NA,"Active",NA,"Employee","Regular",0.6,"Onsite",11.35
101437,2,5,10,102336,2014-11-13,NA,"Active",NA,"Employee","Regular",1,"Hybrid",11.32
101576,2,5,6,108255,2014-12-01,NA,"Active",NA,"Employee","Regular",1,"Hybrid",11.27
100028,2,5,4,108236,2014-12-14,NA,"Active",NA,"Employee","Regular",1,"Remote",11.24
108128,2,5,6,101092,2014-12-15,NA,"Active",NA,"Employee","Regular",1,"Onsite",11.23
103221,2,5,12,102967,2014-12-17,NA,"Active",NA,"Employee","Regular",0.8,"Hybrid",11.23
107653,2,5,10,109595,2014-12-20,NA,"Active",NA,"Employee","Regular",0.6,"Onsite",11.22
101710,2,5,7,105526,2014-12-25,NA,"Active",NA,"Employee","Regular",1,"Onsite",11.21
101406,2,5,4,103330,2015-01-01,NA,"Active",NA,"Employee","Regular",1,"Remote",11.19
102125,2,5,1,106889,2015-01-06,NA,"Active",NA,"Employee","Regular",1,"Hybrid",11.17
103230,2,5,12,109138,2015-01-16,2022-02-11,"Terminated","Involuntary","Employee","Regular",1,"Hybrid",7.07
103265,2,5,2,102398,2015-01-31,NA,"Active",NA,"Employee","Regular",1,"Remote",11.1
109498,2,5,3,108852,2015-02-06,NA,"Active",NA,"Employee","Regular",0.8,"Hybrid",11.09
107210,2,5,11,101387,2015-03-09,NA,"Active",NA,"Employee","Regular",0.8,"Hybrid",11
107397,2,5,3,100969,2015-03-14,NA,"Active",NA,"Employee","Regular",1,"Onsite",10.99
107271,2,5,3,100603,2015-03-19,NA,"Active",NA,"Employee","Regular",1,"Hybrid",10.98
103795,2,5,3,101467,2015-03-22,NA,"Active",NA,"Employee","Regular",1,"Onsite",10.97
102270,2,5,10,102192,2015-03-23,NA,"Active",NA,"Employee","Regular",1,"Hybrid",10.96
108640,2,5,11,109581,2015-03-23,NA,"Active",NA,"Employee","Regular",1,"Onsite",10.96
102411,2,5,4,109330,2015-04-03,NA,"Active",NA,"Employee","Regular",0.8,"Hybrid",10.93
101402,2,5,11,104210,2015-04-14,NA,"Active",NA,"Employee","Regular",1,"Remote",10.9
100680,2,5,3,101646,2015-04-23,NA,"Active",NA,"Employee","Regular",0.8,"Onsite",10.88
109726,2,5,3,103520,2015-05-03,NA,"Active",NA,"Employee","Regular",1,"Remote",10.85
105124,2,5,10,108452,2015-05-04,NA,"Active",NA,"Employee","Regular",1,"Hybrid",10.85
102340,2,5,2,106489,2015-05-05,NA,"Active",NA,"Employee","Regular",1,"Hybrid",10.85
101648,2,5,2,105740,2015-05-23,NA,"Active",NA,"Employee","Regular",1,"Remote",10.8
108074,2,5,1,107126,2015-05-25,NA,"Active",NA,"Employee","Regular",1,"Onsite",10.79
100574,2,5,1,102878,2015-05-27,NA,"Active",NA,"Employee","Regular",1,"Remote",10.79
105956,2,5,7,103708,2015-06-07,NA,"Active",NA,"Employee","Regular",1,"Hybrid",10.76
105233,2,5,3,108866,2015-06-11,NA,"Active",NA,"Employee","Regular",1,"Hybrid",10.75
109643,2,5,5,109129,2015-06-24,2025-04-06,"Terminated","Voluntary","Employee","Regular",1,"Remote",9.78
103040,2,5,11,105202,2015-06-26,NA,"Active",NA,"Employee","Regular",1,"Remote",10.7
103173,2,5,11,101168,2015-06-28,NA,"Active",NA,"Employee","Regular",1,"Onsite",10.7
104732,2,5,7,102958,2015-07-11,NA,"Active",NA,"Employee","Regular",0.6,"Onsite",10.66
106573,2,5,9,101661,2015-07-12,2017-05-30,"Terminated","Involuntary","Employee","Regular",1,"Hybrid",1.88
109062,2,5,10,101039,2015-07-14,NA,"Active",NA,"Employee","Regular",1,"Remote",10.65
103898,2,5,1,100816,2015-07-25,NA,"Active",NA,"Employee","Regular",1,"Hybrid",10.62
105446,2,5,3,103120,2015-08-05,NA,"Active",NA,"Employee","Temporary",1,"Remote",10.59
107335,2,5,3,108241,2015-08-11,NA,"Active",NA,"Employee","Regular",0.8,"Remote",10.58
102221,2,5,3,105359,2015-08-22,2024-01-18,"Terminated","Voluntary","Employee","Regular",1,"Onsite",8.41
107461,2,5,10,104652,2015-08-22,NA,"Active",NA,"Employee","Regular",1,"Remote",10.55
102135,2,5,4,100064,2015-09-06,NA,"Active",NA,"Employee","Regular",1,"Remote",10.51
103054,2,5,12,104626,2015-09-19,NA,"Active",NA,"Employee","Regular",0.8,"Remote",10.47
100284,2,5,5,100444,2015-09-28,NA,"Active",NA,"Employee","Regular",1,"Hybrid",10.45
100009,2,5,5,105973,2015-10-09,NA,"Active",NA,"Employee","Regular",1,"Remote",10.42
105589,2,5,11,101799,2015-10-14,NA,"Active",NA,"Employee","Regular",1,"Hybrid",10.4
109448,2,5,7,101812,2015-10-19,NA,"Active",NA,"Employee","Regular",1,"Onsite",10.39
104358,2,5,8,108650,2015-10-26,NA,"Active",NA,"Employee","Regular",1,"Onsite",10.37
101197,2,5,3,103217,2015-10-27,NA,"Active",NA,"Employee","Regular",1,"Remote",10.37
104462,2,5,8,103245,2015-10-30,NA,"Active",NA,"Employee","Regular",1,"Hybrid",10.36
104698,2,5,7,106334,2015-11-04,NA,"Active",NA,"Employee","Regular",1,"Hybrid",10.35
103669,2,5,10,106956,2015-11-14,NA,"Active",NA,"Employee","Regular",1,"Onsite",10.32
100544,2,5,6,105308,2015-11-17,NA,"Active",NA,"Employee","Regular",1,"Onsite",10.31
109439,2,5,6,101415,2015-11-17,2024-08-12,"Terminated","Voluntary","Employee","Regular",1,"Remote",8.73
105296,2,5,6,103892,2015-11-21,2020-02-04,"Terminated","Reduction in Force","Employee","Regular",1,"Onsite",4.2
103828,2,5,6,101517,2015-11-25,2024-06-17,"Terminated","Involuntary","Contractor","Regular",1,"Onsite",8.56
102662,2,5,3,107024,2015-11-27,NA,"Active",NA,"Employee","Regular",1,"Hybrid",10.28
106243,2,5,2,108938,2015-12-09,NA,"Active",NA,"Employee","Regular",1,"Hybrid",10.25
100222,2,5,3,101291,2015-12-17,NA,"Active",NA,"Employee","Regular",1,"Onsite",10.23
104674,2,5,1,109755,2015-12-19,NA,"Active",NA,"Employee","Regular",1,"Hybrid",10.22
103931,2,5,3,104697,2015-12-21,NA,"Active",NA,"Employee","Regular",1,"Hybrid",10.22
102310,2,5,1,100100,2015-12-29,NA,"Active",NA,"Employee","Regular",1,"Onsite",10.19
101392,2,5,11,101041,2016-01-02,NA,"Active",NA,"Employee","Temporary",1,"Onsite",10.18
107908,2,5,5,105263,2016-01-04,NA,"Active",NA,"Employee","Regular",1,"Hybrid",10.18
109689,2,5,7,105054,2016-01-09,NA,"Active",NA,"Employee","Regular",1,"Hybrid",10.16
108022,2,5,12,100117,2016-01-10,NA,"Active",NA,"Employee","Regular",1,"Hybrid",10.16
104530,2,5,11,108110,2016-01-12,NA,"Active",NA,"Employee","Regular",0.8,"Onsite",10.16
101624,2,5,11,107548,2016-01-24,NA,"Active",NA,"Employee","Regular",1,"Hybrid",10.12
107530,2,5,5,106190,2016-01-29,NA,"Active",NA,"Employee","Regular",1,"Hybrid",10.11
109984,2,5,11,105410,2016-02-01,NA,"Active",NA,"Employee","Regular",1,"Hybrid",10.1
108410,2,5,12,107888,2016-02-05,NA,"Active",NA,"Employee","Regular",1,"Hybrid",10.09
101992,2,5,4,104275,2016-02-09,2023-12-03,"Terminated","Voluntary","Employee","Regular",1,"Remote",7.81
100496,2,5,1,105174,2016-02-28,NA,"Active",NA,"Employee","Regular",1,"Onsite",10.03
100154,2,5,1,102878,2016-03-04,NA,"Active",NA,"Contractor","Regular",1,"Onsite",10.02
101345,2,5,4,101347,2016-03-06,NA,"Active",NA,"Employee","Regular",1,"Hybrid",10.01
107368,2,5,8,109254,2016-03-07,NA,"Active",NA,"Employee","Regular",1,"Hybrid",10.01
100601,2,5,1,102324,2016-03-09,2024-06-01,"Terminated","Voluntary","Employee","Regular",1,"Onsite",8.23
100819,2,5,6,106121,2016-03-12,NA,"Active",NA,"Employee","Regular",1,"Onsite",9.99
101231,2,5,2,101638,2016-03-22,NA,"Active",NA,"Employee","Regular",0.6,"Hybrid",9.97
105537,2,5,7,106290,2016-03-25,NA,"Active",NA,"Employee","Regular",1,"Remote",9.96
108113,2,5,1,102682,2016-03-26,NA,"Active",NA,"Employee","Regular",1,"Remote",9.96
103569,2,5,12,107010,2016-03-28,NA,"Active",NA,"Employee","Regular",1,"Onsite",9.95
109532,2,5,11,100518,2016-04-10,NA,"Active",NA,"Employee","Regular",1,"Onsite",9.92
103097,2,5,3,105201,2016-04-11,NA,"Active",NA,"Employee","Regular",1,"Onsite",9.91
100765,2,5,6,100960,2016-04-18,2024-12-29,"Terminated","Voluntary","Employee","Regular",1,"Hybrid",8.7
108769,2,5,1,104972,2016-04-23,NA,"Active",NA,"Employee","Regular",1,"Onsite",9.88
100801,2,5,5,100622,2016-04-28,NA,"Active",NA,"Employee","Regular",1,"Onsite",9.87
100729,2,5,7,102878,2016-05-24,NA,"Active",NA,"Employee","Regular",1,"Onsite",9.79
103601,2,5,5,102985,2016-05-25,2021-05-17,"Terminated","Voluntary","Employee","Regular",1,"Remote",4.98
103895,2,5,3,101229,2016-05-27,NA,"Active",NA,"Employee","Regular",1,"Remote",9.79
100023,2,5,12,103142,2016-06-19,NA,"Active",NA,"Employee","Regular",1,"Onsite",9.72
108115,2,5,6,101248,2016-06-20,NA,"Active",NA,"Employee","Regular",1,"Hybrid",9.72
104988,2,5,11,106140,2016-06-24,NA,"Active",NA,"Employee","Regular",1,"Onsite",9.71
107838,2,5,9,103947,2016-06-26,NA,"Active",NA,"Employee","Regular",1,"Onsite",9.7
104350,2,5,2,106939,2016-06-28,2023-09-26,"Terminated","Voluntary","Employee","Regular",1,"Hybrid",7.25
102429,2,5,10,106060,2016-07-05,2025-12-17,"Terminated","Involuntary","Employee","Regular",1,"Remote",9.45
108772,2,5,7,100529,2016-07-09,2025-08-29,"Terminated","Voluntary","Employee","Regular",1,"Hybrid",9.14
108197,2,5,11,104201,2016-07-14,NA,"Active",NA,"Employee","Regular",1,"Hybrid",9.65
107869,2,5,3,105496,2016-07-17,NA,"Active",NA,"Employee","Regular",1,"Remote",9.65
107982,2,5,12,101467,2016-08-02,NA,"Active",NA,"Employee","Regular",0.8,"Hybrid",9.6
105577,2,5,5,107779,2016-08-14,NA,"Active",NA,"Employee","Regular",1,"Onsite",9.57
104041,2,5,5,103874,2016-08-17,NA,"Active",NA,"Employee","Regular",1,"Hybrid",9.56
105746,2,5,6,106082,2016-08-22,NA,"Active",NA,"Employee","Regular",1,"Remote",9.55
107748,2,5,4,107250,2016-08-27,NA,"Active",NA,"Employee","Regular",0.8,"Onsite",9.53
104003,2,5,3,106451,2016-09-03,NA,"Active",NA,"Employee","Regular",1,"Hybrid",9.52
105199,2,5,3,105648,2016-09-03,NA,"Active",NA,"Employee","Regular",1,"Hybrid",9.52
101417,2,5,12,103194,2016-09-04,2020-10-10,"Terminated","Voluntary","Employee","Regular",1,"Onsite",4.1
102995,2,5,9,101039,2016-10-09,NA,"Active",NA,"Employee","Regular",1,"Remote",9.42
100712,2,5,2,109094,2016-10-10,NA,"Active",NA,"Employee","Regular",1,"Hybrid",9.41
105561,2,5,9,108470,2016-10-14,NA,"Active",NA,"Employee","Regular",1,"Onsite",9.4
106771,2,5,4,100960,2016-10-18,NA,"Active",NA,"Employee","Regular",1,"Onsite",9.39
103231,2,5,7,108866,2016-10-23,NA,"Active",NA,"Employee","Regular",1,"Hybrid",9.38
105084,2,5,6,109437,2016-10-26,NA,"Active",NA,"Employee","Regular",1,"Remote",9.37
108445,2,5,4,100467,2016-10-27,NA,"Active",NA,"Employee","Regular",1,"Onsite",9.37
105307,2,5,5,108362,2016-10-30,2024-08-17,"Terminated","Involuntary","Employee","Temporary",1,"Remote",7.8
105254,2,5,5,107228,2016-11-08,NA,"Active",NA,"Employee","Regular",0.6,"Hybrid",9.33
107340,2,5,2,101814,2016-11-30,NA,"Active",NA,"Employee","Regular",1,"Remote",9.27
109228,2,5,8,100825,2016-11-30,NA,"Active",NA,"Employee","Regular",1,"Hybrid",9.27
108573,2,5,3,102328,2016-12-05,NA,"Active",NA,"Employee","Regular",1,"Onsite",9.26
100962,2,5,3,104179,2016-12-18,NA,"Active",NA,"Employee","Regular",1,"Remote",9.22
100590,2,5,5,101069,2016-12-25,NA,"Active",NA,"Employee","Regular",0.6,"Hybrid",9.21
101312,2,5,5,104797,2016-12-26,NA,"Active",NA,"Employee","Regular",1,"Hybrid",9.2
100419,2,5,8,100196,2016-12-27,NA,"Active",NA,"Employee","Regular",1,"Remote",9.2
105723,2,5,7,109070,2016-12-30,NA,"Active",NA,"Employee","Regular",1,"Remote",9.19
100875,2,5,10,105870,2017-01-12,NA,"Active",NA,"Employee","Regular",1,"Remote",9.16
100328,2,5,11,106060,2017-01-14,2023-04-02,"Terminated","Voluntary","Employee","Regular",0.8,"Onsite",6.21
106665,2,5,1,102422,2017-01-28,NA,"Active",NA,"Employee","Regular",1,"Onsite",9.11
108818,2,5,9,109254,2017-02-01,NA,"Active",NA,"Contractor","Regular",1,"Onsite",9.1
106232,2,5,7,103647,2017-03-05,NA,"Active",NA,"Employee","Regular",1,"Hybrid",9.01
105538,2,5,6,101511,2017-03-06,NA,"Active",NA,"Employee","Temporary",1,"Hybrid",9.01
105962,2,5,6,103808,2017-03-11,NA,"Active",NA,"Employee","Regular",1,"Onsite",9
109456,2,5,3,105334,2017-03-13,NA,"Active",NA,"Employee","Regular",1,"Onsite",8.99
100771,2,5,12,106503,2017-03-24,NA,"Active",NA,"Employee","Regular",1,"Hybrid",8.96
108656,2,5,1,100825,2017-04-06,NA,"Active",NA,"Employee","Regular",0.8,"Onsite",8.93
108609,2,5,7,108470,2017-04-10,NA,"Active",NA,"Employee","Regular",1,"Onsite",8.92
100317,2,5,4,108760,2017-04-11,NA,"Active",NA,"Employee","Regular",1,"Onsite",8.91
106174,2,5,11,102117,2017-04-12,NA,"Active",NA,"Contractor","Regular",0.8,"Hybrid",8.91
106382,2,5,12,101869,2017-04-24,NA,"Active",NA,"Employee","Regular",1,"Remote",8.88
108081,2,5,6,100353,2017-05-11,NA,"Active",NA,"Employee","Regular",1,"Hybrid",8.83
109496,2,5,1,104962,2017-05-12,NA,"Active",NA,"Employee","Regular",1,"Onsite",8.83
105505,2,5,1,103520,2017-05-13,NA,"Active",NA,"Employee","Regular",1,"Remote",8.82
104702,2,5,6,107533,2017-05-15,NA,"Active",NA,"Employee","Regular",1,"Remote",8.82
104940,2,5,8,100183,2017-05-15,NA,"Active",NA,"Employee","Regular",1,"Remote",8.82
101615,2,5,6,107923,2017-05-17,NA,"Active",NA,"Employee","Regular",1,"Hybrid",8.81
105576,2,5,6,108312,2017-05-21,NA,"Active",NA,"Employee","Regular",1,"Hybrid",8.8
101115,2,5,11,108436,2017-06-07,2025-04-05,"Terminated","Voluntary","Employee","Regular",1,"Onsite",7.83
108284,2,5,1,104331,2017-06-17,NA,"Active",NA,"Employee","Regular",1,"Onsite",8.73
108847,2,5,11,106555,2017-06-19,NA,"Active",NA,"Employee","Regular",1,"Onsite",8.72
103545,2,5,5,106411,2017-06-25,NA,"Active",NA,"Employee","Regular",0.6,"Remote",8.71
102618,2,5,2,109465,2017-07-13,2022-02-20,"Terminated","Voluntary","Employee","Regular",1,"Onsite",4.61
105736,2,5,3,100007,2017-07-13,NA,"Active",NA,"Employee","Regular",1,"Onsite",8.66
109747,2,5,6,101737,2017-07-16,2023-10-16,"Terminated","Involuntary","Employee","Regular",1,"Onsite",6.25
106946,2,5,3,103892,2017-07-27,NA,"Active",NA,"Employee","Regular",1,"Onsite",8.62
104710,2,5,4,107692,2017-07-29,2025-07-14,"Terminated","Reduction in Force","Employee","Regular",1,"Onsite",7.96
103289,2,5,3,108070,2017-08-01,NA,"Active",NA,"Employee","Regular",1,"Onsite",8.61
100151,2,5,10,102535,2017-08-02,NA,"Active",NA,"Employee","Regular",1,"Hybrid",8.6
103312,2,5,10,107692,2017-08-13,2021-01-03,"Terminated","Voluntary","Employee","Regular",1,"Remote",3.39
105212,2,5,3,108701,2017-08-20,NA,"Active",NA,"Employee","Regular",1,"Hybrid",8.55
106935,2,5,7,108671,2017-08-27,NA,"Active",NA,"Employee","Regular",0.8,"Onsite",8.53
104167,2,5,9,101132,2017-08-29,2024-02-05,"Terminated","Voluntary","Employee","Regular",1,"Onsite",6.44
106622,2,5,6,106839,2017-09-01,NA,"Active",NA,"Employee","Regular",1,"Remote",8.52
102073,2,5,3,107347,2017-09-05,NA,"Active",NA,"Employee","Regular",1,"Onsite",8.51
104314,2,5,4,109153,2017-09-06,NA,"Active",NA,"Employee","Regular",1,"Onsite",8.51
101614,2,5,3,107692,2017-09-16,NA,"Active",NA,"Employee","Regular",1,"Hybrid",8.48
104950,2,5,5,103537,2017-09-16,NA,"Active",NA,"Employee","Regular",1,"Hybrid",8.48
101756,2,5,12,101266,2017-10-06,NA,"Active",NA,"Contractor","Regular",1,"Remote",8.42
102740,2,5,9,106140,2017-10-09,2025-04-05,"Terminated","Involuntary","Employee","Regular",1,"Hybrid",7.49
102039,2,5,4,109153,2017-10-10,2026-02-15,"Terminated","Voluntary","Employee","Regular",1,"Onsite",8.35
100483,2,5,10,106213,2017-10-19,NA,"Active",NA,"Employee","Regular",1,"Hybrid",8.39
103271,2,5,7,101183,2017-10-19,NA,"Active",NA,"Employee","Regular",1,"Onsite",8.39
109216,2,5,12,109889,2017-10-21,NA,"Active",NA,"Employee","Regular",1,"Onsite",8.38
100214,2,5,7,108563,2017-10-30,NA,"Active",NA,"Employee","Regular",1,"Hybrid",8.36
105023,2,5,9,100257,2017-11-03,NA,"Active",NA,"Employee","Regular",1,"Onsite",8.35
104668,2,5,10,106986,2017-11-09,NA,"Active",NA,"Employee","Regular",1,"Hybrid",8.33
105970,2,5,5,106906,2017-11-09,NA,"Active",NA,"Employee","Regular",0.8,"Hybrid",8.33
108449,2,5,11,108671,2017-11-30,NA,"Active",NA,"Employee","Regular",1,"Hybrid",8.27
105218,2,5,3,107470,2017-12-01,NA,"Active",NA,"Employee","Regular",1,"Onsite",8.27
107108,2,5,11,107091,2017-12-03,NA,"Active",NA,"Employee","Regular",0.8,"Hybrid",8.27
107666,2,5,2,100111,2017-12-03,NA,"Active",NA,"Employee","Regular",1,"Hybrid",8.27
108180,2,5,3,100553,2017-12-06,NA,"Active",NA,"Employee","Regular",1,"Remote",8.26
104346,2,5,11,101254,2017-12-10,NA,"Active",NA,"Employee","Regular",0.8,"Onsite",8.25
106134,2,5,2,103740,2018-01-06,NA,"Active",NA,"Employee","Regular",1,"Onsite",8.17
101831,2,5,6,101439,2018-01-21,NA,"Active",NA,"Employee","Regular",0.6,"Onsite",8.13
101863,2,5,4,102389,2018-01-31,NA,"Active",NA,"Employee","Regular",1,"Onsite",8.1
105719,2,5,5,106988,2018-02-03,NA,"Active",NA,"Employee","Regular",1,"Onsite",8.1
102485,2,5,10,104568,2018-02-05,NA,"Active",NA,"Employee","Regular",1,"Onsite",8.09
102710,2,5,3,102806,2018-02-08,NA,"Active",NA,"Employee","Regular",1,"Onsite",8.08
107841,2,5,2,103947,2018-02-12,NA,"Active",NA,"Employee","Regular",0.6,"Remote",8.07
102282,2,5,11,103331,2018-02-23,NA,"Active",NA,"Contractor","Regular",1,"Hybrid",8.04
109238,2,5,10,101532,2018-03-02,2025-08-15,"Terminated","Involuntary","Employee","Regular",1,"Onsite",7.45
109859,2,5,12,103585,2018-03-14,NA,"Active",NA,"Employee","Regular",1,"Remote",7.99
104888,2,5,10,104484,2018-03-16,NA,"Active",NA,"Employee","Regular",0.6,"Hybrid",7.98
107195,2,5,1,107781,2018-03-18,NA,"Active",NA,"Employee","Regular",1,"Remote",7.98
101985,2,5,2,100534,2018-03-20,NA,"Active",NA,"Employee","Regular",0.6,"Hybrid",7.97
107686,2,5,11,105225,2018-03-20,NA,"Active",NA,"Employee","Regular",1,"Remote",7.97
102725,2,5,3,100982,2018-03-24,NA,"Active",NA,"Employee","Regular",1,"Onsite",7.96
105013,2,5,11,106280,2018-03-24,NA,"Active",NA,"Employee","Regular",1,"Hybrid",7.96
107417,2,5,2,100945,2018-04-07,NA,"Active",NA,"Employee","Regular",1,"Remote",7.92
103320,2,5,12,107818,2018-04-08,NA,"Active",NA,"Employee","Regular",1,"Onsite",7.92
105908,2,5,9,108453,2018-04-21,NA,"Active",NA,"Employee","Temporary",1,"Hybrid",7.88
106271,2,5,12,101694,2018-04-28,NA,"Active",NA,"Employee","Temporary",1,"Hybrid",7.87
101674,2,5,9,101095,2018-04-29,2025-08-06,"Terminated","Voluntary","Employee","Regular",1,"Onsite",7.27
102126,2,5,8,105487,2018-05-03,NA,"Active",NA,"Employee","Regular",1,"Hybrid",7.85
102611,2,5,10,103824,2018-05-10,NA,"Active",NA,"Employee","Regular",1,"Onsite",7.83
108400,2,5,11,100100,2018-05-11,2026-02-02,"Terminated","Voluntary","Employee","Regular",1,"Remote",7.73
104080,2,5,7,109379,2018-05-19,NA,"Active",NA,"Employee","Regular",1,"Hybrid",7.81
100509,2,5,11,108729,2018-05-24,NA,"Active",NA,"Employee","Regular",1,"Hybrid",7.79
106871,2,5,3,105923,2018-05-26,NA,"Active",NA,"Employee","Regular",1,"Hybrid",7.79
108825,2,5,6,106213,2018-05-31,NA,"Active",NA,"Employee","Regular",0.8,"Onsite",7.78
104844,2,5,4,105998,2018-06-07,NA,"Active",NA,"Employee","Regular",0.8,"Remote",7.76
107978,2,5,1,102035,2018-06-11,NA,"Active",NA,"Employee","Regular",1,"Hybrid",7.75
100307,2,5,11,100440,2018-06-13,NA,"Active",NA,"Employee","Regular",1,"Onsite",7.74
102267,2,5,9,100863,2018-06-17,NA,"Active",NA,"Contractor","Regular",1,"Hybrid",7.73
109546,2,5,12,102375,2018-06-27,NA,"Active",NA,"Employee","Regular",1,"Hybrid",7.7
100213,2,5,6,103683,2018-06-28,2025-01-03,"Terminated","Involuntary","Employee","Regular",1,"Onsite",6.52
100408,2,5,1,109558,2018-07-01,NA,"Active",NA,"Employee","Regular",1,"Remote",7.69
109582,2,5,10,107326,2018-07-03,2025-02-05,"Terminated","Voluntary","Employee","Regular",0.8,"Onsite",6.59
105078,2,5,11,102795,2018-07-30,NA,"Active",NA,"Employee","Regular",1,"Onsite",7.61
107606,2,5,5,104776,2018-08-20,NA,"Active",NA,"Employee","Regular",1,"Hybrid",7.55
103019,2,5,6,100534,2018-08-23,NA,"Active",NA,"Employee","Regular",1,"Onsite",7.55
109387,2,5,3,106111,2018-08-25,NA,"Active",NA,"Employee","Regular",1,"Remote",7.54
101237,2,5,12,107426,2018-09-11,NA,"Active",NA,"Contractor","Regular",1,"Remote",7.49
100481,2,5,5,103537,2018-09-24,NA,"Active",NA,"Employee","Regular",1,"Remote",7.46
107863,2,5,5,102782,2018-09-29,NA,"Active",NA,"Employee","Regular",1,"Hybrid",7.44
100234,2,5,9,109968,2018-09-30,NA,"Active",NA,"Employee","Regular",1,"Onsite",7.44
100040,2,5,11,105998,2018-10-03,NA,"Active",NA,"Employee","Regular",1,"Onsite",7.43
104943,2,5,11,108562,2018-10-07,NA,"Active",NA,"Employee","Regular",1,"Hybrid",7.42
105774,2,5,6,105496,2018-10-10,NA,"Active",NA,"Employee","Regular",1,"Remote",7.41
102714,2,5,2,106117,2018-10-15,NA,"Active",NA,"Employee","Regular",1,"Onsite",7.4
102069,2,5,7,106525,2018-10-28,NA,"Active",NA,"Employee","Regular",1,"Onsite",7.36
105720,2,5,12,106352,2018-11-06,NA,"Active",NA,"Employee","Regular",1,"Hybrid",7.34
105939,2,5,2,108525,2018-11-16,NA,"Active",NA,"Employee","Regular",1,"Hybrid",7.31
108448,2,5,3,107888,2018-11-18,NA,"Active",NA,"Employee","Regular",1,"Hybrid",7.31
108046,2,5,1,106264,2018-11-28,NA,"Active",NA,"Employee","Temporary",1,"Remote",7.28
102476,2,5,8,104058,2018-12-05,NA,"Active",NA,"Employee","Regular",1,"Remote",7.26
108776,2,5,5,105045,2018-12-19,NA,"Active",NA,"Employee","Regular",0.8,"Remote",7.22
109552,2,5,8,108106,2018-12-21,NA,"Active",NA,"Employee","Regular",1,"Remote",7.22
104599,2,5,11,102461,2018-12-24,NA,"Active",NA,"Employee","Regular",1,"Onsite",7.21
108628,2,5,6,101180,2018-12-28,NA,"Active",NA,"Employee","Regular",1,"Hybrid",7.2
109118,2,5,1,104201,2018-12-30,NA,"Active",NA,"Employee","Regular",1,"Remote",7.19
108741,2,5,11,103756,2019-01-20,NA,"Active",NA,"Employee","Regular",1,"Onsite",7.13
107897,2,5,5,108235,2019-02-06,NA,"Active",NA,"Employee","Regular",1,"Hybrid",7.09
105393,2,5,1,101477,2019-02-12,NA,"Active",NA,"Employee","Regular",1,"Remote",7.07
109991,2,5,10,108166,2019-02-15,NA,"Active",NA,"Employee","Regular",0.8,"Remote",7.06
100246,2,5,4,106090,2019-02-23,NA,"Active",NA,"Employee","Regular",1,"Onsite",7.04
104779,2,5,10,100722,2019-02-26,NA,"Active",NA,"Employee","Regular",0.6,"Onsite",7.03
102528,2,5,12,105208,2019-03-05,NA,"Active",NA,"Employee","Regular",0.8,"Hybrid",7.01
109870,2,5,5,102202,2019-03-06,NA,"Active",NA,"Employee","Regular",0.6,"Hybrid",7.01
101675,2,5,10,106487,2019-03-22,NA,"Active",NA,"Employee","Regular",1,"Onsite",6.97
105035,2,5,5,105552,2019-03-27,NA,"Active",NA,"Employee","Regular",0.8,"Hybrid",6.95
103267,2,5,11,108166,2019-03-31,NA,"Active",NA,"Contractor","Regular",1,"Hybrid",6.94
102551,2,5,8,101743,2019-04-08,NA,"Active",NA,"Employee","Regular",1,"Onsite",6.92
104061,2,5,10,103492,2019-04-12,NA,"Active",NA,"Employee","Regular",1,"Hybrid",6.91
106246,2,5,11,106517,2019-04-16,2025-09-06,"Terminated","Voluntary","Employee","Regular",1,"Hybrid",6.39
104648,2,5,4,103176,2019-04-18,NA,"Active",NA,"Contractor","Regular",1,"Hybrid",6.89
104621,2,5,5,108175,2019-04-20,NA,"Active",NA,"Employee","Regular",1,"Hybrid",6.89
102620,2,5,6,103120,2019-04-21,NA,"Active",NA,"Employee","Regular",1,"Hybrid",6.88
105693,2,5,7,108687,2019-04-24,NA,"Active",NA,"Employee","Regular",1,"Onsite",6.88
109473,2,5,9,108072,2019-04-24,NA,"Active",NA,"Employee","Regular",1,"Onsite",6.88
103184,2,5,9,102967,2019-04-28,NA,"Active",NA,"Employee","Regular",0.6,"Hybrid",6.87
109636,2,5,2,102279,2019-04-29,2024-12-08,"Terminated","Involuntary","Employee","Regular",1,"Onsite",5.61
102482,2,5,8,103542,2019-04-30,NA,"Active",NA,"Employee","Regular",1,"Remote",6.86
106524,2,5,10,100915,2019-05-09,NA,"Active",NA,"Employee","Regular",1,"Remote",6.84
105072,2,5,10,104720,2019-05-18,2024-05-19,"Terminated","Voluntary","Employee","Regular",1,"Remote",5
102733,2,5,1,108982,2019-05-22,NA,"Active",NA,"Employee","Regular",1,"Onsite",6.8
100500,2,5,11,103194,2019-05-24,NA,"Active",NA,"Employee","Regular",1,"Hybrid",6.79
104263,2,5,10,109593,2019-06-03,2024-03-07,"Terminated","Voluntary","Contractor","Regular",1,"Onsite",4.76
100226,2,5,10,106185,2019-06-08,NA,"Active",NA,"Employee","Regular",1,"Hybrid",6.75
104970,2,5,6,109898,2019-06-18,NA,"Active",NA,"Employee","Regular",1,"Onsite",6.73
101761,2,5,4,107336,2019-06-19,NA,"Active",NA,"Employee","Regular",1,"Hybrid",6.72
102292,2,5,8,102302,2019-06-29,NA,"Active",NA,"Contractor","Regular",1,"Onsite",6.7
103177,2,5,3,106717,2019-06-29,NA,"Active",NA,"Employee","Regular",1,"Onsite",6.7
105886,2,5,1,101668,2019-07-02,NA,"Active",NA,"Employee","Regular",1,"Hybrid",6.69
106096,2,5,6,103764,2019-07-14,NA,"Active",NA,"Employee","Regular",1,"Hybrid",6.65
103554,2,5,7,104476,2019-07-23,NA,"Active",NA,"Employee","Temporary",1,"Onsite",6.63
106531,2,5,2,101135,2019-08-05,NA,"Active",NA,"Employee","Temporary",1,"Onsite",6.59
108838,2,5,3,100529,2019-08-15,NA,"Active",NA,"Employee","Regular",1,"Remote",6.57
105713,2,5,11,100773,2019-09-05,NA,"Active",NA,"Employee","Regular",1,"Hybrid",6.51
105198,2,5,12,101978,2019-09-22,NA,"Active",NA,"Employee","Temporary",1,"Hybrid",6.46
107372,2,5,9,108451,2019-09-29,NA,"Active",NA,"Employee","Regular",1,"Hybrid",6.44
101739,2,5,2,106352,2019-09-30,NA,"Active",NA,"Employee","Regular",1,"Onsite",6.44
101898,2,5,11,101278,2019-10-04,NA,"Active",NA,"Employee","Regular",1,"Onsite",6.43
103117,2,5,2,102967,2019-10-09,NA,"Active",NA,"Employee","Regular",1,"Onsite",6.42
107676,2,5,9,101858,2019-10-16,NA,"Active",NA,"Employee","Regular",1,"Onsite",6.4
109883,2,5,7,100060,2019-10-21,NA,"Active",NA,"Employee","Regular",1,"Hybrid",6.38
101177,2,5,9,105942,2019-10-29,NA,"Active",NA,"Employee","Regular",1,"Onsite",6.36
109263,2,5,1,102278,2019-11-05,NA,"Active",NA,"Employee","Regular",1,"Hybrid",6.34
105832,2,5,5,107660,2019-11-18,NA,"Active",NA,"Employee","Regular",1,"Onsite",6.31
100796,2,5,7,105398,2019-11-20,NA,"Active",NA,"Employee","Regular",0.8,"Hybrid",6.3
103962,2,5,1,106090,2019-11-29,2025-08-07,"Terminated","Reduction in Force","Employee","Regular",1,"Hybrid",5.69
108215,2,5,3,102483,2019-11-30,NA,"Active",NA,"Employee","Regular",1,"Onsite",6.27
107244,2,5,4,106090,2019-12-04,2026-02-12,"Terminated","Voluntary","Employee","Regular",1,"Onsite",6.19
106933,2,5,8,105831,2019-12-13,NA,"Active",NA,"Employee","Regular",1,"Onsite",6.24
109909,2,5,2,104521,2019-12-19,NA,"Active",NA,"Employee","Regular",1,"Remote",6.22
105999,2,5,2,106922,2019-12-22,NA,"Active",NA,"Employee","Regular",1,"Hybrid",6.21
104999,2,5,2,106332,2019-12-28,NA,"Active",NA,"Employee","Regular",1,"Onsite",6.2
101657,2,5,5,109968,2020-01-03,NA,"Active",NA,"Employee","Regular",1,"Onsite",6.18
105965,2,5,7,102362,2020-01-17,NA,"Active",NA,"Employee","Regular",1,"Hybrid",6.14
105859,2,5,10,103120,2020-01-22,NA,"Active",NA,"Employee","Regular",1,"Remote",6.13
104849,2,5,3,104823,2020-01-29,NA,"Active",NA,"Employee","Regular",1,"Onsite",6.11
101033,2,5,11,106180,2020-02-15,NA,"Active",NA,"Employee","Regular",1,"Remote",6.06
109608,2,5,3,107113,2020-02-28,NA,"Active",NA,"Employee","Regular",1,"Onsite",6.03
105288,2,5,4,106955,2020-03-07,NA,"Active",NA,"Employee","Regular",1,"Hybrid",6.01
106437,2,5,6,104227,2020-03-11,2024-07-05,"Terminated","Involuntary","Employee","Regular",1,"Onsite",4.32
103411,2,5,1,108136,2020-03-16,NA,"Active",NA,"Employee","Regular",1,"Hybrid",5.98
109743,2,5,3,100001,2020-03-18,NA,"Active",NA,"Employee","Regular",1,"Remote",5.98
101232,2,5,2,101805,2020-03-30,NA,"Active",NA,"Employee","Regular",1,"Hybrid",5.95
102060,2,5,12,107975,2020-04-18,NA,"Active",NA,"Employee","Regular",1,"Hybrid",5.89
109511,2,5,9,108527,2020-04-26,NA,"Active",NA,"Employee","Regular",1,"Onsite",5.87
101044,2,5,4,101439,2020-04-29,NA,"Active",NA,"Employee","Regular",1,"Remote",5.86
104586,2,5,3,108619,2020-05-04,NA,"Active",NA,"Employee","Regular",1,"Hybrid",5.85
103367,2,5,10,108729,2020-05-09,NA,"Active",NA,"Employee","Regular",1,"Onsite",5.84
105744,2,5,12,101517,2020-05-14,NA,"Active",NA,"Employee","Regular",1,"Onsite",5.82
105356,2,5,10,104233,2020-05-26,2021-12-14,"Terminated","Voluntary","Employee","Regular",1,"Onsite",1.55
102881,2,5,4,102333,2020-06-02,NA,"Active",NA,"Employee","Regular",1,"Onsite",5.77
108434,2,5,9,102913,2020-06-07,2024-11-12,"Terminated","Voluntary","Employee","Regular",1,"Onsite",4.43
104217,2,5,3,104661,2020-06-12,NA,"Active",NA,"Employee","Regular",0.6,"Remote",5.74
108608,2,5,6,107458,2020-06-26,NA,"Active",NA,"Employee","Regular",1,"Hybrid",5.7
109207,2,5,11,100969,2020-06-26,NA,"Active",NA,"Employee","Regular",1,"Onsite",5.7
108700,2,5,7,103808,2020-06-28,NA,"Active",NA,"Employee","Regular",1,"Hybrid",5.7
109189,2,5,7,103920,2020-08-04,NA,"Active",NA,"Employee","Regular",1,"Hybrid",5.6
105196,2,5,10,107723,2020-08-07,NA,"Active",NA,"Employee","Regular",1,"Onsite",5.59
107511,2,5,2,102520,2020-08-27,2025-07-17,"Terminated","Voluntary","Employee","Regular",1,"Onsite",4.89
102325,2,5,12,104570,2020-08-31,NA,"Active",NA,"Employee","Regular",1,"Remote",5.52
104859,2,5,8,102035,2020-09-09,NA,"Active",NA,"Employee","Regular",0.8,"Hybrid",5.5
102444,2,5,1,107545,2020-09-10,NA,"Active",NA,"Employee","Regular",1,"Hybrid",5.5
108624,2,5,1,104838,2020-09-10,NA,"Active",NA,"Employee","Regular",1,"Onsite",5.5
105478,2,5,11,104116,2020-09-20,NA,"Active",NA,"Employee","Regular",1,"Onsite",5.47
108193,2,5,9,103417,2020-10-05,NA,"Active",NA,"Employee","Regular",0.8,"Onsite",5.43
107870,2,5,2,101743,2020-10-07,NA,"Active",NA,"Employee","Regular",1,"Hybrid",5.42
104805,2,5,1,101678,2020-10-09,NA,"Active",NA,"Employee","Regular",1,"Hybrid",5.42
105402,2,5,1,104364,2020-10-10,NA,"Active",NA,"Employee","Regular",0.8,"Onsite",5.41
102472,2,5,6,100947,2020-10-12,NA,"Active",NA,"Employee","Regular",1,"Hybrid",5.41
108606,2,5,1,104946,2020-10-18,NA,"Active",NA,"Employee","Temporary",1,"Hybrid",5.39
109165,2,5,9,109968,2020-10-20,NA,"Active",NA,"Employee","Regular",1,"Hybrid",5.39
108747,2,5,8,104160,2020-10-26,NA,"Active",NA,"Employee","Temporary",1,"Hybrid",5.37
100985,2,5,10,104521,2020-11-02,NA,"Active",NA,"Employee","Regular",1,"Onsite",5.35
100292,2,5,7,105810,2020-11-11,NA,"Active",NA,"Employee","Regular",1,"Hybrid",5.33
109217,2,5,2,104661,2020-11-24,NA,"Active",NA,"Employee","Regular",1,"Onsite",5.29
101466,2,5,2,105998,2020-11-26,NA,"Active",NA,"Employee","Regular",0.6,"Onsite",5.28
102785,2,5,3,103999,2020-11-30,NA,"Active",NA,"Employee","Regular",1,"Hybrid",5.27
107066,2,5,3,107347,2020-12-20,NA,"Active",NA,"Employee","Regular",1,"Hybrid",5.22
105654,2,5,2,104179,2021-01-21,NA,"Active",NA,"Employee","Regular",1,"Hybrid",5.13
107618,2,5,2,104548,2021-01-22,NA,"Active",NA,"Employee","Regular",1,"Remote",5.13
109748,2,5,11,108179,2021-02-21,NA,"Active",NA,"Employee","Regular",1,"Hybrid",5.05
108924,2,5,6,109477,2021-02-23,NA,"Active",NA,"Employee","Regular",1,"Hybrid",5.04
107074,2,5,2,103379,2021-02-27,NA,"Active",NA,"Employee","Regular",1,"Onsite",5.03
101883,2,5,6,104798,2021-03-08,NA,"Active",NA,"Employee","Regular",1,"Onsite",5.01
100350,2,5,10,101743,2021-03-09,NA,"Active",NA,"Employee","Regular",1,"Onsite",5
104752,2,5,8,101042,2021-03-10,NA,"Active",NA,"Employee","Regular",1,"Onsite",5
104630,2,5,12,100150,2021-03-21,NA,"Active",NA,"Employee","Regular",1,"Hybrid",4.97
107297,2,5,3,104548,2021-03-26,2026-02-28,"Terminated","Involuntary","Employee","Regular",0.8,"Remote",4.93
108203,2,5,7,102791,2021-03-31,NA,"Active",NA,"Employee","Regular",1,"Remote",4.94
105528,2,5,4,106325,2021-04-03,2025-02-24,"Terminated","Voluntary","Employee","Regular",1,"Hybrid",3.9
102085,2,5,10,105947,2021-04-09,NA,"Active",NA,"Employee","Regular",1,"Remote",4.92
100443,2,5,12,103241,2021-04-15,NA,"Active",NA,"Employee","Regular",1,"Hybrid",4.9
104499,2,5,8,107992,2021-04-18,NA,"Active",NA,"Employee","Regular",1,"Onsite",4.89
105929,2,5,5,100815,2021-04-30,NA,"Active",NA,"Employee","Regular",0.8,"Onsite",4.86
101170,2,5,3,109479,2021-05-06,NA,"Active",NA,"Employee","Regular",0.8,"Remote",4.84
105455,2,5,2,107896,2021-05-13,NA,"Active",NA,"Employee","Regular",1,"Hybrid",4.82
101497,2,5,5,105757,2021-05-19,NA,"Active",NA,"Employee","Regular",1,"Hybrid",4.81
105896,2,5,8,109153,2021-06-03,NA,"Active",NA,"Employee","Regular",1,"Onsite",4.77
106055,2,5,9,100245,2021-06-05,NA,"Active",NA,"Employee","Regular",1,"Onsite",4.76
109067,2,5,10,109597,2021-07-23,NA,"Active",NA,"Contractor","Regular",1,"Onsite",4.63
102592,2,5,3,100560,2021-08-01,2025-12-27,"Terminated","Voluntary","Contractor","Regular",0.8,"Onsite",4.41
109065,2,5,1,108477,2021-08-01,NA,"Active",NA,"Employee","Regular",1,"Hybrid",4.61
101354,2,5,3,100861,2021-08-04,NA,"Active",NA,"Employee","Regular",1,"Hybrid",4.6
100195,2,5,2,109199,2021-08-07,NA,"Active",NA,"Employee","Regular",1,"Onsite",4.59
107116,2,5,4,104182,2021-08-07,NA,"Active",NA,"Employee","Regular",1,"Onsite",4.59
108318,2,5,3,103219,2021-08-08,NA,"Active",NA,"Employee","Regular",1,"Hybrid",4.59
105286,2,5,5,104074,2021-08-12,NA,"Active",NA,"Employee","Regular",1,"Hybrid",4.58
100528,2,5,3,108477,2021-08-24,NA,"Active",NA,"Employee","Regular",1,"Onsite",4.54
103234,2,5,11,100444,2021-08-28,NA,"Active",NA,"Employee","Regular",1,"Remote",4.53
102812,2,5,6,101030,2021-09-09,NA,"Active",NA,"Employee","Regular",0.8,"Hybrid",4.5
100416,2,5,3,107228,2021-10-04,NA,"Active",NA,"Employee","Regular",1,"Hybrid",4.43
102219,2,5,1,104187,2021-10-21,NA,"Active",NA,"Employee","Regular",1,"Remote",4.38
102807,2,5,8,109626,2021-10-22,NA,"Active",NA,"Employee","Regular",1,"Remote",4.38
103749,2,5,3,101415,2021-11-01,NA,"Active",NA,"Employee","Regular",1,"Hybrid",4.35
104399,2,5,8,107901,2021-11-26,NA,"Active",NA,"Employee","Regular",1,"Onsite",4.28
105079,2,5,11,102475,2021-12-01,NA,"Active",NA,"Employee","Regular",1,"Remote",4.27
107566,2,5,6,109259,2021-12-04,NA,"Active",NA,"Employee","Regular",1,"Onsite",4.26
109139,2,5,8,109479,2021-12-04,NA,"Active",NA,"Employee","Regular",1,"Hybrid",4.26
103251,2,5,10,104635,2021-12-05,NA,"Active",NA,"Employee","Regular",1,"Onsite",4.26
108888,2,5,3,100440,2021-12-05,NA,"Active",NA,"Employee","Regular",1,"Remote",4.26
106309,2,5,5,100843,2021-12-07,NA,"Active",NA,"Employee","Regular",1,"Onsite",4.25
106796,2,5,3,106939,2021-12-08,NA,"Active",NA,"Contractor","Regular",1,"Onsite",4.25
109325,2,5,12,101817,2021-12-12,NA,"Active",NA,"Employee","Regular",1,"Onsite",4.24
101277,2,5,11,100784,2021-12-14,NA,"Active",NA,"Employee","Regular",1,"Hybrid",4.24
100428,2,5,6,105881,2021-12-24,NA,"Active",NA,"Employee","Regular",1,"Onsite",4.21
109407,2,5,7,109755,2021-12-25,NA,"Active",NA,"Employee","Regular",1,"Remote",4.21
109144,2,5,4,106332,2021-12-28,NA,"Active",NA,"Employee","Regular",1,"Onsite",4.2
103889,2,5,10,104092,2022-01-10,NA,"Active",NA,"Employee","Regular",1,"Onsite",4.16
105454,2,5,11,100761,2022-02-01,NA,"Active",NA,"Employee","Regular",1,"Onsite",4.1
102203,2,5,4,109340,2022-02-02,NA,"Active",NA,"Employee","Regular",1,"Remote",4.1
103015,2,5,12,108453,2022-02-06,NA,"Active",NA,"Employee","Regular",1,"Onsite",4.09
109630,2,5,1,103448,2022-02-12,NA,"Active",NA,"Employee","Regular",0.8,"Hybrid",4.07
101874,2,5,3,103021,2022-03-10,NA,"Active",NA,"Employee","Regular",1,"Remote",4
100884,2,5,8,106638,2022-03-12,NA,"Active",NA,"Employee","Regular",1,"Hybrid",3.99
106560,2,5,11,106101,2022-03-20,2023-06-23,"Terminated","Voluntary","Employee","Temporary",1,"Remote",1.26
100381,2,5,2,107228,2022-03-29,NA,"Active",NA,"Employee","Regular",1,"Onsite",3.95
101337,2,5,9,109199,2022-04-04,NA,"Active",NA,"Employee","Regular",1,"Remote",3.93
107939,2,5,12,100396,2022-04-06,NA,"Active",NA,"Employee","Regular",1,"Onsite",3.93
108752,2,5,1,100945,2022-05-08,NA,"Active",NA,"Employee","Regular",1,"Onsite",3.84
103031,2,5,12,108179,2022-05-17,NA,"Active",NA,"Employee","Regular",1,"Hybrid",3.81
101474,2,5,12,106533,2022-06-06,NA,"Active",NA,"Employee","Regular",1,"Hybrid",3.76
100750,2,5,7,100635,2022-06-18,NA,"Active",NA,"Employee","Regular",1,"Onsite",3.73
103018,2,5,9,105045,2022-06-24,NA,"Active",NA,"Employee","Regular",1,"Onsite",3.71
104639,2,5,4,101318,2022-07-01,NA,"Active",NA,"Employee","Regular",1,"Hybrid",3.69
108455,2,5,9,105181,2022-07-04,NA,"Active",NA,"Employee","Regular",0.8,"Hybrid",3.68
108342,2,5,4,101669,2022-07-11,NA,"Active",NA,"Employee","Regular",1,"Remote",3.66
104251,2,5,5,108172,2022-07-22,NA,"Active",NA,"Employee","Regular",1,"Hybrid",3.63
109944,2,5,9,103838,2022-07-28,NA,"Active",NA,"Employee","Regular",1,"Hybrid",3.62
108607,2,5,1,103520,2022-07-30,NA,"Active",NA,"Employee","Regular",1,"Onsite",3.61
101598,2,5,2,100581,2022-08-22,NA,"Active",NA,"Employee","Regular",0.8,"Hybrid",3.55
104815,2,5,2,100678,2022-08-22,2025-07-07,"Terminated","Voluntary","Employee","Regular",1,"Onsite",2.87
109053,2,5,1,105491,2022-08-22,NA,"Active",NA,"Employee","Regular",0.6,"Onsite",3.55
107812,2,5,6,109479,2022-09-13,NA,"Active",NA,"Employee","Regular",1,"Hybrid",3.49
102004,2,5,6,107326,2022-09-16,NA,"Active",NA,"Employee","Regular",1,"Onsite",3.48
103695,2,5,6,100912,2022-09-18,NA,"Active",NA,"Employee","Regular",1,"Remote",3.47
100455,2,5,7,103920,2022-09-22,NA,"Active",NA,"Employee","Regular",1,"Onsite",3.46
107445,2,5,10,102996,2022-09-22,NA,"Active",NA,"Employee","Regular",1,"Hybrid",3.46
106253,2,5,6,101080,2022-09-30,NA,"Active",NA,"Employee","Regular",1,"Onsite",3.44
107375,2,5,4,106628,2022-10-21,NA,"Active",NA,"Employee","Regular",1,"Onsite",3.38
105661,2,5,5,103639,2022-10-26,NA,"Active",NA,"Contractor","Regular",1,"Hybrid",3.37
107770,2,5,9,100816,2022-11-04,NA,"Active",NA,"Employee","Regular",1,"Hybrid",3.35
101018,2,5,6,101420,2022-11-21,NA,"Active",NA,"Employee","Regular",0.8,"Onsite",3.3
106032,2,5,8,102287,2022-11-21,NA,"Active",NA,"Employee","Regular",1,"Remote",3.3
107562,2,5,3,104331,2022-12-07,NA,"Active",NA,"Employee","Regular",1,"Onsite",3.25
101636,2,5,7,104289,2022-12-20,NA,"Active",NA,"Employee","Temporary",1,"Hybrid",3.22
109687,2,5,2,108817,2023-01-03,NA,"Active",NA,"Employee","Regular",1,"Onsite",3.18
105126,2,5,11,102878,2023-01-08,NA,"Active",NA,"Employee","Temporary",1,"Onsite",3.17
109603,2,5,9,100236,2023-01-23,NA,"Active",NA,"Employee","Regular",1,"Remote",3.13
108219,2,5,3,104321,2023-01-27,2024-12-15,"Terminated","Voluntary","Employee","Regular",1,"Hybrid",1.88
102959,2,5,8,106218,2023-02-03,NA,"Active",NA,"Employee","Regular",1,"Remote",3.1
103586,2,5,3,100622,2023-02-15,NA,"Active",NA,"Employee","Regular",1,"Onsite",3.06
100789,2,5,3,103537,2023-02-16,NA,"Active",NA,"Employee","Regular",1,"Hybrid",3.06
102956,2,5,7,100784,2023-02-17,NA,"Active",NA,"Employee","Regular",1,"Hybrid",3.06
109400,2,5,2,102032,2023-02-17,NA,"Active",NA,"Employee","Regular",1,"Remote",3.06
108017,2,5,9,109442,2023-02-24,NA,"Active",NA,"Contractor","Regular",1,"Remote",3.04
106550,2,5,9,103123,2023-03-09,NA,"Active",NA,"Employee","Regular",1,"Onsite",3
101156,2,5,10,105632,2023-03-11,NA,"Active",NA,"Employee","Regular",1,"Onsite",3
105219,2,5,8,104055,2023-03-13,NA,"Active",NA,"Employee","Regular",1,"Remote",2.99
104144,2,5,11,103171,2023-03-24,NA,"Active",NA,"Employee","Regular",1,"Onsite",2.96
102089,2,5,6,104720,2023-04-08,NA,"Active",NA,"Employee","Regular",1,"Onsite",2.92
106874,2,5,1,104876,2023-04-10,NA,"Active",NA,"Employee","Regular",1,"Hybrid",2.92
101196,2,5,5,109638,2023-04-14,NA,"Active",NA,"Employee","Regular",1,"Onsite",2.9
103584,2,5,3,104657,2023-04-14,NA,"Active",NA,"Employee","Regular",1,"Onsite",2.9
109892,2,5,9,105256,2023-04-16,NA,"Active",NA,"Employee","Regular",1,"Onsite",2.9
102888,2,5,3,109259,2023-04-18,NA,"Active",NA,"Employee","Regular",0.8,"Onsite",2.89
100927,2,5,9,104565,2023-04-28,NA,"Active",NA,"Employee","Regular",1,"Remote",2.87
104108,2,5,6,105256,2023-04-28,NA,"Active",NA,"Contractor","Regular",1,"Hybrid",2.87
108067,2,5,6,100915,2023-04-28,NA,"Active",NA,"Employee","Regular",0.8,"Hybrid",2.87
100387,2,5,8,108072,2023-05-04,NA,"Active",NA,"Contractor","Regular",1,"Hybrid",2.85
100964,2,5,3,105263,2023-05-06,NA,"Active",NA,"Employee","Regular",1,"Hybrid",2.84
102903,2,5,2,101826,2023-05-09,NA,"Active",NA,"Employee","Regular",1,"Remote",2.84
108491,2,5,3,109123,2023-05-11,NA,"Active",NA,"Employee","Regular",1,"Remote",2.83
103076,2,5,4,107023,2023-05-13,NA,"Active",NA,"Employee","Regular",1,"Remote",2.82
101665,2,5,2,108049,2023-05-16,NA,"Active",NA,"Employee","Regular",1,"Remote",2.82
103057,2,5,9,109295,2023-05-16,NA,"Active",NA,"Contractor","Regular",1,"Hybrid",2.82
103147,2,5,3,101254,2023-05-22,NA,"Active",NA,"Employee","Regular",1,"Onsite",2.8
108943,2,5,2,103157,2023-05-28,NA,"Active",NA,"Contractor","Regular",1,"Onsite",2.78
104837,2,5,4,107901,2023-06-13,NA,"Active",NA,"Employee","Regular",1,"Hybrid",2.74
100093,2,5,3,105740,2023-06-29,NA,"Active",NA,"Employee","Regular",1,"Remote",2.7
101341,2,5,11,105267,2023-07-06,NA,"Active",NA,"Employee","Regular",1,"Onsite",2.68
101894,2,5,1,101805,2023-07-24,NA,"Active",NA,"Employee","Regular",1,"Hybrid",2.63
107625,2,5,12,100843,2023-07-31,NA,"Active",NA,"Employee","Regular",1,"Onsite",2.61
103953,2,5,7,103756,2023-08-01,2025-07-03,"Terminated","Involuntary","Employee","Regular",1,"Onsite",1.92
104221,2,5,2,105308,2023-08-14,NA,"Active",NA,"Employee","Regular",1,"Hybrid",2.57
106424,2,5,5,105398,2023-08-15,NA,"Active",NA,"Employee","Regular",1,"Onsite",2.57
109127,2,5,10,101257,2023-08-17,NA,"Active",NA,"Employee","Regular",1,"Onsite",2.56
105059,2,5,5,103522,2023-08-20,NA,"Active",NA,"Employee","Regular",1,"Remote",2.55
104961,2,5,3,102806,2023-09-01,NA,"Active",NA,"Employee","Regular",1,"Onsite",2.52
100513,2,5,3,108965,2023-09-07,NA,"Active",NA,"Employee","Regular",1,"Remote",2.5
106008,2,5,1,106082,2023-09-08,NA,"Active",NA,"Employee","Regular",1,"Hybrid",2.5
100637,2,5,3,100245,2023-09-12,NA,"Active",NA,"Employee","Temporary",1,"Hybrid",2.49
104089,2,5,9,106717,2023-09-13,NA,"Active",NA,"Employee","Regular",1,"Hybrid",2.49
107568,2,5,4,101989,2023-09-16,2025-01-21,"Terminated","Involuntary","Employee","Regular",1,"Onsite",1.35
108890,2,5,4,109839,2023-09-20,NA,"Active",NA,"Employee","Regular",1,"Remote",2.47
102473,2,5,6,103920,2023-09-29,NA,"Active",NA,"Employee","Regular",1,"Onsite",2.44
106953,2,5,1,103720,2023-10-28,NA,"Active",NA,"Employee","Regular",1,"Hybrid",2.36
100654,2,5,12,103639,2023-10-29,NA,"Active",NA,"Employee","Regular",1,"Onsite",2.36
105007,2,5,8,106839,2023-10-31,NA,"Active",NA,"Employee","Regular",1,"Onsite",2.36
100568,2,5,11,106657,2023-11-12,NA,"Active",NA,"Employee","Regular",1,"Onsite",2.32
106062,2,5,1,100843,2023-11-24,NA,"Active",NA,"Employee","Regular",1,"Hybrid",2.29
100541,2,5,7,103720,2023-11-28,NA,"Active",NA,"Employee","Regular",1,"Hybrid",2.28
102695,2,5,11,101403,2023-12-07,NA,"Active",NA,"Employee","Regular",1,"Onsite",2.25
100171,2,5,12,106299,2023-12-11,NA,"Active",NA,"Employee","Regular",1,"Hybrid",2.24
106026,2,5,6,106283,2023-12-12,NA,"Active",NA,"Employee","Regular",1,"Hybrid",2.24
101050,2,5,1,106555,2023-12-22,NA,"Active",NA,"Employee","Regular",1,"Onsite",2.21
103497,2,5,10,105915,2023-12-24,NA,"Active",NA,"Employee","Regular",1,"Onsite",2.21
105109,2,5,1,106264,2023-12-24,NA,"Active",NA,"Employee","Regular",1,"Remote",2.21
103302,2,5,12,105343,2023-12-25,NA,"Active",NA,"Employee","Temporary",0.8,"Onsite",2.21
105875,2,5,7,109408,2023-12-29,NA,"Active",NA,"Employee","Temporary",1,"Onsite",2.19
108008,2,5,4,108868,2024-01-10,NA,"Active",NA,"Employee","Regular",1,"Onsite",2.16
106272,2,5,2,103048,2024-01-19,NA,"Active",NA,"Employee","Regular",1,"Hybrid",2.14
101917,2,5,1,100111,2024-01-21,2025-09-14,"Terminated","Voluntary","Employee","Regular",1,"Onsite",1.65
106393,2,5,6,103781,2024-02-05,NA,"Active",NA,"Employee","Regular",1,"Hybrid",2.09
101610,2,5,12,101039,2024-02-09,NA,"Active",NA,"Employee","Temporary",1,"Onsite",2.08
108095,2,5,12,103241,2024-02-21,NA,"Active",NA,"Employee","Regular",0.8,"Onsite",2.05
102511,2,5,4,106848,2024-03-16,NA,"Active",NA,"Employee","Regular",1,"Onsite",1.98
102693,2,5,1,105054,2024-03-16,NA,"Active",NA,"Employee","Regular",1,"Hybrid",1.98
106606,2,5,2,105334,2024-03-20,NA,"Active",NA,"Employee","Regular",1,"Remote",1.97
105418,2,5,9,108471,2024-04-04,NA,"Active",NA,"Employee","Regular",1,"Onsite",1.93
107366,2,5,9,105391,2024-04-05,NA,"Active",NA,"Employee","Regular",1,"Hybrid",1.93
105260,2,5,10,102683,2024-04-09,NA,"Active",NA,"Employee","Regular",1,"Hybrid",1.92
109514,2,5,1,100622,2024-04-16,NA,"Active",NA,"Employee","Regular",1,"Hybrid",1.9
102140,2,5,9,108025,2024-04-18,NA,"Active",NA,"Employee","Regular",1,"Hybrid",1.89
106366,2,5,2,106542,2024-04-18,NA,"Active",NA,"Employee","Regular",1,"Onsite",1.89
105687,2,5,3,107386,2024-04-20,NA,"Active",NA,"Employee","Temporary",1,"Hybrid",1.89
100361,2,5,8,105010,2024-04-30,NA,"Active",NA,"Employee","Regular",1,"Hybrid",1.86
102383,2,5,5,108644,2024-04-30,NA,"Active",NA,"Employee","Regular",0.8,"Hybrid",1.86
107880,2,5,1,107239,2024-04-30,NA,"Active",NA,"Employee","Regular",0.8,"Hybrid",1.86
101916,2,5,7,100444,2024-05-27,NA,"Active",NA,"Employee","Regular",1,"Hybrid",1.79
102912,2,5,3,107384,2024-06-15,NA,"Active",NA,"Employee","Regular",1,"Onsite",1.73
100421,2,5,12,105692,2024-06-25,NA,"Active",NA,"Employee","Regular",0.8,"Onsite",1.71
107159,2,5,12,101003,2024-07-05,NA,"Active",NA,"Employee","Regular",1,"Onsite",1.68
102204,2,5,4,102876,2024-07-10,NA,"Active",NA,"Employee","Regular",1,"Hybrid",1.67
107420,2,5,9,109094,2024-07-14,NA,"Active",NA,"Employee","Regular",0.6,"Onsite",1.65
101939,2,5,1,104438,2024-07-20,NA,"Active",NA,"Employee","Regular",1,"Onsite",1.64
108713,2,5,8,102108,2024-07-23,NA,"Active",NA,"Employee","Regular",1,"Hybrid",1.63
103973,2,5,12,100912,2024-07-24,NA,"Active",NA,"Contractor","Regular",1,"Hybrid",1.63
107251,2,5,9,107318,2024-08-04,NA,"Active",NA,"Employee","Regular",0.6,"Onsite",1.6
102247,2,5,3,109408,2024-08-05,NA,"Active",NA,"Employee","Regular",1,"Hybrid",1.59
109768,2,5,2,107380,2024-08-26,NA,"Active",NA,"Employee","Regular",1,"Hybrid",1.54
104181,2,5,1,108418,2024-08-28,NA,"Active",NA,"Employee","Regular",1,"Remote",1.53
103101,2,5,4,108528,2024-08-29,NA,"Active",NA,"Employee","Regular",0.8,"Hybrid",1.53
101213,2,5,8,100622,2024-09-08,NA,"Active",NA,"Employee","Regular",1,"Onsite",1.5
106738,2,5,4,101138,2024-09-10,NA,"Active",NA,"Employee","Regular",1,"Onsite",1.5
103258,2,5,5,109153,2024-09-23,NA,"Active",NA,"Employee","Regular",1,"Hybrid",1.46
105657,2,5,4,101511,2024-10-05,NA,"Active",NA,"Employee","Regular",1,"Hybrid",1.43
108043,2,5,7,105881,2024-10-09,NA,"Active",NA,"Employee","Temporary",1,"Onsite",1.42
103949,2,5,7,101517,2024-10-15,NA,"Active",NA,"Employee","Regular",1,"Remote",1.4
103494,2,5,7,104188,2024-10-19,NA,"Active",NA,"Employee","Regular",1,"Onsite",1.39
104317,2,5,1,107393,2024-10-19,NA,"Active",NA,"Employee","Regular",0.8,"Onsite",1.39
100837,2,5,11,108205,2024-10-26,NA,"Active",NA,"Employee","Regular",1,"Onsite",1.37
109131,2,5,9,100651,2024-10-28,NA,"Active",NA,"Employee","Regular",1,"Onsite",1.36
108629,2,5,10,106533,2024-11-04,NA,"Active",NA,"Employee","Regular",1,"Remote",1.35
105442,2,5,9,102816,2024-11-06,NA,"Active",NA,"Contractor","Regular",0.8,"Onsite",1.34
102020,2,5,7,104331,2024-11-08,NA,"Active",NA,"Employee","Regular",1,"Hybrid",1.33
102237,2,5,3,108852,2024-11-16,NA,"Active",NA,"Employee","Regular",1,"Onsite",1.31
101764,2,5,2,103243,2024-11-23,NA,"Active",NA,"Employee","Regular",1,"Onsite",1.29
107916,2,5,6,107914,2024-11-29,NA,"Active",NA,"Employee","Regular",0.8,"Remote",1.28
100938,2,5,10,109887,2024-12-20,NA,"Active",NA,"Employee","Regular",1,"Onsite",1.22
104390,2,5,12,107895,2025-01-02,NA,"Active",NA,"Employee","Regular",1,"Remote",1.18
100024,2,5,9,107126,2025-01-08,NA,"Active",NA,"Employee","Regular",0.8,"Hybrid",1.17
100730,2,5,11,101347,2025-02-06,2026-02-07,"Terminated","Involuntary","Employee","Regular",1,"Hybrid",1
100611,2,5,3,108841,2025-02-18,NA,"Active",NA,"Contractor","Regular",1,"Onsite",1.05
108670,2,5,3,102062,2025-02-19,NA,"Active",NA,"Employee","Regular",1,"Onsite",1.05
105475,2,5,2,108868,2025-02-20,NA,"Active",NA,"Employee","Regular",1,"Onsite",1.05
100786,2,5,8,101329,2025-03-01,NA,"Active",NA,"Employee","Regular",1,"Onsite",1.02
102930,2,5,11,105934,2025-03-07,NA,"Active",NA,"Employee","Regular",0.6,"Remote",1.01
103189,2,5,1,103522,2025-03-07,NA,"Active",NA,"Employee","Regular",1,"Onsite",1.01
105628,2,5,3,102268,2025-03-09,2026-02-28,"Terminated","Voluntary","Contractor","Regular",1,"Onsite",0.98
108728,2,5,10,100969,2025-03-17,NA,"Active",NA,"Employee","Regular",1,"Onsite",0.98
106464,2,5,11,100974,2025-03-19,NA,"Active",NA,"Employee","Regular",0.6,"Hybrid",0.98
104975,2,5,8,107533,2025-03-21,NA,"Active",NA,"Employee","Regular",1,"Onsite",0.97
100514,2,5,3,103123,2025-03-31,NA,"Active",NA,"Employee","Regular",1,"Onsite",0.94
101784,2,5,12,101278,2025-04-07,NA,"Active",NA,"Employee","Regular",1,"Hybrid",0.92
103426,2,5,4,102422,2025-04-09,NA,"Active",NA,"Employee","Regular",1,"Remote",0.92
101225,2,5,12,102617,2025-05-05,NA,"Active",NA,"Employee","Regular",1,"Onsite",0.85
100220,2,5,7,103348,2025-05-06,NA,"Active",NA,"Employee","Regular",0.6,"Onsite",0.84
109949,2,5,7,100748,2025-05-16,NA,"Active",NA,"Employee","Regular",1,"Remote",0.82
106153,2,5,2,102118,2025-05-18,NA,"Active",NA,"Employee","Regular",1,"Onsite",0.81
109258,2,5,5,100572,2025-05-27,NA,"Active",NA,"Employee","Regular",1,"Remote",0.79
106476,2,5,10,108365,2025-06-02,NA,"Active",NA,"Employee","Regular",0.8,"Hybrid",0.77
108028,2,5,12,103398,2025-06-14,2025-12-31,"Terminated","Voluntary","Employee","Regular",1,"Remote",0.55
100731,2,5,2,106789,2025-06-19,NA,"Active",NA,"Employee","Regular",1,"Hybrid",0.72
104070,2,5,9,101668,2025-06-19,NA,"Active",NA,"Employee","Regular",1,"Onsite",0.72
100129,2,5,1,100572,2025-06-21,NA,"Active",NA,"Employee","Regular",1,"Onsite",0.72
106197,2,5,11,101180,2025-06-21,NA,"Active",NA,"Employee","Temporary",1,"Hybrid",0.72
105241,2,5,10,102129,2025-06-30,NA,"Active",NA,"Employee","Regular",1,"Hybrid",0.69
109818,2,5,1,103219,2025-06-30,NA,"Active",NA,"Employee","Regular",1,"Hybrid",0.69
102341,2,5,1,101814,2025-07-05,NA,"Active",NA,"Employee","Regular",1,"Onsite",0.68
103997,2,5,5,100952,2025-07-10,NA,"Active",NA,"Employee","Regular",1,"Onsite",0.67
106532,2,5,1,101176,2025-07-11,NA,"Active",NA,"Employee","Regular",1,"Hybrid",0.66
102424,2,5,8,107973,2025-07-17,NA,"Active",NA,"Employee","Temporary",1,"Onsite",0.65
101096,2,5,4,104823,2025-08-05,NA,"Active",NA,"Employee","Regular",0.8,"Hybrid",0.59
103475,2,5,3,104298,2025-08-09,NA,"Active",NA,"Employee","Regular",1,"Hybrid",0.58
106130,2,5,3,105942,2025-08-17,NA,"Active",NA,"Employee","Temporary",1,"Onsite",0.56
104471,2,5,2,101869,2025-08-28,NA,"Active",NA,"Contractor","Regular",1,"Onsite",0.53
107370,2,5,9,108707,2025-09-11,NA,"Active",NA,"Employee","Regular",1,"Remote",0.49
100274,2,5,7,101450,2025-09-12,NA,"Active",NA,"Employee","Regular",1,"Hybrid",0.49
101111,2,5,8,104162,2025-09-15,NA,"Active",NA,"Employee","Regular",1,"Remote",0.48
105677,2,5,4,105496,2025-09-21,NA,"Active",NA,"Employee","Regular",1,"Remote",0.47
108928,2,5,6,109170,2025-10-14,NA,"Active",NA,"Employee","Regular",1,"Onsite",0.4
101659,2,5,6,100861,2025-10-15,NA,"Active",NA,"Employee","Regular",1,"Onsite",0.4
104334,2,5,7,108514,2025-10-16,NA,"Active",NA,"Employee","Regular",1,"Onsite",0.4
107496,2,5,9,101303,2025-10-19,NA,"Active",NA,"Employee","Regular",1,"Onsite",0.39
107513,2,5,12,106787,2025-10-29,NA,"Active",NA,"Employee","Regular",1,"Remote",0.36
109006,2,5,4,107010,2025-10-30,NA,"Active",NA,"Employee","Regular",1,"Remote",0.36
109280,2,5,8,103087,2025-11-01,NA,"Active",NA,"Contractor","Regular",1,"Remote",0.35
109501,2,5,7,104157,2025-11-04,NA,"Active",NA,"Employee","Regular",1,"Remote",0.35
100895,2,5,12,103974,2025-11-09,NA,"Active",NA,"Employee","Regular",1,"Onsite",0.33
108631,2,5,11,104179,2025-11-21,NA,"Active",NA,"Employee","Regular",1,"Hybrid",0.3
107167,2,5,8,102362,2025-11-29,NA,"Active",NA,"Employee","Regular",1,"Hybrid",0.28
106596,2,5,9,109885,2025-12-03,NA,"Active",NA,"Employee","Regular",0.8,"Hybrid",0.27
102200,2,5,3,102507,2025-12-08,NA,"Active",NA,"Employee","Regular",1,"Remote",0.25
107254,2,5,9,101397,2025-12-10,NA,"Active",NA,"Employee","Regular",1,"Onsite",0.25
100347,2,5,5,108916,2026-01-19,NA,"Active",NA,"Employee","Temporary",1,"Onsite",0.14
101247,2,5,4,106679,2026-01-23,NA,"Active",NA,"Employee","Regular",1,"Hybrid",0.13
108879,2,5,6,102979,2026-01-26,NA,"Active",NA,"Employee","Regular",1,"Hybrid",0.12
102303,2,5,8,104797,2026-01-29,NA,"Active",NA,"Employee","Regular",1,"Onsite",0.11
105093,2,5,3,100444,2026-01-29,NA,"Active",NA,"Employee","Temporary",1,"Remote",0.11
103707,2,5,3,109651,2026-01-30,NA,"Active",NA,"Employee","Regular",0.8,"Hybrid",0.11
109296,2,5,3,107781,2026-02-01,NA,"Active",NA,"Employee","Regular",1,"Hybrid",0.1
108778,3,9,1,109095,2013-02-05,NA,"Active",NA,"Employee","Regular",1,"Hybrid",13.09
106435,3,9,4,102707,2013-02-09,NA,"Active",NA,"Contractor","Regular",1,"Remote",13.08
106636,3,9,9,103306,2013-02-13,NA,"Active",NA,"Employee","Regular",1,"Onsite",13.07
109088,3,9,4,100137,2013-02-27,NA,"Active",NA,"Employee","Regular",1,"Remote",13.03
100156,3,9,6,102261,2013-03-06,NA,"Active",NA,"Employee","Regular",1,"Hybrid",13.01
107240,3,9,1,105556,2013-03-07,NA,"Active",NA,"Employee","Regular",0.8,"Hybrid",13.01
108403,3,9,10,102847,2013-03-27,NA,"Active",NA,"Contractor","Regular",0.8,"Remote",12.95
108897,3,9,8,108658,2013-04-30,2023-01-28,"Terminated","Voluntary","Employee","Temporary",0.6,"Hybrid",9.75
102691,3,9,1,107859,2013-05-04,NA,"Active",NA,"Employee","Regular",0.8,"Hybrid",12.85
104294,3,9,2,106098,2013-05-10,NA,"Active",NA,"Employee","Regular",1,"Onsite",12.83
109025,3,9,1,108987,2013-05-21,NA,"Active",NA,"Contractor","Regular",1,"Hybrid",12.8
108073,3,9,4,104884,2013-06-22,2021-07-29,"Terminated","Voluntary","Employee","Regular",0.6,"Onsite",8.1
108266,3,9,1,102314,2013-07-01,NA,"Active",NA,"Employee","Regular",0.8,"Hybrid",12.69
102582,3,9,1,103577,2013-08-02,NA,"Active",NA,"Employee","Regular",1,"Onsite",12.6
109798,3,9,9,104332,2013-08-03,2021-04-18,"Terminated","Voluntary","Employee","Regular",0.8,"Onsite",7.71
105117,3,9,1,101032,2013-08-24,NA,"Active",NA,"Employee","Regular",1,"Onsite",12.54
104948,3,9,5,102645,2013-08-28,2021-08-23,"Terminated","Voluntary","Contractor","Regular",1,"Onsite",7.99
108111,3,9,12,106985,2013-09-01,2019-01-05,"Terminated","Voluntary","Employee","Regular",1,"Remote",5.35
106109,3,9,9,107324,2013-09-03,NA,"Active",NA,"Employee","Regular",1,"Remote",12.52
100099,3,9,3,106909,2013-09-16,NA,"Active",NA,"Employee","Regular",1,"Onsite",12.48
109518,3,9,7,103114,2013-09-21,NA,"Active",NA,"Employee","Regular",1,"Onsite",12.47
109360,3,9,6,104129,2013-10-07,NA,"Active",NA,"Employee","Regular",1,"Onsite",12.42
103762,3,9,8,108229,2013-11-19,2021-02-23,"Terminated","Voluntary","Employee","Regular",1,"Hybrid",7.26
106240,3,9,4,100202,2014-01-08,NA,"Active",NA,"Employee","Regular",1,"Remote",12.17
102034,3,9,9,108026,2014-01-15,NA,"Active",NA,"Contractor","Regular",1,"Onsite",12.15
106349,3,9,12,103566,2014-01-31,2016-02-14,"Terminated","Voluntary","Employee","Temporary",1,"Remote",2.04
103906,3,9,5,105292,2014-02-13,NA,"Active",NA,"Employee","Regular",1,"Hybrid",12.07
109308,3,9,8,107388,2014-02-13,NA,"Active",NA,"Employee","Regular",1,"Hybrid",12.07
106097,3,9,9,104619,2014-02-23,2018-03-20,"Terminated","Reduction in Force","Employee","Regular",1,"Hybrid",4.07
100258,3,9,2,100931,2014-03-07,NA,"Active",NA,"Employee","Regular",1,"Onsite",12.01
102471,3,9,5,101820,2014-03-21,NA,"Active",NA,"Employee","Regular",1,"Onsite",11.97
108891,3,9,8,103003,2014-04-03,NA,"Active",NA,"Employee","Regular",1,"Hybrid",11.93
103981,3,9,1,100547,2014-04-20,NA,"Active",NA,"Employee","Regular",1,"Hybrid",11.89
105638,3,9,12,106915,2014-06-11,NA,"Active",NA,"Employee","Regular",1,"Hybrid",11.75
106595,3,9,8,105154,2014-06-18,NA,"Active",NA,"Employee","Regular",1,"Onsite",11.73
102338,3,9,11,109620,2014-06-25,NA,"Active",NA,"Employee","Regular",1,"Onsite",11.71
107596,3,9,3,100824,2014-07-03,NA,"Active",NA,"Contractor","Regular",0.8,"Onsite",11.68
101052,3,9,8,107467,2014-07-19,NA,"Active",NA,"Employee","Regular",0.8,"Hybrid",11.64
108567,3,9,12,102947,2014-07-20,NA,"Active",NA,"Employee","Regular",1,"Hybrid",11.64
102568,3,9,10,100340,2014-08-18,NA,"Active",NA,"Employee","Regular",1,"Onsite",11.56
105128,3,9,1,109272,2014-08-26,NA,"Active",NA,"Employee","Regular",1,"Hybrid",11.54
101239,3,9,10,104700,2014-09-15,NA,"Active",NA,"Employee","Regular",1,"Onsite",11.48
105429,3,9,7,107689,2014-09-19,2022-11-27,"Terminated","Involuntary","Employee","Regular",1,"Hybrid",8.19
105907,3,9,1,108035,2014-09-30,NA,"Active",NA,"Employee","Regular",0.8,"Remote",11.44
109837,3,9,1,107899,2014-10-11,NA,"Active",NA,"Contractor","Regular",1,"Onsite",11.41
100175,3,9,3,104646,2014-10-29,NA,"Active",NA,"Employee","Regular",1,"Remote",11.36
108892,3,9,1,108487,2014-11-09,NA,"Active",NA,"Employee","Regular",1,"Onsite",11.33
100860,3,9,5,106251,2014-12-07,NA,"Active",NA,"Employee","Regular",1,"Onsite",11.25
100813,3,9,4,108590,2014-12-28,NA,"Active",NA,"Employee","Regular",1,"Onsite",11.2
102030,3,9,10,102707,2015-01-03,NA,"Active",NA,"Employee","Temporary",1,"Remote",11.18
106548,3,9,6,109073,2015-01-11,2024-05-14,"Terminated","Voluntary","Employee","Regular",0.6,"Remote",9.34
100224,3,9,7,105917,2015-01-18,NA,"Active",NA,"Employee","Regular",1,"Onsite",11.14
101010,3,9,5,104237,2015-01-20,NA,"Active",NA,"Employee","Regular",1,"Onsite",11.13
109300,3,9,11,105065,2015-01-20,NA,"Active",NA,"Employee","Regular",1,"Onsite",11.13
104012,3,9,11,103191,2015-02-06,NA,"Active",NA,"Employee","Regular",1,"Hybrid",11.09
105101,3,9,7,106909,2015-02-10,NA,"Active",NA,"Employee","Regular",1,"Onsite",11.08
104547,3,9,10,103114,2015-02-26,NA,"Active",NA,"Employee","Regular",1,"Remote",11.03
109169,3,9,6,103455,2015-03-04,NA,"Active",NA,"Employee","Regular",1,"Onsite",11.02
109181,3,9,6,109519,2015-03-04,NA,"Active",NA,"Employee","Regular",1,"Onsite",11.02
100506,3,9,2,106237,2015-03-12,NA,"Active",NA,"Employee","Regular",1,"Onsite",10.99
108116,3,9,9,100791,2015-03-12,NA,"Active",NA,"Employee","Regular",1,"Remote",10.99
106851,3,9,2,104013,2015-03-19,NA,"Active",NA,"Employee","Regular",1,"Onsite",10.98
109008,3,9,1,105292,2015-03-30,NA,"Active",NA,"Employee","Regular",1,"Remote",10.95
109143,3,9,2,108170,2015-05-07,NA,"Active",NA,"Employee","Regular",1,"Remote",10.84
108954,3,9,2,108655,2015-05-08,2025-04-04,"Terminated","Voluntary","Employee","Regular",0.6,"Remote",9.91
103746,3,9,1,103566,2015-05-13,NA,"Active",NA,"Employee","Regular",1,"Onsite",10.82
101922,3,9,1,105748,2015-05-19,NA,"Active",NA,"Employee","Regular",1,"Onsite",10.81
107385,3,9,6,102258,2015-05-22,NA,"Active",NA,"Employee","Regular",1,"Onsite",10.8
105106,3,9,7,102311,2015-06-12,NA,"Active",NA,"Employee","Regular",1,"Hybrid",10.74
102910,3,9,3,102518,2015-07-03,NA,"Active",NA,"Contractor","Regular",1,"Onsite",10.68
104345,3,9,9,107388,2015-07-05,NA,"Active",NA,"Employee","Regular",1,"Hybrid",10.68
104245,3,9,3,106742,2015-08-05,2025-11-29,"Terminated","Involuntary","Employee","Regular",1,"Remote",10.32
102925,3,9,1,109076,2015-09-19,NA,"Active",NA,"Employee","Regular",1,"Hybrid",10.47
103360,3,9,3,104945,2015-10-12,NA,"Active",NA,"Employee","Regular",1,"Hybrid",10.41
103460,3,9,6,106194,2015-10-24,NA,"Active",NA,"Employee","Regular",1,"Remote",10.38
109605,3,9,2,105450,2015-11-10,NA,"Active",NA,"Employee","Regular",0.8,"Onsite",10.33
101632,3,9,3,109951,2015-11-19,NA,"Active",NA,"Employee","Regular",1,"Hybrid",10.3
105927,3,9,12,109396,2015-12-01,NA,"Active",NA,"Employee","Regular",1,"Onsite",10.27
103963,3,9,8,102311,2015-12-28,NA,"Active",NA,"Employee","Regular",1,"Onsite",10.2
103846,3,9,11,106009,2016-01-03,2021-09-13,"Terminated","Voluntary","Employee","Regular",1,"Onsite",5.69
102599,3,9,9,107213,2016-01-05,NA,"Active",NA,"Employee","Regular",1,"Onsite",10.18
101123,3,9,11,103114,2016-01-19,NA,"Active",NA,"Employee","Regular",0.6,"Hybrid",10.14
109536,3,9,12,102897,2016-01-30,NA,"Active",NA,"Employee","Regular",1,"Onsite",10.11
101297,3,9,6,108229,2016-02-04,NA,"Active",NA,"Employee","Regular",1,"Onsite",10.09
101749,3,9,6,106852,2016-02-07,NA,"Active",NA,"Employee","Regular",1,"Hybrid",10.08
104991,3,9,8,103093,2016-03-02,NA,"Active",NA,"Employee","Regular",1,"Onsite",10.02
105791,3,9,11,101696,2016-03-11,NA,"Active",NA,"Employee","Regular",1,"Onsite",10
104769,3,9,4,109799,2016-03-21,NA,"Active",NA,"Contractor","Regular",1,"Hybrid",9.97
107710,3,9,12,106909,2016-04-12,NA,"Active",NA,"Employee","Regular",1,"Onsite",9.91
100089,3,9,1,105292,2016-04-17,NA,"Active",NA,"Employee","Regular",1,"Hybrid",9.9
106549,3,9,4,109931,2016-04-30,2023-01-31,"Terminated","Voluntary","Employee","Regular",1,"Hybrid",6.76
100230,3,9,1,109010,2016-05-05,NA,"Active",NA,"Employee","Regular",1,"Hybrid",9.85
102793,3,9,9,105685,2016-05-07,NA,"Active",NA,"Employee","Regular",1,"Remote",9.84
101416,3,9,1,103129,2016-05-08,NA,"Active",NA,"Employee","Regular",1,"Hybrid",9.84
105328,3,9,5,107079,2016-05-08,NA,"Active",NA,"Employee","Regular",1,"Remote",9.84
101134,3,9,4,105021,2016-05-17,NA,"Active",NA,"Employee","Regular",1,"Onsite",9.81
108190,3,9,10,101820,2016-07-17,NA,"Active",NA,"Employee","Regular",0.8,"Hybrid",9.65
107671,3,9,1,106215,2016-07-23,NA,"Active",NA,"Employee","Regular",1,"Onsite",9.63
106507,3,9,12,106329,2016-09-12,NA,"Active",NA,"Employee","Regular",1,"Hybrid",9.49
106448,3,9,11,101876,2016-09-23,NA,"Active",NA,"Employee","Regular",1,"Remote",9.46
105594,3,9,3,105758,2016-11-01,NA,"Active",NA,"Employee","Regular",1,"Onsite",9.35
108406,3,9,3,108875,2016-11-08,NA,"Active",NA,"Employee","Regular",1,"Hybrid",9.33
103624,3,9,1,104279,2016-11-16,NA,"Active",NA,"Employee","Regular",1,"Hybrid",9.31
106729,3,9,1,100448,2016-11-24,NA,"Active",NA,"Employee","Regular",1,"Onsite",9.29
107017,3,9,12,106251,2016-11-29,NA,"Active",NA,"Employee","Regular",1,"Onsite",9.28
105706,3,9,1,108561,2016-12-04,NA,"Active",NA,"Employee","Regular",0.6,"Remote",9.26
106720,3,9,3,108211,2016-12-11,NA,"Active",NA,"Employee","Regular",1,"Hybrid",9.24
100893,3,9,11,105411,2016-12-22,2024-07-24,"Terminated","Voluntary","Employee","Regular",1,"Onsite",7.59
102732,3,9,1,100012,2017-01-18,2023-09-16,"Terminated","Involuntary","Employee","Regular",0.6,"Onsite",6.66
102177,3,9,11,107055,2017-01-25,NA,"Active",NA,"Employee","Regular",1,"Remote",9.12
107061,3,9,11,108561,2017-01-27,NA,"Active",NA,"Employee","Regular",1,"Hybrid",9.12
103044,3,9,9,102832,2017-02-07,NA,"Active",NA,"Contractor","Regular",1,"Onsite",9.08
105095,3,9,2,102542,2017-02-14,NA,"Active",NA,"Employee","Regular",1,"Remote",9.07
105057,3,9,2,100358,2017-02-21,NA,"Active",NA,"Employee","Regular",1,"Hybrid",9.05
109831,3,9,7,107162,2017-03-09,2023-12-06,"Terminated","Voluntary","Employee","Regular",1,"Hybrid",6.74
109662,3,9,5,100880,2017-03-11,NA,"Active",NA,"Employee","Temporary",0.6,"Onsite",9
101903,3,9,7,109802,2017-03-21,NA,"Active",NA,"Employee","Regular",1,"Onsite",8.97
105238,3,9,11,100791,2017-04-14,NA,"Active",NA,"Employee","Regular",1,"Onsite",8.9
102330,3,9,7,100493,2017-05-01,NA,"Active",NA,"Employee","Temporary",1,"Onsite",8.86
108094,3,9,12,106306,2017-06-05,NA,"Active",NA,"Employee","Regular",1,"Onsite",8.76
102220,3,9,1,107421,2017-06-16,NA,"Active",NA,"Employee","Regular",1,"Hybrid",8.73
102716,3,9,4,103882,2017-06-21,NA,"Active",NA,"Employee","Regular",1,"Onsite",8.72
108913,3,9,10,100623,2017-06-21,2023-09-29,"Terminated","Voluntary","Employee","Regular",1,"Onsite",6.27
102579,3,9,4,102574,2017-06-27,2025-08-12,"Terminated","Voluntary","Employee","Regular",1,"Hybrid",8.13
102413,3,9,8,103041,2017-07-17,NA,"Active",NA,"Employee","Regular",0.6,"Onsite",8.65
100989,3,9,10,108812,2017-08-06,NA,"Active",NA,"Employee","Regular",1,"Hybrid",8.59
102481,3,9,4,100259,2017-09-16,NA,"Active",NA,"Contractor","Regular",1,"Onsite",8.48
101179,3,9,4,109951,2017-09-30,NA,"Active",NA,"Employee","Regular",1,"Onsite",8.44
107497,3,9,6,100187,2017-09-30,NA,"Active",NA,"Employee","Regular",1,"Hybrid",8.44
108923,3,9,1,101107,2017-10-09,NA,"Active",NA,"Employee","Regular",0.8,"Onsite",8.42
104592,3,9,8,109620,2017-10-28,NA,"Active",NA,"Employee","Regular",1,"Onsite",8.36
109034,3,9,2,105572,2017-11-02,NA,"Active",NA,"Employee","Regular",1,"Hybrid",8.35
109681,3,9,6,103651,2017-11-20,2024-09-25,"Terminated","Voluntary","Employee","Regular",0.6,"Onsite",6.85
103830,3,9,3,101015,2017-11-27,NA,"Active",NA,"Employee","Regular",1,"Remote",8.28
102859,3,9,2,104945,2017-12-06,2020-06-26,"Terminated","Voluntary","Employee","Regular",1,"Hybrid",2.55
104923,3,9,1,103056,2017-12-18,NA,"Active",NA,"Employee","Temporary",1,"Remote",8.22
100910,3,9,6,101276,2017-12-29,NA,"Active",NA,"Employee","Regular",1,"Hybrid",8.19
104501,3,9,1,100270,2018-02-08,NA,"Active",NA,"Employee","Regular",1,"Onsite",8.08
105818,3,9,9,105237,2018-02-13,NA,"Active",NA,"Employee","Regular",1,"Onsite",8.07
102831,3,9,11,109894,2018-02-23,NA,"Active",NA,"Employee","Regular",1,"Hybrid",8.04
106350,3,9,9,108784,2018-02-24,NA,"Active",NA,"Employee","Regular",0.8,"Onsite",8.04
105049,3,9,2,108561,2018-02-27,NA,"Active",NA,"Employee","Regular",1,"Onsite",8.03
105190,3,9,1,105833,2018-03-08,NA,"Active",NA,"Employee","Regular",1,"Hybrid",8.01
104084,3,9,7,108307,2018-03-11,NA,"Active",NA,"Employee","Regular",1,"Onsite",8
108413,3,9,5,105450,2018-03-18,NA,"Active",NA,"Employee","Regular",1,"Onsite",7.98
107293,3,9,12,104332,2018-04-01,NA,"Active",NA,"Employee","Regular",1,"Hybrid",7.94
108354,3,9,5,104226,2018-04-16,NA,"Active",NA,"Employee","Regular",1,"Hybrid",7.9
102468,3,9,11,100061,2018-04-28,NA,"Active",NA,"Employee","Regular",0.6,"Remote",7.87
103820,3,9,8,103665,2018-05-11,NA,"Active",NA,"Employee","Regular",1,"Onsite",7.83
104216,3,9,1,105838,2018-06-03,NA,"Active",NA,"Employee","Regular",1,"Onsite",7.77
109121,3,9,10,104301,2018-06-11,NA,"Active",NA,"Employee","Regular",1,"Onsite",7.75
108506,3,9,4,103261,2018-06-15,NA,"Active",NA,"Employee","Regular",1,"Remote",7.73
109359,3,9,1,107270,2018-07-15,2021-09-13,"Terminated","Voluntary","Employee","Regular",1,"Onsite",3.16
106076,3,9,12,102054,2018-07-19,NA,"Active",NA,"Employee","Regular",1,"Hybrid",7.64
103357,3,9,10,103768,2018-07-22,NA,"Active",NA,"Employee","Regular",1,"Hybrid",7.63
100537,3,9,1,108579,2018-07-25,2023-10-07,"Terminated","Voluntary","Employee","Regular",1,"Remote",5.2
109453,3,9,7,106909,2018-07-26,2025-03-20,"Terminated","Involuntary","Employee","Regular",1,"Onsite",6.65
106045,3,9,1,107303,2018-08-29,NA,"Active",NA,"Employee","Regular",1,"Hybrid",7.53
101745,3,9,3,100059,2018-09-28,NA,"Active",NA,"Employee","Regular",1,"Onsite",7.45
103610,3,9,12,106407,2018-10-06,NA,"Active",NA,"Employee","Temporary",1,"Onsite",7.42
106504,3,9,8,109462,2018-10-31,NA,"Active",NA,"Employee","Regular",1,"Onsite",7.36
103164,3,9,10,102376,2018-11-09,NA,"Active",NA,"Employee","Regular",1,"Hybrid",7.33
103736,3,9,12,106642,2018-12-14,NA,"Active",NA,"Contractor","Regular",0.6,"Onsite",7.24
106429,3,9,3,100524,2019-01-10,NA,"Active",NA,"Employee","Regular",1,"Hybrid",7.16
108212,3,9,12,103275,2019-01-16,NA,"Active",NA,"Employee","Regular",1,"Hybrid",7.15
100155,3,9,11,103665,2019-01-24,NA,"Active",NA,"Employee","Regular",1,"Hybrid",7.12
108411,3,9,3,101276,2019-02-03,NA,"Active",NA,"Employee","Regular",1,"Remote",7.1
104387,3,9,10,106708,2019-03-14,NA,"Active",NA,"Employee","Regular",1,"Hybrid",6.99
104308,3,9,2,104554,2019-04-07,NA,"Active",NA,"Employee","Regular",1,"Onsite",6.92
106461,3,9,12,101719,2019-04-07,NA,"Active",NA,"Employee","Regular",1,"Onsite",6.92
108630,3,9,11,101876,2019-04-08,2025-12-05,"Terminated","Involuntary","Employee","Regular",1,"Remote",6.66
101383,3,9,1,107563,2019-04-26,NA,"Active",NA,"Employee","Regular",1,"Onsite",6.87
108412,3,9,2,101084,2019-05-14,NA,"Active",NA,"Employee","Regular",1,"Hybrid",6.82
107230,3,9,7,101730,2019-07-27,NA,"Active",NA,"Employee","Regular",1,"Onsite",6.62
106675,3,9,12,102902,2019-08-20,NA,"Active",NA,"Employee","Regular",1,"Remote",6.55
101240,3,9,3,100202,2019-09-13,NA,"Active",NA,"Employee","Regular",1,"Remote",6.49
100821,3,9,8,103969,2019-10-17,NA,"Active",NA,"Employee","Regular",1,"Hybrid",6.39
101260,3,9,9,109623,2019-11-25,NA,"Active",NA,"Contractor","Regular",1,"Onsite",6.29
104826,3,9,10,102442,2019-12-10,NA,"Active",NA,"Employee","Regular",1,"Onsite",6.25
101085,3,9,8,103114,2020-01-29,2025-11-14,"Terminated","Voluntary","Employee","Regular",1,"Onsite",5.79
100049,3,9,5,103275,2020-02-07,NA,"Active",NA,"Employee","Regular",1,"Onsite",6.08
107579,3,9,3,105277,2020-02-11,2022-01-31,"Terminated","Voluntary","Employee","Regular",1,"Onsite",1.97
103819,3,9,7,102832,2020-02-22,NA,"Active",NA,"Employee","Temporary",1,"Onsite",6.04
108369,3,9,4,106306,2020-02-26,NA,"Active",NA,"Employee","Regular",1,"Hybrid",6.03
109201,3,9,2,106662,2020-03-07,2025-09-23,"Terminated","Voluntary","Employee","Regular",1,"Onsite",5.55
104225,3,9,2,105292,2020-03-15,2025-02-17,"Terminated","Voluntary","Employee","Regular",1,"Hybrid",4.93
102850,3,9,2,103715,2020-04-06,NA,"Active",NA,"Employee","Regular",0.6,"Hybrid",5.93
101626,3,9,1,101719,2020-04-20,NA,"Active",NA,"Employee","Regular",1,"Remote",5.89
108352,3,9,1,104332,2020-04-30,NA,"Active",NA,"Employee","Regular",1,"Hybrid",5.86
104572,3,9,10,107382,2020-05-31,2025-05-05,"Terminated","Involuntary","Employee","Regular",1,"Hybrid",4.93
108822,3,9,10,104226,2020-06-09,NA,"Active",NA,"Employee","Regular",1,"Hybrid",5.75
108706,3,9,4,107739,2020-06-18,NA,"Active",NA,"Employee","Regular",1,"Hybrid",5.73
107142,3,9,3,101049,2020-06-23,NA,"Active",NA,"Employee","Regular",1,"Onsite",5.71
104660,3,9,4,101049,2020-06-24,NA,"Active",NA,"Employee","Regular",0.8,"Hybrid",5.71
109530,3,9,7,104213,2020-07-17,NA,"Active",NA,"Employee","Regular",1,"Onsite",5.65
104136,3,9,7,109931,2020-07-25,2026-01-21,"Terminated","Voluntary","Employee","Regular",1,"Onsite",5.49
109261,3,9,6,106658,2020-08-06,NA,"Active",NA,"Employee","Regular",1,"Hybrid",5.59
108685,3,9,1,100923,2020-08-16,NA,"Active",NA,"Employee","Regular",1,"Onsite",5.56
101911,3,9,6,104614,2020-08-31,NA,"Active",NA,"Employee","Regular",1,"Remote",5.52
106452,3,9,2,107956,2020-09-08,NA,"Active",NA,"Employee","Regular",1,"Hybrid",5.5
109091,3,9,7,107199,2020-09-28,NA,"Active",NA,"Employee","Temporary",1,"Onsite",5.45
101220,3,9,10,102518,2020-10-18,NA,"Active",NA,"Employee","Regular",1,"Hybrid",5.39
109370,3,9,10,106009,2020-11-22,NA,"Active",NA,"Employee","Temporary",1,"Hybrid",5.3
107053,3,9,10,101492,2020-12-12,NA,"Active",NA,"Employee","Regular",1,"Hybrid",5.24
103239,3,9,4,108229,2020-12-28,NA,"Active",NA,"Employee","Regular",1,"Hybrid",5.2
105495,3,9,10,103275,2021-01-01,NA,"Active",NA,"Employee","Regular",0.8,"Hybrid",5.19
107460,3,9,5,106125,2021-01-01,NA,"Active",NA,"Employee","Regular",1,"Hybrid",5.19
104782,3,9,1,103275,2021-01-27,NA,"Active",NA,"Employee","Regular",1,"Onsite",5.12
103154,3,9,10,108561,2021-02-12,NA,"Active",NA,"Employee","Temporary",1,"Onsite",5.07
104741,3,9,7,103952,2021-02-14,NA,"Active",NA,"Employee","Regular",1,"Remote",5.07
107358,3,9,7,109799,2021-03-16,NA,"Active",NA,"Employee","Regular",1,"Onsite",4.98
100326,3,9,3,105696,2021-03-28,NA,"Active",NA,"Employee","Regular",1,"Hybrid",4.95
103345,3,9,1,101015,2021-04-27,NA,"Active",NA,"Employee","Regular",1,"Hybrid",4.87
102589,3,9,1,106694,2021-05-01,NA,"Active",NA,"Employee","Regular",1,"Onsite",4.86
103686,3,9,5,106407,2021-05-03,NA,"Active",NA,"Employee","Regular",1,"Onsite",4.85
104083,3,9,5,106098,2021-05-11,NA,"Active",NA,"Employee","Regular",1,"Hybrid",4.83
103103,3,9,8,107678,2021-05-17,2026-01-02,"Terminated","Reduction in Force","Employee","Temporary",1,"Hybrid",4.63
106692,3,9,4,107689,2021-05-20,NA,"Active",NA,"Employee","Regular",1,"Onsite",4.81
105763,3,9,1,105838,2021-06-09,NA,"Active",NA,"Employee","Regular",0.8,"Onsite",4.75
107302,3,9,1,103952,2021-06-23,NA,"Active",NA,"Employee","Regular",1,"Hybrid",4.71
104595,3,9,1,109548,2021-08-14,NA,"Active",NA,"Employee","Regular",1,"Onsite",4.57
103578,3,9,10,101782,2021-09-06,NA,"Active",NA,"Employee","Regular",1,"Onsite",4.51
105031,3,9,10,107172,2021-10-24,NA,"Active",NA,"Employee","Regular",1,"Onsite",4.38
106310,3,9,10,103768,2021-10-25,NA,"Active",NA,"Employee","Regular",1,"Hybrid",4.37
105224,3,9,9,109431,2021-11-05,NA,"Active",NA,"Employee","Regular",1,"Onsite",4.34
109344,3,9,5,108579,2021-11-05,NA,"Active",NA,"Contractor","Regular",1,"Remote",4.34
100934,3,9,3,107467,2021-12-02,NA,"Active",NA,"Employee","Regular",1,"Onsite",4.27
108239,3,9,3,106589,2021-12-09,NA,"Active",NA,"Employee","Regular",1,"Remote",4.25
109835,3,9,3,104301,2021-12-24,NA,"Active",NA,"Employee","Regular",1,"Hybrid",4.21
101581,3,9,10,105029,2022-01-06,NA,"Active",NA,"Employee","Regular",1,"Onsite",4.17
103392,3,9,5,103882,2022-01-08,NA,"Active",NA,"Employee","Regular",1,"Remote",4.17
101061,3,9,4,108170,2022-01-27,NA,"Active",NA,"Employee","Regular",1,"Hybrid",4.12
103909,3,9,1,106434,2022-01-31,NA,"Active",NA,"Employee","Regular",1,"Remote",4.1
101334,3,9,10,101609,2022-02-07,NA,"Active",NA,"Contractor","Regular",1,"Onsite",4.08
105249,3,9,8,103676,2022-02-12,2026-02-26,"Terminated","Voluntary","Employee","Regular",1,"Onsite",4.04
104587,3,9,4,106009,2022-03-02,NA,"Active",NA,"Employee","Regular",1,"Hybrid",4.02
108869,3,9,11,102258,2022-03-15,NA,"Active",NA,"Employee","Regular",1,"Hybrid",3.99
107735,3,9,5,105953,2022-04-05,NA,"Active",NA,"Employee","Regular",1,"Hybrid",3.93
100370,3,9,7,104700,2022-04-24,NA,"Active",NA,"Employee","Regular",1,"Onsite",3.88
108603,3,9,6,106519,2022-05-01,NA,"Active",NA,"Employee","Temporary",1,"Onsite",3.86
100201,3,9,6,107303,2022-06-03,NA,"Active",NA,"Contractor","Regular",1,"Remote",3.77
103643,3,9,12,103882,2022-06-05,NA,"Active",NA,"Employee","Regular",1,"Hybrid",3.76
109286,3,9,5,103114,2022-06-05,NA,"Active",NA,"Employee","Regular",1,"Remote",3.76
104550,3,9,11,102902,2022-06-06,NA,"Active",NA,"Employee","Regular",0.8,"Remote",3.76
100474,3,9,8,106930,2022-06-12,NA,"Active",NA,"Employee","Regular",1,"Remote",3.74
105971,3,9,4,106915,2022-06-13,NA,"Active",NA,"Contractor","Regular",1,"Hybrid",3.74
108787,3,9,4,104192,2022-06-17,2024-12-31,"Terminated","Voluntary","Employee","Regular",1,"Hybrid",2.54
109163,3,9,9,101106,2022-07-23,NA,"Active",NA,"Employee","Regular",1,"Remote",3.63
103308,3,9,1,104332,2022-07-28,NA,"Active",NA,"Employee","Regular",1,"Hybrid",3.62
103991,3,9,2,108198,2022-08-05,NA,"Active",NA,"Employee","Regular",1,"Hybrid",3.59
105846,3,9,6,100606,2022-08-09,NA,"Active",NA,"Employee","Regular",1,"Hybrid",3.58
108474,3,9,10,106841,2022-08-14,NA,"Active",NA,"Employee","Regular",1,"Onsite",3.57
105324,3,9,2,102687,2022-09-01,NA,"Active",NA,"Employee","Regular",1,"Hybrid",3.52
105137,3,9,3,105838,2022-09-04,NA,"Active",NA,"Employee","Regular",1,"Onsite",3.51
103950,3,9,8,103049,2022-09-09,NA,"Active",NA,"Employee","Regular",1,"Hybrid",3.5
105066,3,9,12,105685,2022-09-15,NA,"Active",NA,"Employee","Regular",1,"Remote",3.48
109211,3,9,6,102314,2022-10-05,NA,"Active",NA,"Employee","Regular",0.8,"Onsite",3.43
105850,3,9,8,106329,2022-10-08,NA,"Active",NA,"Employee","Regular",1,"Hybrid",3.42
104542,3,9,11,109168,2022-10-14,NA,"Active",NA,"Employee","Regular",1,"Onsite",3.4
106827,3,9,3,109396,2022-10-27,NA,"Active",NA,"Employee","Regular",1,"Onsite",3.37
102238,3,9,10,108867,2022-11-01,NA,"Active",NA,"Employee","Regular",1,"Onsite",3.35
105492,3,9,5,106930,2022-11-11,NA,"Active",NA,"Employee","Regular",1,"Onsite",3.33
104866,3,9,10,100667,2022-11-28,NA,"Active",NA,"Employee","Regular",1,"Hybrid",3.28
102819,3,9,9,105994,2023-01-05,NA,"Active",NA,"Employee","Regular",1,"Onsite",3.18
105419,3,9,6,107412,2023-01-10,NA,"Active",NA,"Employee","Regular",0.8,"Onsite",3.16
107760,3,9,6,100459,2023-01-21,2025-08-25,"Terminated","Voluntary","Employee","Regular",1,"Hybrid",2.59
103769,3,9,11,107338,2023-01-27,NA,"Active",NA,"Employee","Regular",1,"Remote",3.12
107456,3,9,2,100448,2023-01-29,NA,"Active",NA,"Employee","Regular",1,"Onsite",3.11
102489,3,9,9,107704,2023-02-03,NA,"Active",NA,"Employee","Regular",1,"Onsite",3.1
108884,3,9,6,103801,2023-03-04,NA,"Active",NA,"Employee","Regular",1,"Hybrid",3.02
109924,3,9,3,107146,2023-03-11,NA,"Active",NA,"Employee","Regular",1,"Hybrid",3
101062,3,9,6,106761,2023-03-13,NA,"Active",NA,"Employee","Regular",0.8,"Onsite",2.99
104223,3,9,10,107899,2023-03-28,NA,"Active",NA,"Contractor","Regular",1,"Onsite",2.95
104381,3,9,8,100187,2023-05-01,NA,"Active",NA,"Employee","Regular",1,"Hybrid",2.86
101480,3,9,7,107421,2023-05-07,NA,"Active",NA,"Employee","Temporary",0.8,"Hybrid",2.84
109248,3,9,9,101782,2023-05-28,NA,"Active",NA,"Employee","Temporary",1,"Onsite",2.78
104900,3,9,9,105838,2023-06-05,NA,"Active",NA,"Employee","Regular",1,"Hybrid",2.76
108465,3,9,4,105906,2023-06-10,NA,"Active",NA,"Employee","Regular",0.6,"Onsite",2.75
103078,3,9,8,100667,2023-06-24,NA,"Active",NA,"Employee","Temporary",1,"Hybrid",2.71
109790,3,9,7,105777,2023-06-26,NA,"Active",NA,"Employee","Regular",1,"Hybrid",2.7
100647,3,9,4,108246,2023-07-06,NA,"Active",NA,"Employee","Regular",1,"Hybrid",2.68
105504,3,9,3,102506,2023-07-11,NA,"Active",NA,"Contractor","Regular",1,"Onsite",2.66
108249,3,9,5,100168,2023-07-13,NA,"Active",NA,"Employee","Regular",1,"Onsite",2.66
103225,3,9,4,101015,2023-08-04,NA,"Active",NA,"Employee","Regular",1,"Onsite",2.6
103977,3,9,1,104237,2023-08-05,NA,"Active",NA,"Employee","Regular",1,"Onsite",2.59
101931,3,9,5,106125,2023-08-23,NA,"Active",NA,"Employee","Regular",1,"Hybrid",2.55
100262,3,9,11,105928,2023-10-03,NA,"Active",NA,"Employee","Regular",1,"Onsite",2.43
103410,3,9,9,101720,2023-11-01,NA,"Active",NA,"Employee","Regular",1,"Hybrid",2.35
100107,3,9,3,104884,2023-11-09,NA,"Active",NA,"Contractor","Regular",1,"Hybrid",2.33
107140,3,9,10,108812,2023-12-06,NA,"Active",NA,"Employee","Regular",1,"Remote",2.26
101255,3,9,1,100137,2024-01-09,NA,"Active",NA,"Employee","Regular",1,"Onsite",2.16
107847,3,9,10,104102,2024-01-23,NA,"Active",NA,"Employee","Regular",1,"Onsite",2.13
109957,3,9,6,108864,2024-01-30,NA,"Active",NA,"Employee","Regular",0.8,"Hybrid",2.11
101475,3,9,3,103676,2024-02-22,NA,"Active",NA,"Employee","Temporary",1,"Remote",2.04
107898,3,9,10,108278,2024-02-23,NA,"Active",NA,"Employee","Regular",1,"Hybrid",2.04
104435,3,9,8,104045,2024-03-02,NA,"Active",NA,"Employee","Temporary",1,"Remote",2.02
106456,3,9,8,100215,2024-03-08,NA,"Active",NA,"Employee","Regular",1,"Onsite",2.01
105924,3,9,1,104011,2024-03-27,NA,"Active",NA,"Employee","Regular",1,"Onsite",1.95
104600,3,9,1,107388,2024-04-20,NA,"Active",NA,"Employee","Regular",0.8,"Hybrid",1.89
106059,3,9,3,104301,2024-05-05,NA,"Active",NA,"Contractor","Regular",1,"Onsite",1.85
105853,3,9,9,106237,2024-05-16,NA,"Active",NA,"Employee","Regular",1,"Onsite",1.82
105255,3,9,1,100990,2024-05-24,NA,"Active",NA,"Contractor","Regular",1,"Hybrid",1.79
102760,3,9,3,103362,2024-06-02,NA,"Active",NA,"Employee","Regular",1,"Hybrid",1.77
100769,3,9,8,101250,2024-06-20,NA,"Active",NA,"Employee","Regular",1,"Onsite",1.72
107887,3,9,9,109074,2024-06-25,NA,"Active",NA,"Employee","Regular",1,"Onsite",1.71
108558,3,9,3,105237,2024-07-05,NA,"Active",NA,"Employee","Regular",1,"Hybrid",1.68
100803,3,9,11,109268,2024-07-16,NA,"Active",NA,"Employee","Regular",1,"Remote",1.65
106751,3,9,6,109711,2024-07-16,NA,"Active",NA,"Employee","Regular",1,"Hybrid",1.65
105512,3,9,12,101696,2024-07-19,NA,"Active",NA,"Employee","Regular",1,"Onsite",1.64
101995,3,9,6,104129,2024-07-28,NA,"Active",NA,"Employee","Regular",1,"Hybrid",1.62
102802,3,9,9,108213,2024-08-05,NA,"Active",NA,"Employee","Temporary",1,"Remote",1.59
108968,3,9,2,107324,2024-08-06,NA,"Active",NA,"Employee","Regular",1,"Onsite",1.59
102852,3,9,12,105775,2024-08-31,NA,"Active",NA,"Employee","Regular",1,"Onsite",1.52
103780,3,9,6,106641,2024-09-08,NA,"Active",NA,"Employee","Regular",1,"Onsite",1.5
105431,3,9,7,100889,2024-10-13,NA,"Active",NA,"Employee","Regular",0.8,"Remote",1.41
100520,3,9,5,107310,2024-10-18,NA,"Active",NA,"Employee","Regular",1,"Hybrid",1.39
105369,3,9,5,104192,2024-11-10,NA,"Active",NA,"Employee","Regular",0.8,"Remote",1.33
107112,3,9,9,103952,2024-11-23,NA,"Active",NA,"Employee","Regular",1,"Hybrid",1.29
105038,3,9,1,108029,2024-12-19,NA,"Active",NA,"Employee","Regular",1,"Onsite",1.22
109853,3,9,3,107199,2024-12-20,NA,"Active",NA,"Employee","Regular",1,"Onsite",1.22
103122,3,9,7,107324,2025-01-06,NA,"Active",NA,"Employee","Regular",0.8,"Remote",1.17
104457,3,9,3,107303,2025-01-19,NA,"Active",NA,"Contractor","Regular",1,"Remote",1.14
103805,3,9,12,108211,2025-01-24,NA,"Active",NA,"Employee","Regular",1,"Onsite",1.12
109523,3,9,10,100606,2025-01-25,NA,"Active",NA,"Employee","Regular",0.6,"Hybrid",1.12
100371,3,9,9,104706,2025-01-28,NA,"Active",NA,"Employee","Regular",0.8,"Onsite",1.11
100019,3,9,11,107178,2025-01-30,NA,"Active",NA,"Employee","Regular",0.8,"Onsite",1.11
102680,3,9,2,109623,2025-02-07,NA,"Active",NA,"Employee","Regular",1,"Onsite",1.08
101157,3,9,4,100824,2025-02-11,NA,"Active",NA,"Employee","Regular",1,"Hybrid",1.07
108114,3,9,9,103362,2025-02-22,NA,"Active",NA,"Employee","Regular",1,"Hybrid",1.04
105767,3,9,1,108739,2025-03-11,NA,"Active",NA,"Employee","Regular",1,"Onsite",1
108010,3,9,3,103665,2025-03-31,NA,"Active",NA,"Employee","Regular",1,"Remote",0.94
100343,3,9,6,104279,2025-04-04,NA,"Active",NA,"Employee","Regular",1,"Onsite",0.93
108384,3,9,9,103359,2025-04-19,NA,"Active",NA,"Employee","Regular",1,"Onsite",0.89
103211,3,9,11,107899,2025-04-22,NA,"Active",NA,"Employee","Regular",0.8,"Onsite",0.88
104359,3,9,11,109406,2025-05-04,NA,"Active",NA,"Employee","Regular",1,"Hybrid",0.85
108986,3,9,10,104398,2025-05-31,NA,"Active",NA,"Employee","Regular",1,"Hybrid",0.78
103043,3,9,12,108521,2025-06-03,NA,"Active",NA,"Employee","Regular",1,"Hybrid",0.77
100309,3,9,1,103220,2025-06-09,NA,"Active",NA,"Employee","Regular",1,"Onsite",0.75
109720,3,9,1,107544,2025-06-16,NA,"Active",NA,"Employee","Regular",1,"Hybrid",0.73
106052,3,9,10,108867,2025-07-04,NA,"Active",NA,"Contractor","Regular",0.8,"Hybrid",0.68
105085,3,9,11,109623,2025-08-22,NA,"Active",NA,"Employee","Regular",1,"Hybrid",0.55
103133,3,9,9,102170,2025-09-03,NA,"Active",NA,"Contractor","Regular",1,"Hybrid",0.52
100726,3,9,10,109048,2025-09-11,NA,"Active",NA,"Employee","Regular",1,"Onsite",0.49
108796,3,9,2,106708,2025-09-19,NA,"Active",NA,"Employee","Regular",1,"Hybrid",0.47
100652,3,9,9,100931,2025-10-27,NA,"Active",NA,"Employee","Regular",0.6,"Remote",0.37
106027,3,9,7,102635,2025-11-06,NA,"Active",NA,"Contractor","Regular",1,"Hybrid",0.34
103374,3,9,2,105920,2025-11-11,NA,"Active",NA,"Employee","Regular",1,"Remote",0.33
106594,3,9,7,103577,2025-12-09,NA,"Active",NA,"Employee","Regular",1,"Hybrid",0.25
104774,3,9,2,103041,2026-01-06,NA,"Active",NA,"Employee","Regular",1,"Onsite",0.17
101390,3,9,3,107213,2026-01-22,NA,"Active",NA,"Employee","Regular",1,"Onsite",0.13
107036,3,9,12,106642,2026-01-23,NA,"Active",NA,"Employee","Regular",1,"Hybrid",0.13
100190,4,14,12,104454,2013-01-15,2021-07-05,"Terminated","Voluntary","Employee","Regular",0.8,"Remote",8.47
107488,4,14,11,108774,2013-01-25,NA,"Active",NA,"Employee","Regular",1,"Onsite",13.12
100899,4,14,12,107342,2013-02-13,NA,"Active",NA,"Employee","Regular",0.6,"Hybrid",13.07
102406,4,14,6,107267,2013-03-03,2023-07-19,"Terminated","Voluntary","Employee","Temporary",1,"Hybrid",10.38
106859,4,14,7,103210,2013-03-07,2025-09-29,"Terminated","Voluntary","Employee","Regular",1,"Onsite",12.56
101411,4,14,9,103190,2013-03-14,NA,"Active",NA,"Employee","Regular",1,"Onsite",12.99
103485,4,14,6,105135,2013-03-23,NA,"Active",NA,"Employee","Regular",1,"Hybrid",12.96
104329,4,14,6,103017,2013-03-23,NA,"Active",NA,"Employee","Regular",1,"Remote",12.96
109989,4,14,3,101275,2013-05-16,NA,"Active",NA,"Employee","Regular",1,"Onsite",12.82
102660,4,14,2,105913,2013-06-10,NA,"Active",NA,"Employee","Regular",0.6,"Remote",12.75
108083,4,14,9,106627,2013-06-10,NA,"Active",NA,"Employee","Regular",1,"Onsite",12.75
109698,4,14,1,105954,2013-06-16,NA,"Active",NA,"Employee","Regular",1,"Hybrid",12.73
109658,4,14,3,107429,2013-07-01,NA,"Active",NA,"Employee","Regular",1,"Hybrid",12.69
107138,4,14,4,107095,2013-08-02,NA,"Active",NA,"Employee","Regular",1,"Hybrid",12.6
104781,4,14,5,101780,2013-10-01,NA,"Active",NA,"Employee","Regular",1,"Remote",12.44
104650,4,14,3,108774,2013-10-04,NA,"Active",NA,"Employee","Regular",1,"Onsite",12.43
107369,4,14,5,107041,2013-10-10,NA,"Active",NA,"Employee","Regular",1,"Remote",12.41
106202,4,14,6,106798,2013-10-21,NA,"Active",NA,"Employee","Regular",1,"Remote",12.38
103135,4,14,11,100345,2013-10-28,NA,"Active",NA,"Employee","Regular",1,"Remote",12.36
108721,4,14,3,106627,2013-11-04,NA,"Active",NA,"Employee","Regular",1,"Hybrid",12.35
102764,4,14,1,104993,2013-11-12,NA,"Active",NA,"Employee","Temporary",1,"Onsite",12.32
105629,4,14,1,108441,2013-11-24,NA,"Active",NA,"Employee","Regular",1,"Onsite",12.29
102134,4,14,1,105800,2013-12-20,NA,"Active",NA,"Employee","Regular",1,"Onsite",12.22
107170,4,14,2,103317,2013-12-22,2023-01-22,"Terminated","Voluntary","Contractor","Regular",1,"Remote",9.08
108994,4,14,9,108481,2013-12-27,NA,"Active",NA,"Employee","Regular",1,"Hybrid",12.2
108857,4,14,9,100020,2014-01-06,NA,"Active",NA,"Employee","Regular",1,"Hybrid",12.17
108848,4,14,1,103429,2014-01-29,NA,"Active",NA,"Employee","Regular",0.8,"Remote",12.11
108580,4,14,5,105151,2014-01-30,2018-03-11,"Terminated","Voluntary","Employee","Temporary",1,"Hybrid",4.11
103752,4,14,5,101330,2014-02-17,NA,"Active",NA,"Employee","Regular",1,"Onsite",12.06
100189,4,14,3,108849,2014-03-19,NA,"Active",NA,"Employee","Regular",1,"Onsite",11.98
101676,4,14,3,104685,2014-04-11,NA,"Active",NA,"Employee","Regular",1,"Remote",11.91
105192,4,14,8,108849,2014-04-26,2023-09-11,"Terminated","Voluntary","Contractor","Regular",1,"Remote",9.38
101549,4,14,11,104478,2014-05-16,NA,"Active",NA,"Employee","Temporary",1,"Onsite",11.82
100638,4,14,12,102692,2014-07-04,NA,"Active",NA,"Employee","Regular",1,"Onsite",11.68
108414,4,14,10,109693,2014-07-08,NA,"Active",NA,"Employee","Temporary",1,"Onsite",11.67
103559,4,14,2,104478,2014-07-22,NA,"Active",NA,"Employee","Regular",1,"Onsite",11.63
101310,4,14,3,105926,2014-07-30,NA,"Active",NA,"Employee","Regular",1,"Hybrid",11.61
103759,4,14,3,109921,2014-08-17,NA,"Active",NA,"Contractor","Regular",1,"Onsite",11.56
106003,4,14,3,103432,2014-08-22,NA,"Active",NA,"Employee","Regular",1,"Remote",11.55
108565,4,14,11,101833,2014-08-27,NA,"Active",NA,"Employee","Regular",1,"Hybrid",11.53
100037,4,14,3,103432,2014-09-10,NA,"Active",NA,"Employee","Regular",1,"Hybrid",11.5
109452,4,14,3,100020,2014-10-07,2025-09-13,"Terminated","Voluntary","Employee","Temporary",1,"Onsite",10.93
107903,4,14,11,103098,2014-10-19,NA,"Active",NA,"Employee","Regular",0.8,"Hybrid",11.39
104985,4,14,11,104974,2014-11-20,NA,"Active",NA,"Employee","Regular",0.8,"Hybrid",11.3
108973,4,14,9,100835,2014-12-06,NA,"Active",NA,"Employee","Regular",1,"Hybrid",11.26
101109,4,14,1,109832,2014-12-17,NA,"Active",NA,"Employee","Regular",1,"Remote",11.23
106242,4,14,6,104405,2014-12-30,NA,"Active",NA,"Employee","Regular",1,"Remote",11.19
106855,4,14,10,109832,2015-02-02,NA,"Active",NA,"Employee","Regular",1,"Remote",11.1
103152,4,14,2,101330,2015-02-22,NA,"Active",NA,"Employee","Regular",1,"Onsite",11.04
102882,4,14,8,109815,2015-02-26,NA,"Active",NA,"Employee","Regular",1,"Onsite",11.03
109932,4,14,6,104664,2015-02-26,NA,"Active",NA,"Employee","Regular",1,"Hybrid",11.03
102050,4,14,4,107095,2015-03-11,NA,"Active",NA,"Employee","Regular",1,"Onsite",11
105597,4,14,2,103317,2015-04-04,NA,"Active",NA,"Employee","Regular",1,"Hybrid",10.93
108276,4,14,7,104664,2015-04-11,NA,"Active",NA,"Employee","Regular",1,"Hybrid",10.91
103491,4,14,9,107095,2015-05-26,2023-09-23,"Terminated","Voluntary","Employee","Regular",1,"Onsite",8.33
105150,4,14,1,107527,2015-06-03,NA,"Active",NA,"Employee","Regular",1,"Hybrid",10.77
106189,4,14,12,104742,2015-06-11,NA,"Active",NA,"Employee","Regular",1,"Onsite",10.75
105312,4,14,5,102692,2015-06-19,NA,"Active",NA,"Employee","Regular",1,"Onsite",10.72
107572,4,14,3,108468,2015-07-11,NA,"Active",NA,"Employee","Regular",1,"Hybrid",10.66
102576,4,14,2,102207,2015-08-11,NA,"Active",NA,"Employee","Temporary",1,"Onsite",10.58
105445,4,14,4,105058,2015-08-12,NA,"Active",NA,"Employee","Regular",1,"Remote",10.58
106893,4,14,9,107041,2015-08-16,NA,"Active",NA,"Employee","Regular",1,"Remote",10.56
106165,4,14,2,107527,2015-10-07,NA,"Active",NA,"Employee","Regular",0.8,"Onsite",10.42
104858,4,14,11,101463,2015-10-11,NA,"Active",NA,"Employee","Regular",1,"Hybrid",10.41
100223,4,14,4,106962,2015-11-21,NA,"Active",NA,"Employee","Regular",1,"Remote",10.3
101948,4,14,6,107157,2015-11-29,NA,"Active",NA,"Employee","Temporary",1,"Hybrid",10.28
103451,4,14,1,104018,2015-11-30,NA,"Active",NA,"Employee","Regular",1,"Onsite",10.27
104725,4,14,9,104478,2015-12-03,NA,"Active",NA,"Employee","Regular",0.8,"Onsite",10.27
108138,4,14,1,107429,2015-12-22,NA,"Active",NA,"Employee","Regular",1,"Hybrid",10.21
107639,4,14,6,104018,2016-01-12,NA,"Active",NA,"Employee","Regular",1,"Onsite",10.16
101726,4,14,10,100333,2016-01-25,NA,"Active",NA,"Employee","Regular",1,"Remote",10.12
105433,4,14,5,103469,2016-01-28,NA,"Active",NA,"Employee","Regular",1,"Remote",10.11
105326,4,14,7,107342,2016-02-22,NA,"Active",NA,"Employee","Temporary",1,"Onsite",10.04
107683,4,14,6,107220,2016-03-02,NA,"Active",NA,"Employee","Regular",1,"Onsite",10.02
103630,4,14,6,100720,2016-03-18,2018-02-15,"Terminated","Voluntary","Employee","Temporary",1,"Onsite",1.92
109537,4,14,8,105507,2016-03-23,2020-01-15,"Terminated","Voluntary","Employee","Regular",1,"Onsite",3.81
108598,4,14,6,109158,2016-03-28,NA,"Active",NA,"Contractor","Regular",1,"Hybrid",9.95
102251,4,14,12,107429,2016-04-10,NA,"Active",NA,"Employee","Regular",1,"Remote",9.92
106912,4,14,10,109921,2016-05-10,2025-12-17,"Terminated","Involuntary","Employee","Regular",1,"Onsite",9.61
107404,4,14,4,106798,2016-05-16,NA,"Active",NA,"Employee","Regular",1,"Remote",9.82
104618,4,14,5,103266,2016-05-17,NA,"Active",NA,"Employee","Regular",1,"Hybrid",9.81
106073,4,14,3,107267,2016-05-26,NA,"Active",NA,"Employee","Regular",1,"Remote",9.79
109394,4,14,1,103418,2016-06-07,NA,"Active",NA,"Employee","Regular",1,"Hybrid",9.76
107813,4,14,3,104993,2016-06-24,NA,"Active",NA,"Employee","Regular",1,"Hybrid",9.71
100240,4,14,9,103344,2016-08-12,2026-01-29,"Terminated","Involuntary","Employee","Regular",1,"Remote",9.47
106895,4,14,9,109920,2016-08-13,2026-02-26,"Terminated","Involuntary","Employee","Regular",1,"Hybrid",9.54
101620,4,14,3,101182,2016-08-17,NA,"Active",NA,"Employee","Regular",1,"Onsite",9.56
103697,4,14,12,104637,2016-08-20,NA,"Active",NA,"Employee","Regular",1,"Remote",9.55
101476,4,14,12,107220,2016-09-07,NA,"Active",NA,"Employee","Regular",1,"Onsite",9.5
103929,4,14,2,108481,2016-09-29,NA,"Active",NA,"Contractor","Regular",1,"Hybrid",9.44
106039,4,14,6,104742,2016-10-18,NA,"Active",NA,"Employee","Regular",1,"Onsite",9.39
101433,4,14,8,104794,2016-11-02,NA,"Active",NA,"Employee","Regular",1,"Onsite",9.35
104563,4,14,7,104685,2016-12-02,NA,"Active",NA,"Employee","Regular",1,"Onsite",9.27
104126,4,14,8,100720,2017-01-04,NA,"Active",NA,"Employee","Regular",1,"Onsite",9.18
102040,4,14,6,100345,2017-02-20,NA,"Active",NA,"Employee","Regular",1,"Hybrid",9.05
101947,4,14,11,103338,2017-04-04,2024-03-22,"Terminated","Voluntary","Employee","Regular",1,"Onsite",6.96
105807,4,14,11,102484,2017-04-05,NA,"Active",NA,"Employee","Regular",1,"Onsite",8.93
102456,4,14,6,103429,2017-04-08,NA,"Active",NA,"Employee","Regular",1,"Remote",8.92
106128,4,14,9,109490,2017-04-08,NA,"Active",NA,"Employee","Regular",1,"Remote",8.92
108228,4,14,7,105527,2017-04-12,NA,"Active",NA,"Employee","Regular",1,"Onsite",8.91
103734,4,14,2,104658,2017-04-20,NA,"Active",NA,"Employee","Regular",1,"Remote",8.89
108680,4,14,5,104742,2017-05-09,NA,"Active",NA,"Employee","Regular",1,"Hybrid",8.84
100981,4,14,10,104974,2017-05-10,NA,"Active",NA,"Employee","Regular",1,"Remote",8.83
108045,4,14,6,105800,2017-05-31,NA,"Active",NA,"Employee","Regular",1,"Hybrid",8.78
103318,4,14,6,104133,2017-06-01,NA,"Active",NA,"Employee","Regular",1,"Remote",8.77
107272,4,14,2,104454,2017-06-12,NA,"Active",NA,"Employee","Regular",0.8,"Onsite",8.74
102901,4,14,1,107095,2017-06-19,NA,"Active",NA,"Employee","Regular",1,"Onsite",8.72
105027,4,14,3,109158,2017-07-26,NA,"Active",NA,"Employee","Regular",1,"Hybrid",8.62
103307,4,14,8,105151,2017-08-02,2019-12-13,"Terminated","Reduction in Force","Employee","Temporary",1,"Remote",2.36
109419,4,14,3,101206,2017-08-29,NA,"Active",NA,"Employee","Regular",1,"Hybrid",8.53
103774,4,14,6,107041,2017-09-09,NA,"Active",NA,"Employee","Regular",0.8,"Hybrid",8.5
106250,4,14,6,105086,2017-09-10,NA,"Active",NA,"Employee","Regular",1,"Onsite",8.5
109609,4,14,8,102112,2017-09-13,NA,"Active",NA,"Employee","Regular",0.8,"Remote",8.49
104546,4,14,7,105913,2017-10-03,NA,"Active",NA,"Employee","Regular",1,"Onsite",8.43
106991,4,14,5,103210,2017-10-03,NA,"Active",NA,"Employee","Regular",1,"Hybrid",8.43
104676,4,14,10,101182,2017-10-04,NA,"Active",NA,"Employee","Regular",1,"Onsite",8.43
105909,4,14,1,109367,2017-10-06,NA,"Active",NA,"Employee","Regular",1,"Onsite",8.42
101722,4,14,2,105930,2017-10-17,NA,"Active",NA,"Employee","Regular",1,"Hybrid",8.39
101142,4,14,3,108766,2017-11-09,NA,"Active",NA,"Employee","Regular",1,"Onsite",8.33
104840,4,14,1,104442,2017-11-11,NA,"Active",NA,"Employee","Regular",0.8,"Onsite",8.33
101284,4,14,7,102112,2017-11-19,NA,"Active",NA,"Employee","Regular",1,"Onsite",8.3
102502,4,14,9,103317,2017-11-28,NA,"Active",NA,"Employee","Regular",1,"Remote",8.28
102866,4,14,6,108874,2018-02-07,NA,"Active",NA,"Employee","Regular",1,"Hybrid",8.08
107757,4,14,10,109281,2018-03-20,2025-09-22,"Terminated","Voluntary","Employee","Regular",1,"Remote",7.51
104645,4,14,10,102982,2018-04-16,NA,"Active",NA,"Employee","Regular",1,"Hybrid",7.9
102366,4,14,1,106019,2018-04-29,2025-06-18,"Terminated","Voluntary","Employee","Regular",1,"Hybrid",7.14
104910,4,14,2,103017,2018-05-12,NA,"Active",NA,"Employee","Regular",1,"Onsite",7.83
106805,4,14,1,103344,2018-06-17,NA,"Active",NA,"Employee","Regular",1,"Remote",7.73
100756,4,14,12,104478,2018-06-28,NA,"Active",NA,"Employee","Regular",1,"Hybrid",7.7
100420,4,14,10,108505,2018-07-10,NA,"Active",NA,"Employee","Regular",1,"Remote",7.67
108361,4,14,8,109281,2018-07-10,NA,"Active",NA,"Employee","Regular",0.8,"Hybrid",7.67
101523,4,14,1,103418,2018-07-19,NA,"Active",NA,"Contractor","Regular",1,"Onsite",7.64
104800,4,14,4,100516,2018-07-29,NA,"Active",NA,"Employee","Regular",0.8,"Onsite",7.61
105258,4,14,6,107429,2018-07-31,NA,"Active",NA,"Employee","Regular",1,"Hybrid",7.61
106727,4,14,2,103317,2018-08-08,NA,"Active",NA,"Employee","Regular",0.8,"Remote",7.59
102239,4,14,3,108704,2018-09-11,NA,"Active",NA,"Employee","Regular",1,"Onsite",7.49
101421,4,14,2,105954,2018-09-21,NA,"Active",NA,"Employee","Regular",1,"Onsite",7.47
102352,4,14,2,108320,2018-12-19,NA,"Active",NA,"Employee","Regular",1,"Hybrid",7.22
104744,4,14,6,105069,2018-12-26,NA,"Active",NA,"Employee","Regular",1,"Hybrid",7.2
107191,4,14,1,100333,2019-02-14,NA,"Active",NA,"Employee","Regular",1,"Remote",7.07
102877,4,14,3,105318,2019-03-02,NA,"Active",NA,"Employee","Regular",1,"Hybrid",7.02
108001,4,14,3,109832,2019-03-02,NA,"Active",NA,"Employee","Regular",1,"Onsite",7.02
100263,4,14,3,100345,2019-03-07,NA,"Active",NA,"Employee","Regular",1,"Hybrid",7.01
103214,4,14,8,103344,2019-03-18,NA,"Active",NA,"Employee","Regular",1,"Onsite",6.98
108814,4,14,7,100333,2019-04-23,NA,"Active",NA,"Employee","Regular",1,"Hybrid",6.88
105415,4,14,1,104664,2019-05-07,NA,"Active",NA,"Employee","Regular",1,"Onsite",6.84
104164,4,14,5,103418,2019-06-09,NA,"Active",NA,"Employee","Regular",0.8,"Onsite",6.75
103108,4,14,7,101206,2019-06-13,NA,"Active",NA,"Employee","Regular",1,"Hybrid",6.74
107081,4,14,5,104742,2019-06-16,NA,"Active",NA,"Employee","Regular",0.8,"Onsite",6.73
106371,4,14,10,105926,2019-06-29,NA,"Active",NA,"Employee","Regular",1,"Onsite",6.7
104715,4,14,4,100835,2019-08-22,NA,"Active",NA,"Contractor","Regular",1,"Hybrid",6.55
104048,4,14,9,104637,2019-09-19,NA,"Active",NA,"Employee","Regular",0.6,"Hybrid",6.47
102138,4,14,3,106431,2019-10-01,NA,"Active",NA,"Employee","Regular",1,"Remote",6.44
108887,4,14,3,102982,2019-11-04,NA,"Active",NA,"Employee","Regular",1,"Hybrid",6.35
107947,4,14,5,101463,2019-12-02,NA,"Active",NA,"Employee","Regular",1,"Remote",6.27
101102,4,14,12,108330,2019-12-25,NA,"Active",NA,"Employee","Regular",1,"Hybrid",6.21
107580,4,14,3,100720,2020-01-31,NA,"Active",NA,"Employee","Regular",0.8,"Hybrid",6.1
102711,4,14,3,105527,2020-03-11,NA,"Active",NA,"Employee","Regular",1,"Remote",6
100170,4,14,8,101330,2020-03-26,NA,"Active",NA,"Employee","Regular",1,"Onsite",5.96
109547,4,14,7,101463,2020-04-09,NA,"Active",NA,"Employee","Regular",1,"Onsite",5.92
100549,4,14,1,109921,2020-04-15,NA,"Active",NA,"Employee","Regular",1,"Onsite",5.9
101059,4,14,3,101413,2020-04-23,NA,"Active",NA,"Employee","Regular",1,"Onsite",5.88
109769,4,14,8,108063,2020-04-30,NA,"Active",NA,"Employee","Regular",1,"Hybrid",5.86
106034,4,14,10,109367,2020-05-20,NA,"Active",NA,"Employee","Regular",0.8,"Onsite",5.81
106444,4,14,12,103429,2020-06-09,NA,"Active",NA,"Employee","Regular",1,"Hybrid",5.75
109007,4,14,9,105086,2020-06-22,NA,"Active",NA,"Employee","Regular",1,"Onsite",5.72
108903,4,14,3,101140,2020-06-28,NA,"Active",NA,"Employee","Regular",1,"Onsite",5.7
109342,4,14,5,100333,2020-07-04,NA,"Active",NA,"Employee","Regular",1,"Hybrid",5.68
105697,4,14,1,105318,2020-07-23,NA,"Active",NA,"Employee","Regular",1,"Hybrid",5.63
107867,4,14,7,104320,2020-07-26,2024-11-18,"Terminated","Voluntary","Employee","Regular",1,"Onsite",4.32
103650,4,14,11,101700,2020-08-05,NA,"Active",NA,"Contractor","Regular",1,"Onsite",5.59
108204,4,14,9,104158,2020-09-30,NA,"Active",NA,"Contractor","Regular",1,"Onsite",5.44
101729,4,14,6,109158,2020-10-30,NA,"Active",NA,"Employee","Regular",1,"Onsite",5.36
109480,4,14,5,103190,2020-11-26,2025-03-28,"Terminated","Voluntary","Employee","Regular",1,"Remote",4.33
109056,4,14,4,104794,2020-11-27,NA,"Active",NA,"Employee","Regular",1,"Hybrid",5.28
106221,4,14,8,104133,2021-01-05,NA,"Active",NA,"Employee","Regular",0.6,"Onsite",5.18
103885,4,14,12,109832,2021-01-15,NA,"Active",NA,"Employee","Regular",1,"Onsite",5.15
105516,4,14,4,106775,2021-02-04,NA,"Active",NA,"Employee","Regular",1,"Hybrid",5.09
101295,4,14,11,102435,2021-02-11,2025-11-28,"Terminated","Involuntary","Employee","Regular",1,"Remote",4.79
102142,4,14,9,108704,2021-03-02,2022-02-18,"Terminated","Involuntary","Employee","Regular",1,"Onsite",0.97
104202,4,14,10,107342,2021-03-06,NA,"Active",NA,"Employee","Regular",1,"Hybrid",5.01
105350,4,14,2,105297,2021-03-19,NA,"Active",NA,"Employee","Regular",1,"Onsite",4.98
107376,4,14,12,109281,2021-03-26,NA,"Active",NA,"Employee","Regular",1,"Onsite",4.96
107424,4,14,6,107429,2021-04-02,NA,"Active",NA,"Employee","Regular",1,"Remote",4.94
101865,4,14,9,104658,2021-05-14,2025-01-08,"Terminated","Voluntary","Employee","Regular",1,"Remote",3.65
102218,4,14,9,103266,2021-05-15,NA,"Active",NA,"Employee","Regular",1,"Onsite",4.82
101964,4,14,9,103017,2021-05-19,NA,"Active",NA,"Employee","Regular",1,"Onsite",4.81
104049,4,14,3,109707,2021-06-24,NA,"Active",NA,"Employee","Regular",1,"Onsite",4.71
107736,4,14,1,107157,2021-07-03,NA,"Active",NA,"Employee","Regular",1,"Hybrid",4.68
105147,4,14,6,106431,2021-07-20,NA,"Active",NA,"Employee","Regular",1,"Onsite",4.64
103489,4,14,10,104794,2021-07-22,NA,"Active",NA,"Employee","Regular",1,"Hybrid",4.63
106413,4,14,2,104478,2021-08-18,NA,"Active",NA,"Employee","Regular",1,"Hybrid",4.56
108317,4,14,3,101833,2021-08-18,NA,"Active",NA,"Employee","Regular",1,"Hybrid",4.56
105803,4,14,8,104478,2021-08-25,NA,"Active",NA,"Employee","Regular",1,"Hybrid",4.54
100706,4,14,11,104664,2021-09-18,NA,"Active",NA,"Employee","Regular",1,"Onsite",4.47
108326,4,14,3,107429,2021-11-01,NA,"Active",NA,"Contractor","Regular",1,"Hybrid",4.35
109149,4,14,7,106962,2021-11-18,NA,"Active",NA,"Employee","Regular",1,"Hybrid",4.31
105406,4,14,3,104974,2021-11-24,NA,"Active",NA,"Employee","Regular",1,"Onsite",4.29
102846,4,14,11,101330,2021-12-13,NA,"Active",NA,"Employee","Regular",0.8,"Hybrid",4.24
100463,4,14,1,109921,2021-12-30,NA,"Active",NA,"Employee","Regular",1,"Onsite",4.19
109600,4,14,10,105930,2022-01-04,NA,"Active",NA,"Employee","Regular",1,"Remote",4.18
108991,4,14,5,104742,2022-01-18,NA,"Active",NA,"Employee","Regular",0.6,"Hybrid",4.14
101588,4,14,1,104018,2022-02-01,NA,"Active",NA,"Employee","Regular",1,"Remote",4.1
105645,4,14,3,104658,2022-02-06,NA,"Active",NA,"Employee","Regular",1,"Onsite",4.09
100709,4,14,12,101413,2022-02-25,NA,"Active",NA,"Employee","Regular",1,"Remote",4.04
101866,4,14,6,105926,2022-03-19,2026-02-07,"Terminated","Involuntary","Employee","Temporary",0.8,"Hybrid",3.89
107069,4,14,11,103401,2022-04-17,NA,"Active",NA,"Employee","Temporary",1,"Hybrid",3.9
108321,4,14,8,107095,2022-05-21,NA,"Active",NA,"Employee","Regular",1,"Hybrid",3.8
104174,4,14,11,106327,2022-05-27,NA,"Active",NA,"Employee","Regular",0.8,"Hybrid",3.79
103483,4,14,1,103432,2022-06-01,NA,"Active",NA,"Employee","Regular",1,"Onsite",3.77
103716,4,14,8,103401,2022-06-03,NA,"Active",NA,"Employee","Regular",0.8,"Hybrid",3.77
108723,4,14,8,104442,2022-06-05,NA,"Active",NA,"Employee","Regular",1,"Onsite",3.76
101907,4,14,8,105926,2022-07-09,NA,"Active",NA,"Employee","Regular",0.8,"Onsite",3.67
106446,4,14,5,106561,2022-07-16,NA,"Active",NA,"Employee","Regular",0.8,"Hybrid",3.65
106690,4,14,8,101206,2022-07-31,NA,"Active",NA,"Employee","Regular",1,"Onsite",3.61
104799,4,14,9,102692,2022-08-02,NA,"Active",NA,"Employee","Regular",1,"Hybrid",3.6
108805,4,14,1,105389,2022-08-07,NA,"Active",NA,"Employee","Regular",1,"Onsite",3.59
105738,4,14,10,106561,2022-08-21,NA,"Active",NA,"Employee","Regular",1,"Hybrid",3.55
103450,4,14,5,107157,2022-09-16,NA,"Active",NA,"Employee","Regular",1,"Hybrid",3.48
105011,4,14,5,104405,2022-09-18,NA,"Active",NA,"Employee","Regular",1,"Remote",3.47
107119,4,14,4,101463,2022-10-04,NA,"Active",NA,"Employee","Regular",0.6,"Remote",3.43
101267,4,14,10,105527,2022-10-26,NA,"Active",NA,"Employee","Regular",1,"Hybrid",3.37
102634,4,14,7,109158,2022-11-13,NA,"Active",NA,"Employee","Regular",1,"Onsite",3.32
105741,4,14,11,106775,2022-11-16,NA,"Active",NA,"Employee","Regular",1,"Remote",3.31
104408,4,14,8,105527,2022-12-03,NA,"Active",NA,"Employee","Regular",1,"Hybrid",3.27
105780,4,14,4,104442,2022-12-07,NA,"Active",NA,"Employee","Regular",1,"Remote",3.25
107181,4,14,3,101149,2022-12-08,NA,"Active",NA,"Employee","Regular",0.8,"Onsite",3.25
106788,4,14,11,101700,2022-12-17,NA,"Active",NA,"Employee","Regular",1,"Hybrid",3.23
100950,4,14,3,103401,2022-12-27,NA,"Active",NA,"Employee","Regular",1,"Onsite",3.2
102007,4,14,6,105318,2023-01-12,NA,"Active",NA,"Employee","Regular",1,"Hybrid",3.16
103976,4,14,7,109367,2023-01-17,NA,"Active",NA,"Employee","Regular",1,"Onsite",3.14
101652,4,14,5,107342,2023-01-27,NA,"Active",NA,"Employee","Regular",1,"Onsite",3.12
106971,4,14,7,105069,2023-02-07,NA,"Active",NA,"Employee","Regular",1,"Remote",3.08
101962,4,14,7,104019,2023-03-14,NA,"Active",NA,"Employee","Regular",1,"Onsite",2.99
106355,4,14,3,106962,2023-03-31,NA,"Active",NA,"Employee","Temporary",1,"Onsite",2.94
107364,4,14,8,109158,2023-04-28,NA,"Active",NA,"Employee","Regular",1,"Hybrid",2.87
108394,4,14,11,100345,2023-04-30,NA,"Active",NA,"Employee","Regular",1,"Onsite",2.86
108415,4,14,10,105930,2023-04-30,NA,"Active",NA,"Employee","Regular",1,"Onsite",2.86
102564,4,14,8,100345,2023-06-21,NA,"Active",NA,"Employee","Regular",1,"Hybrid",2.72
102296,4,14,6,104019,2023-06-29,NA,"Active",NA,"Employee","Regular",1,"Onsite",2.7
107616,4,14,2,104019,2023-07-31,NA,"Active",NA,"Employee","Regular",1,"Remote",2.61
101101,4,14,5,101487,2023-08-04,NA,"Active",NA,"Contractor","Regular",1,"Onsite",2.6
107056,4,14,7,106962,2023-08-05,NA,"Active",NA,"Employee","Regular",1,"Onsite",2.59
100143,4,14,6,109281,2023-08-09,NA,"Active",NA,"Employee","Regular",0.6,"Onsite",2.58
109429,4,14,6,107041,2023-08-24,NA,"Active",NA,"Employee","Regular",1,"Remote",2.54
106964,4,14,5,102435,2023-09-01,NA,"Active",NA,"Employee","Regular",1,"Onsite",2.52
100591,4,14,9,101182,2023-09-08,2026-02-06,"Terminated","Voluntary","Employee","Regular",0.8,"Remote",2.41
107969,4,14,11,103210,2023-09-16,NA,"Active",NA,"Contractor","Regular",1,"Remote",2.48
101635,4,14,7,105086,2023-09-24,NA,"Active",NA,"Employee","Regular",1,"Onsite",2.46
106181,4,14,6,104086,2023-10-26,NA,"Active",NA,"Employee","Regular",0.8,"Onsite",2.37
100827,4,14,3,105954,2023-12-04,NA,"Active",NA,"Employee","Regular",1,"Onsite",2.26
107998,4,14,6,104442,2023-12-13,NA,"Active",NA,"Employee","Regular",1,"Hybrid",2.24
107435,4,14,11,101182,2023-12-20,NA,"Active",NA,"Employee","Regular",1,"Hybrid",2.22
101806,4,14,11,109158,2023-12-21,NA,"Active",NA,"Employee","Regular",1,"Onsite",2.22
106592,4,14,9,104742,2024-02-01,NA,"Active",NA,"Employee","Temporary",1,"Onsite",2.1
100725,4,14,3,105913,2024-02-12,NA,"Active",NA,"Employee","Regular",1,"Remote",2.07
104211,4,14,12,109616,2024-02-26,NA,"Active",NA,"Employee","Regular",1,"Hybrid",2.03
102836,4,14,4,106872,2024-03-05,NA,"Active",NA,"Employee","Regular",1,"Onsite",2.01
104497,4,14,8,105058,2024-03-05,NA,"Active",NA,"Employee","Regular",1,"Onsite",2.01
102554,4,14,10,104158,2024-04-18,NA,"Active",NA,"Employee","Temporary",1,"Remote",1.89
106483,4,14,2,108505,2024-04-19,NA,"Active",NA,"Contractor","Regular",0.8,"Hybrid",1.89
109917,4,14,9,107342,2024-04-19,NA,"Active",NA,"Employee","Regular",1,"Hybrid",1.89
107705,4,14,11,109306,2024-04-28,NA,"Active",NA,"Employee","Regular",1,"Remote",1.87
100325,4,14,1,104742,2024-06-19,NA,"Active",NA,"Employee","Regular",1,"Hybrid",1.72
101352,4,14,5,100835,2024-06-29,NA,"Active",NA,"Employee","Regular",1,"Hybrid",1.7
109043,4,14,6,109921,2024-07-14,NA,"Active",NA,"Employee","Regular",0.8,"Onsite",1.65
108754,4,14,4,106561,2024-07-28,NA,"Active",NA,"Employee","Regular",1,"Onsite",1.62
107454,4,14,3,103418,2024-07-29,NA,"Active",NA,"Employee","Regular",1,"Onsite",1.61
106177,4,14,11,104794,2024-07-31,NA,"Active",NA,"Employee","Regular",1,"Remote",1.61
106500,4,14,12,108330,2024-08-31,NA,"Active",NA,"Employee","Regular",1,"Onsite",1.52
101734,4,14,4,105913,2024-09-22,NA,"Active",NA,"Employee","Regular",0.8,"Onsite",1.46
103857,4,14,4,105926,2024-09-30,NA,"Active",NA,"Employee","Regular",1,"Onsite",1.44
105981,4,14,4,106627,2024-10-08,NA,"Active",NA,"Employee","Regular",1,"Hybrid",1.42
104068,4,14,6,101149,2024-10-19,NA,"Active",NA,"Employee","Regular",1,"Remote",1.39
105615,4,14,3,108757,2024-10-31,NA,"Active",NA,"Employee","Regular",1,"Remote",1.36
109533,4,14,11,107948,2024-11-04,NA,"Active",NA,"Employee","Regular",1,"Onsite",1.35
109556,4,14,1,109707,2024-11-13,NA,"Active",NA,"Employee","Regular",0.8,"Onsite",1.32
101526,4,14,8,107527,2024-11-28,NA,"Active",NA,"Employee","Regular",0.6,"Remote",1.28
105357,4,14,12,101182,2024-11-28,NA,"Active",NA,"Employee","Regular",1,"Hybrid",1.28
108375,4,14,10,109367,2024-12-09,NA,"Active",NA,"Employee","Regular",1,"Remote",1.25
106320,4,14,5,103469,2024-12-11,NA,"Active",NA,"Employee","Regular",1,"Onsite",1.24
100564,4,14,9,104658,2024-12-23,NA,"Active",NA,"Employee","Regular",1,"Onsite",1.21
108325,4,14,1,101206,2024-12-24,NA,"Active",NA,"Employee","Regular",1,"Hybrid",1.21
109332,4,14,11,107700,2024-12-25,NA,"Active",NA,"Employee","Regular",0.8,"Remote",1.21
109648,4,14,8,101463,2025-02-07,NA,"Active",NA,"Employee","Regular",1,"Onsite",1.08
106526,4,14,10,105954,2025-03-14,NA,"Active",NA,"Employee","Regular",1,"Hybrid",0.99
107761,4,14,2,100516,2025-03-25,NA,"Active",NA,"Employee","Regular",1,"Hybrid",0.96
105311,4,14,8,103401,2025-04-16,2025-12-27,"Terminated","Voluntary","Employee","Regular",1,"Hybrid",0.7
101495,4,14,1,109807,2025-05-09,NA,"Active",NA,"Employee","Regular",1,"Onsite",0.84
106089,4,14,11,102207,2025-05-10,NA,"Active",NA,"Employee","Regular",1,"Onsite",0.83
106346,4,14,1,109281,2025-05-18,NA,"Active",NA,"Employee","Regular",1,"Hybrid",0.81
100439,4,14,12,106714,2025-06-06,NA,"Active",NA,"Employee","Regular",1,"Hybrid",0.76
103817,4,14,8,102484,2025-06-10,NA,"Active",NA,"Employee","Regular",0.8,"Onsite",0.75
104525,4,14,5,104742,2025-06-18,NA,"Active",NA,"Employee","Regular",0.8,"Onsite",0.73
109758,4,14,11,108505,2025-06-22,NA,"Active",NA,"Employee","Regular",1,"Onsite",0.72
104605,4,14,7,106714,2025-06-28,NA,"Active",NA,"Employee","Regular",1,"Onsite",0.7
107508,4,14,3,107527,2025-07-09,NA,"Active",NA,"Employee","Regular",1,"Onsite",0.67
109500,4,14,10,107700,2025-07-13,NA,"Active",NA,"Employee","Temporary",1,"Remote",0.66
108836,4,14,4,106872,2025-07-14,NA,"Active",NA,"Employee","Regular",1,"Hybrid",0.65
103884,4,14,1,106775,2025-07-24,NA,"Active",NA,"Employee","Regular",1,"Onsite",0.63
100115,4,14,8,103098,2025-09-14,NA,"Active",NA,"Employee","Regular",1,"Onsite",0.48
108937,4,14,9,102484,2025-10-05,NA,"Active",NA,"Employee","Regular",0.8,"Onsite",0.43
105053,4,14,1,108468,2025-10-17,NA,"Active",NA,"Employee","Regular",1,"Onsite",0.39
107701,4,14,1,100586,2025-11-13,NA,"Active",NA,"Employee","Regular",1,"Remote",0.32
109868,4,14,2,106431,2025-12-04,NA,"Active",NA,"Employee","Regular",1,"Onsite",0.26
106693,4,14,3,108704,2025-12-17,NA,"Active",NA,"Employee","Regular",1,"Onsite",0.23
101469,4,14,9,106798,2025-12-24,NA,"Active",NA,"Employee","Regular",1,"Hybrid",0.21
105042,4,14,4,101140,2025-12-24,NA,"Active",NA,"Employee","Regular",1,"Onsite",0.21
104489,4,14,10,101206,2025-12-28,NA,"Active",NA,"Employee","Regular",1,"Hybrid",0.2
103865,4,14,12,109281,2026-01-13,NA,"Active",NA,"Employee","Regular",0.8,"Onsite",0.15
102181,5,16,3,106835,2013-01-08,NA,"Active",NA,"Employee","Regular",1,"Onsite",13.17
106365,5,16,10,102720,2013-01-15,NA,"Active",NA,"Employee","Regular",1,"Onsite",13.15
100890,5,16,7,101658,2013-02-17,NA,"Active",NA,"Employee","Temporary",1,"Remote",13.06
107489,5,16,3,100904,2013-03-08,NA,"Active",NA,"Employee","Regular",1,"Onsite",13.01
106499,5,16,2,101425,2013-04-03,NA,"Active",NA,"Employee","Regular",1,"Onsite",12.93
100031,5,16,4,109773,2013-04-20,NA,"Active",NA,"Employee","Regular",1,"Onsite",12.89
100338,5,16,10,102737,2013-05-22,NA,"Active",NA,"Employee","Regular",1,"Remote",12.8
101459,5,16,2,109040,2013-05-24,NA,"Active",NA,"Employee","Regular",1,"Hybrid",12.79
103246,5,16,4,104104,2013-07-05,NA,"Active",NA,"Employee","Regular",1,"Onsite",12.68
104140,5,16,11,105018,2013-07-20,NA,"Active",NA,"Employee","Temporary",1,"Hybrid",12.64
102610,5,16,2,100079,2013-08-06,NA,"Active",NA,"Employee","Regular",1,"Onsite",12.59
104683,5,16,4,108297,2013-08-07,NA,"Active",NA,"Employee","Regular",1,"Remote",12.59
104894,5,16,9,103081,2013-08-25,NA,"Active",NA,"Employee","Regular",1,"Onsite",12.54
108533,5,16,4,100482,2013-08-31,NA,"Active",NA,"Employee","Regular",1,"Hybrid",12.52
101750,5,16,3,102317,2013-10-12,2016-11-12,"Terminated","Voluntary","Employee","Regular",1,"Hybrid",3.08
106113,5,16,10,100482,2013-10-21,NA,"Active",NA,"Employee","Regular",1,"Hybrid",12.38
106304,5,16,1,101888,2013-10-30,NA,"Active",NA,"Employee","Regular",1,"Hybrid",12.36
105530,5,16,8,101381,2013-11-20,NA,"Active",NA,"Employee","Temporary",1,"Onsite",12.3
102495,5,16,2,106854,2013-11-22,NA,"Active",NA,"Employee","Regular",1,"Onsite",12.3
103547,5,16,6,103431,2013-11-25,NA,"Active",NA,"Employee","Regular",1,"Remote",12.29
100128,5,16,6,107351,2013-12-09,NA,"Active",NA,"Employee","Regular",1,"Hybrid",12.25
105306,5,16,12,104558,2013-12-13,NA,"Active",NA,"Employee","Regular",1,"Hybrid",12.24
102014,5,16,5,100732,2014-01-09,NA,"Active",NA,"Employee","Regular",1,"Onsite",12.16
108446,5,16,11,102329,2014-01-30,NA,"Active",NA,"Employee","Regular",0.8,"Remote",12.11
102133,5,16,2,104694,2014-02-18,NA,"Active",NA,"Employee","Regular",1,"Hybrid",12.05
106687,5,16,3,104678,2014-02-24,NA,"Active",NA,"Employee","Regular",1,"Remote",12.04
107479,5,16,6,103508,2014-03-15,NA,"Active",NA,"Employee","Regular",1,"Hybrid",11.99
105160,5,16,2,100043,2014-04-10,2020-12-21,"Terminated","Involuntary","Employee","Regular",1,"Hybrid",6.7
105525,5,16,3,105325,2014-04-23,NA,"Active",NA,"Employee","Regular",1,"Remote",11.88
107889,5,16,3,104513,2014-04-25,NA,"Active",NA,"Employee","Regular",0.8,"Hybrid",11.87
102280,5,16,8,106166,2014-05-13,NA,"Active",NA,"Employee","Regular",1,"Hybrid",11.82
102640,5,16,3,103922,2014-06-30,NA,"Active",NA,"Employee","Regular",1,"Hybrid",11.69
106208,5,16,12,109762,2014-07-14,NA,"Active",NA,"Employee","Regular",1,"Hybrid",11.65
101145,5,16,9,109271,2014-07-25,2025-05-29,"Terminated","Involuntary","Employee","Regular",1,"Onsite",10.84
106967,5,16,6,104243,2014-08-31,NA,"Active",NA,"Employee","Regular",1,"Hybrid",11.52
100855,5,16,11,108749,2014-10-07,NA,"Active",NA,"Employee","Temporary",1,"Hybrid",11.42
103105,5,16,4,103922,2014-10-20,NA,"Active",NA,"Employee","Regular",1,"Hybrid",11.39
106316,5,16,6,107959,2014-10-29,NA,"Active",NA,"Employee","Regular",1,"Remote",11.36
108494,5,16,8,106557,2014-11-13,NA,"Active",NA,"Employee","Regular",1,"Hybrid",11.32
105773,5,16,12,108749,2014-11-15,NA,"Active",NA,"Employee","Regular",1,"Onsite",11.32
105289,5,16,6,101892,2014-11-19,NA,"Active",NA,"Employee","Regular",1,"Onsite",11.3
107661,5,16,10,104853,2014-12-07,NA,"Active",NA,"Employee","Temporary",1,"Onsite",11.25
101954,5,16,3,100842,2014-12-11,NA,"Active",NA,"Employee","Regular",1,"Remote",11.24
102669,5,16,5,106837,2014-12-12,NA,"Active",NA,"Contractor","Regular",1,"Hybrid",11.24
103445,5,16,7,102222,2015-01-19,NA,"Active",NA,"Contractor","Regular",1,"Remote",11.14
100383,5,16,9,108492,2015-01-23,NA,"Active",NA,"Employee","Regular",1,"Remote",11.13
107135,5,16,7,108544,2015-01-24,2021-02-19,"Terminated","Voluntary","Employee","Regular",1,"Remote",6.07
108672,5,16,10,105935,2015-03-12,NA,"Active",NA,"Employee","Regular",1,"Onsite",10.99
104997,5,16,11,102737,2015-03-13,NA,"Active",NA,"Employee","Regular",1,"Remote",10.99
109312,5,16,4,101888,2015-04-27,NA,"Active",NA,"Employee","Regular",0.8,"Hybrid",10.87
105157,5,16,8,100904,2015-05-24,2021-03-03,"Terminated","Involuntary","Employee","Regular",1,"Hybrid",5.78
105223,5,16,5,100451,2015-06-01,NA,"Active",NA,"Employee","Regular",1,"Hybrid",10.77
104895,5,16,3,108666,2015-06-04,NA,"Active",NA,"Employee","Regular",1,"Remote",10.76
102005,5,16,3,108666,2015-06-12,2021-09-03,"Terminated","Voluntary","Employee","Regular",1,"Hybrid",6.23
105009,5,16,2,102431,2015-06-25,NA,"Active",NA,"Employee","Regular",1,"Hybrid",10.71
103193,5,16,9,103747,2015-06-29,NA,"Active",NA,"Employee","Regular",1,"Hybrid",10.7
101273,5,16,8,104096,2015-07-02,NA,"Active",NA,"Employee","Regular",1,"Hybrid",10.69
105016,5,16,5,109358,2015-07-08,NA,"Active",NA,"Employee","Regular",1,"Hybrid",10.67
103729,5,16,5,107917,2015-07-15,NA,"Active",NA,"Employee","Regular",1,"Onsite",10.65
104731,5,16,1,102159,2015-07-30,NA,"Active",NA,"Employee","Regular",1,"Onsite",10.61
109063,5,16,3,104890,2015-09-17,NA,"Active",NA,"Employee","Regular",1,"Onsite",10.48
106747,5,16,8,109420,2015-09-27,2023-01-29,"Terminated","Voluntary","Contractor","Regular",1,"Onsite",7.34
104865,5,16,5,103313,2015-10-19,NA,"Active",NA,"Employee","Regular",1,"Onsite",10.39
100677,5,16,10,104936,2015-10-27,NA,"Active",NA,"Employee","Regular",1,"Onsite",10.37
101975,5,16,5,101984,2015-10-28,2024-07-10,"Terminated","Involuntary","Employee","Regular",1,"Onsite",8.7
101047,5,16,8,101803,2015-11-13,NA,"Active",NA,"Employee","Regular",1,"Onsite",10.32
108534,5,16,1,100691,2015-12-31,NA,"Active",NA,"Contractor","Regular",1,"Hybrid",10.19
102448,5,16,1,108586,2016-01-15,NA,"Active",NA,"Employee","Regular",1,"Onsite",10.15
107413,5,16,8,107959,2016-02-07,NA,"Active",NA,"Employee","Regular",0.8,"Remote",10.08
106634,5,16,1,106620,2016-03-16,NA,"Active",NA,"Employee","Regular",1,"Onsite",9.98
100780,5,16,5,102222,2016-04-25,NA,"Active",NA,"Employee","Regular",1,"Onsite",9.87
105522,5,16,7,109773,2016-05-12,NA,"Active",NA,"Employee","Regular",1,"Remote",9.83
102953,5,16,7,108206,2016-05-19,NA,"Active",NA,"Employee","Regular",1,"Hybrid",9.81
105809,5,16,10,108393,2016-05-22,NA,"Active",NA,"Employee","Regular",1,"Onsite",9.8
106993,5,16,10,101821,2016-06-11,NA,"Active",NA,"Employee","Regular",1,"Remote",9.75
109278,5,16,5,103701,2016-08-20,NA,"Active",NA,"Employee","Temporary",1,"Onsite",9.55
102739,5,16,4,109762,2016-08-24,NA,"Active",NA,"Employee","Regular",1,"Remote",9.54
105362,5,16,1,104104,2016-08-24,NA,"Active",NA,"Employee","Regular",1,"Hybrid",9.54
108230,5,16,8,109276,2016-08-24,NA,"Active",NA,"Employee","Regular",1,"Hybrid",9.54
105453,5,16,11,100158,2016-09-02,NA,"Active",NA,"Employee","Regular",1,"Hybrid",9.52
108409,5,16,3,104030,2016-09-02,NA,"Active",NA,"Employee","Regular",1,"Onsite",9.52
106143,5,16,12,104433,2016-09-09,NA,"Active",NA,"Employee","Regular",0.8,"Onsite",9.5
108154,5,16,12,107814,2016-10-03,NA,"Active",NA,"Employee","Regular",1,"Onsite",9.43
103414,5,16,6,105115,2016-10-29,NA,"Active",NA,"Employee","Regular",1,"Onsite",9.36
104705,5,16,5,107852,2016-10-29,NA,"Active",NA,"Employee","Temporary",1,"Onsite",9.36
106199,5,16,7,101470,2016-11-18,NA,"Active",NA,"Employee","Regular",1,"Hybrid",9.31
104204,5,16,2,109358,2016-12-28,2023-11-05,"Terminated","Voluntary","Employee","Regular",1,"Hybrid",6.85
107834,5,16,8,108926,2017-01-05,NA,"Active",NA,"Employee","Regular",1,"Onsite",9.18
109049,5,16,12,109271,2017-01-16,NA,"Active",NA,"Employee","Regular",1,"Remote",9.15
101801,5,16,10,104853,2017-01-18,NA,"Active",NA,"Employee","Regular",1,"Onsite",9.14
108978,5,16,2,108746,2017-03-22,NA,"Active",NA,"Employee","Regular",1,"Onsite",8.97
109250,5,16,1,102159,2017-04-04,NA,"Active",NA,"Employee","Regular",1,"Hybrid",8.93
101776,5,16,2,106473,2017-06-07,NA,"Active",NA,"Employee","Regular",1,"Hybrid",8.76
102917,5,16,5,102986,2017-06-18,NA,"Active",NA,"Employee","Temporary",1,"Onsite",8.73
106278,5,16,10,104853,2017-07-12,NA,"Active",NA,"Contractor","Regular",0.8,"Hybrid",8.66
105952,5,16,9,102159,2017-07-26,NA,"Active",NA,"Employee","Regular",1,"Onsite",8.62
105342,5,16,9,103111,2017-07-29,NA,"Active",NA,"Employee","Regular",0.8,"Hybrid",8.61
108336,5,16,4,105018,2017-08-02,NA,"Active",NA,"Employee","Regular",1,"Hybrid",8.6
106086,5,16,2,100691,2017-09-11,NA,"Active",NA,"Employee","Regular",1,"Onsite",8.49
103606,5,16,8,109670,2017-12-14,NA,"Active",NA,"Employee","Regular",1,"Remote",8.24
106378,5,16,3,102145,2018-01-11,NA,"Active",NA,"Employee","Regular",1,"Hybrid",8.16
106910,5,16,7,109592,2018-03-23,2026-01-19,"Terminated","Voluntary","Employee","Regular",1,"Remote",7.83
106478,5,16,5,103384,2018-03-28,NA,"Active",NA,"Employee","Regular",1,"Remote",7.95
106420,5,16,12,100535,2018-04-08,NA,"Active",NA,"Employee","Regular",1,"Onsite",7.92
105193,5,16,9,109120,2018-04-22,NA,"Active",NA,"Employee","Regular",1,"Hybrid",7.88
104135,5,16,8,104857,2018-04-24,2026-01-14,"Terminated","Voluntary","Employee","Regular",1,"Hybrid",7.73
107121,5,16,2,101185,2018-05-03,NA,"Active",NA,"Employee","Regular",1,"Onsite",7.85
108279,5,16,4,100904,2018-05-09,NA,"Active",NA,"Employee","Regular",1,"Hybrid",7.84
102541,5,16,12,105565,2018-05-16,NA,"Active",NA,"Employee","Regular",1,"Remote",7.82
107601,5,16,12,103319,2018-05-19,NA,"Active",NA,"Employee","Regular",1,"Hybrid",7.81
109841,5,16,11,101821,2018-07-06,NA,"Active",NA,"Employee","Regular",1,"Onsite",7.68
104148,5,16,4,101522,2018-07-09,NA,"Active",NA,"Employee","Regular",1,"Hybrid",7.67
103229,5,16,10,108199,2018-09-21,NA,"Active",NA,"Employee","Regular",1,"Onsite",7.47
107211,5,16,6,105876,2018-09-29,NA,"Active",NA,"Employee","Regular",0.8,"Hybrid",7.44
105046,5,16,5,104030,2018-10-06,2025-07-29,"Terminated","Voluntary","Employee","Regular",1,"Remote",6.81
105335,5,16,6,106156,2018-11-04,NA,"Active",NA,"Employee","Regular",1,"Hybrid",7.35
103478,5,16,8,109432,2018-12-07,NA,"Active",NA,"Employee","Regular",1,"Onsite",7.25
107329,5,16,3,107642,2018-12-17,NA,"Active",NA,"Employee","Regular",1,"Onsite",7.23
106033,5,16,12,106835,2018-12-29,NA,"Active",NA,"Employee","Regular",1,"Onsite",7.19
108021,5,16,1,100158,2019-01-09,NA,"Active",NA,"Employee","Regular",1,"Hybrid",7.16
107675,5,16,3,102449,2019-01-29,NA,"Active",NA,"Employee","Regular",1,"Hybrid",7.11
100379,5,16,7,107477,2019-02-07,NA,"Active",NA,"Employee","Regular",1,"Onsite",7.08
108946,5,16,3,102789,2019-02-27,NA,"Active",NA,"Employee","Regular",1,"Onsite",7.03
105144,5,16,1,101385,2019-03-09,NA,"Active",NA,"Employee","Regular",1,"Hybrid",7
104807,5,16,6,103590,2019-03-18,NA,"Active",NA,"Contractor","Temporary",1,"Hybrid",6.98
102950,5,16,6,102505,2019-03-28,NA,"Active",NA,"Employee","Regular",1,"Onsite",6.95
103025,5,16,11,102960,2019-05-18,NA,"Active",NA,"Employee","Regular",1,"Onsite",6.81
108694,5,16,3,102159,2019-05-21,NA,"Active",NA,"Employee","Regular",1,"Onsite",6.8
104901,5,16,6,102474,2019-08-07,NA,"Active",NA,"Contractor","Regular",1,"Hybrid",6.59
108247,5,16,1,101906,2019-08-11,NA,"Active",NA,"Employee","Regular",1,"Onsite",6.58
104386,5,16,5,101984,2019-08-21,NA,"Active",NA,"Employee","Regular",1,"Remote",6.55
107654,5,16,5,102525,2019-08-30,NA,"Active",NA,"Employee","Regular",1,"Onsite",6.53
108811,5,16,9,102720,2019-09-08,NA,"Active",NA,"Employee","Regular",1,"Remote",6.5
108340,5,16,7,104867,2019-09-14,NA,"Active",NA,"Employee","Regular",1,"Hybrid",6.48
105390,5,16,3,105384,2019-10-15,NA,"Active",NA,"Employee","Regular",1,"Hybrid",6.4
101905,5,16,4,102892,2019-10-17,2025-08-11,"Terminated","Voluntary","Employee","Temporary",0.8,"Hybrid",5.82
104828,5,16,11,102031,2019-10-24,NA,"Active",NA,"Employee","Regular",0.6,"Onsite",6.38
107866,5,16,9,107921,2019-11-15,2025-02-16,"Terminated","Voluntary","Employee","Regular",1,"Onsite",5.25
103815,5,16,3,105481,2019-11-19,2023-09-05,"Terminated","Voluntary","Employee","Regular",1,"Hybrid",3.79
102499,5,16,10,103599,2019-11-25,2026-01-09,"Terminated","Voluntary","Employee","Regular",1,"Onsite",6.12
100955,5,16,5,109145,2019-12-10,NA,"Active",NA,"Employee","Regular",1,"Remote",6.25
108334,5,16,4,101673,2020-01-10,NA,"Active",NA,"Employee","Regular",1,"Hybrid",6.16
102558,5,16,2,102384,2020-03-09,NA,"Active",NA,"Employee","Regular",1,"Remote",6
104827,5,16,11,107608,2020-03-17,NA,"Active",NA,"Employee","Regular",1,"Hybrid",5.98
106674,5,16,12,102384,2020-04-01,NA,"Active",NA,"Employee","Regular",1,"Onsite",5.94
101103,5,16,3,104394,2020-04-30,NA,"Active",NA,"Employee","Regular",1,"Remote",5.86
105578,5,16,6,109358,2020-05-27,2025-05-04,"Terminated","Voluntary","Employee","Regular",1,"Hybrid",4.94
101058,5,16,6,109793,2020-05-30,NA,"Active",NA,"Employee","Regular",0.8,"Hybrid",5.78
105242,5,16,3,103310,2020-06-17,NA,"Active",NA,"Employee","Regular",0.8,"Hybrid",5.73
108756,5,16,10,105026,2020-07-29,NA,"Active",NA,"Employee","Regular",1,"Onsite",5.61
102027,5,16,11,100550,2020-08-06,NA,"Active",NA,"Employee","Regular",1,"Onsite",5.59
102941,5,16,11,104558,2020-08-09,NA,"Active",NA,"Employee","Regular",1,"Remote",5.58
102724,5,16,3,100705,2020-08-19,NA,"Active",NA,"Employee","Regular",0.8,"Onsite",5.56
103180,5,16,4,109235,2020-09-16,NA,"Active",NA,"Employee","Regular",1,"Hybrid",5.48
100608,5,16,7,106373,2020-09-24,NA,"Active",NA,"Employee","Regular",1,"Hybrid",5.46
106995,5,16,4,102031,2020-09-25,NA,"Active",NA,"Employee","Regular",1,"Onsite",5.45
106901,5,16,7,104722,2020-10-01,NA,"Active",NA,"Employee","Regular",1,"Onsite",5.44
103548,5,16,12,100451,2020-10-08,NA,"Active",NA,"Employee","Temporary",1,"Remote",5.42
102465,5,16,3,100655,2020-10-23,NA,"Active",NA,"Employee","Regular",1,"Remote",5.38
109628,5,16,11,101316,2020-11-03,2021-11-07,"Terminated","Reduction in Force","Employee","Regular",1,"Onsite",1.01
101641,5,16,10,107959,2020-11-22,NA,"Active",NA,"Employee","Regular",1,"Onsite",5.3
107626,5,16,6,108920,2020-11-28,NA,"Active",NA,"Employee","Regular",1,"Onsite",5.28
109304,5,16,11,102041,2020-11-30,NA,"Active",NA,"Employee","Regular",0.8,"Hybrid",5.27
105729,5,16,1,107755,2020-12-13,NA,"Active",NA,"Employee","Regular",1,"Onsite",5.24
103228,5,16,3,100670,2021-01-20,2025-04-23,"Terminated","Reduction in Force","Employee","Regular",1,"Remote",4.25
100672,5,16,10,106436,2021-02-06,NA,"Active",NA,"Employee","Temporary",1,"Onsite",5.09
105298,5,16,9,103590,2021-02-19,NA,"Active",NA,"Employee","Regular",1,"Onsite",5.05
109510,5,16,9,104678,2021-03-06,NA,"Active",NA,"Employee","Regular",0.6,"Onsite",5.01
100067,5,16,12,100650,2021-03-07,NA,"Active",NA,"Employee","Regular",1,"Hybrid",5.01
106659,5,16,4,103590,2021-04-09,NA,"Active",NA,"Employee","Regular",0.8,"Hybrid",4.92
101982,5,16,8,109773,2021-05-28,NA,"Active",NA,"Employee","Temporary",1,"Hybrid",4.78
100577,5,16,7,106436,2021-06-01,NA,"Active",NA,"Employee","Regular",1,"Onsite",4.77
108944,5,16,9,107993,2021-06-11,NA,"Active",NA,"Employee","Regular",1,"Onsite",4.75
101271,5,16,5,102059,2021-06-16,NA,"Active",NA,"Employee","Regular",1,"Hybrid",4.73
106683,5,16,1,102401,2021-06-19,NA,"Active",NA,"Employee","Regular",1,"Hybrid",4.72
107605,5,16,3,102885,2021-06-27,NA,"Active",NA,"Employee","Regular",1,"Onsite",4.7
106970,5,16,12,101326,2021-07-02,NA,"Active",NA,"Employee","Regular",0.8,"Remote",4.69
105170,5,16,7,107477,2021-07-16,NA,"Active",NA,"Employee","Regular",1,"Onsite",4.65
100078,5,16,11,102401,2021-07-19,NA,"Active",NA,"Employee","Regular",1,"Onsite",4.64
100360,5,16,4,107891,2021-07-23,NA,"Active",NA,"Employee","Regular",1,"Onsite",4.63
101471,5,16,6,106812,2021-07-27,NA,"Active",NA,"Employee","Regular",1,"Onsite",4.62
109760,5,16,6,101316,2021-08-06,NA,"Active",NA,"Contractor","Regular",1,"Hybrid",4.59
104789,5,16,3,107921,2021-08-25,NA,"Active",NA,"Employee","Regular",1,"Remote",4.54
103386,5,16,3,103309,2021-11-16,NA,"Active",NA,"Employee","Regular",1,"Remote",4.31
100225,5,16,10,103890,2021-11-18,NA,"Active",NA,"Employee","Regular",1,"Hybrid",4.31
107430,5,16,7,102505,2021-11-22,NA,"Active",NA,"Employee","Regular",1,"Hybrid",4.3
102102,5,16,11,109028,2021-12-25,NA,"Active",NA,"Employee","Regular",1,"Hybrid",4.21
106845,5,16,4,102591,2021-12-30,NA,"Active",NA,"Employee","Regular",1,"Hybrid",4.19
101283,5,16,7,108586,2022-01-03,NA,"Active",NA,"Employee","Temporary",1,"Onsite",4.18
106512,5,16,8,105018,2022-01-06,NA,"Active",NA,"Employee","Regular",1,"Hybrid",4.17
108243,5,16,9,103431,2022-01-12,NA,"Active",NA,"Employee","Regular",1,"Remote",4.16
101127,5,16,12,104104,2022-01-17,NA,"Active",NA,"Employee","Regular",1,"Onsite",4.14
104081,5,16,9,100949,2022-03-22,NA,"Active",NA,"Employee","Regular",1,"Hybrid",3.97
105978,5,16,9,107082,2022-04-13,NA,"Active",NA,"Employee","Regular",1,"Onsite",3.91
100850,5,16,5,105246,2022-04-19,NA,"Active",NA,"Employee","Regular",1,"Onsite",3.89
107155,5,16,9,107993,2022-05-07,NA,"Active",NA,"Employee","Temporary",1,"Remote",3.84
104060,5,16,5,109773,2022-05-14,NA,"Active",NA,"Employee","Regular",1,"Hybrid",3.82
103739,5,16,4,104936,2022-05-18,NA,"Active",NA,"Employee","Regular",1,"Onsite",3.81
105372,5,16,12,100705,2022-05-28,NA,"Active",NA,"Employee","Regular",1,"Hybrid",3.78
109792,5,16,11,106518,2022-06-12,NA,"Active",NA,"Employee","Regular",0.8,"Hybrid",3.74
106430,5,16,6,105246,2022-07-17,NA,"Active",NA,"Employee","Regular",1,"Hybrid",3.65
106072,5,16,11,106171,2022-07-20,NA,"Active",NA,"Employee","Regular",1,"Onsite",3.64
100336,5,16,8,100161,2022-07-22,NA,"Active",NA,"Employee","Regular",1,"Hybrid",3.63
108258,5,16,11,100502,2022-10-02,NA,"Active",NA,"Contractor","Regular",1,"Onsite",3.44
103640,5,16,12,105020,2022-11-08,NA,"Active",NA,"Employee","Regular",1,"Remote",3.33
104711,5,16,6,104266,2022-11-11,NA,"Active",NA,"Employee","Regular",1,"Hybrid",3.33
109084,5,16,9,106854,2022-11-17,NA,"Active",NA,"Contractor","Regular",1,"Onsite",3.31
105722,5,16,4,106380,2022-12-03,NA,"Active",NA,"Employee","Regular",1,"Onsite",3.27
100390,5,16,1,106739,2022-12-17,NA,"Active",NA,"Employee","Regular",1,"Hybrid",3.23
101500,5,16,8,108454,2022-12-30,NA,"Active",NA,"Employee","Regular",1,"Hybrid",3.19
102572,5,16,9,100454,2023-01-02,NA,"Active",NA,"Employee","Regular",1,"Hybrid",3.18
101137,5,16,6,100079,2023-01-09,NA,"Active",NA,"Employee","Regular",1,"Hybrid",3.16
105140,5,16,5,103310,2023-01-09,NA,"Active",NA,"Employee","Regular",0.8,"Onsite",3.16
109888,5,16,9,103890,2023-01-16,NA,"Active",NA,"Employee","Temporary",1,"Hybrid",3.15
100883,5,16,5,109821,2023-01-18,NA,"Active",NA,"Employee","Regular",1,"Hybrid",3.14
102017,5,16,7,103890,2023-01-29,NA,"Active",NA,"Employee","Regular",1,"Onsite",3.11
102804,5,16,1,100161,2023-02-26,NA,"Active",NA,"Employee","Regular",1,"Hybrid",3.03
109631,5,16,6,101613,2023-03-06,NA,"Active",NA,"Employee","Regular",1,"Onsite",3.01
103531,5,16,1,109271,2023-03-08,NA,"Active",NA,"Employee","Regular",1,"Onsite",3.01
107327,5,16,1,108972,2023-03-31,NA,"Active",NA,"Employee","Regular",1,"Onsite",2.94
108604,5,16,11,106934,2023-04-09,NA,"Active",NA,"Employee","Regular",1,"Onsite",2.92
105121,5,16,9,106620,2023-04-27,NA,"Active",NA,"Employee","Regular",1,"Onsite",2.87
100903,5,16,6,103042,2023-05-02,NA,"Active",NA,"Employee","Regular",1,"Onsite",2.85
108955,5,16,5,102323,2023-06-21,NA,"Active",NA,"Employee","Regular",1,"Onsite",2.72
105806,5,16,3,100901,2023-07-10,NA,"Active",NA,"Employee","Regular",1,"Hybrid",2.67
104726,5,16,3,105388,2023-07-25,NA,"Active",NA,"Employee","Regular",1,"Hybrid",2.62
107892,5,16,2,105426,2023-08-05,NA,"Active",NA,"Employee","Regular",1,"Hybrid",2.59
104134,5,16,2,104095,2023-09-04,NA,"Active",NA,"Employee","Regular",0.8,"Onsite",2.51
103085,5,16,8,107917,2023-10-10,NA,"Active",NA,"Employee","Regular",0.8,"Hybrid",2.41
105378,5,16,5,108577,2023-10-10,NA,"Active",NA,"Employee","Regular",0.6,"Hybrid",2.41
101752,5,16,2,104030,2023-10-19,NA,"Active",NA,"Employee","Regular",1,"Onsite",2.39
100153,5,16,3,106620,2023-11-25,NA,"Active",NA,"Employee","Regular",1,"Onsite",2.29
103821,5,16,9,101759,2023-12-02,NA,"Active",NA,"Employee","Regular",0.8,"Hybrid",2.27
106977,5,16,11,100666,2023-12-08,NA,"Active",NA,"Employee","Regular",1,"Remote",2.25
104750,5,16,4,100454,2023-12-14,NA,"Active",NA,"Employee","Regular",1,"Remote",2.24
101120,5,16,5,105979,2023-12-31,2026-02-20,"Terminated","Involuntary","Employee","Regular",1,"Hybrid",2.14
102343,5,16,9,100655,2024-01-22,NA,"Active",NA,"Employee","Regular",1,"Remote",2.13
100034,5,16,11,102522,2024-01-28,NA,"Active",NA,"Employee","Regular",1,"Remote",2.11
100409,5,16,5,102789,2024-01-28,NA,"Active",NA,"Employee","Regular",1,"Onsite",2.11
109679,5,16,8,106166,2024-03-05,NA,"Active",NA,"Employee","Regular",1,"Onsite",2.01
104400,5,16,12,109787,2024-03-06,NA,"Active",NA,"Employee","Regular",1,"Onsite",2.01
107101,5,16,7,109670,2024-03-28,NA,"Active",NA,"Employee","Regular",1,"Hybrid",1.95
102363,5,16,7,101861,2024-04-03,2026-01-09,"Terminated","Reduction in Force","Employee","Regular",1,"Hybrid",1.77
104250,5,16,11,103111,2024-04-23,NA,"Active",NA,"Employee","Regular",1,"Onsite",1.88
104063,5,16,10,109357,2024-04-28,NA,"Active",NA,"Employee","Regular",1,"Onsite",1.87
102369,5,16,12,103291,2024-05-02,NA,"Active",NA,"Employee","Regular",1,"Hybrid",1.85
105338,5,16,3,101932,2024-05-08,NA,"Active",NA,"Employee","Regular",1,"Remote",1.84
102359,5,16,8,101984,2024-06-15,NA,"Active",NA,"Employee","Regular",1,"Remote",1.73
108048,5,16,1,100666,2024-07-23,NA,"Active",NA,"Employee","Regular",1,"Hybrid",1.63
106653,5,16,4,109155,2024-08-09,NA,"Active",NA,"Employee","Temporary",1,"Onsite",1.58
103506,5,16,1,102350,2024-08-30,NA,"Active",NA,"Employee","Regular",1,"Hybrid",1.53
106671,5,16,3,108586,2024-09-16,NA,"Active",NA,"Employee","Regular",1,"Hybrid",1.48
109543,5,16,5,108577,2024-09-20,NA,"Active",NA,"Employee","Temporary",1,"Hybrid",1.47
103423,5,16,4,103384,2024-09-22,NA,"Active",NA,"Employee","Regular",1,"Hybrid",1.46
102046,5,16,3,103591,2024-10-06,NA,"Active",NA,"Employee","Regular",0.8,"Onsite",1.42
109880,5,16,11,107102,2024-10-17,NA,"Active",NA,"Employee","Regular",1,"Onsite",1.39
106491,5,16,10,100732,2024-10-21,NA,"Active",NA,"Employee","Regular",0.6,"Remote",1.38
105295,5,16,1,101365,2024-11-07,NA,"Active",NA,"Employee","Regular",1,"Hybrid",1.34
106159,5,16,11,103145,2024-11-21,NA,"Active",NA,"Employee","Regular",1,"Onsite",1.3
106585,5,16,11,102031,2024-11-30,NA,"Active",NA,"Employee","Regular",1,"Onsite",1.27
108738,5,16,10,103291,2024-12-23,NA,"Active",NA,"Employee","Regular",0.6,"Remote",1.21
104246,5,16,6,109787,2024-12-24,NA,"Active",NA,"Employee","Regular",1,"Onsite",1.21
107223,5,16,2,107052,2024-12-25,NA,"Active",NA,"Employee","Regular",1,"Onsite",1.21
102417,5,16,9,107592,2025-02-12,NA,"Active",NA,"Employee","Regular",1,"Remote",1.07
103541,5,16,1,108666,2025-02-17,NA,"Active",NA,"Employee","Regular",1,"Hybrid",1.06
108538,5,16,8,109196,2025-04-03,NA,"Active",NA,"Employee","Regular",1,"Onsite",0.93
106195,5,16,11,109140,2025-04-08,NA,"Active",NA,"Employee","Regular",1,"Hybrid",0.92
100042,5,16,12,104936,2025-04-28,NA,"Active",NA,"Employee","Regular",1,"Remote",0.87
100200,5,16,8,101381,2025-05-07,NA,"Active",NA,"Employee","Regular",1,"Hybrid",0.84
101072,5,16,8,104722,2025-05-17,NA,"Active",NA,"Employee","Regular",1,"Onsite",0.81
104875,5,16,7,100615,2025-05-30,NA,"Active",NA,"Employee","Regular",1,"Hybrid",0.78
107275,5,16,2,105020,2025-06-09,NA,"Active",NA,"Employee","Regular",1,"Onsite",0.75
101970,5,16,9,100655,2025-06-10,NA,"Active",NA,"Employee","Temporary",0.8,"Remote",0.75
103033,5,16,8,104935,2025-06-21,NA,"Active",NA,"Employee","Regular",0.8,"Onsite",0.72
104402,5,16,6,100842,2025-06-29,NA,"Active",NA,"Employee","Regular",1,"Onsite",0.7
109486,5,16,11,104270,2025-07-11,NA,"Active",NA,"Employee","Regular",1,"Hybrid",0.66
100778,5,16,9,100482,2025-07-23,NA,"Active",NA,"Employee","Regular",1,"Remote",0.63
106881,5,16,2,108963,2025-07-23,NA,"Active",NA,"Employee","Regular",1,"Remote",0.63
104966,5,16,9,102720,2025-08-01,NA,"Active",NA,"Employee","Regular",1,"Hybrid",0.61
100301,5,16,3,101425,2025-08-20,NA,"Active",NA,"Contractor","Regular",0.8,"Onsite",0.55
109977,5,16,8,102317,2025-08-29,NA,"Active",NA,"Employee","Regular",1,"Hybrid",0.53
109287,5,16,11,103948,2025-09-05,NA,"Active",NA,"Employee","Regular",1,"Onsite",0.51
109612,5,16,1,101451,2025-09-06,NA,"Active",NA,"Employee","Regular",1,"Remote",0.51
102512,5,16,9,102818,2025-09-28,NA,"Active",NA,"Employee","Regular",1,"Remote",0.45
102087,5,16,9,101932,2025-11-27,NA,"Active",NA,"Employee","Regular",0.8,"Hybrid",0.28
106704,5,16,6,102885,2025-12-29,NA,"Active",NA,"Employee","Regular",1,"Hybrid",0.19
105865,5,16,6,106819,2026-01-18,NA,"Active",NA,"Employee","Regular",0.8,"Onsite",0.14
100941,5,16,12,103797,2026-01-19,NA,"Active",NA,"Employee","Regular",1,"Remote",0.14
100614,6,21,8,109401,2013-01-10,NA,"Active",NA,"Contractor","Regular",1,"Hybrid",13.16
106904,6,21,11,103745,2013-01-10,NA,"Active",NA,"Employee","Regular",0.8,"Onsite",13.16
109225,6,21,9,109695,2013-02-10,NA,"Active",NA,"Employee","Regular",0.8,"Hybrid",13.08
106509,6,21,3,102016,2013-03-17,2024-11-16,"Terminated","Voluntary","Employee","Regular",1,"Onsite",11.67
109252,6,21,9,106291,2013-03-26,NA,"Active",NA,"Contractor","Regular",1,"Hybrid",12.96
107371,6,21,8,105216,2013-03-30,NA,"Active",NA,"Contractor","Regular",1,"Onsite",12.95
101503,6,21,3,101510,2013-04-05,NA,"Active",NA,"Employee","Temporary",1,"Hybrid",12.93
105975,6,21,7,104737,2013-04-10,NA,"Active",NA,"Employee","Regular",1,"Remote",12.92
109599,6,21,2,102305,2013-04-14,NA,"Active",NA,"Employee","Regular",1,"Onsite",12.9
108633,6,21,8,100166,2013-06-21,NA,"Active",NA,"Employee","Regular",1,"Remote",12.72
100147,6,21,1,109320,2013-07-16,NA,"Active",NA,"Employee","Regular",1,"Onsite",12.65
101292,6,21,6,107514,2013-12-12,NA,"Active",NA,"Employee","Regular",0.8,"Hybrid",12.24
105860,6,21,6,103730,2014-01-02,NA,"Active",NA,"Employee","Regular",1,"Onsite",12.18
102153,6,21,8,108167,2014-01-12,NA,"Active",NA,"Employee","Regular",0.8,"Onsite",12.16
108522,6,21,2,109401,2014-03-14,NA,"Active",NA,"Employee","Regular",1,"Hybrid",11.99
103992,6,21,3,103894,2014-03-19,NA,"Active",NA,"Employee","Regular",1,"Remote",11.98
107161,6,21,7,100413,2014-03-20,2023-02-07,"Terminated","Reduction in Force","Employee","Temporary",1,"Hybrid",8.89
107634,6,21,10,109443,2014-05-22,NA,"Active",NA,"Employee","Regular",1,"Hybrid",11.8
102920,6,21,11,104082,2014-05-28,2023-02-11,"Terminated","Voluntary","Employee","Regular",0.8,"Onsite",8.71
102466,6,21,2,104110,2014-06-05,NA,"Active",NA,"Employee","Regular",0.6,"Hybrid",11.76
108457,6,21,7,108992,2014-08-22,NA,"Active",NA,"Employee","Regular",1,"Onsite",11.55
101063,6,21,4,102071,2014-09-20,NA,"Active",NA,"Employee","Regular",1,"Hybrid",11.47
104325,6,21,1,101546,2014-09-23,2025-06-08,"Terminated","Voluntary","Employee","Regular",1,"Onsite",10.71
103394,6,21,2,107507,2014-10-13,NA,"Active",NA,"Employee","Temporary",1,"Onsite",11.41
109751,6,21,1,101200,2014-10-22,NA,"Active",NA,"Employee","Regular",1,"Onsite",11.38
107495,6,21,12,102863,2014-11-08,NA,"Active",NA,"Employee","Regular",1,"Remote",11.33
101741,6,21,2,100407,2014-12-08,NA,"Active",NA,"Employee","Regular",1,"Onsite",11.25
108870,6,21,6,100380,2015-04-14,NA,"Active",NA,"Employee","Regular",1,"Hybrid",10.9
104356,6,21,12,109443,2015-04-16,NA,"Active",NA,"Employee","Regular",0.8,"Hybrid",10.9
103726,6,21,4,104082,2015-05-05,NA,"Active",NA,"Employee","Regular",1,"Remote",10.85
100700,6,21,2,105361,2015-05-12,NA,"Active",NA,"Employee","Regular",1,"Onsite",10.83
108768,6,21,11,104737,2015-05-22,NA,"Active",NA,"Employee","Regular",1,"Hybrid",10.8
101830,6,21,8,107268,2015-06-14,NA,"Active",NA,"Employee","Regular",1,"Onsite",10.74
105595,6,21,10,104737,2015-06-14,NA,"Active",NA,"Employee","Temporary",1,"Onsite",10.74
109421,6,21,6,100320,2015-10-02,NA,"Active",NA,"Employee","Regular",1,"Hybrid",10.44
100993,6,21,3,104687,2015-10-21,NA,"Active",NA,"Employee","Regular",0.8,"Onsite",10.38
109200,6,21,6,101561,2015-11-21,NA,"Active",NA,"Employee","Regular",0.6,"Hybrid",10.3
102196,6,21,5,100710,2015-11-22,NA,"Active",NA,"Employee","Regular",1,"Hybrid",10.3
101642,6,21,10,104737,2015-12-09,NA,"Active",NA,"Employee","Regular",1,"Hybrid",10.25
108593,6,21,10,101158,2016-01-25,NA,"Active",NA,"Employee","Regular",1,"Hybrid",10.12
107696,6,21,12,101287,2016-02-15,NA,"Active",NA,"Employee","Regular",1,"Onsite",10.06
102045,6,21,3,108589,2016-02-23,NA,"Active",NA,"Employee","Regular",1,"Remote",10.04
106167,6,21,8,105590,2016-03-22,2025-08-18,"Terminated","Involuntary","Employee","Regular",1,"Remote",9.41
101963,6,21,11,105104,2016-04-09,NA,"Active",NA,"Employee","Regular",1,"Hybrid",9.92
103798,6,21,9,100536,2016-04-13,NA,"Active",NA,"Employee","Temporary",1,"Onsite",9.91
106063,6,21,3,101810,2016-05-26,NA,"Active",NA,"Employee","Regular",1,"Onsite",9.79
107968,6,21,9,106664,2016-07-10,NA,"Active",NA,"Employee","Regular",1,"Onsite",9.67
106877,6,21,6,104090,2016-08-25,NA,"Active",NA,"Employee","Regular",1,"Onsite",9.54
108698,6,21,7,101738,2016-10-16,NA,"Active",NA,"Employee","Regular",0.8,"Remote",9.4
105012,6,21,7,101868,2016-11-06,NA,"Active",NA,"Employee","Regular",1,"Hybrid",9.34
105025,6,21,6,107822,2016-12-23,NA,"Active",NA,"Employee","Regular",1,"Onsite",9.21
102460,6,21,2,104687,2016-12-26,2021-12-18,"Terminated","Involuntary","Employee","Regular",1,"Remote",4.98
107164,6,21,11,106267,2017-01-02,NA,"Active",NA,"Employee","Regular",1,"Hybrid",9.18
100508,6,21,4,103014,2017-01-30,2017-09-21,"Terminated","Voluntary","Employee","Regular",1,"Onsite",0.64
103607,6,21,6,102450,2017-02-12,NA,"Active",NA,"Employee","Regular",1,"Onsite",9.07
104862,6,21,6,103745,2017-03-29,NA,"Active",NA,"Employee","Regular",1,"Onsite",8.95
107964,6,21,7,108992,2017-04-07,NA,"Active",NA,"Employee","Regular",1,"Onsite",8.92
108865,6,21,2,103745,2017-04-09,NA,"Active",NA,"Employee","Regular",1,"Onsite",8.92
109999,6,21,6,104271,2017-05-10,NA,"Active",NA,"Employee","Regular",1,"Onsite",8.83
108517,6,21,3,103761,2017-05-20,NA,"Active",NA,"Employee","Regular",1,"Onsite",8.81
100148,6,21,3,105104,2017-07-02,NA,"Active",NA,"Employee","Regular",1,"Onsite",8.69
107062,6,21,2,108979,2017-07-17,NA,"Active",NA,"Contractor","Temporary",1,"Hybrid",8.65
103371,6,21,5,101680,2017-08-11,NA,"Active",NA,"Employee","Regular",1,"Onsite",8.58
102943,6,21,9,109413,2017-08-12,NA,"Active",NA,"Employee","Regular",1,"Hybrid",8.58
105430,6,21,4,107288,2017-08-26,NA,"Active",NA,"Employee","Regular",1,"Hybrid",8.54
107632,6,21,10,105590,2017-09-12,2025-10-04,"Terminated","Involuntary","Employee","Regular",1,"Hybrid",8.06
106226,6,21,3,100559,2017-10-02,NA,"Active",NA,"Employee","Regular",1,"Remote",8.44
109655,6,21,8,100737,2017-10-13,NA,"Active",NA,"Employee","Regular",0.8,"Onsite",8.41
108537,6,21,9,102575,2017-11-20,NA,"Active",NA,"Contractor","Regular",1,"Hybrid",8.3
107013,6,21,10,100536,2017-11-22,NA,"Active",NA,"Employee","Regular",0.8,"Onsite",8.3
106908,6,21,8,100937,2017-12-03,NA,"Active",NA,"Employee","Regular",1,"Hybrid",8.27
101698,6,21,5,108358,2017-12-12,NA,"Active",NA,"Employee","Regular",0.8,"Onsite",8.24
105250,6,21,11,106267,2017-12-12,NA,"Active",NA,"Employee","Regular",0.6,"Hybrid",8.24
104680,6,21,1,107920,2017-12-28,NA,"Active",NA,"Employee","Regular",1,"Hybrid",8.2
109404,6,21,1,105902,2018-01-06,NA,"Active",NA,"Employee","Regular",0.8,"Remote",8.17
104978,6,21,2,101282,2018-01-27,NA,"Active",NA,"Employee","Regular",1,"Hybrid",8.12
109893,6,21,4,100380,2018-02-15,NA,"Active",NA,"Employee","Regular",1,"Hybrid",8.06
103280,6,21,7,106830,2018-03-03,NA,"Active",NA,"Employee","Regular",1,"Hybrid",8.02
105100,6,21,4,101738,2018-03-05,NA,"Active",NA,"Employee","Regular",1,"Onsite",8.01
102179,6,21,3,101181,2018-03-06,NA,"Active",NA,"Employee","Regular",0.8,"Onsite",8.01
103919,6,21,11,104721,2018-06-03,2024-04-27,"Terminated","Voluntary","Employee","Regular",1,"Onsite",5.9
108267,6,21,8,101544,2018-06-26,NA,"Active",NA,"Employee","Regular",1,"Hybrid",7.7
109229,6,21,4,107578,2018-08-01,NA,"Active",NA,"Employee","Regular",1,"Remote",7.61
108828,6,21,8,102667,2018-10-09,NA,"Active",NA,"Employee","Regular",1,"Remote",7.42
104393,6,21,3,101561,2018-10-15,NA,"Active",NA,"Employee","Regular",1,"Onsite",7.4
104437,6,21,8,102016,2018-10-16,NA,"Active",NA,"Employee","Regular",1,"Onsite",7.4
102396,6,21,3,108057,2018-11-15,NA,"Active",NA,"Employee","Regular",1,"Onsite",7.32
100334,6,21,5,108310,2018-11-21,NA,"Active",NA,"Employee","Regular",1,"Remote",7.3
101845,6,21,5,108057,2019-02-06,NA,"Active",NA,"Employee","Regular",0.8,"Hybrid",7.09
104260,6,21,10,102863,2019-02-15,NA,"Active",NA,"Employee","Regular",1,"Hybrid",7.06
101053,6,21,8,100737,2019-02-21,NA,"Active",NA,"Employee","Regular",1,"Onsite",7.05
103408,6,21,9,109900,2019-02-26,2026-02-03,"Terminated","Voluntary","Employee","Regular",1,"Onsite",6.94
103666,6,21,4,109349,2019-04-18,NA,"Active",NA,"Employee","Regular",1,"Onsite",6.89
101422,6,21,3,103321,2019-04-20,2025-08-20,"Terminated","Voluntary","Contractor","Regular",0.8,"Hybrid",6.33
103572,6,21,6,103341,2019-06-04,NA,"Active",NA,"Employee","Regular",1,"Onsite",6.76
108854,6,21,12,106701,2019-06-24,2025-09-06,"Terminated","Voluntary","Employee","Regular",1,"Onsite",6.2
101272,6,21,1,101028,2019-07-11,NA,"Active",NA,"Contractor","Regular",1,"Remote",6.66
109727,6,21,11,108069,2019-08-09,NA,"Active",NA,"Employee","Regular",1,"Onsite",6.58
106698,6,21,1,108503,2019-09-08,2024-02-12,"Terminated","Involuntary","Employee","Regular",1,"Remote",4.43
102983,6,21,12,100235,2019-09-10,NA,"Active",NA,"Employee","Regular",1,"Hybrid",6.5
101193,6,21,6,106291,2019-09-20,2023-11-01,"Terminated","Reduction in Force","Contractor","Regular",1,"Onsite",4.11
108540,6,21,1,101461,2019-10-03,NA,"Active",NA,"Employee","Regular",0.8,"Remote",6.43
101548,6,21,3,108665,2019-11-02,NA,"Active",NA,"Employee","Regular",1,"Hybrid",6.35
108548,6,21,10,102884,2019-11-13,NA,"Active",NA,"Employee","Temporary",1,"Onsite",6.32
107526,6,21,9,105104,2019-11-22,NA,"Active",NA,"Contractor","Regular",1,"Hybrid",6.3
100879,6,21,1,109363,2019-11-26,NA,"Active",NA,"Employee","Regular",1,"Onsite",6.28
100686,6,21,11,105835,2019-12-18,2025-11-25,"Terminated","Reduction in Force","Employee","Regular",1,"Remote",5.94
102233,6,21,11,107514,2020-01-16,NA,"Active",NA,"Contractor","Regular",1,"Remote",6.15
109210,6,21,3,104567,2020-01-27,NA,"Active",NA,"Employee","Regular",1,"Remote",6.12
107491,6,21,10,101680,2020-02-05,NA,"Active",NA,"Employee","Regular",1,"Hybrid",6.09
103574,6,21,7,102178,2020-02-14,NA,"Active",NA,"Employee","Regular",1,"Remote",6.07
108602,6,21,3,101680,2020-03-09,NA,"Active",NA,"Employee","Regular",1,"Remote",6
101340,6,21,9,109413,2020-04-06,NA,"Active",NA,"Employee","Regular",1,"Onsite",5.93
103252,6,21,1,107406,2020-04-07,NA,"Active",NA,"Employee","Regular",1,"Onsite",5.92
102173,6,21,3,100779,2020-04-19,NA,"Active",NA,"Employee","Regular",1,"Remote",5.89
102676,6,21,9,104810,2020-07-18,NA,"Active",NA,"Employee","Regular",1,"Hybrid",5.64
108971,6,21,4,102003,2020-07-24,NA,"Active",NA,"Employee","Regular",1,"Hybrid",5.63
108851,6,21,6,106664,2020-08-19,NA,"Active",NA,"Contractor","Regular",1,"Remote",5.56
107450,6,21,12,101200,2020-09-10,NA,"Active",NA,"Employee","Regular",1,"Onsite",5.5
101331,6,21,11,109823,2020-09-14,2024-11-20,"Terminated","Voluntary","Employee","Regular",1,"Remote",4.18
107447,6,21,5,105486,2020-12-21,NA,"Active",NA,"Employee","Regular",1,"Hybrid",5.22
103687,6,21,1,109069,2021-01-22,NA,"Active",NA,"Employee","Regular",1,"Onsite",5.13
104770,6,21,2,105900,2021-02-05,NA,"Active",NA,"Employee","Regular",1,"Onsite",5.09
109428,6,21,4,102071,2021-04-29,NA,"Active",NA,"Employee","Regular",1,"Onsite",4.86
106390,6,21,6,105008,2021-05-20,NA,"Active",NA,"Employee","Regular",0.8,"Remote",4.81
105959,6,21,2,106168,2021-05-27,NA,"Active",NA,"Employee","Regular",0.6,"Remote",4.79
104947,6,21,10,101747,2021-05-28,NA,"Active",NA,"Employee","Regular",1,"Hybrid",4.78
105922,6,21,12,109179,2021-08-28,NA,"Active",NA,"Employee","Regular",1,"Onsite",4.53
103678,6,21,7,109705,2021-09-02,NA,"Active",NA,"Employee","Regular",1,"Onsite",4.52
107281,6,21,2,106701,2021-12-10,NA,"Active",NA,"Employee","Regular",1,"Remote",4.25
106571,6,21,6,107787,2021-12-17,NA,"Active",NA,"Employee","Temporary",1,"Onsite",4.23
103719,6,21,7,105540,2022-03-05,2025-11-10,"Terminated","Involuntary","Employee","Regular",0.8,"Onsite",3.68
106445,6,21,3,109845,2022-06-20,NA,"Active",NA,"Employee","Regular",1,"Remote",3.72
107674,6,21,7,104737,2022-07-15,NA,"Active",NA,"Employee","Regular",1,"Onsite",3.65
109800,6,21,12,104703,2022-08-02,NA,"Active",NA,"Employee","Regular",1,"Hybrid",3.6
105498,6,21,11,102642,2022-08-16,2025-04-11,"Terminated","Voluntary","Employee","Regular",1,"Hybrid",2.65
101617,6,21,7,109705,2022-09-15,NA,"Active",NA,"Employee","Regular",1,"Hybrid",3.48
104365,6,21,2,106664,2022-09-23,NA,"Active",NA,"Employee","Regular",1,"Hybrid",3.46
108120,6,21,9,107406,2022-10-18,NA,"Active",NA,"Employee","Regular",1,"Hybrid",3.39
103059,6,21,6,105268,2022-12-05,NA,"Active",NA,"Employee","Regular",0.6,"Hybrid",3.26
108341,6,21,8,102863,2022-12-15,NA,"Active",NA,"Employee","Regular",1,"Hybrid",3.23
102708,6,21,8,101690,2023-02-21,NA,"Active",NA,"Employee","Regular",0.8,"Hybrid",3.05
100868,6,21,4,107507,2023-04-09,NA,"Active",NA,"Employee","Temporary",1,"Hybrid",2.92
101368,6,21,8,101104,2023-04-24,NA,"Active",NA,"Employee","Regular",1,"Hybrid",2.88
106345,6,21,6,107672,2023-05-16,NA,"Active",NA,"Employee","Regular",1,"Onsite",2.82
107681,6,21,4,107777,2023-06-09,NA,"Active",NA,"Employee","Regular",1,"Onsite",2.75
104778,6,21,6,100943,2023-07-02,NA,"Active",NA,"Employee","Regular",1,"Onsite",2.69
107105,6,21,3,101561,2023-10-03,NA,"Active",NA,"Contractor","Regular",0.8,"Onsite",2.43
101068,6,21,11,102351,2023-10-11,NA,"Active",NA,"Employee","Regular",1,"Remote",2.41
108930,6,21,2,103942,2023-10-19,NA,"Active",NA,"Employee","Regular",1,"Hybrid",2.39
103727,6,21,3,102016,2023-10-22,NA,"Active",NA,"Employee","Regular",1,"Remote",2.38
100329,6,21,1,100710,2023-12-04,NA,"Active",NA,"Employee","Regular",1,"Hybrid",2.26
108731,6,21,3,108310,2023-12-11,NA,"Active",NA,"Employee","Regular",1,"Hybrid",2.24
105506,6,21,9,102884,2023-12-19,NA,"Active",NA,"Contractor","Regular",1,"Hybrid",2.22
100030,6,21,3,100737,2023-12-30,NA,"Active",NA,"Employee","Regular",1,"Onsite",2.19
108831,6,21,3,108615,2024-01-26,NA,"Active",NA,"Employee","Regular",1,"Hybrid",2.12
107331,6,21,12,106106,2024-02-15,NA,"Active",NA,"Employee","Regular",1,"Remote",2.06
108304,6,21,1,101510,2024-03-28,NA,"Active",NA,"Employee","Regular",0.8,"Onsite",1.95
101798,6,21,10,102269,2024-05-05,NA,"Active",NA,"Employee","Regular",1,"Hybrid",1.85
104109,6,21,4,108589,2024-05-11,NA,"Active",NA,"Employee","Regular",1,"Onsite",1.83
107357,6,21,2,109193,2024-05-24,NA,"Active",NA,"Employee","Regular",1,"Remote",1.79
106419,6,21,12,101384,2024-06-13,NA,"Active",NA,"Employee","Regular",0.8,"Hybrid",1.74
108367,6,21,1,104932,2024-07-13,NA,"Active",NA,"Employee","Regular",1,"Remote",1.66
107821,6,21,2,109491,2024-08-16,NA,"Active",NA,"Employee","Regular",1,"Hybrid",1.56
107985,6,21,5,101510,2024-08-18,NA,"Active",NA,"Employee","Regular",1,"Remote",1.56
103281,6,21,2,104271,2024-08-24,NA,"Active",NA,"Employee","Regular",1,"Onsite",1.54
106015,6,21,12,108992,2024-09-19,NA,"Active",NA,"Employee","Regular",1,"Remote",1.47
107771,6,21,2,101690,2024-09-21,NA,"Active",NA,"Employee","Regular",1,"Onsite",1.47
102074,6,21,11,102100,2024-10-15,NA,"Active",NA,"Employee","Regular",0.6,"Onsite",1.4
101087,6,21,1,108503,2024-10-23,NA,"Active",NA,"Employee","Regular",1,"Remote",1.38
106552,6,21,3,102235,2024-12-16,NA,"Active",NA,"Employee","Regular",1,"Remote",1.23
100646,6,21,12,109193,2025-01-09,NA,"Active",NA,"Employee","Regular",1,"Onsite",1.16
106844,6,21,12,101384,2025-01-14,NA,"Active",NA,"Employee","Regular",1,"Hybrid",1.15
104959,6,21,6,109179,2025-02-05,NA,"Active",NA,"Employee","Temporary",1,"Hybrid",1.09
107941,6,21,6,103321,2025-03-23,NA,"Active",NA,"Employee","Regular",1,"Onsite",0.96
102664,6,21,3,109908,2025-05-07,NA,"Active",NA,"Employee","Regular",1,"Hybrid",0.84
100101,6,21,1,109805,2025-08-12,NA,"Active",NA,"Employee","Regular",1,"Hybrid",0.58
105799,6,21,1,108310,2025-08-13,NA,"Active",NA,"Employee","Regular",1,"Remote",0.57
102736,6,21,1,109413,2025-08-18,NA,"Active",NA,"Employee","Temporary",1,"Onsite",0.56
105523,6,21,7,106168,2025-09-09,NA,"Active",NA,"Employee","Regular",1,"Onsite",0.5
109933,6,21,3,103620,2025-09-19,NA,"Active",NA,"Employee","Regular",0.8,"Remote",0.47
106398,6,21,3,107028,2025-09-25,NA,"Active",NA,"Contractor","Regular",0.8,"Onsite",0.45
107796,6,21,7,109823,2025-09-30,NA,"Active",NA,"Employee","Regular",1,"Onsite",0.44
108953,6,21,5,100235,2025-10-10,NA,"Active",NA,"Employee","Regular",1,"Hybrid",0.41
109779,6,21,4,102269,2025-10-12,NA,"Active",NA,"Employee","Regular",1,"Onsite",0.41
107553,6,21,8,101491,2025-11-01,NA,"Active",NA,"Contractor","Regular",0.8,"Hybrid",0.35
107269,6,21,5,101546,2025-11-22,NA,"Active",NA,"Employee","Regular",1,"Hybrid",0.3
106173,6,21,3,102283,2026-01-13,NA,"Active",NA,"Employee","Regular",1,"Onsite",0.15
109005,6,21,6,104145,2026-01-23,NA,"Active",NA,"Employee","Regular",1,"Remote",0.13
106954,6,21,8,109443,2026-01-31,NA,"Active",NA,"Employee","Regular",1,"Hybrid",0.1
102394,8,29,9,107539,2013-01-06,NA,"Active",NA,"Employee","Regular",1,"Onsite",13.17
109493,8,29,2,100080,2013-02-12,2017-10-08,"Terminated","Voluntary","Employee","Temporary",1,"Hybrid",4.65
108877,8,29,9,103562,2013-02-15,NA,"Active",NA,"Employee","Regular",0.8,"Onsite",13.06
100844,8,29,1,105607,2013-02-18,2021-12-14,"Terminated","Voluntary","Employee","Regular",1,"Onsite",8.82
107719,8,29,2,104391,2013-02-24,NA,"Active",NA,"Employee","Regular",1,"Hybrid",13.04
103825,8,29,11,108343,2013-03-09,NA,"Active",NA,"Employee","Regular",0.8,"Hybrid",13
104716,8,29,3,102063,2013-03-14,NA,"Active",NA,"Employee","Regular",1,"Hybrid",12.99
101114,8,29,3,107730,2013-03-20,NA,"Active",NA,"Employee","Regular",0.8,"Remote",12.97
100446,8,29,9,104323,2013-03-22,NA,"Active",NA,"Employee","Regular",1,"Hybrid",12.97
100511,8,29,9,109712,2013-04-03,NA,"Active",NA,"Employee","Regular",1,"Remote",12.93
109735,8,29,11,109739,2013-04-07,NA,"Active",NA,"Employee","Regular",1,"Onsite",12.92
108964,8,29,10,105185,2013-05-02,NA,"Active",NA,"Employee","Regular",0.8,"Hybrid",12.85
107177,8,29,3,108149,2013-05-09,NA,"Active",NA,"Employee","Regular",1,"Onsite",12.84
109770,8,29,3,105185,2013-06-05,2019-11-07,"Terminated","Voluntary","Employee","Regular",1,"Onsite",6.42
103356,8,29,1,102530,2013-06-22,2024-08-13,"Terminated","Voluntary","Employee","Temporary",1,"Onsite",11.14
107300,8,29,11,109541,2013-07-04,NA,"Active",NA,"Employee","Regular",1,"Remote",12.68
102871,8,29,9,108708,2013-07-06,2025-05-05,"Terminated","Voluntary","Employee","Regular",1,"Hybrid",11.83
105771,8,29,12,106779,2013-07-12,NA,"Active",NA,"Employee","Regular",1,"Remote",12.66
101974,8,29,10,101113,2013-07-27,NA,"Active",NA,"Contractor","Regular",1,"Hybrid",12.62
103196,8,29,5,100468,2013-07-28,NA,"Active",NA,"Employee","Regular",1,"Hybrid",12.62
100776,8,29,5,101379,2013-08-02,NA,"Active",NA,"Employee","Regular",1,"Remote",12.6
103831,8,29,3,100141,2013-08-03,2026-02-14,"Terminated","Involuntary","Employee","Regular",1,"Hybrid",12.53
104990,8,29,4,101055,2013-08-25,NA,"Active",NA,"Employee","Regular",1,"Onsite",12.54
100735,8,29,8,103051,2013-09-16,NA,"Active",NA,"Employee","Regular",1,"Remote",12.48
108498,8,29,3,108664,2013-09-20,NA,"Active",NA,"Employee","Regular",1,"Hybrid",12.47
105639,8,29,11,100250,2013-10-02,NA,"Active",NA,"Contractor","Regular",1,"Hybrid",12.44
109292,8,29,3,101691,2013-10-15,NA,"Active",NA,"Employee","Regular",1,"Onsite",12.4
106632,8,29,7,105993,2013-11-09,NA,"Active",NA,"Employee","Regular",1,"Onsite",12.33
105283,8,29,7,109680,2013-11-14,NA,"Active",NA,"Employee","Regular",1,"Remote",12.32
102037,8,29,10,105395,2013-11-18,NA,"Active",NA,"Employee","Regular",1,"Onsite",12.31
109579,8,29,5,109341,2013-12-12,NA,"Active",NA,"Employee","Regular",1,"Onsite",12.24
104001,8,29,4,101008,2013-12-24,NA,"Active",NA,"Employee","Regular",1,"Hybrid",12.21
107215,8,29,2,107285,2014-01-02,NA,"Active",NA,"Employee","Regular",1,"Hybrid",12.18
107797,8,29,4,107286,2014-01-22,NA,"Active",NA,"Employee","Regular",1,"Remote",12.13
103935,8,29,4,109712,2014-01-26,NA,"Active",NA,"Employee","Regular",1,"Hybrid",12.12
101279,8,29,8,105676,2014-03-01,NA,"Active",NA,"Employee","Regular",1,"Onsite",12.02
107682,8,29,3,105910,2014-03-01,NA,"Active",NA,"Employee","Regular",1,"Remote",12.02
102766,8,29,10,108744,2014-03-10,2023-02-13,"Terminated","Voluntary","Employee","Regular",0.8,"Onsite",8.93
108034,8,29,10,109447,2014-03-16,2023-04-13,"Terminated","Reduction in Force","Employee","Regular",1,"Onsite",9.08
103264,8,29,8,105676,2014-03-21,NA,"Active",NA,"Employee","Regular",1,"Onsite",11.97
103495,8,29,5,105280,2014-04-02,NA,"Active",NA,"Employee","Regular",1,"Onsite",11.94
103806,8,29,6,105681,2014-04-05,NA,"Active",NA,"Employee","Regular",1,"Onsite",11.93
107996,8,29,11,108688,2014-04-18,NA,"Active",NA,"Employee","Regular",1,"Remote",11.89
104456,8,29,8,101877,2014-04-19,NA,"Active",NA,"Contractor","Regular",0.8,"Onsite",11.89
100714,8,29,11,100080,2014-05-02,NA,"Active",NA,"Employee","Regular",1,"Hybrid",11.85
102012,8,29,6,109542,2014-05-02,NA,"Active",NA,"Employee","Regular",0.6,"Remote",11.85
109317,8,29,2,102409,2014-05-28,NA,"Active",NA,"Employee","Regular",1,"Hybrid",11.78
102151,8,29,3,108621,2014-06-09,2018-05-14,"Terminated","Voluntary","Employee","Regular",0.8,"Onsite",3.93
109733,8,29,5,103501,2014-06-15,NA,"Active",NA,"Employee","Regular",1,"Hybrid",11.73
107621,8,29,9,109562,2014-06-23,NA,"Active",NA,"Employee","Temporary",1,"Remote",11.71
105107,8,29,1,103250,2014-06-26,NA,"Active",NA,"Employee","Regular",0.6,"Remote",11.7
102609,8,29,12,106323,2014-07-06,NA,"Active",NA,"Employee","Regular",1,"Onsite",11.68
103763,8,29,8,106815,2014-07-09,2018-05-29,"Terminated","Voluntary","Employee","Regular",0.8,"Hybrid",3.89
100389,8,29,8,102197,2014-07-12,NA,"Active",NA,"Employee","Regular",1,"Remote",11.66
106635,8,29,2,105511,2014-07-13,NA,"Active",NA,"Contractor","Regular",1,"Remote",11.66
107820,8,29,5,100596,2014-07-16,NA,"Active",NA,"Employee","Regular",1,"Hybrid",11.65
107576,8,29,12,103615,2014-08-01,NA,"Active",NA,"Employee","Regular",1,"Hybrid",11.61
109220,8,29,5,108668,2014-08-17,NA,"Active",NA,"Employee","Regular",1,"Hybrid",11.56
108084,8,29,11,106960,2014-08-21,NA,"Active",NA,"Employee","Regular",1,"Remote",11.55
108764,8,29,6,104373,2014-08-27,2023-04-04,"Terminated","Voluntary","Employee","Regular",0.6,"Onsite",8.6
107344,8,29,4,105676,2014-09-03,NA,"Active",NA,"Employee","Regular",1,"Onsite",11.52
105918,8,29,3,106093,2014-09-13,NA,"Active",NA,"Employee","Regular",1,"Hybrid",11.49
109724,8,29,6,104573,2014-09-14,NA,"Active",NA,"Employee","Regular",1,"Hybrid",11.48
108939,8,29,1,105205,2014-09-20,2025-03-06,"Terminated","Voluntary","Employee","Regular",1,"Onsite",10.46
109383,8,29,5,104111,2014-09-23,NA,"Active",NA,"Employee","Regular",1,"Hybrid",11.46
100432,8,29,11,103539,2014-09-26,2024-10-18,"Terminated","Voluntary","Employee","Regular",1,"Hybrid",10.06
108426,8,29,11,107942,2014-10-02,NA,"Active",NA,"Employee","Regular",1,"Onsite",11.44
107646,8,29,2,104786,2014-10-10,NA,"Active",NA,"Employee","Regular",0.8,"Hybrid",11.41
107118,8,29,2,108373,2014-11-04,NA,"Active",NA,"Employee","Regular",1,"Onsite",11.35
108108,8,29,7,101877,2014-11-05,NA,"Active",NA,"Employee","Regular",1,"Remote",11.34
103195,8,29,3,101074,2014-11-25,NA,"Active",NA,"Employee","Regular",1,"Hybrid",11.29
108591,8,29,11,107350,2014-12-20,NA,"Active",NA,"Employee","Regular",1,"Hybrid",11.22
104367,8,29,6,103562,2014-12-30,NA,"Active",NA,"Employee","Regular",1,"Hybrid",11.19
101599,8,29,11,105185,2015-01-03,NA,"Active",NA,"Employee","Regular",1,"Hybrid",11.18
102728,8,29,12,100864,2015-01-03,NA,"Active",NA,"Employee","Regular",1,"Remote",11.18
108981,8,29,7,104207,2015-01-27,NA,"Active",NA,"Employee","Regular",1,"Hybrid",11.12
107149,8,29,2,108256,2015-02-04,2022-11-29,"Terminated","Voluntary","Employee","Regular",1,"Onsite",7.82
103303,8,29,7,103288,2015-02-09,NA,"Active",NA,"Employee","Regular",1,"Onsite",11.08
100045,8,29,4,100742,2015-02-17,NA,"Active",NA,"Employee","Regular",0.8,"Hybrid",11.06
107826,8,29,10,101304,2015-03-11,NA,"Active",NA,"Employee","Temporary",1,"Hybrid",11
102717,8,29,4,104560,2015-03-16,NA,"Active",NA,"Employee","Regular",1,"Hybrid",10.98
100885,8,29,6,101751,2015-03-19,NA,"Active",NA,"Employee","Regular",1,"Hybrid",10.98
100144,8,29,11,108256,2015-04-02,NA,"Active",NA,"Employee","Regular",1,"Onsite",10.94
107873,8,29,5,103402,2015-04-04,NA,"Active",NA,"Employee","Regular",1,"Onsite",10.93
109316,8,29,10,100596,2015-04-30,2021-12-26,"Terminated","Involuntary","Contractor","Regular",1,"Hybrid",6.66
108610,8,29,2,109739,2015-05-02,NA,"Active",NA,"Employee","Temporary",1,"Hybrid",10.85
107008,8,29,1,105676,2015-05-03,NA,"Active",NA,"Employee","Regular",1,"Remote",10.85
103897,8,29,11,101290,2015-05-13,NA,"Active",NA,"Employee","Regular",1,"Remote",10.82
100205,8,29,4,101531,2015-05-14,2022-08-04,"Terminated","Reduction in Force","Employee","Temporary",1,"Onsite",7.22
107532,8,29,6,104428,2015-05-20,NA,"Active",NA,"Employee","Regular",1,"Onsite",10.81
105427,8,29,10,102190,2015-05-23,NA,"Active",NA,"Employee","Regular",1,"Onsite",10.8
100488,8,29,3,103250,2015-05-25,2023-09-06,"Terminated","Involuntary","Employee","Regular",1,"Onsite",8.28
103800,8,29,2,107629,2015-06-02,NA,"Active",NA,"Employee","Regular",1,"Hybrid",10.77
108416,8,29,6,105399,2015-06-21,NA,"Active",NA,"Employee","Regular",1,"Hybrid",10.72
103866,8,29,5,102696,2015-07-09,NA,"Active",NA,"Employee","Regular",1,"Hybrid",10.67
101551,8,29,6,109660,2015-07-13,NA,"Active",NA,"Employee","Regular",1,"Onsite",10.66
105877,8,29,8,105607,2015-07-23,NA,"Active",NA,"Employee","Regular",1,"Hybrid",10.63
104463,8,29,7,109986,2015-07-31,2019-04-22,"Terminated","Involuntary","Employee","Regular",1,"Hybrid",3.73
104265,8,29,9,104612,2015-08-22,NA,"Active",NA,"Employee","Regular",1,"Onsite",10.55
101885,8,29,8,103588,2015-08-23,NA,"Active",NA,"Employee","Regular",1,"Onsite",10.55
100994,8,29,11,108799,2015-09-16,NA,"Active",NA,"Employee","Regular",1,"Remote",10.48
103504,8,29,3,104037,2015-10-23,2025-12-27,"Terminated","Voluntary","Employee","Regular",1,"Hybrid",10.18
108100,8,29,2,104373,2015-11-05,NA,"Active",NA,"Employee","Regular",1,"Hybrid",10.34
109529,8,29,12,108668,2015-11-07,NA,"Active",NA,"Employee","Regular",0.8,"Remote",10.34
101238,8,29,9,107285,2015-11-09,2024-06-09,"Terminated","Voluntary","Employee","Regular",1,"Onsite",8.58
102284,8,29,11,105302,2015-12-05,2025-10-17,"Terminated","Voluntary","Employee","Regular",1,"Onsite",9.87
104557,8,29,6,105395,2015-12-05,NA,"Active",NA,"Employee","Regular",1,"Onsite",10.26
109080,8,29,12,105500,2015-12-05,NA,"Active",NA,"Employee","Regular",1,"Hybrid",10.26
104281,8,29,3,108902,2015-12-09,NA,"Active",NA,"Employee","Regular",1,"Remote",10.25
108086,8,29,1,100468,2015-12-10,NA,"Active",NA,"Employee","Regular",1,"Hybrid",10.25
107772,8,29,10,106779,2015-12-14,NA,"Active",NA,"Employee","Regular",1,"Hybrid",10.24
104881,8,29,2,101215,2015-12-15,NA,"Active",NA,"Employee","Temporary",1,"Hybrid",10.23
100255,8,29,1,108976,2015-12-28,NA,"Active",NA,"Employee","Regular",0.8,"Onsite",10.2
105564,8,29,2,106842,2016-01-21,NA,"Active",NA,"Employee","Regular",1,"Hybrid",10.13
101105,8,29,3,105511,2016-02-07,NA,"Active",NA,"Employee","Regular",1,"Onsite",10.08
101791,8,29,7,109113,2016-02-14,NA,"Active",NA,"Employee","Regular",1,"Remote",10.07
104142,8,29,2,108151,2016-02-17,2021-12-06,"Terminated","Involuntary","Employee","Regular",1,"Hybrid",5.8
100344,8,29,9,101612,2016-02-26,NA,"Active",NA,"Employee","Regular",0.8,"Hybrid",10.03
103859,8,29,3,102753,2016-03-13,2020-03-21,"Terminated","Involuntary","Contractor","Regular",1,"Onsite",4.02
102348,8,29,10,105017,2016-03-23,NA,"Active",NA,"Employee","Regular",1,"Onsite",9.96
103257,8,29,4,101751,2016-03-24,2021-11-13,"Terminated","Involuntary","Employee","Regular",1,"Remote",5.64
109540,8,29,4,102347,2016-04-28,NA,"Active",NA,"Employee","Regular",1,"Onsite",9.87
102257,8,29,4,101290,2016-05-03,NA,"Active",NA,"Employee","Regular",1,"Remote",9.85
105461,8,29,3,107520,2016-05-21,2025-01-23,"Terminated","Voluntary","Employee","Regular",1,"Hybrid",8.68
108927,8,29,10,103615,2016-05-24,2020-09-24,"Terminated","Involuntary","Employee","Regular",1,"Hybrid",4.34
103589,8,29,1,106370,2016-06-08,NA,"Active",NA,"Employee","Regular",1,"Remote",9.75
109388,8,29,12,100141,2016-06-28,NA,"Active",NA,"Employee","Regular",0.6,"Remote",9.7
100181,8,29,5,106043,2016-07-16,2025-11-18,"Terminated","Reduction in Force","Employee","Regular",1,"Hybrid",9.34
103842,8,29,4,103434,2016-07-27,NA,"Active",NA,"Employee","Regular",1,"Hybrid",9.62
104788,8,29,1,107832,2016-08-09,2022-09-24,"Terminated","Involuntary","Employee","Regular",1,"Hybrid",6.13
105770,8,29,9,105349,2016-08-18,NA,"Active",NA,"Employee","Regular",1,"Hybrid",9.56
102441,8,29,7,101099,2016-08-28,NA,"Active",NA,"Employee","Regular",1,"Hybrid",9.53
104598,8,29,5,103459,2016-08-28,NA,"Active",NA,"Employee","Regular",1,"Hybrid",9.53
107332,8,29,6,104996,2016-09-09,NA,"Active",NA,"Employee","Regular",1,"Hybrid",9.5
106615,8,29,1,109680,2016-10-07,NA,"Active",NA,"Employee","Regular",1,"Onsite",9.42
109716,8,29,9,106645,2016-10-14,NA,"Active",NA,"Employee","Regular",1,"Onsite",9.4
103595,8,29,6,105434,2016-10-27,NA,"Active",NA,"Employee","Regular",1,"Hybrid",9.37
100047,8,29,3,100657,2016-11-10,NA,"Active",NA,"Employee","Regular",1,"Hybrid",9.33
103396,8,29,3,107520,2016-11-15,NA,"Active",NA,"Employee","Regular",1,"Remote",9.32
100745,8,29,12,102753,2016-12-04,2024-05-13,"Terminated","Involuntary","Employee","Regular",1,"Hybrid",7.44
106952,8,29,4,106842,2016-12-21,NA,"Active",NA,"Employee","Regular",1,"Hybrid",9.22
109633,8,29,1,107629,2016-12-24,NA,"Active",NA,"Employee","Regular",1,"Hybrid",9.21
106896,8,29,11,104751,2016-12-26,NA,"Active",NA,"Employee","Regular",0.6,"Onsite",9.2
106102,8,29,6,105332,2016-12-31,NA,"Active",NA,"Employee","Regular",0.8,"Remote",9.19
104606,8,29,4,104808,2017-01-10,2021-03-06,"Terminated","Voluntary","Employee","Regular",1,"Onsite",4.15
107556,8,29,8,108688,2017-01-10,NA,"Active",NA,"Employee","Regular",1,"Hybrid",9.16
106514,8,29,8,108856,2017-01-11,NA,"Active",NA,"Employee","Regular",0.6,"Hybrid",9.16
106914,8,29,3,100216,2017-01-17,NA,"Active",NA,"Contractor","Regular",1,"Onsite",9.14
103115,8,29,9,100324,2017-01-22,NA,"Active",NA,"Employee","Regular",1,"Hybrid",9.13
106577,8,29,10,105050,2017-01-30,NA,"Active",NA,"Employee","Regular",1,"Onsite",9.11
101256,8,29,11,106043,2017-02-01,NA,"Active",NA,"Employee","Regular",0.8,"Hybrid",9.1
109147,8,29,5,104391,2017-02-03,NA,"Active",NA,"Employee","Regular",1,"Hybrid",9.1
102155,8,29,1,105681,2017-02-13,2024-04-05,"Terminated","Voluntary","Contractor","Regular",1,"Hybrid",7.14
105138,8,29,4,106543,2017-02-16,NA,"Active",NA,"Employee","Regular",1,"Onsite",9.06
101959,8,29,10,109113,2017-02-19,NA,"Active",NA,"Employee","Regular",1,"Onsite",9.05
102010,8,29,5,109680,2017-03-19,2025-05-08,"Terminated","Voluntary","Contractor","Regular",0.8,"Onsite",8.14
108134,8,29,12,101925,2017-03-23,NA,"Active",NA,"Employee","Regular",1,"Remote",8.96
106369,8,29,9,108718,2017-05-17,NA,"Active",NA,"Employee","Temporary",1,"Hybrid",8.81
100698,8,29,3,103402,2017-05-28,2025-03-25,"Terminated","Involuntary","Employee","Regular",0.8,"Onsite",7.82
102088,8,29,6,106423,2017-05-30,NA,"Active",NA,"Employee","Regular",1,"Onsite",8.78
104713,8,29,3,108910,2017-07-05,NA,"Active",NA,"Employee","Regular",1,"Onsite",8.68
106617,8,29,12,104813,2017-07-27,NA,"Active",NA,"Employee","Regular",1,"Onsite",8.62
103407,8,29,1,100846,2017-07-31,NA,"Active",NA,"Employee","Regular",1,"Hybrid",8.61
107551,8,29,3,106423,2017-08-21,NA,"Active",NA,"Employee","Regular",0.6,"Onsite",8.55
108732,8,29,3,107247,2017-08-23,NA,"Active",NA,"Employee","Regular",1,"Onsite",8.55
106880,8,29,3,108688,2017-09-06,NA,"Active",NA,"Employee","Regular",1,"Onsite",8.51
101362,8,29,3,105050,2017-09-17,NA,"Active",NA,"Employee","Regular",1,"Onsite",8.48
109573,8,29,10,101568,2017-09-27,2026-02-16,"Terminated","Voluntary","Employee","Regular",1,"Remote",8.39
106301,8,29,3,106743,2017-09-30,NA,"Active",NA,"Employee","Regular",1,"Hybrid",8.44
103861,8,29,3,108708,2017-10-24,2025-03-14,"Terminated","Voluntary","Employee","Regular",1,"Hybrid",7.39
103899,8,29,9,100657,2017-11-12,NA,"Active",NA,"Employee","Regular",1,"Hybrid",8.32
101315,8,29,10,107502,2017-11-13,NA,"Active",NA,"Employee","Regular",1,"Onsite",8.32
108659,8,29,4,104259,2017-11-13,NA,"Active",NA,"Employee","Regular",1,"Onsite",8.32
105034,8,29,2,103002,2017-12-06,NA,"Active",NA,"Employee","Regular",1,"Hybrid",8.26
108839,8,29,4,107519,2017-12-23,NA,"Active",NA,"Employee","Regular",1,"Onsite",8.21
100241,8,29,12,105349,2018-01-01,NA,"Active",NA,"Employee","Regular",1,"Hybrid",8.19
103107,8,29,3,105434,2018-01-06,2023-02-27,"Terminated","Voluntary","Employee","Regular",1,"Remote",5.14
104768,8,29,1,100905,2018-01-15,NA,"Active",NA,"Employee","Regular",1,"Hybrid",8.15
105984,8,29,2,109788,2018-02-06,NA,"Active",NA,"Employee","Regular",1,"Onsite",8.09
105436,8,29,8,103353,2018-02-09,NA,"Active",NA,"Employee","Regular",1,"Onsite",8.08
102025,8,29,9,107350,2018-02-25,NA,"Active",NA,"Employee","Temporary",1,"Hybrid",8.04
101133,8,29,10,107677,2018-03-21,2022-08-28,"Terminated","Involuntary","Employee","Regular",1,"Hybrid",4.44
103714,8,29,7,103459,2018-03-21,NA,"Active",NA,"Employee","Temporary",1,"Onsite",7.97
109820,8,29,2,107595,2018-03-21,NA,"Active",NA,"Employee","Regular",1,"Remote",7.97
102327,8,29,3,102387,2018-04-08,NA,"Active",NA,"Employee","Regular",1,"Onsite",7.92
108121,8,29,8,108781,2018-04-21,NA,"Active",NA,"Contractor","Regular",0.8,"Remote",7.88
105028,8,29,1,103562,2018-04-23,NA,"Active",NA,"Employee","Regular",1,"Remote",7.88
105533,8,29,6,106779,2018-04-25,NA,"Active",NA,"Employee","Regular",1,"Remote",7.87
106144,8,29,11,102665,2018-04-29,2025-06-23,"Terminated","Voluntary","Employee","Regular",1,"Onsite",7.15
107780,8,29,10,103552,2018-05-06,NA,"Active",NA,"Employee","Regular",1,"Onsite",7.84
100552,8,29,10,105811,2018-05-14,NA,"Active",NA,"Employee","Temporary",1,"Hybrid",7.82
107169,8,29,3,106811,2018-05-19,NA,"Active",NA,"Employee","Regular",1,"Onsite",7.81
109450,8,29,5,103288,2018-06-01,NA,"Active",NA,"Employee","Regular",0.6,"Remote",7.77
101311,8,29,7,101113,2018-06-04,NA,"Active",NA,"Employee","Regular",1,"Onsite",7.76
101222,8,29,10,101957,2018-07-17,NA,"Active",NA,"Employee","Temporary",1,"Onsite",7.65
103742,8,29,3,102647,2018-07-24,NA,"Active",NA,"Employee","Regular",1,"Onsite",7.63
104286,8,29,7,107629,2018-08-29,NA,"Active",NA,"Employee","Regular",1,"Onsite",7.53
103837,8,29,3,102197,2018-09-23,NA,"Active",NA,"Employee","Regular",1,"Remote",7.46
103253,8,29,2,102197,2018-10-05,NA,"Active",NA,"Employee","Regular",1,"Hybrid",7.43
101207,8,29,3,104612,2018-10-09,NA,"Active",NA,"Employee","Regular",1,"Remote",7.42
101294,8,29,2,109739,2018-11-07,NA,"Active",NA,"Employee","Regular",1,"Hybrid",7.34
107688,8,29,5,100742,2018-11-16,NA,"Active",NA,"Employee","Regular",1,"Remote",7.31
103290,8,29,9,108902,2018-11-18,NA,"Active",NA,"Employee","Regular",1,"Hybrid",7.31
109866,8,29,12,106000,2018-11-25,NA,"Active",NA,"Employee","Regular",1,"Onsite",7.29
105951,8,29,1,106960,2018-12-04,NA,"Active",NA,"Employee","Regular",1,"Hybrid",7.26
101855,8,29,2,107650,2018-12-10,NA,"Active",NA,"Employee","Regular",0.6,"Onsite",7.25
101358,8,29,9,103501,2019-01-06,NA,"Active",NA,"Employee","Temporary",1,"Remote",7.17
104000,8,29,5,104410,2019-01-13,NA,"Active",NA,"Employee","Regular",0.8,"Remote",7.15
109780,8,29,2,104323,2019-01-13,NA,"Active",NA,"Employee","Regular",1,"Onsite",7.15
107045,8,29,5,105483,2019-01-16,NA,"Active",NA,"Contractor","Temporary",1,"Hybrid",7.15
100909,8,29,12,104422,2019-01-27,NA,"Active",NA,"Employee","Temporary",1,"Remote",7.12
108748,8,29,9,109562,2019-01-28,2022-12-28,"Terminated","Voluntary","Employee","Regular",0.8,"Remote",3.92
108899,8,29,10,103300,2019-02-08,NA,"Active",NA,"Employee","Regular",0.6,"Remote",7.08
107434,8,29,7,105437,2019-02-11,NA,"Active",NA,"Employee","Regular",1,"Hybrid",7.07
108237,8,29,12,100657,2019-02-11,NA,"Active",NA,"Employee","Regular",1,"Remote",7.07
105252,8,29,11,105607,2019-02-27,NA,"Active",NA,"Employee","Regular",1,"Remote",7.03
104138,8,29,9,100250,2019-03-11,NA,"Active",NA,"Employee","Regular",1,"Remote",7
101580,8,29,12,104236,2019-03-24,2024-08-21,"Terminated","Voluntary","Employee","Regular",1,"Remote",5.41
109368,8,29,11,104236,2019-03-25,NA,"Active",NA,"Employee","Regular",1,"Hybrid",6.96
101545,8,29,1,100080,2019-04-15,NA,"Active",NA,"Employee","Regular",0.8,"Remote",6.9
105546,8,29,12,108256,2019-05-12,NA,"Active",NA,"Employee","Regular",1,"Onsite",6.83
103826,8,29,3,104751,2019-05-24,NA,"Active",NA,"Employee","Regular",1,"Remote",6.79
108216,8,29,8,109660,2019-06-07,NA,"Active",NA,"Employee","Regular",0.8,"Onsite",6.76
102154,8,29,1,100742,2019-06-12,NA,"Active",NA,"Employee","Temporary",1,"Onsite",6.74
108524,8,29,6,101099,2019-06-12,NA,"Active",NA,"Employee","Temporary",0.6,"Remote",6.74
105986,8,29,1,101391,2019-06-29,NA,"Active",NA,"Employee","Regular",1,"Onsite",6.7
101482,8,29,7,102083,2019-07-01,NA,"Active",NA,"Employee","Temporary",1,"Hybrid",6.69
107645,8,29,6,101008,2019-07-19,NA,"Active",NA,"Employee","Regular",1,"Onsite",6.64
108693,8,29,4,101691,2019-07-19,NA,"Active",NA,"Employee","Regular",1,"Onsite",6.64
102356,8,29,10,109542,2019-07-24,NA,"Active",NA,"Employee","Regular",1,"Onsite",6.63
106425,8,29,8,102275,2019-07-24,NA,"Active",NA,"Employee","Regular",1,"Onsite",6.63
102797,8,29,2,100674,2019-08-25,NA,"Active",NA,"Employee","Regular",1,"Hybrid",6.54
106590,8,29,1,101754,2019-09-13,NA,"Active",NA,"Employee","Regular",1,"Onsite",6.49
101935,8,29,11,106370,2019-09-18,NA,"Active",NA,"Employee","Regular",1,"Onsite",6.47
108679,8,29,6,105050,2019-09-27,2024-04-04,"Terminated","Voluntary","Employee","Temporary",1,"Onsite",4.52
105102,8,29,9,104259,2019-10-10,2022-08-04,"Terminated","Voluntary","Employee","Regular",1,"Onsite",2.82
103529,8,29,2,103402,2019-10-20,NA,"Active",NA,"Employee","Regular",1,"Onsite",6.39
106784,8,29,6,108668,2019-10-25,2024-02-13,"Terminated","Involuntary","Employee","Regular",0.6,"Onsite",4.3
109506,8,29,11,100141,2019-10-27,NA,"Active",NA,"Employee","Regular",1,"Onsite",6.37
102723,8,29,4,104573,2019-11-12,2025-08-19,"Terminated","Voluntary","Employee","Regular",1,"Remote",5.77
106150,8,29,10,101304,2019-11-12,NA,"Active",NA,"Employee","Regular",1,"Onsite",6.32
101647,8,29,6,101531,2019-11-24,NA,"Active",NA,"Employee","Regular",1,"Hybrid",6.29
104937,8,29,5,107650,2019-11-27,NA,"Active",NA,"Employee","Regular",1,"Onsite",6.28
106110,8,29,6,109746,2019-12-08,2023-10-11,"Terminated","Reduction in Force","Employee","Regular",1,"Onsite",3.84
109539,8,29,11,103501,2019-12-24,2025-10-14,"Terminated","Voluntary","Employee","Regular",1,"Onsite",5.81
105826,8,29,7,106604,2019-12-26,NA,"Active",NA,"Employee","Regular",1,"Remote",6.2
107795,8,29,7,105349,2020-01-01,NA,"Active",NA,"Employee","Regular",1,"Hybrid",6.19
104458,8,29,5,105185,2020-01-03,NA,"Active",NA,"Employee","Regular",1,"Onsite",6.18
106415,8,29,10,108708,2020-01-17,NA,"Active",NA,"Employee","Regular",1,"Hybrid",6.14
104915,8,29,3,101925,2020-01-19,NA,"Active",NA,"Employee","Regular",1,"Remote",6.14
105914,8,29,7,106337,2020-01-25,NA,"Active",NA,"Employee","Regular",1,"Onsite",6.12
102412,8,29,8,105607,2020-02-17,NA,"Active",NA,"Contractor","Regular",1,"Onsite",6.06
100076,8,29,2,105082,2020-02-18,2023-11-04,"Terminated","Voluntary","Employee","Regular",1,"Remote",3.71
104878,8,29,12,104421,2020-03-26,NA,"Active",NA,"Employee","Regular",1,"Remote",5.96
104312,8,29,10,101304,2020-04-03,NA,"Active",NA,"Employee","Regular",1,"Onsite",5.93
108232,8,29,12,108428,2020-04-08,NA,"Active",NA,"Employee","Regular",1,"Hybrid",5.92
109133,8,29,11,106273,2020-04-16,NA,"Active",NA,"Employee","Regular",0.6,"Remote",5.9
109674,8,29,10,106772,2020-04-16,NA,"Active",NA,"Employee","Regular",1,"Hybrid",5.9
107001,8,29,4,100406,2020-05-20,NA,"Active",NA,"Employee","Regular",1,"Hybrid",5.81
108462,8,29,4,102665,2020-06-02,NA,"Active",NA,"Employee","Regular",1,"Hybrid",5.77
108532,8,29,7,106732,2020-06-03,NA,"Active",NA,"Employee","Regular",1,"Onsite",5.77
104069,8,29,4,105349,2020-06-06,NA,"Active",NA,"Employee","Regular",1,"Onsite",5.76
101619,8,29,10,108910,2020-06-13,NA,"Active",NA,"Employee","Regular",1,"Hybrid",5.74
105630,8,29,7,104543,2020-06-18,NA,"Active",NA,"Employee","Regular",0.8,"Hybrid",5.73
109896,8,29,6,100499,2020-06-24,NA,"Active",NA,"Employee","Regular",1,"Hybrid",5.71
101462,8,29,11,100790,2020-07-18,NA,"Active",NA,"Employee","Regular",1,"Hybrid",5.64
106079,8,29,3,106842,2020-07-22,NA,"Active",NA,"Employee","Regular",1,"Hybrid",5.63
107399,8,29,11,107537,2020-08-25,2024-01-08,"Terminated","Voluntary","Employee","Regular",1,"Onsite",3.37
109659,8,29,6,106515,2020-09-03,NA,"Active",NA,"Employee","Regular",1,"Onsite",5.52
108286,8,29,6,108621,2020-09-25,NA,"Active",NA,"Employee","Regular",1,"Onsite",5.45
103903,8,29,1,107832,2020-10-05,NA,"Active",NA,"Employee","Regular",1,"Remote",5.43
102965,8,29,7,108799,2020-10-09,NA,"Active",NA,"Employee","Regular",1,"Remote",5.42
100373,8,29,8,102190,2020-10-28,NA,"Active",NA,"Employee","Regular",1,"Onsite",5.36
102209,8,29,8,105291,2020-10-29,NA,"Active",NA,"Employee","Temporary",1,"Onsite",5.36
106191,8,29,1,102895,2020-11-18,NA,"Active",NA,"Employee","Regular",1,"Hybrid",5.31
101426,8,29,5,106886,2020-11-23,NA,"Active",NA,"Employee","Regular",1,"Onsite",5.29
102951,8,29,10,105511,2020-11-25,2024-10-14,"Terminated","Voluntary","Employee","Regular",1,"Hybrid",3.89
106562,8,29,3,107537,2020-12-03,NA,"Active",NA,"Employee","Regular",1,"Remote",5.27
104796,8,29,4,103029,2021-01-10,NA,"Active",NA,"Employee","Regular",1,"Onsite",5.16
108797,8,29,5,102312,2021-01-13,NA,"Active",NA,"Employee","Regular",1,"Hybrid",5.15
106017,8,29,2,104193,2021-01-26,NA,"Active",NA,"Employee","Regular",1,"Hybrid",5.12
105752,8,29,7,104764,2021-01-29,NA,"Active",NA,"Employee","Regular",1,"Onsite",5.11
102001,8,29,6,103300,2021-01-31,NA,"Active",NA,"Employee","Regular",0.8,"Hybrid",5.1
109353,8,29,5,104604,2021-01-31,NA,"Active",NA,"Employee","Regular",1,"Remote",5.1
107570,8,29,11,107452,2021-02-04,NA,"Active",NA,"Employee","Regular",1,"Remote",5.09
104712,8,29,1,105205,2021-02-14,NA,"Active",NA,"Employee","Regular",1,"Onsite",5.07
109035,8,29,10,109926,2021-02-15,NA,"Active",NA,"Employee","Regular",1,"Hybrid",5.06
105821,8,29,4,103260,2021-03-13,NA,"Active",NA,"Employee","Regular",1,"Hybrid",4.99
105203,8,29,2,102347,2021-03-27,NA,"Active",NA,"Employee","Regular",1,"Remote",4.95
103024,8,29,9,100499,2021-03-31,NA,"Active",NA,"Employee","Regular",1,"Remote",4.94
109729,8,29,8,106093,2021-04-09,NA,"Active",NA,"Employee","Regular",1,"Remote",4.92
101758,8,29,4,107285,2021-04-13,2025-12-03,"Terminated","Voluntary","Employee","Regular",0.8,"Hybrid",4.64
101602,8,29,2,107440,2021-04-18,NA,"Active",NA,"Employee","Regular",1,"Onsite",4.89
108456,8,29,10,103208,2021-04-19,NA,"Active",NA,"Employee","Regular",1,"Onsite",4.89
101949,8,29,10,108799,2021-04-20,NA,"Active",NA,"Contractor","Temporary",1,"Hybrid",4.89
101483,8,29,7,107519,2021-04-21,NA,"Active",NA,"Employee","Regular",1,"Onsite",4.88
104965,8,29,9,109113,2021-04-21,NA,"Active",NA,"Employee","Regular",1,"Hybrid",4.88
108184,8,29,3,108799,2021-05-20,NA,"Active",NA,"Employee","Regular",1,"Onsite",4.81
108464,8,29,5,102083,2021-06-20,NA,"Active",NA,"Employee","Regular",1,"Hybrid",4.72
103921,8,29,2,100499,2021-06-28,NA,"Active",NA,"Employee","Regular",0.8,"Hybrid",4.7
106163,8,29,5,103250,2021-07-17,NA,"Active",NA,"Employee","Temporary",0.6,"Hybrid",4.65
109146,8,29,2,102275,2021-07-20,NA,"Active",NA,"Employee","Regular",1,"Hybrid",4.64
106211,8,29,2,108834,2021-07-25,NA,"Active",NA,"Employee","Regular",1,"Onsite",4.62
105353,8,29,9,104161,2021-08-07,NA,"Active",NA,"Employee","Temporary",0.8,"Remote",4.59
106744,8,29,12,100080,2021-08-11,NA,"Active",NA,"Employee","Regular",1,"Onsite",4.58
100391,8,29,3,108688,2021-08-16,NA,"Active",NA,"Employee","Regular",1,"Hybrid",4.56
108574,8,29,5,105409,2021-08-22,NA,"Active",NA,"Employee","Regular",1,"Hybrid",4.55
101663,8,29,11,108373,2021-08-25,NA,"Active",NA,"Employee","Regular",1,"Onsite",4.54
104493,8,29,12,109926,2021-08-30,NA,"Active",NA,"Employee","Regular",1,"Hybrid",4.53
108459,8,29,11,104161,2021-09-17,NA,"Active",NA,"Employee","Regular",0.8,"Onsite",4.48
105524,8,29,5,106370,2021-09-21,NA,"Active",NA,"Employee","Temporary",0.8,"Hybrid",4.47
105073,8,29,1,100674,2021-10-06,NA,"Active",NA,"Employee","Regular",1,"Remote",4.42
106472,8,29,8,104037,2021-10-08,NA,"Active",NA,"Employee","Regular",1,"Remote",4.42
107314,8,29,3,103459,2021-10-08,2025-07-14,"Terminated","Voluntary","Employee","Regular",1,"Hybrid",3.76
108539,8,29,1,102063,2021-10-10,NA,"Active",NA,"Employee","Regular",1,"Hybrid",4.41
101541,8,29,1,109113,2021-10-22,NA,"Active",NA,"Employee","Temporary",1,"Hybrid",4.38
100302,8,29,5,108082,2021-12-08,2023-06-04,"Terminated","Involuntary","Employee","Regular",1,"Onsite",1.49
108657,8,29,9,103513,2021-12-08,NA,"Active",NA,"Employee","Regular",1,"Hybrid",4.25
109037,8,29,3,106292,2021-12-11,NA,"Active",NA,"Employee","Regular",0.8,"Hybrid",4.24
109426,8,29,4,108856,2021-12-16,2025-08-21,"Terminated","Involuntary","Employee","Regular",1,"Hybrid",3.68
109347,8,29,8,105409,2021-12-23,NA,"Active",NA,"Employee","Regular",1,"Remote",4.21
106474,8,29,7,108142,2022-01-02,NA,"Active",NA,"Employee","Regular",1,"Remote",4.18
100103,8,29,12,105993,2022-01-21,NA,"Active",NA,"Employee","Regular",0.6,"Hybrid",4.13
101697,8,29,3,105205,2022-01-21,NA,"Active",NA,"Employee","Regular",1,"Hybrid",4.13
105467,8,29,2,109746,2022-01-30,NA,"Active",NA,"Employee","Regular",1,"Hybrid",4.11
103654,8,29,5,107520,2022-02-15,NA,"Active",NA,"Employee","Regular",1,"Hybrid",4.06
105633,8,29,5,100044,2022-02-18,NA,"Active",NA,"Employee","Regular",1,"Onsite",4.05
106219,8,29,2,107519,2022-02-22,NA,"Active",NA,"Employee","Regular",0.6,"Onsite",4.04
109617,8,29,12,100324,2022-03-11,NA,"Active",NA,"Employee","Regular",1,"Hybrid",4
102560,8,29,5,103659,2022-03-13,NA,"Active",NA,"Employee","Regular",1,"Onsite",3.99
107219,8,29,9,100468,2022-03-19,NA,"Active",NA,"Employee","Regular",0.8,"Hybrid",3.98
109663,8,29,4,107539,2022-03-27,NA,"Active",NA,"Employee","Regular",0.6,"Remote",3.95
106998,8,29,10,109562,2022-03-29,NA,"Active",NA,"Employee","Regular",0.6,"Onsite",3.95
101746,8,29,9,102387,2022-04-23,NA,"Active",NA,"Employee","Regular",1,"Hybrid",3.88
106236,8,29,2,105185,2022-04-24,NA,"Active",NA,"Employee","Temporary",1,"Remote",3.88
102515,8,29,9,103975,2022-05-01,NA,"Active",NA,"Contractor","Regular",1,"Onsite",3.86
107725,8,29,1,106867,2022-05-06,NA,"Active",NA,"Employee","Regular",1,"Hybrid",3.84
100077,8,29,2,101364,2022-05-17,NA,"Active",NA,"Employee","Regular",1,"Hybrid",3.81
103633,8,29,1,106043,2022-05-29,NA,"Active",NA,"Employee","Regular",0.6,"Onsite",3.78
105133,8,29,5,106650,2022-06-08,NA,"Active",NA,"Employee","Regular",0.8,"Hybrid",3.75
107438,8,29,10,104037,2022-07-20,NA,"Active",NA,"Employee","Regular",1,"Hybrid",3.64
109966,8,29,11,103402,2022-07-28,NA,"Active",NA,"Employee","Regular",1,"Onsite",3.62
102410,8,29,1,106065,2022-07-30,NA,"Active",NA,"Employee","Regular",1,"Remote",3.61
108078,8,29,11,104751,2022-08-01,NA,"Active",NA,"Employee","Regular",1,"Onsite",3.61
109855,8,29,2,103353,2022-08-04,NA,"Active",NA,"Employee","Regular",1,"Onsite",3.6
101401,8,29,10,107539,2022-08-06,NA,"Active",NA,"Employee","Regular",1,"Remote",3.59
109513,8,29,3,105409,2022-08-15,NA,"Active",NA,"Employee","Regular",1,"Hybrid",3.57
106633,8,29,1,109680,2022-09-17,NA,"Active",NA,"Employee","Regular",1,"Onsite",3.48
101481,8,29,5,106743,2022-09-22,NA,"Active",NA,"Employee","Regular",1,"Hybrid",3.46
104139,8,29,10,107286,2022-09-30,NA,"Active",NA,"Employee","Regular",1,"Onsite",3.44
107395,8,29,3,102063,2022-10-07,NA,"Active",NA,"Employee","Regular",0.8,"Hybrid",3.42
108886,8,29,12,105811,2022-10-08,NA,"Active",NA,"Employee","Temporary",1,"Onsite",3.42
109326,8,29,12,102347,2022-10-28,NA,"Active",NA,"Employee","Regular",0.8,"Hybrid",3.36
108782,8,29,1,103002,2022-10-29,NA,"Active",NA,"Employee","Regular",1,"Remote",3.36
106418,8,29,10,108902,2022-10-30,NA,"Active",NA,"Employee","Regular",1,"Hybrid",3.36
102727,8,29,2,107832,2022-11-20,NA,"Active",NA,"Employee","Regular",1,"Onsite",3.3
108287,8,29,5,108910,2022-12-08,NA,"Active",NA,"Employee","Regular",1,"Onsite",3.25
106866,8,29,4,104421,2022-12-10,NA,"Active",NA,"Employee","Regular",1,"Hybrid",3.25
101873,8,29,1,108542,2022-12-26,NA,"Active",NA,"Employee","Regular",1,"Onsite",3.2
105560,8,29,6,108496,2023-01-08,NA,"Active",NA,"Employee","Regular",1,"Hybrid",3.17
104816,8,29,11,105302,2023-01-23,NA,"Active",NA,"Employee","Temporary",1,"Onsite",3.13
100787,8,29,10,106822,2023-02-11,NA,"Active",NA,"Employee","Regular",1,"Onsite",3.07
103605,8,29,10,107520,2023-03-05,NA,"Active",NA,"Employee","Regular",0.8,"Onsite",3.01
105056,8,29,4,108496,2023-03-20,NA,"Active",NA,"Contractor","Temporary",1,"Hybrid",2.97
109764,8,29,5,101099,2023-03-24,NA,"Active",NA,"Employee","Regular",0.6,"Onsite",2.96
108396,8,29,3,101644,2023-04-05,NA,"Active",NA,"Employee","Temporary",1,"Onsite",2.93
106057,8,29,1,102190,2023-04-12,NA,"Active",NA,"Contractor","Regular",1,"Onsite",2.91
100648,8,29,3,106370,2023-04-15,2025-07-09,"Terminated","Voluntary","Employee","Regular",1,"Hybrid",2.23
106298,8,29,10,108621,2023-04-15,NA,"Active",NA,"Employee","Regular",1,"Onsite",2.9
108803,8,29,5,108373,2023-05-12,NA,"Active",NA,"Employee","Regular",1,"Onsite",2.83
107850,8,29,6,108542,2023-05-23,NA,"Active",NA,"Employee","Regular",1,"Onsite",2.8
101520,8,29,2,102312,2023-05-24,NA,"Active",NA,"Employee","Regular",1,"Hybrid",2.79
104348,8,29,4,108834,2023-05-28,NA,"Active",NA,"Employee","Regular",1,"Hybrid",2.78
107928,8,29,12,102063,2023-06-01,NA,"Active",NA,"Employee","Regular",1,"Hybrid",2.77
104180,8,29,2,105349,2023-06-05,NA,"Active",NA,"Employee","Regular",1,"Remote",2.76
107815,8,29,6,109562,2023-06-10,NA,"Active",NA,"Employee","Regular",1,"Hybrid",2.75
106148,8,29,2,104242,2023-06-16,NA,"Active",NA,"Employee","Regular",0.8,"Hybrid",2.73
102994,8,29,7,104111,2023-06-29,NA,"Active",NA,"Employee","Regular",1,"Onsite",2.7
105428,8,29,1,106960,2023-06-30,NA,"Active",NA,"Employee","Regular",1,"Onsite",2.69
105988,8,29,8,104284,2023-07-03,NA,"Active",NA,"Employee","Regular",1,"Hybrid",2.68
108118,8,29,4,107452,2023-07-12,NA,"Active",NA,"Employee","Regular",0.6,"Onsite",2.66
103499,8,29,11,105332,2023-07-19,NA,"Active",NA,"Employee","Regular",0.6,"Hybrid",2.64
101847,8,29,4,105910,2023-07-26,NA,"Active",NA,"Employee","Regular",1,"Onsite",2.62
104290,8,29,8,108976,2023-08-01,NA,"Active",NA,"Employee","Regular",1,"Onsite",2.61
107742,8,29,2,106133,2023-08-27,NA,"Active",NA,"Employee","Regular",0.6,"Hybrid",2.53
103587,8,29,8,100499,2023-09-29,NA,"Active",NA,"Employee","Regular",1,"Onsite",2.44
101251,8,29,4,101395,2023-09-30,NA,"Active",NA,"Employee","Regular",1,"Remote",2.44
100716,8,29,10,101612,2023-10-10,NA,"Active",NA,"Employee","Regular",1,"Onsite",2.41
100830,8,29,10,104543,2023-10-19,NA,"Active",NA,"Employee","Regular",1,"Hybrid",2.39
100399,8,29,4,108256,2023-10-25,NA,"Active",NA,"Employee","Regular",1,"Onsite",2.37
109550,8,29,2,109327,2023-11-01,NA,"Active",NA,"Contractor","Regular",1,"Onsite",2.35
101656,8,29,9,105483,2023-11-11,NA,"Active",NA,"Employee","Regular",1,"Onsite",2.33
104585,8,29,1,102647,2023-11-18,NA,"Active",NA,"Employee","Regular",1,"Hybrid",2.31
105608,8,29,2,107519,2023-11-20,NA,"Active",NA,"Employee","Regular",1,"Remote",2.3
101382,8,29,3,109878,2024-01-15,NA,"Active",NA,"Employee","Regular",1,"Remote",2.15
103873,8,29,3,106323,2024-02-08,NA,"Active",NA,"Employee","Regular",1,"Remote",2.08
101438,8,29,10,104522,2024-02-12,NA,"Active",NA,"Employee","Regular",1,"Onsite",2.07
100555,8,29,2,101427,2024-02-15,NA,"Active",NA,"Employee","Regular",1,"Hybrid",2.06
108328,8,29,5,107595,2024-02-19,NA,"Active",NA,"Employee","Regular",1,"Hybrid",2.05
100063,8,29,6,104422,2024-03-18,NA,"Active",NA,"Employee","Regular",1,"Hybrid",1.98
107200,8,29,1,100864,2024-03-21,NA,"Active",NA,"Employee","Regular",0.8,"Onsite",1.97
106046,8,29,7,105447,2024-03-28,NA,"Active",NA,"Employee","Regular",1,"Remote",1.95
103206,8,29,5,106838,2024-04-09,2025-06-13,"Terminated","Involuntary","Contractor","Regular",1,"Remote",1.18
107463,8,29,1,102895,2024-04-17,NA,"Active",NA,"Employee","Regular",0.8,"Onsite",1.9
107464,8,29,9,101969,2024-04-17,NA,"Active",NA,"Contractor","Regular",1,"Hybrid",1.9
106820,8,29,1,103353,2024-04-20,NA,"Active",NA,"Employee","Regular",1,"Hybrid",1.89
109362,8,29,9,101290,2024-04-27,NA,"Active",NA,"Employee","Regular",1,"Hybrid",1.87
106233,8,29,12,109746,2024-05-05,NA,"Active",NA,"Employee","Regular",1,"Onsite",1.85
104954,8,29,9,102228,2024-05-12,NA,"Active",NA,"Employee","Regular",1,"Remote",1.83
107938,8,29,9,107165,2024-05-21,NA,"Active",NA,"Employee","Regular",1,"Hybrid",1.8
105155,8,29,10,108664,2024-05-24,NA,"Active",NA,"Employee","Regular",1,"Onsite",1.79
103187,8,29,3,108142,2024-05-29,NA,"Active",NA,"Employee","Regular",1,"Hybrid",1.78
103070,8,29,6,109728,2024-06-03,NA,"Active",NA,"Employee","Regular",0.8,"Onsite",1.77
108272,8,29,12,102387,2024-06-09,NA,"Active",NA,"Employee","Regular",1,"Hybrid",1.75
100118,8,29,3,101113,2024-06-30,NA,"Active",NA,"Employee","Regular",0.6,"Hybrid",1.69
101558,8,29,9,106515,2024-07-04,NA,"Active",NA,"Employee","Regular",1,"Hybrid",1.68
106951,8,29,5,102190,2024-07-23,NA,"Active",NA,"Employee","Regular",1,"Onsite",1.63
102608,8,29,11,108151,2024-07-26,NA,"Active",NA,"Employee","Regular",1,"Onsite",1.62
100182,8,29,4,100928,2024-08-04,NA,"Active",NA,"Employee","Regular",1,"Hybrid",1.6
108348,8,29,11,106515,2024-08-15,NA,"Active",NA,"Employee","Regular",0.8,"Onsite",1.57
100310,8,29,1,108343,2024-08-19,NA,"Active",NA,"Employee","Regular",1,"Onsite",1.56
106447,8,29,7,108856,2024-08-30,NA,"Active",NA,"Employee","Regular",1,"Hybrid",1.53
106688,8,29,1,107832,2024-09-27,NA,"Active",NA,"Employee","Regular",1,"Remote",1.45
106179,8,29,10,107247,2024-09-30,NA,"Active",NA,"Employee","Regular",1,"Onsite",1.44
102531,8,29,7,102855,2024-10-04,NA,"Active",NA,"Employee","Regular",1,"Hybrid",1.43
107040,8,29,8,102530,2024-10-26,NA,"Active",NA,"Employee","Regular",1,"Remote",1.37
100671,8,29,3,106850,2024-10-28,NA,"Active",NA,"Employee","Regular",1,"Hybrid",1.36
100645,8,29,3,108149,2024-10-30,NA,"Active",NA,"Employee","Regular",1,"Onsite",1.36
106152,8,29,7,107650,2024-11-25,NA,"Active",NA,"Employee","Regular",1,"Onsite",1.29
100717,8,29,12,105280,2024-12-05,NA,"Active",NA,"Employee","Temporary",1,"Hybrid",1.26
105484,8,29,8,107942,2024-12-14,NA,"Active",NA,"Employee","Temporary",1,"Onsite",1.24
102286,8,29,9,109324,2025-01-02,NA,"Active",NA,"Employee","Regular",1,"Onsite",1.18
108717,8,29,1,106093,2025-01-22,NA,"Active",NA,"Employee","Regular",1,"Hybrid",1.13
101405,8,29,11,108893,2025-02-01,NA,"Active",NA,"Employee","Regular",0.6,"Onsite",1.1
104268,8,29,6,103002,2025-02-22,NA,"Active",NA,"Employee","Regular",1,"Remote",1.04
107769,8,29,9,106239,2025-02-24,NA,"Active",NA,"Employee","Regular",1,"Remote",1.04
103034,8,29,10,104786,2025-02-25,NA,"Active",NA,"Employee","Regular",1,"Hybrid",1.04
101201,8,29,1,107595,2025-04-19,NA,"Active",NA,"Employee","Regular",1,"Remote",0.89
107137,8,29,7,105395,2025-04-23,NA,"Active",NA,"Employee","Regular",1,"Onsite",0.88
103855,8,29,4,103677,2025-05-01,NA,"Active",NA,"Employee","Regular",1,"Remote",0.86
108164,8,29,3,105511,2025-05-25,NA,"Active",NA,"Employee","Regular",1,"Onsite",0.79
105761,8,29,12,101754,2025-05-30,NA,"Active",NA,"Employee","Regular",1,"Hybrid",0.78
109803,8,29,2,105607,2025-06-01,NA,"Active",NA,"Employee","Regular",1,"Hybrid",0.77
101346,8,29,1,107799,2025-06-22,NA,"Active",NA,"Employee","Regular",1,"Hybrid",0.72
106586,8,29,8,104604,2025-07-04,NA,"Active",NA,"Employee","Regular",1,"Onsite",0.68
104869,8,29,6,101568,2025-07-27,NA,"Active",NA,"Employee","Regular",0.8,"Hybrid",0.62
102526,8,29,2,105447,2025-07-30,NA,"Active",NA,"Employee","Regular",1,"Hybrid",0.61
109482,8,29,11,100406,2025-08-21,NA,"Active",NA,"Employee","Regular",0.8,"Onsite",0.55
100363,8,29,4,106838,2025-09-04,NA,"Active",NA,"Employee","Regular",0.8,"Remote",0.51
100956,8,29,3,103539,2025-10-06,NA,"Active",NA,"Employee","Regular",0.6,"Hybrid",0.42
104939,8,29,3,107832,2025-10-12,NA,"Active",NA,"Employee","Regular",1,"Onsite",0.41
100953,8,29,3,100540,2025-11-02,NA,"Active",NA,"Employee","Regular",1,"Hybrid",0.35
102496,8,29,12,101925,2025-11-04,NA,"Active",NA,"Employee","Regular",0.8,"Remote",0.35
104253,8,29,1,100657,2025-11-04,NA,"Active",NA,"Employee","Regular",1,"Hybrid",0.35
109102,8,29,1,103402,2025-11-15,NA,"Active",NA,"Employee","Regular",1,"Onsite",0.32
104824,8,29,6,108373,2025-12-12,NA,"Active",NA,"Employee","Regular",1,"Onsite",0.24
100026,8,29,8,100913,2025-12-14,NA,"Active",NA,"Employee","Regular",1,"Hybrid",0.24
107231,8,29,11,103159,2025-12-20,NA,"Active",NA,"Employee","Regular",1,"Hybrid",0.22
100822,8,29,4,106779,2025-12-21,NA,"Active",NA,"Employee","Temporary",1,"Onsite",0.22
101535,8,29,6,107428,2025-12-26,NA,"Active",NA,"Employee","Regular",1,"Remote",0.2
104183,8,29,4,104522,2026-01-08,NA,"Active",NA,"Employee","Regular",1,"Remote",0.17
108126,8,29,5,103933,2026-01-08,NA,"Active",NA,"Employee","Temporary",1,"Onsite",0.17
104034,8,29,1,104409,2026-01-18,NA,"Active",NA,"Employee","Regular",1,"Hybrid",0.14
109974,8,29,8,103975,2026-01-31,NA,"Active",NA,"Employee","Regular",1,"Hybrid",0.1
101592,9,32,11,108632,2013-01-18,NA,"Active",NA,"Employee","Regular",0.6,"Onsite",13.14
106339,9,32,12,108690,2013-02-02,NA,"Active",NA,"Employee","Regular",1,"Hybrid",13.1
103285,9,32,11,103175,2013-02-03,NA,"Active",NA,"Employee","Regular",0.8,"Hybrid",13.1
102748,9,32,12,109152,2013-02-04,NA,"Active",NA,"Employee","Regular",1,"Remote",13.09
101703,9,32,11,100273,2013-02-11,NA,"Active",NA,"Employee","Regular",1,"Onsite",13.07
104196,9,32,1,104016,2013-02-20,NA,"Active",NA,"Employee","Regular",1,"Remote",13.05
101900,9,32,10,109650,2013-02-26,NA,"Active",NA,"Employee","Regular",1,"Hybrid",13.03
106578,9,32,6,107058,2013-03-11,NA,"Active",NA,"Employee","Regular",1,"Onsite",13
108290,9,32,12,101034,2013-03-17,NA,"Active",NA,"Employee","Regular",1,"Onsite",12.98
109245,9,32,12,102539,2013-03-17,NA,"Active",NA,"Employee","Regular",0.6,"Hybrid",12.98
100876,9,32,2,109152,2013-03-24,NA,"Active",NA,"Employee","Regular",1,"Onsite",12.96
105200,9,32,11,104842,2013-03-31,NA,"Active",NA,"Employee","Regular",1,"Remote",12.94
109675,9,32,10,105843,2013-04-06,2021-07-31,"Terminated","Voluntary","Employee","Regular",1,"Hybrid",8.32
105987,9,32,2,103116,2013-04-15,NA,"Active",NA,"Employee","Regular",1,"Remote",12.9
101924,9,32,5,107048,2013-04-20,NA,"Active",NA,"Employee","Regular",1,"Hybrid",12.89
103391,9,32,4,108500,2013-04-21,NA,"Active",NA,"Employee","Regular",1,"Hybrid",12.88
106374,9,32,7,104509,2013-05-07,NA,"Active",NA,"Employee","Regular",1,"Hybrid",12.84
103519,9,32,2,105371,2013-05-09,NA,"Active",NA,"Contractor","Regular",1,"Onsite",12.84
108569,9,32,7,108488,2013-06-08,NA,"Active",NA,"Employee","Regular",1,"Remote",12.75
109311,9,32,12,105880,2013-06-09,NA,"Active",NA,"Employee","Regular",0.8,"Onsite",12.75
109782,9,32,9,103182,2013-06-09,NA,"Active",NA,"Employee","Regular",1,"Hybrid",12.75
104366,9,32,5,109652,2013-06-10,NA,"Active",NA,"Employee","Regular",1,"Hybrid",12.75
109036,9,32,5,102907,2013-06-16,NA,"Active",NA,"Contractor","Regular",1,"Hybrid",12.73
100774,9,32,1,105598,2013-06-25,NA,"Active",NA,"Employee","Regular",1,"Hybrid",12.71
105858,9,32,4,103888,2013-07-15,NA,"Active",NA,"Employee","Regular",1,"Onsite",12.65
101373,9,32,6,107048,2013-07-23,NA,"Active",NA,"Employee","Regular",0.8,"Onsite",12.63
104131,9,32,5,103777,2013-07-28,2020-01-05,"Terminated","Voluntary","Employee","Regular",1,"Remote",6.44
105747,9,32,11,106162,2013-07-28,NA,"Active",NA,"Employee","Regular",1,"Onsite",12.62
105319,9,32,4,109335,2013-08-05,NA,"Active",NA,"Employee","Regular",1,"Hybrid",12.59
103532,9,32,1,105132,2013-08-10,NA,"Active",NA,"Employee","Regular",1,"Hybrid",12.58
102613,9,32,2,100475,2013-08-21,NA,"Active",NA,"Employee","Regular",1,"Remote",12.55
105459,9,32,10,101621,2013-08-30,2025-08-10,"Terminated","Voluntary","Employee","Regular",1,"Onsite",11.95
106050,9,32,3,106965,2013-08-31,NA,"Active",NA,"Employee","Regular",1,"Onsite",12.52
105285,9,32,5,106469,2013-09-12,NA,"Active",NA,"Employee","Regular",1,"Hybrid",12.49
101813,9,32,6,100464,2013-09-15,NA,"Active",NA,"Employee","Regular",0.8,"Onsite",12.48
108815,9,32,6,108268,2013-09-15,NA,"Active",NA,"Employee","Regular",1,"Onsite",12.48
107658,9,32,6,105643,2013-09-18,NA,"Active",NA,"Employee","Regular",1,"Onsite",12.47
109833,9,32,9,101621,2013-09-20,NA,"Active",NA,"Employee","Regular",1,"Hybrid",12.47
100763,9,32,6,107127,2013-09-28,NA,"Active",NA,"Employee","Regular",1,"Hybrid",12.45
102187,9,32,10,108131,2013-10-12,NA,"Active",NA,"Employee","Regular",1,"Remote",12.41
109897,9,32,6,108374,2013-10-12,NA,"Active",NA,"Employee","Regular",1,"Onsite",12.41
100542,9,32,10,104185,2013-10-13,NA,"Active",NA,"Employee","Regular",1,"Hybrid",12.41
104608,9,32,8,102094,2013-10-14,NA,"Active",NA,"Employee","Regular",1,"Onsite",12.4
103534,9,32,7,107099,2013-10-21,NA,"Active",NA,"Employee","Regular",1,"Remote",12.38
103692,9,32,12,100578,2013-11-03,NA,"Active",NA,"Employee","Regular",1,"Remote",12.35
107617,9,32,11,109166,2013-11-07,NA,"Active",NA,"Employee","Regular",1,"Remote",12.34
105245,9,32,7,109995,2013-11-16,NA,"Active",NA,"Employee","Regular",1,"Hybrid",12.31
100704,9,32,12,106587,2013-11-23,NA,"Active",NA,"Employee","Regular",1,"Remote",12.29
102146,9,32,3,109804,2013-12-01,NA,"Active",NA,"Employee","Regular",0.8,"Hybrid",12.27
108303,9,32,9,102814,2013-12-21,NA,"Active",NA,"Employee","Regular",1,"Onsite",12.22
109262,9,32,4,107048,2013-12-28,NA,"Active",NA,"Employee","Regular",1,"Onsite",12.2
106184,9,32,3,105670,2014-01-11,NA,"Active",NA,"Employee","Regular",1,"Hybrid",12.16
100287,9,32,9,101934,2014-01-24,2022-04-15,"Terminated","Reduction in Force","Employee","Regular",1,"Hybrid",8.22
105569,9,32,7,106621,2014-02-03,NA,"Active",NA,"Employee","Regular",1,"Hybrid",12.1
101060,9,32,7,105598,2014-02-08,NA,"Active",NA,"Employee","Regular",0.8,"Onsite",12.08
106682,9,32,7,100811,2014-02-13,NA,"Active",NA,"Employee","Regular",1,"Hybrid",12.07
105002,9,32,7,100747,2014-02-20,NA,"Active",NA,"Employee","Regular",1,"Hybrid",12.05
100098,9,32,8,101577,2014-02-26,NA,"Active",NA,"Employee","Regular",1,"Hybrid",12.03
102428,9,32,9,108251,2014-03-01,NA,"Active",NA,"Employee","Regular",0.6,"Remote",12.02
107437,9,32,5,102583,2014-03-16,NA,"Active",NA,"Employee","Regular",1,"Hybrid",11.98
104941,9,32,10,101538,2014-03-25,2023-09-02,"Terminated","Voluntary","Employee","Regular",1,"Hybrid",9.44
102300,9,32,5,101339,2014-03-28,NA,"Active",NA,"Employee","Regular",1,"Remote",11.95
105440,9,32,10,109664,2014-04-01,NA,"Active",NA,"Employee","Regular",1,"Onsite",11.94
107160,9,32,3,109444,2014-04-01,NA,"Active",NA,"Employee","Regular",1,"Onsite",11.94
106362,9,32,12,108925,2014-04-06,NA,"Active",NA,"Employee","Regular",1,"Remote",11.93
105207,9,32,2,106795,2014-04-09,NA,"Active",NA,"Employee","Regular",0.8,"Onsite",11.92
102223,9,32,11,107783,2014-04-13,NA,"Active",NA,"Employee","Regular",0.8,"Onsite",11.91
108513,9,32,6,105840,2014-04-13,NA,"Active",NA,"Employee","Regular",1,"Onsite",11.91
106888,9,32,6,105586,2014-05-02,NA,"Active",NA,"Employee","Regular",1,"Remote",11.85
101369,9,32,8,107132,2014-05-05,NA,"Active",NA,"Contractor","Regular",1,"Hybrid",11.85
105940,9,32,6,109152,2014-05-16,NA,"Active",NA,"Employee","Regular",1,"Hybrid",11.82
106196,9,32,1,107099,2014-05-16,NA,"Active",NA,"Employee","Regular",1,"Remote",11.82
109366,9,32,9,108925,2014-05-18,NA,"Active",NA,"Employee","Regular",0.8,"Remote",11.81
102742,9,32,7,104324,2014-05-21,NA,"Active",NA,"Employee","Regular",1,"Onsite",11.8
109351,9,32,3,103301,2014-05-23,NA,"Active",NA,"Employee","Regular",1,"Onsite",11.8
106256,9,32,4,105840,2014-05-26,NA,"Active",NA,"Employee","Regular",1,"Onsite",11.79
108616,9,32,6,107839,2014-05-26,NA,"Active",NA,"Employee","Regular",1,"Hybrid",11.79
101100,9,32,5,106757,2014-05-28,NA,"Active",NA,"Employee","Regular",1,"Hybrid",11.78
106160,9,32,3,108417,2014-06-05,NA,"Active",NA,"Employee","Regular",1,"Onsite",11.76
105847,9,32,4,104777,2014-06-18,NA,"Active",NA,"Employee","Regular",1,"Onsite",11.73
108578,9,32,3,107291,2014-06-27,NA,"Active",NA,"Employee","Regular",0.8,"Onsite",11.7
109969,9,32,1,106778,2014-07-14,NA,"Active",NA,"Employee","Regular",1,"Onsite",11.65
104293,9,32,9,100551,2014-07-25,NA,"Active",NA,"Employee","Regular",1,"Remote",11.62
104051,9,32,3,105412,2014-08-18,NA,"Active",NA,"Employee","Regular",1,"Hybrid",11.56
107806,9,32,3,100751,2014-08-20,NA,"Active",NA,"Employee","Regular",1,"Remote",11.55
101160,9,32,8,108131,2014-08-21,NA,"Active",NA,"Employee","Regular",1,"Remote",11.55
101234,9,32,3,100318,2014-08-21,2023-08-25,"Terminated","Voluntary","Employee","Temporary",1,"Remote",9.01
101269,9,32,6,107963,2014-08-24,2020-06-23,"Terminated","Reduction in Force","Employee","Regular",0.6,"Onsite",5.83
107604,9,32,4,102848,2014-08-28,2018-07-24,"Terminated","Voluntary","Employee","Regular",1,"Onsite",3.9
101952,9,32,2,101319,2014-08-29,2024-11-06,"Terminated","Voluntary","Employee","Regular",1,"Hybrid",10.19
107713,9,32,10,105586,2014-09-05,NA,"Active",NA,"Employee","Regular",1,"Onsite",11.51
108430,9,32,5,102047,2014-09-05,NA,"Active",NA,"Employee","Regular",1,"Onsite",11.51
106439,9,32,6,102602,2014-09-06,2022-06-10,"Terminated","Voluntary","Employee","Regular",1,"Onsite",7.76
103913,9,32,9,102653,2014-09-09,2019-06-19,"Terminated","Voluntary","Employee","Regular",1,"Onsite",4.78
102445,9,32,10,100090,2014-09-10,NA,"Active",NA,"Employee","Temporary",1,"Hybrid",11.5
104802,9,32,9,108733,2014-09-18,NA,"Active",NA,"Employee","Regular",1,"Hybrid",11.47
100965,9,32,1,108844,2014-09-21,NA,"Active",NA,"Employee","Regular",1,"Remote",11.47
100951,9,32,11,104488,2014-10-05,NA,"Active",NA,"Employee","Regular",1,"Hybrid",11.43
101651,9,32,10,105314,2014-10-06,2022-10-20,"Terminated","Voluntary","Employee","Regular",0.8,"Onsite",8.04
102174,9,32,8,108830,2014-10-06,2026-01-02,"Terminated","Voluntary","Employee","Regular",1,"Onsite",11.24
105462,9,32,12,103301,2014-10-06,NA,"Active",NA,"Employee","Regular",1,"Remote",11.42
101878,9,32,8,102047,2014-10-15,NA,"Active",NA,"Employee","Regular",1,"Remote",11.4
108125,9,32,10,109881,2014-10-16,NA,"Active",NA,"Employee","Regular",1,"Hybrid",11.4
108501,9,32,6,106768,2014-10-18,2016-11-05,"Terminated","Voluntary","Employee","Regular",1,"Onsite",2.05
101493,9,32,3,107733,2014-11-03,NA,"Active",NA,"Employee","Regular",1,"Hybrid",11.35
106640,9,32,9,104283,2014-11-04,NA,"Active",NA,"Employee","Regular",1,"Hybrid",11.35
100617,9,32,9,109487,2014-11-16,NA,"Active",NA,"Employee","Regular",1,"Hybrid",11.31
102513,9,32,9,108936,2014-12-12,2019-03-31,"Terminated","Voluntary","Employee","Regular",1,"Hybrid",4.3
101940,9,32,12,102455,2014-12-15,NA,"Active",NA,"Employee","Regular",1,"Remote",11.23
108904,9,32,7,105649,2014-12-17,NA,"Active",NA,"Employee","Regular",1,"Onsite",11.23
106192,9,32,10,109922,2015-01-06,NA,"Active",NA,"Employee","Regular",1,"Onsite",11.17
105776,9,32,12,100792,2015-01-29,2021-07-27,"Terminated","Involuntary","Employee","Regular",1,"Remote",6.49
102335,9,32,2,108997,2015-02-24,NA,"Active",NA,"Employee","Regular",1,"Onsite",11.04
103603,9,32,7,107783,2015-02-28,NA,"Active",NA,"Employee","Regular",1,"Onsite",11.03
109373,9,32,1,102966,2015-03-17,NA,"Active",NA,"Employee","Regular",1,"Onsite",10.98
108862,9,32,4,108925,2015-03-24,NA,"Active",NA,"Employee","Temporary",1,"Onsite",10.96
104219,9,32,4,108823,2015-03-25,NA,"Active",NA,"Employee","Regular",1,"Onsite",10.96
102731,9,32,8,103637,2015-03-26,NA,"Active",NA,"Employee","Regular",1,"Hybrid",10.96
109222,9,32,6,109457,2015-04-03,NA,"Active",NA,"Employee","Regular",1,"Onsite",10.93
109766,9,32,4,106795,2015-04-22,NA,"Active",NA,"Employee","Regular",0.8,"Onsite",10.88
100126,9,32,5,101909,2015-04-25,2021-09-06,"Terminated","Voluntary","Employee","Regular",1,"Hybrid",6.37
107501,9,32,1,102254,2015-04-28,NA,"Active",NA,"Employee","Regular",0.8,"Remote",10.87
100278,9,32,1,101082,2015-04-30,NA,"Active",NA,"Employee","Regular",1,"Onsite",10.86
108512,9,32,7,108715,2015-05-04,NA,"Active",NA,"Employee","Regular",1,"Onsite",10.85
108168,9,32,8,103787,2015-05-05,NA,"Active",NA,"Employee","Regular",0.8,"Remote",10.85
109218,9,32,1,100172,2015-05-11,NA,"Active",NA,"Employee","Regular",0.8,"Remote",10.83
105262,9,32,2,109664,2015-05-12,NA,"Active",NA,"Employee","Regular",1,"Remote",10.83
101569,9,32,3,107963,2015-05-24,NA,"Active",NA,"Employee","Temporary",1,"Onsite",10.79
102706,9,32,7,102047,2015-05-29,NA,"Active",NA,"Employee","Regular",1,"Hybrid",10.78
104848,9,32,5,100967,2015-05-29,NA,"Active",NA,"Employee","Regular",1,"Hybrid",10.78
104641,9,32,12,105168,2015-06-02,NA,"Active",NA,"Employee","Regular",1,"Hybrid",10.77
109928,9,32,2,104773,2015-06-05,NA,"Active",NA,"Employee","Regular",1,"Onsite",10.76
105333,9,32,6,107291,2015-06-06,NA,"Active",NA,"Employee","Regular",1,"Onsite",10.76
103036,9,32,4,107733,2015-06-08,NA,"Active",NA,"Employee","Regular",1,"Onsite",10.75
105631,9,32,2,109161,2015-07-02,NA,"Active",NA,"Employee","Regular",1,"Onsite",10.69
104904,9,32,8,101298,2015-07-09,NA,"Active",NA,"Employee","Regular",1,"Onsite",10.67
109594,9,32,12,102904,2015-07-21,NA,"Active",NA,"Employee","Temporary",1,"Hybrid",10.64
107345,9,32,3,100289,2015-07-30,NA,"Active",NA,"Employee","Regular",1,"Remote",10.61
106882,9,32,11,108238,2015-07-31,NA,"Active",NA,"Employee","Regular",1,"Hybrid",10.61
100321,9,32,10,104276,2015-08-06,NA,"Active",NA,"Employee","Regular",1,"Hybrid",10.59
107741,9,32,1,102006,2015-08-08,NA,"Active",NA,"Employee","Regular",1,"Onsite",10.59
107311,9,32,11,103998,2015-08-15,NA,"Active",NA,"Employee","Regular",0.8,"Onsite",10.57
108881,9,32,9,106284,2015-08-18,NA,"Active",NA,"Employee","Regular",1,"Hybrid",10.56
108450,9,32,5,104443,2015-08-28,NA,"Active",NA,"Employee","Regular",1,"Onsite",10.53
100299,9,32,6,100130,2015-08-30,NA,"Active",NA,"Employee","Regular",1,"Hybrid",10.53
100341,9,32,7,101464,2015-08-31,2025-09-15,"Terminated","Voluntary","Employee","Regular",1,"Onsite",10.04
100823,9,32,5,100991,2015-09-06,NA,"Active",NA,"Employee","Regular",1,"Onsite",10.51
101067,9,32,10,109804,2015-09-09,NA,"Active",NA,"Employee","Regular",1,"Remote",10.5
104584,9,32,7,107687,2015-09-11,NA,"Active",NA,"Employee","Regular",1,"Remote",10.49
102380,9,32,4,102653,2015-10-14,NA,"Active",NA,"Employee","Regular",1,"Hybrid",10.4
105266,9,32,6,107640,2015-10-18,NA,"Active",NA,"Employee","Regular",1,"Onsite",10.39
107981,9,32,8,106768,2015-11-01,NA,"Active",NA,"Employee","Regular",1,"Remote",10.35
101650,9,32,3,104016,2015-11-16,NA,"Active",NA,"Employee","Regular",1,"Onsite",10.31
100450,9,32,10,103629,2015-12-09,NA,"Active",NA,"Employee","Regular",1,"Hybrid",10.25
105166,9,32,2,107360,2015-12-14,NA,"Active",NA,"Employee","Temporary",1,"Hybrid",10.24
101953,9,32,7,108584,2015-12-20,NA,"Active",NA,"Employee","Regular",1,"Hybrid",10.22
100902,9,32,8,106178,2015-12-21,NA,"Active",NA,"Employee","Regular",1,"Hybrid",10.22
103990,9,32,6,105315,2015-12-30,NA,"Active",NA,"Employee","Regular",1,"Onsite",10.19
105536,9,32,9,109652,2015-12-31,NA,"Active",NA,"Employee","Regular",0.8,"Hybrid",10.19
103982,9,32,9,100318,2016-01-01,NA,"Active",NA,"Employee","Regular",0.6,"Onsite",10.19
106817,9,32,9,103888,2016-01-03,2025-10-30,"Terminated","Voluntary","Employee","Regular",1,"Onsite",9.82
101076,9,32,12,104559,2016-01-04,NA,"Active",NA,"Employee","Regular",1,"Remote",10.18
100525,9,32,10,100642,2016-01-07,NA,"Active",NA,"Employee","Regular",1,"Hybrid",10.17
107722,9,32,12,101319,2016-01-28,NA,"Active",NA,"Employee","Regular",1,"Hybrid",10.11
100469,9,32,9,108488,2016-01-31,NA,"Active",NA,"Employee","Regular",0.8,"Onsite",10.1
103326,9,32,1,100173,2016-02-03,NA,"Active",NA,"Employee","Regular",1,"Hybrid",10.1
108792,9,32,9,105911,2016-03-11,NA,"Active",NA,"Employee","Regular",1,"Hybrid",10
108996,9,32,1,107918,2016-03-18,NA,"Active",NA,"Employee","Temporary",1,"Onsite",9.98
101344,9,32,2,102801,2016-03-24,NA,"Active",NA,"Employee","Regular",1,"Remote",9.96
101707,9,32,4,100747,2016-03-26,NA,"Active",NA,"Employee","Regular",0.6,"Hybrid",9.96
103464,9,32,6,109881,2016-03-27,2021-11-09,"Terminated","Voluntary","Employee","Regular",1,"Hybrid",5.62
109709,9,32,3,102583,2016-03-28,2021-02-26,"Terminated","Voluntary","Employee","Regular",1,"Remote",4.92
107474,9,32,10,104392,2016-04-08,NA,"Active",NA,"Employee","Regular",1,"Onsite",9.92
109946,9,32,12,104324,2016-04-08,2026-01-03,"Terminated","Involuntary","Employee","Regular",1,"Hybrid",9.74
103937,9,32,2,101934,2016-04-17,2026-01-02,"Terminated","Voluntary","Employee","Regular",0.8,"Hybrid",9.71
107134,9,32,1,102891,2016-04-24,NA,"Active",NA,"Employee","Temporary",1,"Remote",9.88
109382,9,32,2,103629,2016-04-29,NA,"Active",NA,"Employee","Regular",1,"Remote",9.86
105077,9,32,9,104032,2016-05-18,NA,"Active",NA,"Employee","Regular",1,"Hybrid",9.81
105735,9,32,12,100531,2016-05-26,NA,"Active",NA,"Employee","Regular",1,"Onsite",9.79
102044,9,32,1,105911,2016-05-30,NA,"Active",NA,"Employee","Regular",1,"Onsite",9.78
107018,9,32,12,106795,2016-06-04,2025-05-27,"Terminated","Involuntary","Employee","Regular",1,"Remote",8.98
109018,9,32,9,104328,2016-06-12,NA,"Active",NA,"Employee","Regular",1,"Hybrid",9.74
100269,9,32,9,106958,2016-06-16,NA,"Active",NA,"Employee","Regular",1,"Remote",9.73
106395,9,32,4,101909,2016-06-17,NA,"Active",NA,"Employee","Regular",1,"Remote",9.73
106696,9,32,7,108262,2016-06-19,NA,"Active",NA,"Employee","Temporary",1,"Hybrid",9.72
100296,9,32,10,104401,2016-06-20,NA,"Active",NA,"Employee","Regular",1,"Onsite",9.72
103875,9,32,3,109995,2016-06-22,NA,"Active",NA,"Employee","Regular",1,"Onsite",9.72
107900,9,32,7,104842,2016-07-01,2025-01-06,"Terminated","Involuntary","Employee","Regular",1,"Onsite",8.52
106528,9,32,12,101524,2016-07-08,NA,"Active",NA,"Employee","Regular",1,"Hybrid",9.67
103071,9,32,10,108911,2016-07-26,NA,"Active",NA,"Employee","Regular",1,"Hybrid",9.62
100566,9,32,4,100273,2016-08-10,NA,"Active",NA,"Employee","Regular",1,"Hybrid",9.58
102331,9,32,1,104509,2016-08-15,2025-04-11,"Terminated","Voluntary","Employee","Regular",1,"Onsite",8.65
102900,9,32,6,107478,2016-08-16,2024-01-18,"Terminated","Voluntary","Employee","Regular",1,"Onsite",7.42
107189,9,32,5,108555,2016-08-23,NA,"Active",NA,"Employee","Regular",1,"Hybrid",9.55
108224,9,32,10,104846,2016-09-04,NA,"Active",NA,"Employee","Regular",0.6,"Onsite",9.51
100082,9,32,10,102891,2016-09-05,NA,"Active",NA,"Employee","Regular",1,"Remote",9.51
105510,9,32,5,109224,2016-09-14,NA,"Active",NA,"Employee","Regular",1,"Onsite",9.48
109438,9,32,2,100892,2016-09-22,NA,"Active",NA,"Employee","Regular",1,"Onsite",9.46
105251,9,32,5,104992,2016-09-23,NA,"Active",NA,"Employee","Regular",1,"Remote",9.46
104376,9,32,9,109589,2016-09-25,NA,"Active",NA,"Employee","Regular",1,"Hybrid",9.45
107577,9,32,5,103646,2016-10-12,NA,"Active",NA,"Contractor","Regular",1,"Hybrid",9.41
109446,9,32,2,105346,2016-10-21,NA,"Active",NA,"Employee","Temporary",1,"Remote",9.38
103803,9,32,12,105643,2016-10-22,NA,"Active",NA,"Employee","Regular",1,"Onsite",9.38
101882,9,32,5,103783,2016-10-29,NA,"Active",NA,"Employee","Regular",1,"Onsite",9.36
109246,9,32,7,101464,2016-11-08,NA,"Active",NA,"Employee","Regular",1,"Onsite",9.33
102935,9,32,12,104185,2016-11-11,NA,"Active",NA,"Employee","Regular",1,"Onsite",9.33
105493,9,32,11,108500,2016-11-30,NA,"Active",NA,"Employee","Regular",1,"Hybrid",9.27
103452,9,32,11,104625,2016-12-01,NA,"Active",NA,"Employee","Regular",1,"Hybrid",9.27
106858,9,32,1,106178,2016-12-07,2025-12-01,"Terminated","Voluntary","Employee","Regular",1,"Remote",8.98
106917,9,32,3,109402,2016-12-25,NA,"Active",NA,"Employee","Regular",1,"Remote",9.21
109057,9,32,2,104960,2016-12-28,NA,"Active",NA,"Employee","Regular",1,"Onsite",9.2
104486,9,32,8,109995,2016-12-29,NA,"Active",NA,"Employee","Regular",1,"Onsite",9.19
109205,9,32,9,100318,2017-01-03,NA,"Active",NA,"Employee","Regular",0.8,"Hybrid",9.18
102098,9,32,4,104625,2017-01-07,2023-02-17,"Terminated","Voluntary","Employee","Regular",1,"Onsite",6.11
109983,9,32,9,103563,2017-01-07,2025-11-18,"Terminated","Voluntary","Employee","Regular",1,"Onsite",8.86
108250,9,32,6,106205,2017-01-08,NA,"Active",NA,"Employee","Regular",1,"Hybrid",9.17
107851,9,32,10,104766,2017-01-14,NA,"Active",NA,"Contractor","Regular",1,"Remote",9.15
102992,9,32,11,100747,2017-01-23,NA,"Active",NA,"Contractor","Regular",1,"Remote",9.13
103222,9,32,3,104847,2017-01-27,NA,"Active",NA,"Employee","Regular",1,"Remote",9.12
108296,9,32,6,100642,2017-01-30,NA,"Active",NA,"Employee","Regular",1,"Onsite",9.11
105460,9,32,4,106757,2017-02-06,NA,"Active",NA,"Contractor","Regular",1,"Onsite",9.09
106846,9,32,5,104276,2017-02-07,NA,"Active",NA,"Employee","Regular",1,"Onsite",9.08
107906,9,32,5,107884,2017-02-13,NA,"Active",NA,"Employee","Regular",0.8,"Hybrid",9.07
101208,9,32,4,102529,2017-02-26,NA,"Active",NA,"Employee","Regular",1,"Onsite",9.03
109906,9,32,12,101760,2017-03-13,2023-12-27,"Terminated","Voluntary","Employee","Regular",1,"Remote",6.79
109092,9,32,9,100892,2017-03-22,NA,"Active",NA,"Employee","Regular",1,"Hybrid",8.97
102929,9,32,11,103089,2017-04-01,NA,"Active",NA,"Employee","Regular",1,"Hybrid",8.94
109197,9,32,3,101169,2017-04-05,NA,"Active",NA,"Employee","Regular",1,"Hybrid",8.93
104729,9,32,3,102827,2017-04-20,NA,"Active",NA,"Employee","Regular",0.6,"Onsite",8.89
107419,9,32,12,101843,2017-04-24,NA,"Active",NA,"Employee","Regular",0.6,"Remote",8.88
103433,9,32,5,100273,2017-05-05,NA,"Active",NA,"Employee","Regular",1,"Onsite",8.85
103672,9,32,5,103116,2017-05-06,2026-02-09,"Terminated","Voluntary","Employee","Regular",1,"Remote",8.76
107080,9,32,10,103077,2017-05-10,NA,"Active",NA,"Employee","Regular",1,"Remote",8.83
100639,9,32,7,100438,2017-06-01,NA,"Active",NA,"Employee","Regular",0.8,"Remote",8.77
103186,9,32,8,105168,2017-06-05,NA,"Active",NA,"Employee","Regular",1,"Remote",8.76
108440,9,32,4,104395,2017-06-07,NA,"Active",NA,"Employee","Regular",1,"Remote",8.76
104150,9,32,11,105762,2017-06-15,NA,"Active",NA,"Employee","Regular",1,"Onsite",8.73
106031,9,32,12,109457,2017-07-08,NA,"Active",NA,"Employee","Regular",1,"Onsite",8.67
109202,9,32,5,100809,2017-07-14,2023-12-14,"Terminated","Voluntary","Employee","Regular",1,"Hybrid",6.42
102792,9,32,3,105336,2017-07-16,NA,"Active",NA,"Employee","Regular",1,"Onsite",8.65
107762,9,32,4,108733,2017-08-06,NA,"Active",NA,"Employee","Regular",1,"Hybrid",8.59
105234,9,32,6,107291,2017-08-24,NA,"Active",NA,"Employee","Regular",1,"Remote",8.54
103012,9,32,7,106317,2017-08-26,NA,"Active",NA,"Employee","Regular",1,"Remote",8.54
100228,9,32,8,103382,2017-08-30,NA,"Active",NA,"Contractor","Regular",1,"Onsite",8.53
102639,9,32,1,109804,2017-08-30,NA,"Active",NA,"Employee","Regular",1,"Hybrid",8.53
104485,9,32,11,104424,2017-09-08,2022-12-09,"Terminated","Voluntary","Employee","Regular",1,"Onsite",5.25
104873,9,32,8,101693,2017-09-24,NA,"Active",NA,"Employee","Regular",1,"Hybrid",8.46
109980,9,32,4,106317,2017-09-26,NA,"Active",NA,"Employee","Regular",1,"Onsite",8.45
101554,9,32,12,109849,2017-09-27,NA,"Active",NA,"Employee","Regular",1,"Remote",8.45
104249,9,32,3,103415,2017-10-01,NA,"Active",NA,"Employee","Regular",1,"Hybrid",8.44
107158,9,32,7,102006,2017-10-04,NA,"Active",NA,"Employee","Regular",1,"Onsite",8.43
106667,9,32,8,101934,2017-10-12,NA,"Active",NA,"Employee","Regular",1,"Hybrid",8.41
101649,9,32,7,101637,2017-10-30,NA,"Active",NA,"Contractor","Regular",1,"Onsite",8.36
102625,9,32,2,102529,2017-10-30,2025-04-08,"Terminated","Voluntary","Employee","Regular",1,"Hybrid",7.44
105712,9,32,7,102583,2017-10-30,NA,"Active",NA,"Employee","Regular",1,"Hybrid",8.36
109842,9,32,2,108695,2017-10-30,NA,"Active",NA,"Employee","Regular",1,"Hybrid",8.36
109206,9,32,9,104395,2017-10-31,NA,"Active",NA,"Employee","Regular",1,"Hybrid",8.36
101253,9,32,11,109702,2017-11-08,2022-02-10,"Terminated","Voluntary","Employee","Regular",1,"Remote",4.26
104357,9,32,11,103563,2017-11-08,2022-12-14,"Terminated","Reduction in Force","Employee","Regular",1,"Remote",5.1
106902,9,32,5,101637,2017-11-09,NA,"Active",NA,"Employee","Regular",1,"Onsite",8.33
108637,9,32,7,109756,2017-11-13,NA,"Active",NA,"Employee","Temporary",1,"Hybrid",8.32
104908,9,32,1,107665,2017-11-14,2025-05-26,"Terminated","Reduction in Force","Employee","Regular",1,"Hybrid",7.53
107623,9,32,10,100792,2017-12-10,NA,"Active",NA,"Employee","Regular",1,"Hybrid",8.25
106131,9,32,7,108132,2017-12-13,NA,"Active",NA,"Employee","Regular",1,"Onsite",8.24
107845,9,32,11,100349,2017-12-13,NA,"Active",NA,"Employee","Regular",1,"Onsite",8.24
107093,9,32,4,100957,2017-12-16,NA,"Active",NA,"Employee","Regular",1,"Hybrid",8.23
103706,9,32,10,105060,2017-12-31,NA,"Active",NA,"Employee","Regular",1,"Hybrid",8.19
101136,9,32,3,100551,2018-01-07,NA,"Active",NA,"Employee","Regular",1,"Remote",8.17
105545,9,32,6,104488,2018-01-29,NA,"Active",NA,"Employee","Regular",1,"Hybrid",8.11
105627,9,32,6,107581,2018-01-29,NA,"Active",NA,"Employee","Regular",0.6,"Remote",8.11
107110,9,32,10,108194,2018-02-11,NA,"Active",NA,"Employee","Regular",1,"Onsite",8.07
103047,9,32,10,109694,2018-02-18,NA,"Active",NA,"Employee","Regular",1,"Remote",8.05
107457,9,32,12,100464,2018-02-20,NA,"Active",NA,"Employee","Regular",1,"Hybrid",8.05
106494,9,32,5,102904,2018-03-06,NA,"Active",NA,"Employee","Regular",1,"Hybrid",8.01
102887,9,32,1,101175,2018-03-08,NA,"Active",NA,"Employee","Regular",1,"Hybrid",8.01
101793,9,32,9,103629,2018-03-12,NA,"Active",NA,"Employee","Regular",0.8,"Hybrid",7.99
103390,9,32,1,105005,2018-03-14,NA,"Active",NA,"Employee","Temporary",1,"Onsite",7.99
102176,9,32,6,106965,2018-03-19,NA,"Active",NA,"Employee","Regular",1,"Onsite",7.98
108378,9,32,5,105769,2018-03-26,2024-11-10,"Terminated","Involuntary","Employee","Regular",1,"Hybrid",6.63
106492,9,32,10,104812,2018-05-07,NA,"Active",NA,"Employee","Regular",1,"Remote",7.84
100770,9,32,10,100253,2018-05-21,2025-07-28,"Terminated","Voluntary","Employee","Regular",1,"Onsite",7.19
100687,9,32,4,101173,2018-05-25,NA,"Active",NA,"Employee","Regular",1,"Onsite",7.79
108085,9,32,11,100642,2018-06-01,2025-11-15,"Terminated","Involuntary","Employee","Regular",1,"Onsite",7.46
103718,9,32,10,103525,2018-06-15,NA,"Active",NA,"Employee","Regular",1,"Hybrid",7.73
105320,9,32,1,109507,2018-06-16,2025-11-27,"Terminated","Voluntary","Employee","Temporary",1,"Onsite",7.45
106268,9,32,10,104842,2018-06-27,NA,"Active",NA,"Employee","Regular",0.8,"Hybrid",7.7
100410,9,32,3,109641,2018-07-10,NA,"Active",NA,"Employee","Regular",0.8,"Remote",7.67
109469,9,32,11,105168,2018-07-11,NA,"Active",NA,"Employee","Regular",0.8,"Hybrid",7.66
100887,9,32,8,108733,2018-07-12,NA,"Active",NA,"Employee","Regular",1,"Hybrid",7.66
108442,9,32,3,108832,2018-07-22,NA,"Active",NA,"Employee","Regular",1,"Hybrid",7.63
105765,9,32,12,105840,2018-07-29,NA,"Active",NA,"Employee","Regular",1,"Remote",7.61
101281,9,32,2,100792,2018-07-30,NA,"Active",NA,"Employee","Regular",1,"Hybrid",7.61
107487,9,32,2,104383,2018-08-02,NA,"Active",NA,"Employee","Regular",1,"Hybrid",7.6
103505,9,32,6,103175,2018-08-05,NA,"Active",NA,"Employee","Regular",1,"Onsite",7.59
102407,9,32,5,105598,2018-08-07,NA,"Active",NA,"Employee","Regular",1,"Onsite",7.59
102443,9,32,1,108925,2018-08-11,NA,"Active",NA,"Employee","Regular",0.6,"Remote",7.58
101600,9,32,1,108844,2018-08-13,NA,"Active",NA,"Employee","Temporary",1,"Onsite",7.57
102939,9,32,1,107478,2018-08-13,NA,"Active",NA,"Employee","Regular",1,"Hybrid",7.57
108674,9,32,8,104383,2018-08-14,NA,"Active",NA,"Employee","Regular",1,"Hybrid",7.57
104505,9,32,1,107714,2018-08-20,NA,"Active",NA,"Employee","Regular",1,"Onsite",7.55
100426,9,32,8,100283,2018-09-01,NA,"Active",NA,"Employee","Regular",0.8,"Onsite",7.52
104491,9,32,3,105974,2018-09-01,NA,"Active",NA,"Employee","Regular",0.8,"Onsite",7.52
101447,9,32,2,103369,2018-09-14,NA,"Active",NA,"Employee","Regular",1,"Onsite",7.48
100898,9,32,3,109554,2018-09-16,NA,"Active",NA,"Employee","Regular",0.8,"Hybrid",7.48
104953,9,32,11,108823,2018-09-27,NA,"Active",NA,"Employee","Regular",0.8,"Onsite",7.45
105469,9,32,9,108690,2018-10-05,NA,"Active",NA,"Employee","Regular",1,"Remote",7.43
109050,9,32,2,107902,2018-10-07,NA,"Active",NA,"Employee","Regular",1,"Remote",7.42
107038,9,32,12,105048,2018-10-08,NA,"Active",NA,"Employee","Regular",1,"Onsite",7.42
107791,9,32,4,103415,2018-10-09,NA,"Active",NA,"Employee","Regular",0.8,"Onsite",7.42
109459,9,32,6,102848,2018-10-12,NA,"Active",NA,"Employee","Regular",1,"Remote",7.41
108397,9,32,12,107235,2018-10-15,NA,"Active",NA,"Employee","Regular",1,"Remote",7.4
109264,9,32,8,105769,2018-11-01,NA,"Active",NA,"Employee","Temporary",1,"Remote",7.35
103555,9,32,8,105643,2018-11-11,NA,"Active",NA,"Employee","Regular",1,"Onsite",7.33
103381,9,32,4,104633,2018-11-14,NA,"Active",NA,"Employee","Regular",0.6,"Onsite",7.32
106656,9,32,2,101339,2018-11-14,NA,"Active",NA,"Employee","Regular",1,"Onsite",7.32
104038,9,32,3,109881,2018-11-17,NA,"Active",NA,"Employee","Regular",1,"Onsite",7.31
105111,9,32,10,105698,2018-11-25,NA,"Active",NA,"Employee","Regular",1,"Remote",7.29
100346,9,32,1,100283,2018-11-30,NA,"Active",NA,"Employee","Regular",1,"Onsite",7.27
103493,9,32,2,106162,2018-11-30,NA,"Active",NA,"Employee","Regular",1,"Onsite",7.27
105579,9,32,4,108720,2018-12-04,NA,"Active",NA,"Employee","Regular",1,"Hybrid",7.26
108507,9,32,12,107835,2018-12-06,2023-01-22,"Terminated","Voluntary","Employee","Regular",1,"Hybrid",4.13
106216,9,32,9,107839,2018-12-18,NA,"Active",NA,"Employee","Regular",1,"Onsite",7.22
104297,9,32,2,105972,2018-12-21,2023-02-03,"Terminated","Voluntary","Employee","Regular",1,"Onsite",4.12
100359,9,32,8,100438,2018-12-22,NA,"Active",NA,"Employee","Regular",1,"Hybrid",7.21
101769,9,32,6,102254,2018-12-22,NA,"Active",NA,"Employee","Regular",1,"Onsite",7.21
109499,9,32,8,100792,2018-12-27,NA,"Active",NA,"Employee","Regular",0.8,"Hybrid",7.2
102245,9,32,6,100809,2018-12-29,NA,"Active",NA,"Employee","Regular",0.8,"Remote",7.19
105686,9,32,5,108238,2018-12-29,NA,"Active",NA,"Employee","Regular",1,"Hybrid",7.19
104736,9,32,7,107884,2019-01-03,NA,"Active",NA,"Employee","Regular",1,"Hybrid",7.18
103638,9,32,6,105015,2019-01-04,NA,"Active",NA,"Employee","Regular",1,"Hybrid",7.18
103199,9,32,8,107893,2019-01-09,NA,"Active",NA,"Employee","Regular",1,"Onsite",7.16
107306,9,32,2,107235,2019-01-09,NA,"Active",NA,"Employee","Regular",1,"Remote",7.16
108109,9,32,2,100967,2019-01-13,NA,"Active",NA,"Employee","Regular",1,"Hybrid",7.15
101019,9,32,9,101577,2019-01-20,2025-06-20,"Terminated","Voluntary","Employee","Regular",1,"Onsite",6.41
104036,9,32,4,105015,2019-01-24,NA,"Active",NA,"Employee","Regular",1,"Onsite",7.12
102773,9,32,7,108488,2019-01-28,NA,"Active",NA,"Employee","Regular",0.8,"Onsite",7.11
101735,9,32,12,104115,2019-01-29,NA,"Active",NA,"Employee","Regular",1,"Hybrid",7.11
109013,9,32,3,104176,2019-02-05,NA,"Active",NA,"Employee","Regular",1,"Onsite",7.09
103611,9,32,6,102583,2019-02-11,NA,"Active",NA,"Employee","Regular",1,"Hybrid",7.07
101166,9,32,3,104992,2019-02-17,NA,"Active",NA,"Employee","Regular",1,"Onsite",7.06
100478,9,32,5,107078,2019-02-25,NA,"Active",NA,"Employee","Regular",1,"Onsite",7.04
106122,9,32,11,107943,2019-02-26,NA,"Active",NA,"Contractor","Regular",1,"Hybrid",7.03
105921,9,32,10,107127,2019-03-07,NA,"Active",NA,"Employee","Regular",1,"Hybrid",7.01
102057,9,32,1,108695,2019-03-10,NA,"Active",NA,"Employee","Regular",1,"Onsite",7
107073,9,32,12,102319,2019-03-10,NA,"Active",NA,"Employee","Regular",1,"Onsite",7
105925,9,32,3,107048,2019-03-17,NA,"Active",NA,"Employee","Regular",1,"Remote",6.98
100272,9,32,9,106469,2019-03-26,2024-11-26,"Terminated","Voluntary","Employee","Regular",1,"Hybrid",5.67
102216,9,32,4,100847,2019-03-30,NA,"Active",NA,"Employee","Regular",1,"Remote",6.95
103839,9,32,3,104383,2019-04-01,NA,"Active",NA,"Employee","Regular",1,"Hybrid",6.94
101013,9,32,5,104218,2019-04-14,NA,"Active",NA,"Employee","Regular",1,"Remote",6.9
107926,9,32,12,103767,2019-04-17,2025-09-12,"Terminated","Involuntary","Employee","Regular",0.6,"Onsite",6.41
103244,9,32,5,109487,2019-04-19,NA,"Active",NA,"Employee","Regular",1,"Hybrid",6.89
105043,9,32,8,109507,2019-04-28,NA,"Active",NA,"Employee","Regular",1,"Onsite",6.87
103287,9,32,1,102630,2019-05-05,NA,"Active",NA,"Employee","Regular",1,"Onsite",6.85
100673,9,32,3,101693,2019-05-28,NA,"Active",NA,"Employee","Regular",0.8,"Hybrid",6.78
104620,9,32,7,105598,2019-06-01,NA,"Active",NA,"Employee","Regular",1,"Onsite",6.77
102143,9,32,6,108194,2019-06-02,NA,"Active",NA,"Employee","Temporary",1,"Hybrid",6.77
104431,9,32,10,109664,2019-06-07,NA,"Active",NA,"Employee","Regular",1,"Hybrid",6.76
108370,9,32,1,100551,2019-06-11,NA,"Active",NA,"Employee","Regular",1,"Onsite",6.75
104590,9,32,3,100636,2019-07-09,NA,"Active",NA,"Employee","Temporary",1,"Onsite",6.67
104288,9,32,2,106558,2019-07-19,NA,"Active",NA,"Contractor","Regular",1,"Onsite",6.64
100984,9,32,6,100554,2019-07-20,NA,"Active",NA,"Employee","Regular",1,"Remote",6.64
106978,9,32,3,105412,2019-07-25,NA,"Active",NA,"Employee","Regular",0.8,"Hybrid",6.62
109504,9,32,11,100149,2019-08-06,NA,"Active",NA,"Employee","Regular",1,"Hybrid",6.59
107431,9,32,11,109335,2019-08-09,NA,"Active",NA,"Employee","Regular",1,"Hybrid",6.58
102309,9,32,8,100204,2019-08-16,2024-11-29,"Terminated","Voluntary","Employee","Regular",1,"Hybrid",5.29
103028,9,32,5,104276,2019-08-19,NA,"Active",NA,"Employee","Regular",1,"Onsite",6.56
104480,9,32,2,102455,2019-08-28,NA,"Active",NA,"Employee","Regular",1,"Hybrid",6.53
102587,9,32,7,101173,2019-09-08,2025-10-31,"Terminated","Voluntary","Employee","Regular",1,"Onsite",6.15
109691,9,32,2,101715,2019-09-16,NA,"Active",NA,"Employee","Regular",1,"Hybrid",6.48
104057,9,32,1,101637,2019-09-18,NA,"Active",NA,"Employee","Regular",1,"Onsite",6.47
103853,9,32,9,108715,2019-09-27,NA,"Active",NA,"Employee","Regular",0.6,"Onsite",6.45
107541,9,32,9,109012,2019-10-24,NA,"Active",NA,"Employee","Regular",1,"Hybrid",6.38
108641,9,32,3,109995,2019-10-24,NA,"Active",NA,"Employee","Temporary",1,"Hybrid",6.38
102700,9,32,4,103563,2019-11-04,NA,"Active",NA,"Employee","Temporary",1,"Remote",6.35
105568,9,32,8,109652,2019-11-05,NA,"Active",NA,"Employee","Regular",1,"Hybrid",6.34
107394,9,32,7,103783,2019-11-05,NA,"Active",NA,"Contractor","Regular",1,"Onsite",6.34
102977,9,32,12,108194,2019-11-12,NA,"Active",NA,"Employee","Regular",1,"Onsite",6.32
106081,9,32,12,109152,2019-11-14,NA,"Active",NA,"Employee","Regular",1,"Hybrid",6.32
100062,9,32,1,107963,2019-11-15,NA,"Active",NA,"Employee","Regular",1,"Onsite",6.32
100386,9,32,6,102827,2019-11-25,2025-05-21,"Terminated","Voluntary","Employee","Regular",1,"Hybrid",5.48
105856,9,32,12,105168,2019-11-27,NA,"Active",NA,"Contractor","Regular",1,"Remote",6.28
103132,9,32,3,108832,2019-11-30,NA,"Active",NA,"Employee","Regular",0.8,"Onsite",6.27
107295,9,32,1,105360,2019-12-01,NA,"Active",NA,"Employee","Regular",1,"Onsite",6.27
101353,9,32,1,104773,2019-12-08,NA,"Active",NA,"Employee","Regular",1,"Hybrid",6.25
107614,9,32,12,108194,2019-12-13,NA,"Active",NA,"Employee","Regular",1,"Hybrid",6.24
105103,9,32,3,105659,2019-12-15,NA,"Active",NA,"Employee","Regular",1,"Hybrid",6.23
101629,9,32,12,100017,2019-12-16,NA,"Active",NA,"Employee","Regular",1,"Onsite",6.23
104214,9,32,2,108251,2019-12-20,NA,"Active",NA,"Employee","Regular",1,"Hybrid",6.22
106793,9,32,4,102879,2019-12-22,NA,"Active",NA,"Employee","Regular",1,"Remote",6.21
106408,9,32,9,101797,2019-12-24,NA,"Active",NA,"Employee","Regular",1,"Hybrid",6.21
105866,9,32,4,100811,2019-12-26,NA,"Active",NA,"Employee","Regular",1,"Hybrid",6.2
103905,9,32,11,102774,2019-12-27,NA,"Active",NA,"Employee","Regular",1,"Onsite",6.2
107582,9,32,1,108153,2020-01-01,NA,"Active",NA,"Employee","Regular",1,"Remote",6.19
103167,9,32,7,109858,2020-01-02,NA,"Active",NA,"Employee","Regular",0.8,"Hybrid",6.18
109854,9,32,8,103089,2020-01-03,NA,"Active",NA,"Employee","Regular",1,"Onsite",6.18
101501,9,32,12,100809,2020-01-04,NA,"Active",NA,"Employee","Regular",1,"Remote",6.18
107729,9,32,10,108372,2020-01-10,NA,"Active",NA,"Employee","Temporary",0.8,"Hybrid",6.16
104028,9,32,11,100957,2020-01-15,NA,"Active",NA,"Contractor","Regular",1,"Remote",6.15
100339,9,32,11,105762,2020-01-25,NA,"Active",NA,"Employee","Regular",1,"Onsite",6.12
107554,9,32,6,104625,2020-02-03,NA,"Active",NA,"Employee","Regular",0.8,"Hybrid",6.1
104921,9,32,1,105479,2020-02-14,2025-09-21,"Terminated","Voluntary","Employee","Regular",0.6,"Onsite",5.6
102657,9,32,3,103843,2020-02-25,NA,"Active",NA,"Employee","Regular",1,"Onsite",6.04
103262,9,32,2,100708,2020-02-25,NA,"Active",NA,"Employee","Regular",1,"Onsite",6.04
100048,9,32,4,107360,2020-02-28,NA,"Active",NA,"Employee","Regular",1,"Hybrid",6.03
105963,9,32,7,101538,2020-03-09,NA,"Active",NA,"Employee","Regular",0.8,"Onsite",6
105152,9,32,10,105005,2020-03-21,NA,"Active",NA,"Employee","Regular",1,"Onsite",5.97
101999,9,32,5,105360,2020-03-24,NA,"Active",NA,"Employee","Regular",1,"Hybrid",5.96
102290,9,32,1,103226,2020-03-25,NA,"Active",NA,"Contractor","Regular",0.8,"Hybrid",5.96
105130,9,32,5,109652,2020-03-27,NA,"Active",NA,"Employee","Regular",1,"Onsite",5.95
107363,9,32,1,105060,2020-03-31,NA,"Active",NA,"Employee","Regular",1,"Onsite",5.94
108975,9,32,7,107127,2020-03-31,NA,"Active",NA,"Employee","Regular",1,"Onsite",5.94
103148,9,32,5,101653,2020-04-15,NA,"Active",NA,"Employee","Regular",1,"Onsite",5.9
105032,9,32,12,108611,2020-04-16,NA,"Active",NA,"Employee","Regular",0.8,"Onsite",5.9
106182,9,32,3,100554,2020-04-25,NA,"Active",NA,"Employee","Regular",1,"Onsite",5.87
104508,9,32,3,104812,2020-04-29,NA,"Active",NA,"Employee","Regular",1,"Remote",5.86
107089,9,32,1,104611,2020-05-09,NA,"Active",NA,"Employee","Regular",1,"Hybrid",5.84
109890,9,32,8,104960,2020-05-09,NA,"Active",NA,"Employee","Regular",1,"Hybrid",5.84
107510,9,32,8,101464,2020-05-13,NA,"Active",NA,"Employee","Regular",1,"Hybrid",5.82
108301,9,32,10,100070,2020-05-14,NA,"Active",NA,"Employee","Regular",1,"Onsite",5.82
102390,9,32,9,108251,2020-05-15,NA,"Active",NA,"Employee","Regular",1,"Onsite",5.82
101129,9,32,1,109032,2020-05-16,2024-06-22,"Terminated","Voluntary","Employee","Regular",1,"Hybrid",4.1
105760,9,32,12,109922,2020-05-25,NA,"Active",NA,"Employee","Regular",1,"Remote",5.79
100711,9,32,2,100811,2020-06-01,NA,"Active",NA,"Employee","Regular",1,"Hybrid",5.77
104235,9,32,6,104708,2020-06-14,NA,"Active",NA,"Employee","Regular",1,"Hybrid",5.74
104845,9,32,3,102490,2020-06-29,NA,"Active",NA,"Employee","Regular",1,"Remote",5.7
100199,9,32,4,108282,2020-07-20,NA,"Active",NA,"Employee","Regular",1,"Hybrid",5.64
108948,9,32,8,104424,2020-07-27,NA,"Active",NA,"Employee","Regular",1,"Onsite",5.62
101314,9,32,12,101553,2020-08-05,NA,"Active",NA,"Employee","Regular",1,"Hybrid",5.59
104883,9,32,9,103077,2020-08-11,NA,"Active",NA,"Employee","Regular",1,"Hybrid",5.58
107012,9,32,4,105659,2020-08-13,NA,"Active",NA,"Employee","Temporary",1,"Remote",5.57
103860,9,32,1,106778,2020-08-14,NA,"Active",NA,"Employee","Regular",1,"Onsite",5.57
103694,9,32,1,105479,2020-08-21,NA,"Active",NA,"Employee","Regular",1,"Onsite",5.55
108518,9,32,12,100551,2020-09-01,NA,"Active",NA,"Employee","Regular",1,"Hybrid",5.52
100433,9,32,8,100149,2020-09-03,NA,"Active",NA,"Employee","Regular",1,"Hybrid",5.52
100198,9,32,3,105371,2020-09-08,NA,"Active",NA,"Employee","Regular",1,"Hybrid",5.5
103151,9,32,12,102539,2020-09-11,NA,"Active",NA,"Employee","Regular",0.8,"Remote",5.49
107109,9,32,8,107360,2020-09-21,NA,"Active",NA,"Employee","Regular",1,"Onsite",5.47
106094,9,32,5,107127,2020-09-24,NA,"Active",NA,"Employee","Regular",1,"Hybrid",5.46
102478,9,32,8,104708,2020-10-07,NA,"Active",NA,"Employee","Regular",1,"Hybrid",5.42
100075,9,32,9,108268,2020-10-08,NA,"Active",NA,"Employee","Regular",1,"Hybrid",5.42
103558,9,32,5,104392,2020-10-10,2024-04-29,"Terminated","Voluntary","Employee","Regular",1,"Onsite",3.55
109277,9,32,2,101309,2020-10-14,NA,"Active",NA,"Contractor","Regular",1,"Remote",5.4
104026,9,32,1,108478,2020-10-17,NA,"Active",NA,"Contractor","Regular",1,"Onsite",5.39
105309,9,32,12,109161,2020-10-24,NA,"Active",NA,"Contractor","Regular",1,"Remote",5.38
106462,9,32,2,107905,2020-10-29,2025-07-10,"Terminated","Voluntary","Employee","Regular",0.6,"Onsite",4.7
106588,9,32,6,100318,2020-10-31,NA,"Active",NA,"Employee","Regular",1,"Hybrid",5.36
108883,9,32,4,107016,2020-11-02,NA,"Active",NA,"Employee","Regular",1,"Onsite",5.35
102002,9,32,8,100055,2020-11-04,NA,"Active",NA,"Employee","Regular",1,"Hybrid",5.35
108421,9,32,5,107918,2020-11-05,NA,"Active",NA,"Employee","Regular",1,"Remote",5.34
101794,9,32,9,105880,2020-11-08,NA,"Active",NA,"Contractor","Regular",1,"Remote",5.33
102523,9,32,5,109375,2020-11-09,NA,"Active",NA,"Employee","Regular",1,"Remote",5.33
100122,9,32,9,109054,2020-11-14,NA,"Active",NA,"Employee","Regular",0.8,"Onsite",5.32
104665,9,32,12,105880,2020-11-29,NA,"Active",NA,"Employee","Temporary",1,"Hybrid",5.28
107120,9,32,1,103116,2020-12-11,NA,"Active",NA,"Employee","Regular",1,"Remote",5.24
107622,9,32,10,101637,2020-12-18,NA,"Active",NA,"Employee","Regular",1,"Hybrid",5.22
101923,9,32,3,104021,2020-12-20,NA,"Active",NA,"Employee","Regular",1,"Hybrid",5.22
103409,9,32,2,106205,2020-12-28,NA,"Active",NA,"Employee","Regular",1,"Hybrid",5.2
101430,9,32,4,101007,2021-01-21,NA,"Active",NA,"Employee","Regular",1,"Onsite",5.13
107957,9,32,7,100438,2021-01-28,NA,"Active",NA,"Contractor","Regular",1,"Remote",5.11
104944,9,32,8,102860,2021-02-04,NA,"Active",NA,"Employee","Regular",1,"Onsite",5.09
102702,9,32,6,104296,2021-02-20,NA,"Active",NA,"Employee","Regular",1,"Remote",5.05
109381,9,32,8,101169,2021-02-24,NA,"Active",NA,"Employee","Regular",0.8,"Remote",5.04
100570,9,32,12,107805,2021-02-25,NA,"Active",NA,"Employee","Regular",1,"Onsite",5.04
103785,9,32,8,108695,2021-03-06,NA,"Active",NA,"Employee","Regular",1,"Remote",5.01
104541,9,32,2,103748,2021-03-16,NA,"Active",NA,"Employee","Regular",1,"Onsite",4.98
104734,9,32,2,104283,2021-04-02,NA,"Active",NA,"Employee","Regular",1,"Onsite",4.94
104795,9,32,4,109112,2021-04-04,NA,"Active",NA,"Employee","Regular",0.8,"Hybrid",4.93
106223,9,32,4,102907,2021-04-10,NA,"Active",NA,"Employee","Regular",1,"Hybrid",4.92
102701,9,32,9,109266,2021-04-15,NA,"Active",NA,"Employee","Regular",1,"Hybrid",4.9
104889,9,32,6,102848,2021-04-17,2025-07-25,"Terminated","Voluntary","Employee","Regular",1,"Hybrid",4.27
106276,9,32,5,105843,2021-04-20,NA,"Active",NA,"Employee","Regular",1,"Onsite",4.89
102923,9,32,4,108153,2021-04-21,NA,"Active",NA,"Contractor","Regular",1,"Onsite",4.88
107716,9,32,5,107905,2021-04-27,NA,"Active",NA,"Employee","Regular",1,"Hybrid",4.87
108523,9,32,6,107714,2021-05-01,NA,"Active",NA,"Employee","Regular",1,"Onsite",4.86
105623,9,32,2,105346,2021-05-09,2025-08-04,"Terminated","Voluntary","Employee","Regular",1,"Remote",4.24
101351,9,32,6,104032,2021-05-24,NA,"Active",NA,"Employee","Regular",1,"Onsite",4.79
107965,9,32,4,105816,2021-05-26,NA,"Active",NA,"Employee","Regular",0.8,"Hybrid",4.79
102968,9,32,10,109112,2021-05-27,NA,"Active",NA,"Contractor","Regular",1,"Hybrid",4.79
109555,9,32,3,100438,2021-06-17,NA,"Active",NA,"Employee","Regular",1,"Onsite",4.73
105899,9,32,3,101547,2021-07-13,NA,"Active",NA,"Employee","Regular",1,"Hybrid",4.66
107243,9,32,11,105816,2021-07-13,NA,"Active",NA,"Employee","Regular",1,"Onsite",4.66
100607,9,32,1,108105,2021-07-16,NA,"Active",NA,"Contractor","Regular",1,"Hybrid",4.65
102755,9,32,11,105974,2021-07-17,NA,"Active",NA,"Employee","Regular",1,"Onsite",4.65
100297,9,32,4,104276,2021-07-22,NA,"Active",NA,"Employee","Regular",1,"Hybrid",4.63
104820,9,32,10,106795,2021-07-29,NA,"Active",NA,"Employee","Regular",1,"Onsite",4.61
105829,9,32,1,100172,2021-07-29,NA,"Active",NA,"Employee","Regular",1,"Onsite",4.61
107875,9,32,1,104328,2021-07-29,NA,"Active",NA,"Employee","Regular",1,"Onsite",4.61
101189,9,32,11,101797,2021-08-05,NA,"Active",NA,"Employee","Regular",1,"Onsite",4.59
105637,9,32,4,106162,2021-08-05,NA,"Active",NA,"Employee","Regular",1,"Remote",4.59
107459,9,32,7,100055,2021-08-12,NA,"Active",NA,"Employee","Regular",1,"Onsite",4.58
100793,9,32,4,101564,2021-08-19,NA,"Active",NA,"Employee","Regular",1,"Remote",4.56
108181,9,32,3,100172,2021-08-28,NA,"Active",NA,"Employee","Regular",1,"Remote",4.53
104035,9,32,3,105880,2021-09-01,2023-05-23,"Terminated","Involuntary","Employee","Temporary",0.8,"Onsite",1.72
109824,9,32,9,108911,2021-09-08,NA,"Active",NA,"Employee","Regular",0.8,"Onsite",4.5
101990,9,32,10,109457,2021-09-11,NA,"Active",NA,"Employee","Regular",1,"Hybrid",4.49
105967,9,32,4,100017,2021-09-11,NA,"Active",NA,"Employee","Regular",0.8,"Remote",4.49
108801,9,32,6,101082,2021-09-15,NA,"Active",NA,"Employee","Temporary",0.8,"Remote",4.48
108269,9,32,1,108925,2021-09-18,NA,"Active",NA,"Employee","Regular",1,"Onsite",4.47
104696,9,32,9,109489,2021-09-19,NA,"Active",NA,"Employee","Regular",1,"Onsite",4.47
102183,9,32,6,105412,2021-09-20,NA,"Active",NA,"Employee","Regular",1,"Onsite",4.47
105392,9,32,5,101693,2021-09-21,NA,"Active",NA,"Employee","Regular",1,"Hybrid",4.47
107685,9,32,10,100464,2021-10-15,NA,"Active",NA,"Contractor","Regular",1,"Onsite",4.4
100471,9,32,2,109402,2021-10-16,NA,"Active",NA,"Employee","Regular",1,"Onsite",4.4
109708,9,32,9,101910,2021-10-20,NA,"Active",NA,"Employee","Regular",1,"Remote",4.39
102643,9,32,6,100249,2021-10-23,NA,"Active",NA,"Employee","Regular",1,"Hybrid",4.38
107636,9,32,4,107058,2021-10-25,NA,"Active",NA,"Employee","Regular",1,"Onsite",4.37
101666,9,32,7,105911,2021-11-01,NA,"Active",NA,"Employee","Regular",1,"Hybrid",4.35
104897,9,32,10,109995,2021-11-02,NA,"Active",NA,"Employee","Regular",1,"Remote",4.35
104617,9,32,10,108720,2021-11-12,NA,"Active",NA,"Employee","Temporary",0.6,"Hybrid",4.32
100599,9,32,2,108500,2021-11-23,NA,"Active",NA,"Employee","Regular",1,"Remote",4.29
104874,9,32,4,103998,2021-12-08,NA,"Active",NA,"Employee","Regular",1,"Hybrid",4.25
102559,9,32,10,108262,2021-12-24,NA,"Active",NA,"Employee","Temporary",1,"Onsite",4.21
108024,9,32,7,101564,2021-12-26,NA,"Active",NA,"Employee","Regular",1,"Remote",4.2
109289,9,32,11,105598,2021-12-26,NA,"Active",NA,"Employee","Regular",1,"Hybrid",4.2
106801,9,32,12,107411,2021-12-29,NA,"Active",NA,"Employee","Regular",0.8,"Hybrid",4.19
101190,9,32,4,102814,2022-01-02,NA,"Active",NA,"Employee","Regular",1,"Hybrid",4.18
102584,9,32,11,100809,2022-01-02,NA,"Active",NA,"Employee","Regular",1,"Onsite",4.18
109275,9,32,6,102904,2022-01-13,NA,"Active",NA,"Employee","Regular",0.8,"Hybrid",4.15
109904,9,32,6,105905,2022-01-25,2024-10-12,"Terminated","Voluntary","Employee","Regular",1,"Remote",2.71
108058,9,32,2,103182,2022-01-29,NA,"Active",NA,"Employee","Regular",1,"Onsite",4.11
109128,9,32,11,105840,2022-02-11,NA,"Active",NA,"Employee","Regular",1,"Remote",4.07
101288,9,32,3,109166,2022-02-16,NA,"Active",NA,"Employee","Regular",1,"Remote",4.06
106857,9,32,1,105315,2022-02-18,NA,"Active",NA,"Employee","Regular",1,"Onsite",4.05
102931,9,32,10,105840,2022-03-08,NA,"Active",NA,"Employee","Regular",1,"Onsite",4.01
101037,9,32,9,109032,2022-04-16,NA,"Active",NA,"Employee","Regular",1,"Hybrid",3.9
109051,9,32,10,103767,2022-04-19,NA,"Active",NA,"Employee","Regular",1,"Onsite",3.89
101533,9,32,5,100551,2022-04-27,NA,"Active",NA,"Employee","Regular",1,"Hybrid",3.87
100027,9,32,10,100221,2022-05-01,NA,"Active",NA,"Employee","Regular",1,"Remote",3.86
105499,9,32,9,104777,2022-05-01,NA,"Active",NA,"Employee","Regular",1,"Hybrid",3.86
106368,9,32,11,108733,2022-05-10,NA,"Active",NA,"Employee","Regular",0.6,"Hybrid",3.83
105544,9,32,4,106965,2022-05-20,NA,"Active",NA,"Employee","Regular",0.8,"Remote",3.81
101446,9,32,3,101553,2022-05-26,NA,"Active",NA,"Employee","Regular",1,"Remote",3.79
103698,9,32,12,105871,2022-06-12,NA,"Active",NA,"Contractor","Regular",1,"Onsite",3.74
105793,9,32,11,105871,2022-06-21,NA,"Active",NA,"Employee","Regular",1,"Onsite",3.72
108743,9,32,11,109995,2022-07-13,NA,"Active",NA,"Employee","Regular",1,"Onsite",3.66
106312,9,32,4,105598,2022-07-20,NA,"Active",NA,"Employee","Regular",1,"Hybrid",3.64
103329,9,32,6,100642,2022-07-23,NA,"Active",NA,"Employee","Regular",0.6,"Onsite",3.63
105711,9,32,5,104395,2022-07-30,NA,"Active",NA,"Employee","Regular",1,"Onsite",3.61
100785,9,32,6,107963,2022-08-13,NA,"Active",NA,"Employee","Regular",0.8,"Hybrid",3.57
102746,9,32,2,109507,2022-08-13,NA,"Active",NA,"Employee","Regular",1,"Remote",3.57
101519,9,32,4,102529,2022-08-21,NA,"Active",NA,"Employee","Regular",0.6,"Remote",3.55
101955,9,32,6,106321,2022-08-24,NA,"Active",NA,"Employee","Regular",1,"Onsite",3.54
105465,9,32,3,104218,2022-08-25,NA,"Active",NA,"Employee","Regular",0.8,"Remote",3.54
104690,9,32,12,102653,2022-09-02,NA,"Active",NA,"Employee","Regular",1,"Hybrid",3.52
101732,9,32,7,103382,2022-09-19,NA,"Active",NA,"Employee","Regular",1,"Hybrid",3.47
104384,9,32,11,104739,2022-09-21,2025-12-31,"Terminated","Voluntary","Employee","Regular",1,"Hybrid",3.28
102833,9,32,3,108132,2022-09-26,NA,"Active",NA,"Employee","Regular",1,"Onsite",3.45
102191,9,32,4,102814,2022-10-19,NA,"Active",NA,"Employee","Regular",1,"Hybrid",3.39
109000,9,32,12,100318,2022-10-23,NA,"Active",NA,"Employee","Regular",1,"Hybrid",3.38
108122,9,32,11,105222,2022-11-03,NA,"Active",NA,"Employee","Regular",0.8,"Hybrid",3.35
106535,9,32,10,105905,2022-11-04,NA,"Active",NA,"Employee","Regular",0.8,"Onsite",3.35
109578,9,32,12,102827,2022-11-04,NA,"Active",NA,"Employee","Regular",1,"Onsite",3.35
106353,9,32,9,101169,2022-11-07,NA,"Active",NA,"Employee","Regular",1,"Onsite",3.34
101045,9,32,3,102583,2022-11-15,NA,"Active",NA,"Employee","Regular",1,"Onsite",3.32
109515,9,32,6,108695,2022-11-30,NA,"Active",NA,"Employee","Regular",1,"Onsite",3.27
100313,9,32,11,101760,2022-12-09,NA,"Active",NA,"Employee","Regular",1,"Hybrid",3.25
105143,9,32,4,102966,2022-12-15,NA,"Active",NA,"Employee","Regular",1,"Remote",3.23
107224,9,32,10,100636,2022-12-20,2025-08-15,"Terminated","Voluntary","Employee","Regular",0.8,"Onsite",2.65
105647,9,32,7,102799,2022-12-23,NA,"Active",NA,"Employee","Regular",1,"Hybrid",3.21
103864,9,32,6,107322,2022-12-30,NA,"Active",NA,"Employee","Regular",1,"Onsite",3.19
107546,9,32,8,104176,2023-01-13,NA,"Active",NA,"Employee","Regular",1,"Onsite",3.15
108408,9,32,3,107235,2023-01-31,NA,"Active",NA,"Employee","Regular",1,"Onsite",3.1
109460,9,32,12,109457,2023-02-06,NA,"Active",NA,"Employee","Regular",1,"Onsite",3.09
103498,9,32,1,107037,2023-02-16,NA,"Active",NA,"Employee","Regular",1,"Remote",3.06
105797,9,32,1,108153,2023-03-01,NA,"Active",NA,"Employee","Regular",1,"Hybrid",3.02
104843,9,32,12,105972,2023-03-02,NA,"Active",NA,"Employee","Regular",1,"Hybrid",3.02
108077,9,32,10,108372,2023-03-08,NA,"Active",NA,"Employee","Regular",1,"Onsite",3.01
101126,9,32,2,102909,2023-03-17,NA,"Active",NA,"Employee","Regular",0.8,"Hybrid",2.98
108934,9,32,2,108194,2023-03-21,NA,"Active",NA,"Employee","Regular",1,"Remote",2.97
106947,9,32,4,105769,2023-03-29,NA,"Active",NA,"Employee","Regular",1,"Remote",2.95
102663,9,32,5,106795,2023-04-08,NA,"Active",NA,"Employee","Regular",1,"Hybrid",2.92
107145,9,32,9,105905,2023-04-09,NA,"Active",NA,"Employee","Regular",1,"Hybrid",2.92
101159,9,32,10,100221,2023-04-11,NA,"Active",NA,"Employee","Regular",1,"Remote",2.91
101977,9,32,10,101298,2023-04-14,NA,"Active",NA,"Employee","Regular",1,"Hybrid",2.9
105175,9,32,1,109881,2023-04-14,NA,"Active",NA,"Employee","Regular",1,"Hybrid",2.9
103608,9,32,1,104960,2023-04-15,NA,"Active",NA,"Employee","Regular",0.8,"Hybrid",2.9
108387,9,32,12,105360,2023-04-20,NA,"Active",NA,"Employee","Regular",1,"Onsite",2.89
109001,9,32,3,100120,2023-04-25,NA,"Active",NA,"Employee","Regular",1,"Remote",2.87
107422,9,32,9,100289,2023-04-30,NA,"Active",NA,"Employee","Regular",1,"Onsite",2.86
106011,9,32,1,106162,2023-05-27,NA,"Active",NA,"Employee","Regular",1,"Hybrid",2.79
100096,9,32,11,105649,2023-06-03,NA,"Active",NA,"Employee","Regular",1,"Onsite",2.77
103420,9,32,2,101082,2023-06-07,NA,"Active",NA,"Employee","Regular",1,"Remote",2.76
107287,9,32,11,100847,2023-06-07,NA,"Active",NA,"Employee","Regular",1,"Remote",2.76
106569,9,32,8,101556,2023-06-20,NA,"Active",NA,"Employee","Temporary",1,"Onsite",2.72
101094,9,32,7,104392,2023-06-21,NA,"Active",NA,"Employee","Regular",1,"Onsite",2.72
107248,9,32,11,102047,2023-06-27,2024-11-26,"Terminated","Voluntary","Employee","Regular",1,"Onsite",1.42
103236,9,32,10,103369,2023-07-02,NA,"Active",NA,"Employee","Temporary",0.8,"Onsite",2.69
100174,9,32,8,101853,2023-07-06,NA,"Active",NA,"Employee","Regular",1,"Onsite",2.68
106865,9,32,8,100892,2023-07-07,NA,"Active",NA,"Employee","Regular",1,"Hybrid",2.67
105541,9,32,8,106996,2023-07-13,NA,"Active",NA,"Employee","Regular",1,"Onsite",2.66
101489,9,32,9,102799,2023-07-14,NA,"Active",NA,"Contractor","Regular",1,"Onsite",2.65
105790,9,32,11,103369,2023-07-14,NA,"Active",NA,"Employee","Regular",0.8,"Onsite",2.65
105287,9,32,7,108030,2023-07-15,NA,"Active",NA,"Employee","Regular",1,"Hybrid",2.65
108643,9,32,3,106601,2023-07-15,NA,"Active",NA,"Employee","Regular",1,"Hybrid",2.65
105717,9,32,11,105698,2023-07-21,NA,"Active",NA,"Employee","Regular",1,"Hybrid",2.64
104004,9,32,12,105840,2023-07-26,2025-02-19,"Terminated","Involuntary","Employee","Regular",1,"Remote",1.57
108961,9,32,11,109152,2023-08-14,NA,"Active",NA,"Employee","Regular",1,"Onsite",2.57
107343,9,32,11,104283,2023-08-17,NA,"Active",NA,"Employee","Regular",1,"Onsite",2.56
107523,9,32,3,101319,2023-08-21,NA,"Active",NA,"Employee","Temporary",1,"Hybrid",2.55
105704,9,32,1,100130,2023-08-28,NA,"Active",NA,"Employee","Regular",1,"Remote",2.53
104191,9,32,6,108478,2023-09-01,NA,"Active",NA,"Employee","Regular",1,"Remote",2.52
106746,9,32,6,100967,2023-09-02,NA,"Active",NA,"Employee","Regular",1,"Onsite",2.52
106149,9,32,5,108500,2023-09-05,NA,"Active",NA,"Employee","Regular",1,"Onsite",2.51
102353,9,32,5,108733,2023-09-08,NA,"Active",NA,"Employee","Regular",1,"Hybrid",2.5
107483,9,32,9,102006,2023-09-15,NA,"Active",NA,"Employee","Regular",1,"Hybrid",2.48
102064,9,32,8,105005,2023-09-16,NA,"Active",NA,"Employee","Regular",1,"Hybrid",2.48
100589,9,32,12,107963,2023-09-19,NA,"Active",NA,"Employee","Regular",1,"Hybrid",2.47
103299,9,32,11,105690,2023-10-01,NA,"Active",NA,"Employee","Regular",1,"Onsite",2.44
102517,9,32,7,104992,2023-10-07,NA,"Active",NA,"Employee","Regular",1,"Onsite",2.42
106372,9,32,10,109849,2023-10-18,NA,"Active",NA,"Employee","Regular",1,"Onsite",2.39
100977,9,32,8,107020,2023-10-20,NA,"Active",NA,"Employee","Regular",1,"Remote",2.39
107315,9,32,8,100283,2023-10-25,NA,"Active",NA,"Employee","Temporary",1,"Hybrid",2.37
100072,9,32,1,103980,2023-10-26,NA,"Active",NA,"Employee","Regular",1,"Hybrid",2.37
104723,9,32,2,102583,2023-11-03,NA,"Active",NA,"Employee","Regular",1,"Hybrid",2.35
104222,9,32,4,107411,2023-11-21,NA,"Active",NA,"Employee","Regular",1,"Hybrid",2.3
102767,9,32,2,105060,2023-11-24,NA,"Active",NA,"Employee","Regular",1,"Hybrid",2.29
109055,9,32,8,100016,2023-12-02,NA,"Active",NA,"Employee","Regular",1,"Onsite",2.27
103141,9,32,10,105213,2023-12-12,NA,"Active",NA,"Employee","Regular",0.8,"Onsite",2.24
103480,9,32,2,105315,2023-12-13,NA,"Active",NA,"Employee","Regular",1,"Remote",2.24
109114,9,32,4,106757,2023-12-16,NA,"Active",NA,"Employee","Regular",1,"Onsite",2.23
109912,9,32,1,108925,2024-01-04,NA,"Active",NA,"Employee","Regular",1,"Hybrid",2.18
102704,9,32,4,101693,2024-01-06,NA,"Active",NA,"Employee","Regular",1,"Hybrid",2.17
106401,9,32,1,104324,2024-01-09,NA,"Active",NA,"Employee","Regular",1,"Hybrid",2.16
104861,9,32,2,104917,2024-01-27,NA,"Active",NA,"Employee","Regular",1,"Onsite",2.12
107807,9,32,8,108510,2024-01-27,NA,"Active",NA,"Employee","Temporary",1,"Hybrid",2.12
100759,9,32,7,103372,2024-02-01,NA,"Active",NA,"Employee","Regular",1,"Onsite",2.1
103400,9,32,1,105168,2024-02-02,NA,"Active",NA,"Employee","Regular",1,"Onsite",2.1
105503,9,32,5,101843,2024-02-16,NA,"Active",NA,"Employee","Regular",1,"Hybrid",2.06
108880,9,32,11,102769,2024-02-19,NA,"Active",NA,"Contractor","Regular",1,"Remote",2.05
108124,9,32,1,104152,2024-02-20,NA,"Active",NA,"Employee","Regular",1,"Hybrid",2.05
101881,9,32,9,104488,2024-02-22,NA,"Active",NA,"Employee","Regular",1,"Remote",2.04
102436,9,32,10,102631,2024-02-28,NA,"Active",NA,"Employee","Regular",1,"Hybrid",2.03
101245,9,32,11,106587,2024-03-10,NA,"Active",NA,"Contractor","Regular",1,"Onsite",2
107750,9,32,2,101175,2024-03-30,2025-08-31,"Terminated","Reduction in Force","Employee","Regular",1,"Hybrid",1.42
101407,9,32,7,108500,2024-04-01,NA,"Active",NA,"Employee","Regular",1,"Hybrid",1.94
101440,9,32,5,101553,2024-04-19,NA,"Active",NA,"Employee","Regular",1,"Remote",1.89
106400,9,32,3,102848,2024-04-22,NA,"Active",NA,"Employee","Regular",1,"Hybrid",1.88
105274,9,32,12,107640,2024-04-27,NA,"Active",NA,"Employee","Regular",1,"Hybrid",1.87
102079,9,32,7,101637,2024-04-28,NA,"Active",NA,"Employee","Temporary",0.6,"Onsite",1.87
102800,9,32,11,107478,2024-04-30,NA,"Active",NA,"Employee","Regular",1,"Hybrid",1.86
101582,9,32,5,100983,2024-05-08,NA,"Active",NA,"Employee","Regular",1,"Onsite",1.84
105316,9,32,8,105690,2024-05-14,NA,"Active",NA,"Employee","Regular",1,"Hybrid",1.82
104681,9,32,3,105843,2024-05-22,NA,"Active",NA,"Employee","Regular",1,"Hybrid",1.8
106907,9,32,3,105125,2024-05-27,NA,"Active",NA,"Employee","Regular",1,"Onsite",1.79
102521,9,32,11,107902,2024-06-05,NA,"Active",NA,"Employee","Regular",0.8,"Onsite",1.76
105386,9,32,10,101298,2024-06-09,NA,"Active",NA,"Employee","Regular",1,"Hybrid",1.75
108152,9,32,2,100264,2024-06-12,NA,"Active",NA,"Contractor","Regular",1,"Remote",1.74
106973,9,32,3,105168,2024-06-19,NA,"Active",NA,"Contractor","Regular",0.8,"Hybrid",1.72
100523,9,32,6,107840,2024-06-26,NA,"Active",NA,"Employee","Regular",1,"Onsite",1.7
101848,9,32,7,107835,2024-06-27,NA,"Active",NA,"Employee","Regular",1,"Hybrid",1.7
107953,9,32,9,104502,2024-07-06,NA,"Active",NA,"Employee","Regular",1,"Onsite",1.68
107699,9,32,3,108997,2024-07-08,NA,"Active",NA,"Employee","Regular",1,"Onsite",1.67
105383,9,32,10,106996,2024-07-14,NA,"Active",NA,"Employee","Regular",1,"Remote",1.65
103560,9,32,2,109774,2024-07-19,NA,"Active",NA,"Employee","Regular",1,"Remote",1.64
104623,9,32,12,109874,2024-08-01,NA,"Active",NA,"Employee","Regular",1,"Remote",1.61
106314,9,32,3,109375,2024-08-02,NA,"Active",NA,"Employee","Regular",1,"Onsite",1.6
101211,9,32,7,106162,2024-08-04,NA,"Active",NA,"Employee","Regular",1,"Hybrid",1.6
105653,9,32,5,102529,2024-08-06,NA,"Active",NA,"Employee","Regular",1,"Remote",1.59
102439,9,32,7,103998,2024-08-25,NA,"Active",NA,"Employee","Regular",1,"Remote",1.54
101432,9,32,1,100551,2024-08-28,NA,"Active",NA,"Employee","Regular",1,"Hybrid",1.53
109828,9,32,11,100708,2024-09-03,NA,"Active",NA,"Employee","Regular",1,"Hybrid",1.52
106990,9,32,6,102529,2024-09-25,NA,"Active",NA,"Employee","Regular",1,"Remote",1.45
100435,9,32,9,108832,2024-10-08,NA,"Active",NA,"Employee","Regular",0.8,"Onsite",1.42
104156,9,32,4,106711,2024-10-09,NA,"Active",NA,"Employee","Regular",0.8,"Onsite",1.42
109962,9,32,6,103553,2024-10-12,2025-09-01,"Terminated","Voluntary","Employee","Regular",0.8,"Onsite",0.89
107668,9,32,11,108823,2024-10-18,NA,"Active",NA,"Employee","Regular",1,"Hybrid",1.39
107524,9,32,12,103089,2024-10-27,NA,"Active",NA,"Employee","Regular",1,"Remote",1.37
108773,9,32,1,105213,2024-10-28,NA,"Active",NA,"Employee","Regular",1,"Hybrid",1.36
110000,9,32,9,105972,2024-11-04,NA,"Active",NA,"Employee","Regular",1,"Hybrid",1.35
104291,9,32,3,102630,2024-11-07,NA,"Active",NA,"Employee","Regular",1,"Remote",1.34
104418,9,32,2,107783,2024-11-10,NA,"Active",NA,"Employee","Regular",1,"Onsite",1.33
103067,9,32,3,102047,2024-11-22,NA,"Active",NA,"Employee","Regular",0.6,"Hybrid",1.3
106470,9,32,8,104276,2024-12-03,2025-11-06,"Terminated","Voluntary","Contractor","Temporary",1,"Hybrid",0.93
107359,9,32,3,103415,2024-12-03,NA,"Active",NA,"Employee","Regular",1,"Onsite",1.27
108401,9,32,9,105690,2024-12-10,2026-01-07,"Terminated","Voluntary","Employee","Regular",1,"Onsite",1.08
105351,9,32,3,108911,2024-12-11,NA,"Active",NA,"Employee","Regular",1,"Hybrid",1.24
108187,9,32,11,105314,2024-12-17,NA,"Active",NA,"Employee","Regular",1,"Hybrid",1.23
100585,9,32,10,101298,2024-12-19,NA,"Active",NA,"Employee","Regular",1,"Onsite",1.22
109213,9,32,2,108288,2024-12-24,NA,"Active",NA,"Employee","Regular",1,"Hybrid",1.21
100727,9,32,11,102904,2024-12-31,NA,"Active",NA,"Employee","Regular",1,"Hybrid",1.19
106453,9,32,6,107291,2024-12-31,NA,"Active",NA,"Employee","Regular",1,"Remote",1.19
106898,9,32,2,102907,2025-01-11,NA,"Active",NA,"Employee","Regular",0.6,"Hybrid",1.16
105873,9,32,10,106943,2025-01-14,NA,"Active",NA,"Employee","Regular",1,"Hybrid",1.15
103204,9,32,8,108509,2025-01-18,NA,"Active",NA,"Employee","Regular",1,"Onsite",1.14
106927,9,32,4,106965,2025-01-21,NA,"Active",NA,"Employee","Regular",0.8,"Remote",1.13
100932,9,32,5,100892,2025-01-22,NA,"Active",NA,"Employee","Regular",0.8,"Hybrid",1.13
101709,9,32,1,105336,2025-01-23,NA,"Active",NA,"Employee","Regular",1,"Hybrid",1.13
105764,9,32,2,106768,2025-01-29,NA,"Active",NA,"Employee","Regular",1,"Onsite",1.11
102163,9,32,10,104276,2025-01-30,NA,"Active",NA,"Employee","Regular",1,"Hybrid",1.11
109819,9,32,5,108510,2025-02-15,NA,"Active",NA,"Employee","Regular",0.8,"Hybrid",1.06
103143,9,32,3,108105,2025-02-25,NA,"Active",NA,"Employee","Regular",1,"Hybrid",1.04
102355,9,32,12,109209,2025-03-13,NA,"Active",NA,"Employee","Regular",0.8,"Hybrid",0.99
102730,9,32,12,100289,2025-03-20,NA,"Active",NA,"Employee","Regular",1,"Onsite",0.97
107111,9,32,3,104324,2025-03-20,NA,"Active",NA,"Contractor","Regular",0.6,"Onsite",0.97
103083,9,32,1,103369,2025-04-01,NA,"Active",NA,"Employee","Regular",1,"Remote",0.94
108751,9,32,12,100991,2025-04-06,NA,"Active",NA,"Employee","Regular",1,"Onsite",0.93
101834,9,32,7,101169,2025-04-19,NA,"Active",NA,"Employee","Regular",1,"Hybrid",0.89
102809,9,32,4,107839,2025-05-14,NA,"Active",NA,"Employee","Regular",1,"Hybrid",0.82
101442,9,32,7,107360,2025-05-23,NA,"Active",NA,"Employee","Regular",0.8,"Hybrid",0.8
103298,9,32,5,108837,2025-06-12,NA,"Active",NA,"Employee","Regular",0.8,"Remote",0.74
108098,9,32,12,105972,2025-06-19,NA,"Active",NA,"Employee","Regular",1,"Remote",0.72
100595,9,32,8,108823,2025-06-30,NA,"Active",NA,"Employee","Regular",1,"Hybrid",0.69
103020,9,32,12,104777,2025-07-02,NA,"Active",NA,"Employee","Regular",1,"Hybrid",0.69
102105,9,32,11,101556,2025-07-03,NA,"Active",NA,"Employee","Regular",1,"Remote",0.68
108390,9,32,3,105808,2025-07-03,NA,"Active",NA,"Employee","Regular",1,"Remote",0.68
102632,9,32,4,105643,2025-07-05,NA,"Active",NA,"Employee","Regular",0.8,"Hybrid",0.68
106831,9,32,9,100991,2025-07-08,NA,"Active",NA,"Employee","Regular",1,"Onsite",0.67
107333,9,32,10,108823,2025-08-11,NA,"Active",NA,"Employee","Regular",0.6,"Onsite",0.58
107747,9,32,10,103787,2025-08-11,NA,"Active",NA,"Employee","Regular",1,"Remote",0.58
101570,9,32,8,109858,2025-08-16,NA,"Active",NA,"Employee","Regular",1,"Hybrid",0.56
100610,9,32,3,100349,2025-08-23,NA,"Active",NA,"Employee","Regular",1,"Onsite",0.55
104610,9,32,3,105005,2025-09-06,NA,"Active",NA,"Employee","Regular",1,"Hybrid",0.51
101875,9,32,10,100264,2025-09-09,NA,"Active",NA,"Employee","Regular",1,"Hybrid",0.5
107032,9,32,4,100283,2025-09-17,NA,"Active",NA,"Employee","Regular",1,"Hybrid",0.48
109876,9,32,7,108997,2025-09-18,NA,"Active",NA,"Employee","Regular",1,"Hybrid",0.47
105593,9,32,5,103629,2025-09-21,NA,"Active",NA,"Employee","Regular",1,"Onsite",0.47
109352,9,32,8,106205,2025-10-16,NA,"Active",NA,"Employee","Regular",1,"Hybrid",0.4
100110,9,32,5,102583,2025-10-17,NA,"Active",NA,"Employee","Regular",1,"Remote",0.39
106545,9,32,1,107905,2025-10-28,NA,"Active",NA,"Contractor","Regular",1,"Onsite",0.36
103775,9,32,7,109032,2025-10-29,NA,"Active",NA,"Employee","Regular",0.8,"Onsite",0.36
103656,9,32,6,107381,2025-11-09,NA,"Active",NA,"Employee","Regular",0.8,"Hybrid",0.33
101597,9,32,5,104296,2025-11-11,NA,"Active",NA,"Employee","Regular",1,"Hybrid",0.33
105610,9,32,6,108374,2025-11-13,NA,"Active",NA,"Employee","Regular",1,"Hybrid",0.32
102849,9,32,7,108087,2025-11-17,NA,"Active",NA,"Employee","Regular",1,"Hybrid",0.31
106282,9,32,2,108147,2025-12-10,NA,"Active",NA,"Employee","Regular",1,"Remote",0.25
101448,9,32,10,108611,2025-12-11,NA,"Active",NA,"Employee","Regular",1,"Onsite",0.24
109505,9,32,1,107058,2025-12-13,NA,"Active",NA,"Employee","Regular",0.8,"Hybrid",0.24
109584,9,32,2,100892,2025-12-27,NA,"Active",NA,"Employee","Regular",1,"Onsite",0.2
107212,9,32,11,108282,2025-12-29,NA,"Active",NA,"Employee","Regular",1,"Onsite",0.19
104372,9,32,2,104509,2025-12-30,NA,"Active",NA,"Employee","Regular",1,"Remote",0.19
105585,9,32,2,105769,2026-01-04,NA,"Active",NA,"Employee","Regular",1,"Hybrid",0.18
105273,9,32,3,104509,2026-01-08,NA,"Active",NA,"Employee","Regular",1,"Onsite",0.17
107925,9,32,3,108153,2026-01-08,NA,"Active",NA,"Employee","Regular",1,"Onsite",0.17
108458,9,32,1,100495,2026-01-10,NA,"Active",NA,"Employee","Regular",1,"Onsite",0.16
100676,9,32,6,104488,2026-01-12,NA,"Active",NA,"Employee","Regular",1,"Hybrid",0.16
102561,9,32,10,109864,2026-01-14,NA,"Active",NA,"Employee","Regular",1,"Onsite",0.15
102810,9,32,2,103301,2026-01-19,NA,"Active",NA,"Contractor","Regular",1,"Remote",0.14
103967,9,32,8,108613,2026-01-20,NA,"Active",NA,"Employee","Regular",1,"Onsite",0.13
109717,9,32,7,107987,2026-01-27,NA,"Active",NA,"Contractor","Regular",1,"Onsite",0.12
105473,9,32,10,103372,2026-01-29,NA,"Active",NA,"Employee","Regular",1,"Onsite",0.11
106405,11,38,5,106608,2013-01-14,2025-07-06,"Terminated","Voluntary","Employee","Regular",1,"Onsite",12.47
107283,11,38,7,100032,2013-07-11,NA,"Active",NA,"Employee","Regular",1,"Hybrid",12.66
105605,11,38,11,106564,2013-08-13,NA,"Active",NA,"Employee","Regular",1,"Remote",12.57
108218,11,38,8,103793,2013-10-05,NA,"Active",NA,"Employee","Regular",1,"Hybrid",12.43
107277,11,38,10,100131,2013-10-21,NA,"Active",NA,"Employee","Regular",1,"Remote",12.38
104137,11,38,6,103793,2013-11-22,NA,"Active",NA,"Employee","Regular",1,"Onsite",12.3
107808,11,38,6,107261,2014-01-10,NA,"Active",NA,"Employee","Temporary",0.6,"Hybrid",12.16
105253,11,38,11,105379,2014-02-13,NA,"Active",NA,"Employee","Regular",1,"Onsite",12.07
109604,11,38,12,106308,2014-08-11,NA,"Active",NA,"Employee","Regular",0.8,"Hybrid",11.58
101914,11,38,1,107843,2014-09-08,NA,"Active",NA,"Employee","Regular",1,"Remote",11.5
100775,11,38,10,100032,2014-09-12,NA,"Active",NA,"Employee","Regular",1,"Hybrid",11.49
100243,11,38,9,106217,2014-10-05,NA,"Active",NA,"Employee","Regular",1,"Onsite",11.43
106124,11,38,4,106308,2014-12-19,NA,"Active",NA,"Employee","Regular",1,"Onsite",11.22
100584,11,38,12,106302,2015-01-09,2023-09-17,"Terminated","Reduction in Force","Employee","Regular",0.8,"Onsite",8.69
104124,11,38,11,102115,2015-02-10,NA,"Active",NA,"Employee","Regular",1,"Onsite",11.08
109522,11,38,9,102713,2015-03-12,NA,"Active",NA,"Employee","Regular",1,"Onsite",10.99
103427,11,38,9,106302,2015-06-03,NA,"Active",NA,"Employee","Temporary",1,"Hybrid",10.77
102918,11,38,9,101590,2015-07-28,NA,"Active",NA,"Employee","Regular",1,"Hybrid",10.62
105471,11,38,11,107054,2015-09-14,NA,"Active",NA,"Employee","Regular",1,"Hybrid",10.48
101322,11,38,2,106608,2015-10-09,NA,"Active",NA,"Employee","Regular",1,"Onsite",10.42
107030,11,38,3,104743,2015-12-13,NA,"Active",NA,"Employee","Regular",1,"Onsite",10.24
100051,11,38,6,100306,2016-01-14,NA,"Active",NA,"Employee","Regular",0.8,"Hybrid",10.15
107125,11,38,9,102955,2016-01-20,NA,"Active",NA,"Employee","Regular",1,"Hybrid",10.13
102650,11,38,4,109767,2016-01-31,NA,"Active",NA,"Employee","Regular",1,"Onsite",10.1
104120,11,38,6,108107,2016-02-12,NA,"Active",NA,"Employee","Regular",1,"Onsite",10.07
106433,11,38,12,101590,2016-02-17,2025-03-21,"Terminated","Voluntary","Employee","Regular",1,"Hybrid",9.09
108319,11,38,1,108107,2016-03-29,NA,"Active",NA,"Employee","Regular",1,"Onsite",9.95
105269,11,38,6,107261,2016-06-07,2024-02-21,"Terminated","Reduction in Force","Employee","Regular",1,"Onsite",7.71
108932,11,38,2,102408,2016-07-12,NA,"Active",NA,"Employee","Regular",0.6,"Hybrid",9.66
101146,11,38,6,106608,2016-08-05,2021-01-27,"Terminated","Voluntary","Employee","Temporary",1,"Remote",4.48
103235,11,38,6,106940,2016-10-21,NA,"Active",NA,"Employee","Regular",0.6,"Onsite",9.38
100963,11,38,5,100306,2016-12-23,NA,"Active",NA,"Employee","Regular",1,"Hybrid",9.21
104634,11,38,7,104477,2017-05-07,NA,"Active",NA,"Employee","Regular",1,"Hybrid",8.84
109563,11,38,7,102115,2017-09-23,NA,"Active",NA,"Employee","Regular",1,"Onsite",8.46
102607,11,38,11,109811,2017-09-25,NA,"Active",NA,"Employee","Regular",1,"Onsite",8.45
104632,11,38,11,109767,2017-10-27,NA,"Active",NA,"Employee","Regular",1,"Hybrid",8.37
107559,11,38,1,108635,2017-10-27,NA,"Active",NA,"Employee","Regular",1,"Hybrid",8.37
107173,11,38,10,105379,2017-11-24,NA,"Active",NA,"Employee","Temporary",1,"Remote",8.29
102906,11,38,12,109227,2017-12-02,NA,"Active",NA,"Employee","Regular",1,"Remote",8.27
108554,11,38,11,107983,2018-02-09,NA,"Active",NA,"Employee","Regular",1,"Onsite",8.08
104624,11,38,7,104740,2018-07-11,NA,"Active",NA,"Employee","Regular",1,"Onsite",7.66
109848,11,38,1,106265,2018-08-17,NA,"Active",NA,"Employee","Regular",1,"Hybrid",7.56
107589,11,38,9,102052,2018-11-14,NA,"Active",NA,"Contractor","Regular",1,"Remote",7.32
109512,11,38,3,102955,2018-11-14,NA,"Active",NA,"Employee","Regular",1,"Onsite",7.32
107919,11,38,6,108107,2019-06-01,NA,"Active",NA,"Employee","Regular",1,"Onsite",6.77
105517,11,38,9,107673,2019-12-11,2021-06-25,"Terminated","Involuntary","Employee","Regular",1,"Remote",1.54
106022,11,38,8,100365,2020-01-11,2021-10-16,"Terminated","Voluntary","Employee","Regular",1,"Onsite",1.76
106482,11,38,4,109811,2020-02-03,NA,"Active",NA,"Employee","Regular",1,"Hybrid",6.1
109794,11,38,7,100131,2020-04-24,NA,"Active",NA,"Employee","Regular",1,"Hybrid",5.88
104562,11,38,2,100365,2020-05-02,NA,"Active",NA,"Employee","Regular",1,"Hybrid",5.85
109763,11,38,8,101479,2020-05-20,NA,"Active",NA,"Employee","Regular",1,"Hybrid",5.81
104362,11,38,3,102052,2020-07-15,NA,"Active",NA,"Employee","Temporary",1,"Onsite",5.65
102266,11,38,4,108107,2020-07-29,NA,"Active",NA,"Employee","Temporary",1,"Onsite",5.61
103188,11,38,3,102115,2021-12-23,NA,"Active",NA,"Employee","Regular",1,"Onsite",4.21
109923,11,38,8,102673,2022-02-06,NA,"Active",NA,"Employee","Regular",1,"Onsite",4.09
102962,11,38,12,103793,2022-02-15,NA,"Active",NA,"Employee","Regular",1,"Hybrid",4.06
101968,11,38,2,106302,2022-03-04,NA,"Active",NA,"Employee","Regular",1,"Remote",4.02
102868,11,38,6,106265,2022-06-11,NA,"Active",NA,"Employee","Regular",0.8,"Hybrid",3.75
104704,11,38,3,106302,2022-07-21,NA,"Active",NA,"Employee","Regular",1,"Onsite",3.64
102377,11,38,11,108635,2022-08-31,NA,"Active",NA,"Employee","Regular",1,"Hybrid",3.52
104578,11,38,10,102673,2022-09-10,NA,"Active",NA,"Employee","Regular",1,"Hybrid",3.5
105232,11,38,6,100306,2022-09-27,NA,"Active",NA,"Employee","Regular",1,"Onsite",3.45
106753,11,38,4,105379,2022-12-24,2026-02-26,"Terminated","Voluntary","Employee","Regular",1,"Onsite",3.18
100697,11,38,11,102673,2023-02-20,NA,"Active",NA,"Employee","Regular",1,"Onsite",3.05
106643,11,38,11,106564,2023-05-13,NA,"Active",NA,"Employee","Regular",1,"Remote",2.82
102425,11,38,1,101479,2023-05-29,NA,"Active",NA,"Employee","Temporary",1,"Hybrid",2.78
109882,11,38,10,104477,2023-06-27,NA,"Active",NA,"Employee","Regular",1,"Hybrid",2.7
103862,11,38,1,106265,2023-07-25,NA,"Active",NA,"Employee","Regular",1,"Hybrid",2.62
108302,11,38,9,100032,2023-11-28,NA,"Active",NA,"Employee","Regular",1,"Hybrid",2.28
104855,11,38,4,107261,2023-12-05,NA,"Active",NA,"Employee","Regular",1,"Hybrid",2.26
103571,11,38,3,109227,2024-03-06,NA,"Active",NA,"Employee","Regular",1,"Hybrid",2.01
109194,11,38,5,106608,2024-03-26,NA,"Active",NA,"Employee","Regular",1,"Hybrid",1.96
107122,11,38,5,108635,2024-03-30,NA,"Active",NA,"Employee","Regular",1,"Hybrid",1.95
105108,11,38,9,109811,2024-03-31,NA,"Active",NA,"Employee","Regular",1,"Hybrid",1.94
103277,11,38,4,102052,2024-04-09,NA,"Active",NA,"Employee","Regular",0.8,"Hybrid",1.92
106968,11,38,3,109227,2024-06-18,NA,"Active",NA,"Employee","Regular",1,"Hybrid",1.73
105891,11,38,7,106308,2024-11-11,NA,"Active",NA,"Employee","Regular",1,"Onsite",1.33
102205,11,38,8,102673,2025-05-28,NA,"Active",NA,"Employee","Regular",1,"Hybrid",0.78
109934,11,38,3,102115,2025-09-25,NA,"Active",NA,"Employee","Regular",1,"Hybrid",0.45
108545,11,38,1,102115,2025-11-08,NA,"Active",NA,"Employee","Regular",1,"Onsite",0.33
103712,11,38,8,106308,2026-01-11,NA,"Active",NA,"Employee","Regular",1,"Hybrid",0.16
107226,2,4,12,102315,2013-01-02,NA,"Active",NA,"Employee","Regular",1,"Hybrid",13.18
104627,2,4,6,106657,2013-01-18,NA,"Active",NA,"Employee","Regular",0.8,"Remote",13.14
102993,2,4,11,106789,2013-01-19,NA,"Active",NA,"Employee","Regular",1,"Onsite",13.14
108207,2,4,1,109323,2013-02-22,NA,"Active",NA,"Employee","Regular",1,"Hybrid",13.04
104255,2,4,3,101627,2013-02-26,NA,"Active",NA,"Employee","Regular",1,"Hybrid",13.03
103112,2,4,8,104946,2013-03-12,2020-08-16,"Terminated","Involuntary","Contractor","Regular",1,"Remote",7.43
106333,2,4,7,103598,2013-03-15,NA,"Active",NA,"Employee","Regular",1,"Onsite",12.99
109142,2,4,3,108110,2013-03-17,2026-01-22,"Terminated","Voluntary","Employee","Regular",1,"Hybrid",12.85
102184,2,4,9,102520,2013-03-26,NA,"Active",NA,"Employee","Temporary",0.8,"Onsite",12.96
106450,2,4,2,103332,2013-03-30,2021-04-25,"Terminated","Involuntary","Employee","Regular",1,"Hybrid",8.07
101349,2,4,9,100651,2013-04-04,2024-06-18,"Terminated","Voluntary","Employee","Regular",1,"Onsite",11.21
102273,2,4,2,102482,2013-04-05,NA,"Active",NA,"Employee","Regular",1,"Onsite",12.93
101685,2,4,1,100222,2013-04-07,NA,"Active",NA,"Employee","Regular",1,"Hybrid",12.92
103910,2,4,10,107348,2013-04-12,NA,"Active",NA,"Employee","Regular",1,"Onsite",12.91
101804,2,4,11,103598,2013-04-27,NA,"Active",NA,"Employee","Regular",1,"Onsite",12.87
104404,2,4,11,102287,2013-05-03,NA,"Active",NA,"Employee","Regular",1,"Onsite",12.85
103456,2,4,12,105571,2013-05-14,2020-10-10,"Terminated","Voluntary","Employee","Regular",0.6,"Remote",7.41
109483,2,4,8,106599,2013-05-16,NA,"Active",NA,"Employee","Regular",1,"Hybrid",12.82
101682,2,4,3,107939,2013-05-19,NA,"Active",NA,"Employee","Regular",1,"Onsite",12.81
103350,2,4,5,101277,2013-05-19,NA,"Active",NA,"Employee","Regular",1,"Hybrid",12.81
102172,2,4,12,102782,2013-05-20,NA,"Active",NA,"Employee","Regular",1,"Hybrid",12.81
109740,2,4,3,101096,2013-05-26,2021-08-14,"Terminated","Voluntary","Employee","Regular",1,"Remote",8.22
102628,2,4,3,105037,2013-06-06,NA,"Active",NA,"Employee","Regular",1,"Remote",12.76
109627,2,4,9,104656,2013-06-14,NA,"Active",NA,"Contractor","Regular",1,"Hybrid",12.74
106119,2,4,3,108916,2013-06-19,NA,"Active",NA,"Employee","Regular",0.8,"Onsite",12.72
107201,2,4,4,102276,2013-06-28,NA,"Active",NA,"Employee","Regular",1,"Hybrid",12.7
106537,2,4,7,100271,2013-07-08,NA,"Active",NA,"Employee","Regular",1,"Hybrid",12.67
108311,2,4,3,109626,2013-07-08,NA,"Active",NA,"Employee","Regular",1,"Onsite",12.67
109100,2,4,3,109189,2013-07-08,2018-10-18,"Terminated","Voluntary","Employee","Regular",1,"Remote",5.28
109825,2,4,5,105532,2013-07-30,NA,"Active",NA,"Employee","Regular",1,"Remote",12.61
104077,2,4,10,101610,2013-08-02,NA,"Active",NA,"Employee","Regular",1,"Hybrid",12.6
105321,2,4,10,109325,2013-08-06,2025-03-02,"Terminated","Involuntary","Employee","Regular",1,"Remote",11.57
100319,2,4,8,108701,2013-08-10,NA,"Active",NA,"Employee","Regular",1,"Onsite",12.58
101031,2,4,2,108670,2013-08-17,NA,"Active",NA,"Employee","Regular",1,"Hybrid",12.56
100008,2,4,11,101148,2013-08-19,2020-09-30,"Terminated","Reduction in Force","Employee","Regular",0.8,"Onsite",7.12
100092,2,4,12,106299,2013-08-25,NA,"Active",NA,"Employee","Regular",1,"Hybrid",12.54
108148,2,4,6,109939,2013-08-25,NA,"Active",NA,"Employee","Regular",1,"Onsite",12.54
104928,2,4,8,109581,2013-09-06,2022-01-01,"Terminated","Voluntary","Employee","Regular",1,"Onsite",8.32
100936,2,4,3,101410,2013-09-10,2025-05-08,"Terminated","Voluntary","Employee","Temporary",1,"Onsite",11.66
101409,2,4,9,101186,2013-09-12,2025-05-01,"Terminated","Involuntary","Employee","Regular",1,"Onsite",11.63
101946,2,4,5,109909,2013-09-12,NA,"Active",NA,"Employee","Regular",1,"Hybrid",12.49
105787,2,4,6,100969,2013-09-12,NA,"Active",NA,"Employee","Regular",1,"Hybrid",12.49
106024,2,4,9,100964,2013-09-12,NA,"Active",NA,"Employee","Regular",1,"Remote",12.49
100348,2,4,12,103509,2013-09-17,NA,"Active",NA,"Employee","Regular",1,"Remote",12.48
104412,2,4,6,106771,2013-09-18,NA,"Active",NA,"Employee","Regular",1,"Remote",12.47
105182,2,4,2,106326,2013-09-19,NA,"Active",NA,"Employee","Regular",1,"Hybrid",12.47
106892,2,4,2,101392,2013-09-23,NA,"Active",NA,"Employee","Regular",1,"Remote",12.46
105665,2,4,8,102788,2013-09-25,NA,"Active",NA,"Employee","Regular",1,"Onsite",12.45
107846,2,4,1,103018,2013-09-28,NA,"Active",NA,"Employee","Regular",1,"Onsite",12.45
105070,2,4,3,103960,2013-10-04,2020-10-05,"Terminated","Voluntary","Employee","Regular",1,"Hybrid",7
107263,2,4,1,107686,2013-10-14,2021-03-04,"Terminated","Voluntary","Employee","Regular",1,"Remote",7.39
106493,2,4,5,104776,2013-10-27,NA,"Active",NA,"Employee","Regular",0.8,"Onsite",12.37
106799,2,4,4,105687,2013-10-29,NA,"Active",NA,"Employee","Regular",1,"Onsite",12.36
103121,2,4,1,107535,2013-10-31,NA,"Active",NA,"Employee","Regular",1,"Hybrid",12.36
107258,2,4,1,102144,2013-11-02,2025-03-05,"Terminated","Voluntary","Employee","Regular",1,"Onsite",11.34
103770,2,4,9,105648,2013-11-10,NA,"Active",NA,"Employee","Regular",1,"Onsite",12.33
100961,2,4,12,103895,2013-11-20,NA,"Active",NA,"Employee","Regular",0.8,"Onsite",12.3
108176,2,4,1,102483,2013-11-26,NA,"Active",NA,"Employee","Regular",1,"Remote",12.28
109495,2,4,11,106334,2013-12-01,2025-12-27,"Terminated","Voluntary","Employee","Regular",1,"Onsite",12.07
103844,2,4,10,101894,2013-12-06,NA,"Active",NA,"Employee","Temporary",1,"Hybrid",12.26
108227,2,4,2,107103,2013-12-13,NA,"Active",NA,"Employee","Regular",1,"Remote",12.24
102167,2,4,1,105852,2013-12-17,NA,"Active",NA,"Contractor","Regular",1,"Hybrid",12.23
105658,2,4,8,104859,2013-12-19,NA,"Active",NA,"Employee","Regular",1,"Remote",12.22
106313,2,4,9,107347,2013-12-19,NA,"Active",NA,"Employee","Regular",1,"Remote",12.22
108032,2,4,5,103494,2013-12-20,NA,"Active",NA,"Employee","Regular",1,"Hybrid",12.22
103641,2,4,6,102807,2013-12-22,NA,"Active",NA,"Employee","Regular",1,"Onsite",12.21
107033,2,4,5,104160,2013-12-27,NA,"Active",NA,"Employee","Regular",1,"Onsite",12.2
102843,2,4,2,103245,2014-01-03,NA,"Active",NA,"Employee","Regular",1,"Onsite",12.18
106146,2,4,10,100886,2014-01-09,NA,"Active",NA,"Employee","Regular",1,"Hybrid",12.16
100807,2,4,4,105387,2014-01-10,NA,"Active",NA,"Contractor","Regular",1,"Hybrid",12.16
102086,2,4,4,101086,2014-01-12,NA,"Active",NA,"Employee","Regular",1,"Hybrid",12.16
101736,2,4,9,102328,2014-01-16,2019-08-13,"Terminated","Voluntary","Employee","Regular",1,"Hybrid",5.57
103325,2,4,6,102493,2014-01-18,NA,"Active",NA,"Employee","Temporary",1,"Remote",12.14
107298,2,4,4,105923,2014-01-18,NA,"Active",NA,"Employee","Regular",1,"Onsite",12.14
107538,2,4,1,104720,2014-01-31,2023-09-27,"Terminated","Voluntary","Employee","Regular",1,"Remote",9.65
103810,2,4,12,109827,2014-02-07,NA,"Active",NA,"Employee","Regular",1,"Onsite",12.08
108137,2,4,2,108284,2014-02-11,2023-01-10,"Terminated","Reduction in Force","Employee","Regular",1,"Onsite",8.91
108257,2,4,12,102987,2014-02-17,NA,"Active",NA,"Employee","Regular",1,"Remote",12.06
105617,2,4,5,103031,2014-02-21,NA,"Active",NA,"Employee","Regular",1,"Onsite",12.05
105239,2,4,2,104070,2014-03-02,NA,"Active",NA,"Employee","Regular",1,"Remote",12.02
100818,2,4,3,106096,2014-03-07,NA,"Active",NA,"Employee","Regular",1,"Hybrid",12.01
108146,2,4,10,100888,2014-03-09,NA,"Active",NA,"Employee","Regular",1,"Hybrid",12
105366,2,4,7,101532,2014-03-11,2025-08-11,"Terminated","Voluntary","Employee","Regular",1,"Onsite",11.42
100402,2,4,8,107326,2014-03-17,NA,"Active",NA,"Employee","Regular",1,"Remote",11.98
108759,2,4,9,109546,2014-03-19,NA,"Active",NA,"Employee","Regular",1,"Onsite",11.98
105682,2,4,9,100761,2014-03-20,NA,"Active",NA,"Employee","Regular",1,"Hybrid",11.97
106344,2,4,10,107065,2014-04-13,2018-07-02,"Terminated","Involuntary","Employee","Regular",1,"Remote",4.22
102132,2,4,4,106044,2014-04-16,NA,"Active",NA,"Employee","Regular",1,"Onsite",11.9
101933,2,4,2,105692,2014-04-18,NA,"Active",NA,"Employee","Regular",1,"Remote",11.89
103146,2,4,9,101695,2014-04-19,2022-08-07,"Terminated","Voluntary","Contractor","Regular",1,"Hybrid",8.3
105358,2,4,8,101122,2014-04-21,2025-06-26,"Terminated","Reduction in Force","Employee","Regular",1,"Onsite",11.18
106748,2,4,1,105209,2014-04-23,NA,"Active",NA,"Employee","Regular",1,"Remote",11.88
107266,2,4,11,100750,2014-04-23,NA,"Active",NA,"Employee","Regular",1,"Onsite",11.88
108042,2,4,9,104116,2014-04-27,NA,"Active",NA,"Employee","Regular",1,"Hybrid",11.87
109678,2,4,11,102733,2014-04-27,NA,"Active",NA,"Employee","Regular",1,"Remote",11.87
100976,2,4,3,106032,2014-04-28,NA,"Active",NA,"Employee","Regular",1,"Hybrid",11.87
109160,2,4,9,100538,2014-04-29,NA,"Active",NA,"Employee","Regular",1,"Remote",11.86
103813,2,4,3,107250,2014-05-02,NA,"Active",NA,"Contractor","Regular",0.6,"Onsite",11.85
104983,2,4,2,109958,2014-05-03,NA,"Active",NA,"Employee","Regular",1,"Onsite",11.85
105671,2,4,12,102528,2014-05-12,NA,"Active",NA,"Employee","Regular",1,"Hybrid",11.83
105432,2,4,8,100768,2014-05-15,NA,"Active",NA,"Employee","Regular",1,"Remote",11.82
104495,2,4,3,102722,2014-05-27,2025-01-23,"Terminated","Voluntary","Employee","Regular",1,"Remote",10.66
107547,2,4,3,101638,2014-05-31,NA,"Active",NA,"Employee","Regular",1,"Hybrid",11.78
108783,2,4,1,104334,2014-06-05,NA,"Active",NA,"Employee","Regular",1,"Hybrid",11.76
109915,2,4,8,106134,2014-06-06,2025-11-01,"Terminated","Involuntary","Employee","Regular",1,"Onsite",11.41
105355,2,4,2,108583,2014-06-10,NA,"Active",NA,"Employee","Regular",0.8,"Onsite",11.75
103680,2,4,1,103289,2014-06-11,NA,"Active",NA,"Employee","Regular",0.6,"Hybrid",11.75
103137,2,4,11,101096,2014-06-14,NA,"Active",NA,"Employee","Regular",1,"Hybrid",11.74
107193,2,4,6,105096,2014-06-18,NA,"Active",NA,"Employee","Regular",1,"Hybrid",11.73
104912,2,4,5,104010,2014-06-26,NA,"Active",NA,"Contractor","Temporary",0.8,"Remote",11.7
109195,2,4,3,105241,2014-06-28,NA,"Active",NA,"Employee","Regular",1,"Hybrid",11.7
100582,2,4,11,103018,2014-07-14,NA,"Active",NA,"Employee","Regular",1,"Hybrid",11.65
105699,2,4,11,101135,2014-07-14,NA,"Active",NA,"Employee","Regular",1,"Hybrid",11.65
102612,2,4,11,107838,2014-07-28,NA,"Active",NA,"Employee","Temporary",1,"Hybrid",11.62
101891,2,4,7,104720,2014-08-10,NA,"Active",NA,"Employee","Regular",0.8,"Hybrid",11.58
103366,2,4,5,109118,2014-08-11,NA,"Active",NA,"Employee","Regular",1,"Onsite",11.58
105688,2,4,12,100651,2014-08-11,NA,"Active",NA,"Employee","Regular",1,"Remote",11.58
103771,2,4,8,106525,2014-08-14,NA,"Active",NA,"Employee","Regular",1,"Hybrid",11.57
107296,2,4,2,100837,2014-08-19,NA,"Active",NA,"Employee","Regular",1,"Onsite",11.56
101472,2,4,12,109296,2014-08-21,NA,"Active",NA,"Employee","Regular",1,"Onsite",11.55
103852,2,4,7,104950,2014-08-24,NA,"Active",NA,"Employee","Regular",1,"Hybrid",11.54
107540,2,4,2,103920,2014-09-01,NA,"Active",NA,"Employee","Regular",1,"Hybrid",11.52
109162,2,4,5,109748,2014-09-06,NA,"Active",NA,"Employee","Regular",1,"Hybrid",11.51
104441,2,4,5,109458,2014-09-07,2020-03-30,"Terminated","Voluntary","Employee","Regular",1,"Hybrid",5.56
102166,2,4,10,101478,2014-09-09,NA,"Active",NA,"Employee","Regular",1,"Hybrid",11.5
106824,2,4,10,101148,2014-09-11,NA,"Active",NA,"Employee","Regular",1,"Hybrid",11.49
100629,2,4,10,105589,2014-09-18,2025-03-18,"Terminated","Involuntary","Employee","Regular",1,"Onsite",10.5
107543,2,4,10,106271,2014-09-20,NA,"Active",NA,"Employee","Regular",1,"Remote",11.47
101221,2,4,12,107347,2014-09-28,NA,"Active",NA,"Employee","Regular",1,"Hybrid",11.45
107259,2,4,4,108712,2014-09-28,2022-11-28,"Terminated","Voluntary","Contractor","Regular",1,"Onsite",8.17
101205,2,4,3,106986,2014-10-01,NA,"Active",NA,"Employee","Regular",1,"Hybrid",11.44
102021,2,4,3,107896,2014-10-04,NA,"Active",NA,"Employee","Regular",1,"Hybrid",11.43
109953,2,4,2,106111,2014-10-11,NA,"Active",NA,"Employee","Regular",1,"Remote",11.41
105304,2,4,12,106243,2014-10-12,2025-09-14,"Terminated","Reduction in Force","Employee","Regular",0.8,"Onsite",10.92
105134,2,4,8,104179,2014-10-16,NA,"Active",NA,"Employee","Regular",1,"Hybrid",11.4
108420,2,4,4,101737,2014-10-16,NA,"Active",NA,"Employee","Regular",1,"Hybrid",11.4
104679,2,4,6,109968,2014-10-25,2025-08-14,"Terminated","Voluntary","Employee","Temporary",0.8,"Onsite",10.8
109203,2,4,6,106101,2014-10-28,NA,"Active",NA,"Employee","Regular",1,"Onsite",11.36
100817,2,4,5,105343,2014-11-01,NA,"Active",NA,"Employee","Regular",1,"Onsite",11.35
108901,2,4,10,108362,2014-11-04,NA,"Active",NA,"Contractor","Regular",1,"Hybrid",11.35
106495,2,4,11,101380,2014-11-10,NA,"Active",NA,"Employee","Regular",1,"Onsite",11.33
101000,2,4,7,106411,2014-11-17,NA,"Active",NA,"Contractor","Regular",1,"Onsite",11.31
102082,2,4,3,105648,2014-11-25,NA,"Active",NA,"Employee","Regular",1,"Remote",11.29
101274,2,4,11,109424,2014-11-26,NA,"Active",NA,"Employee","Regular",1,"Hybrid",11.28
105019,2,4,10,107504,2014-12-04,NA,"Active",NA,"Employee","Regular",1,"Remote",11.26
105788,2,4,9,108049,2014-12-10,NA,"Active",NA,"Contractor","Regular",1,"Hybrid",11.25
107009,2,4,4,104975,2014-12-11,NA,"Active",NA,"Employee","Regular",0.8,"Onsite",11.24
103964,2,4,1,100284,2014-12-14,NA,"Active",NA,"Employee","Regular",1,"Onsite",11.24
107150,2,4,12,109425,2014-12-16,NA,"Active",NA,"Employee","Regular",1,"Onsite",11.23
102870,2,4,7,103327,2014-12-17,NA,"Active",NA,"Contractor","Temporary",1,"Onsite",11.23
100066,2,4,9,103695,2014-12-21,NA,"Active",NA,"Employee","Regular",1,"Onsite",11.22
101699,2,4,8,107970,2014-12-21,NA,"Active",NA,"Employee","Regular",1,"Hybrid",11.22
104309,2,4,8,101669,2014-12-23,NA,"Active",NA,"Employee","Regular",1,"Hybrid",11.21
103479,2,4,2,105677,2014-12-25,NA,"Active",NA,"Employee","Regular",1,"Onsite",11.21
103988,2,4,11,101511,2014-12-29,NA,"Active",NA,"Employee","Regular",1,"Remote",11.19
104475,2,4,10,102129,2015-01-04,NA,"Active",NA,"Employee","Regular",1,"Onsite",11.18
109916,2,4,2,101033,2015-01-07,NA,"Active",NA,"Employee","Regular",1,"Hybrid",11.17
104971,2,4,9,103327,2015-01-08,2025-07-07,"Terminated","Voluntary","Employee","Regular",1,"Onsite",10.49
106575,2,4,5,105259,2015-01-16,NA,"Active",NA,"Employee","Regular",0.8,"Remote",11.15
109455,2,4,4,102140,2015-01-20,2025-11-14,"Terminated","Voluntary","Employee","Regular",0.6,"Onsite",10.82
107773,2,4,6,103695,2015-01-30,NA,"Active",NA,"Employee","Regular",1,"Remote",11.11
109365,2,4,12,108868,2015-01-30,NA,"Active",NA,"Employee","Regular",1,"Remote",11.11
109182,2,4,7,103092,2015-02-09,NA,"Active",NA,"Employee","Temporary",1,"Remote",11.08
109749,2,4,4,104946,2015-02-09,NA,"Active",NA,"Employee","Regular",1,"Onsite",11.08
109941,2,4,12,101669,2015-02-13,NA,"Active",NA,"Employee","Regular",1,"Remote",11.07
106107,2,4,3,108295,2015-02-15,NA,"Active",NA,"Employee","Regular",0.8,"Hybrid",11.06
104024,2,4,2,101514,2015-02-16,NA,"Active",NA,"Employee","Regular",1,"Remote",11.06
106399,2,4,8,103708,2015-02-21,2024-03-22,"Terminated","Voluntary","Employee","Regular",1,"Onsite",9.08
102080,2,4,3,108629,2015-02-24,NA,"Active",NA,"Employee","Regular",1,"Hybrid",11.04
108357,2,4,6,106503,2015-03-02,2023-06-14,"Terminated","Voluntary","Employee","Regular",1,"Remote",8.28
106541,2,4,8,101367,2015-03-03,NA,"Active",NA,"Employee","Regular",1,"Remote",11.02
108758,2,4,10,103076,2015-03-06,NA,"Active",NA,"Employee","Regular",1,"Hybrid",11.01
106480,2,4,7,106140,2015-03-09,NA,"Active",NA,"Employee","Regular",0.8,"Onsite",11
106175,2,4,1,107562,2015-03-14,2024-07-12,"Terminated","Voluntary","Employee","Regular",1,"Hybrid",9.33
109183,2,4,3,101341,2015-03-19,NA,"Active",NA,"Employee","Regular",1,"Onsite",10.98
102469,2,4,4,104668,2015-03-25,NA,"Active",NA,"Employee","Regular",1,"Hybrid",10.96
104487,2,4,12,103048,2015-03-30,NA,"Active",NA,"Employee","Regular",1,"Onsite",10.95
104757,2,4,1,106334,2015-04-03,NA,"Active",NA,"Employee","Regular",1,"Hybrid",10.93
101124,2,4,5,104071,2015-04-24,NA,"Active",NA,"Employee","Regular",1,"Onsite",10.88
106083,2,4,2,107174,2015-05-03,NA,"Active",NA,"Employee","Regular",0.6,"Hybrid",10.85
109699,2,4,6,108656,2015-05-04,NA,"Active",NA,"Employee","Temporary",1,"Onsite",10.85
104370,2,4,8,108318,2015-05-19,2025-10-13,"Terminated","Voluntary","Employee","Regular",1,"Onsite",10.4
109615,2,4,7,102125,2015-05-21,NA,"Active",NA,"Employee","Regular",0.6,"Hybrid",10.8
105768,2,4,2,107335,2015-05-24,NA,"Active",NA,"Employee","Regular",1,"Remote",10.79
104979,2,4,8,104105,2015-05-29,NA,"Active",NA,"Employee","Regular",1,"Onsite",10.78
107176,2,4,3,101410,2015-05-30,NA,"Active",NA,"Employee","Regular",1,"Hybrid",10.78
108740,2,4,10,102756,2015-06-06,NA,"Active",NA,"Employee","Regular",1,"Hybrid",10.76
105270,2,4,1,105093,2015-06-07,NA,"Active",NA,"Employee","Regular",1,"Onsite",10.76
106228,2,4,8,103201,2015-06-09,NA,"Active",NA,"Employee","Regular",1,"Hybrid",10.75
106804,2,4,12,106464,2015-06-14,NA,"Active",NA,"Employee","Regular",1,"Onsite",10.74
102638,2,4,11,105720,2015-06-16,NA,"Active",NA,"Employee","Regular",1,"Hybrid",10.73
104927,2,4,2,102535,2015-06-28,2021-12-06,"Terminated","Voluntary","Employee","Regular",1,"Remote",6.44
103084,2,4,6,103340,2015-07-12,2024-01-31,"Terminated","Voluntary","Employee","Regular",1,"Hybrid",8.55
103399,2,4,6,108760,2015-07-17,NA,"Active",NA,"Employee","Regular",1,"Remote",10.65
108596,2,4,10,105217,2015-07-19,NA,"Active",NA,"Employee","Temporary",1,"Hybrid",10.64
101400,2,4,2,107233,2015-07-21,NA,"Active",NA,"Employee","Regular",1,"Hybrid",10.64
105167,2,4,3,100927,2015-07-24,NA,"Active",NA,"Employee","Regular",1,"Hybrid",10.63
100038,2,4,10,105757,2015-08-01,NA,"Active",NA,"Employee","Regular",0.8,"Hybrid",10.61
102367,2,4,6,105757,2015-08-03,2018-03-16,"Terminated","Involuntary","Employee","Regular",1,"Hybrid",2.62
102096,2,4,11,102032,2015-08-09,2020-11-22,"Terminated","Voluntary","Employee","Regular",1,"Remote",5.29
103685,2,4,2,100465,2015-08-14,NA,"Active",NA,"Employee","Regular",0.8,"Onsite",10.57
101243,2,4,4,101978,2015-08-17,NA,"Active",NA,"Employee","Regular",1,"Remote",10.56
100266,2,4,10,103836,2015-09-09,NA,"Active",NA,"Employee","Regular",0.6,"Remote",10.5
101837,2,4,2,109323,2015-09-17,NA,"Active",NA,"Employee","Regular",0.8,"Onsite",10.48
109172,2,4,9,107470,2015-09-21,NA,"Active",NA,"Employee","Regular",1,"Onsite",10.47
109481,2,4,3,100443,2015-10-02,NA,"Active",NA,"Employee","Regular",1,"Hybrid",10.44
104602,2,4,5,104274,2015-10-03,NA,"Active",NA,"Employee","Regular",0.8,"Onsite",10.43
108173,2,4,1,109558,2015-10-03,NA,"Active",NA,"Employee","Regular",1,"Remote",10.43
100466,2,4,3,109809,2015-10-08,NA,"Active",NA,"Employee","Regular",1,"Remote",10.42
100692,2,4,3,104670,2015-10-10,NA,"Active",NA,"Employee","Regular",1,"Onsite",10.41
106471,2,4,3,100933,2015-10-17,NA,"Active",NA,"Employee","Regular",1,"Onsite",10.39
106613,2,4,3,103061,2015-10-28,NA,"Active",NA,"Employee","Regular",1,"Hybrid",10.36
101203,2,4,9,100982,2015-11-08,2023-06-29,"Terminated","Voluntary","Employee","Regular",1,"Onsite",7.64
101194,2,4,11,105620,2015-11-09,NA,"Active",NA,"Employee","Regular",1,"Onsite",10.33
108810,2,4,1,103575,2015-11-10,NA,"Active",NA,"Employee","Regular",0.8,"Onsite",10.33
100316,2,4,3,107348,2015-11-11,NA,"Active",NA,"Employee","Regular",1,"Remote",10.33
109567,2,4,3,109839,2015-11-11,NA,"Active",NA,"Employee","Regular",1,"Hybrid",10.33
103424,2,4,11,101278,2015-11-19,NA,"Active",NA,"Employee","Regular",0.8,"Remote",10.3
100011,2,4,6,108350,2015-11-23,NA,"Active",NA,"Contractor","Regular",1,"Onsite",10.29
101725,2,4,12,100574,2015-11-27,NA,"Active",NA,"Employee","Regular",1,"Remote",10.28
100458,2,4,11,103854,2015-12-25,NA,"Active",NA,"Employee","Regular",1,"Remote",10.21
108605,2,4,1,107530,2015-12-26,NA,"Active",NA,"Employee","Regular",1,"Onsite",10.2
105848,2,4,6,103087,2015-12-31,NA,"Active",NA,"Employee","Regular",1,"Onsite",10.19
106270,2,4,1,107380,2016-01-09,2022-05-25,"Terminated","Involuntary","Employee","Regular",1,"Hybrid",6.37
106791,2,4,5,107743,2016-01-12,NA,"Active",NA,"Employee","Regular",0.8,"Hybrid",10.16
102225,2,4,5,105713,2016-01-13,NA,"Active",NA,"Employee","Regular",1,"Onsite",10.15
100631,2,4,12,105687,2016-01-15,NA,"Active",NA,"Employee","Regular",1,"Remote",10.15
102798,2,4,11,104181,2016-01-16,NA,"Active",NA,"Employee","Regular",1,"Hybrid",10.15
106697,2,4,8,107841,2016-01-19,NA,"Active",NA,"Employee","Regular",1,"Onsite",10.14
103602,2,4,10,102274,2016-01-25,NA,"Active",NA,"Employee","Regular",1,"Hybrid",10.12
107946,2,4,9,105233,2016-02-08,2025-07-05,"Terminated","Voluntary","Employee","Regular",1,"Hybrid",9.4
104746,2,4,3,101341,2016-02-11,NA,"Active",NA,"Employee","Regular",1,"Hybrid",10.07
100256,2,4,9,103124,2016-02-12,NA,"Active",NA,"Employee","Regular",1,"Onsite",10.07
106769,2,4,10,109501,2016-02-13,NA,"Active",NA,"Employee","Regular",0.8,"Hybrid",10.07
106381,2,4,3,105171,2016-02-16,NA,"Active",NA,"Employee","Regular",1,"Hybrid",10.06
108536,2,4,5,103076,2016-02-19,NA,"Active",NA,"Employee","Regular",1,"Hybrid",10.05
107571,2,4,9,101601,2016-02-23,NA,"Active",NA,"Employee","Regular",1,"Remote",10.04
107339,2,4,7,104565,2016-03-03,NA,"Active",NA,"Employee","Regular",1,"Hybrid",10.02
100576,2,4,4,105693,2016-03-29,NA,"Active",NA,"Employee","Regular",1,"Remote",9.95
104171,2,4,3,102795,2016-03-31,NA,"Active",NA,"Contractor","Regular",1,"Hybrid",9.94
101242,2,4,5,108514,2016-04-02,2024-03-17,"Terminated","Involuntary","Employee","Regular",0.6,"Onsite",7.96
100781,2,4,11,109258,2016-04-10,NA,"Active",NA,"Employee","Regular",1,"Remote",9.92
105180,2,4,7,100768,2016-04-15,NA,"Active",NA,"Employee","Regular",1,"Hybrid",9.9
100244,2,4,8,108965,2016-04-21,NA,"Active",NA,"Employee","Regular",1,"Onsite",9.88
106611,2,4,4,102839,2016-05-04,NA,"Active",NA,"Employee","Regular",1,"Onsite",9.85
100305,2,4,7,102662,2016-05-09,NA,"Active",NA,"Employee","Regular",1,"Hybrid",9.84
101919,2,4,3,105571,2016-05-21,NA,"Active",NA,"Employee","Regular",1,"Hybrid",9.8
102158,2,4,1,102874,2016-05-22,NA,"Active",NA,"Employee","Regular",1,"Onsite",9.8
103883,2,4,9,106550,2016-05-26,NA,"Active",NA,"Employee","Regular",1,"Remote",9.79
107749,2,4,3,102837,2016-05-29,2024-12-29,"Terminated","Voluntary","Employee","Regular",1,"Hybrid",8.59
106680,2,4,3,108255,2016-06-03,NA,"Active",NA,"Employee","Regular",1,"Onsite",9.77
102217,2,4,3,106986,2016-06-06,NA,"Active",NA,"Employee","Regular",1,"Hybrid",9.76
106878,2,4,11,101186,2016-06-07,NA,"Active",NA,"Employee","Temporary",0.6,"Remote",9.76
107390,2,4,8,107426,2016-06-18,NA,"Active",NA,"Employee","Regular",1,"Onsite",9.73
104333,2,4,7,100028,2016-06-21,NA,"Active",NA,"Employee","Regular",0.8,"Remote",9.72
101583,2,4,1,105719,2016-07-02,2022-07-18,"Terminated","Voluntary","Employee","Regular",1,"Hybrid",6.04
103570,2,4,2,101225,2016-07-08,NA,"Active",NA,"Employee","Regular",1,"Remote",9.67
101807,2,4,3,103330,2016-07-10,NA,"Active",NA,"Employee","Regular",1,"Hybrid",9.67
100658,2,4,11,100513,2016-07-14,NA,"Active",NA,"Employee","Regular",1,"Hybrid",9.65
103270,2,4,9,104765,2016-07-15,2025-12-09,"Terminated","Involuntary","Employee","Regular",1,"Hybrid",9.4
103174,2,4,1,101138,2016-07-18,2024-11-06,"Terminated","Voluntary","Employee","Regular",1,"Hybrid",8.3
100405,2,4,4,101397,2016-07-24,NA,"Active",NA,"Employee","Regular",1,"Onsite",9.63
103466,2,4,9,107167,2016-07-28,NA,"Active",NA,"Employee","Regular",1,"Hybrid",9.62
105149,2,4,2,100387,2016-08-04,NA,"Active",NA,"Employee","Temporary",1,"Onsite",9.6
102770,2,4,10,107046,2016-08-07,NA,"Active",NA,"Employee","Temporary",1,"Remote",9.59
106506,2,4,9,107195,2016-08-13,NA,"Active",NA,"Employee","Regular",1,"Hybrid",9.57
100688,2,4,10,102008,2016-08-28,2024-07-16,"Terminated","Reduction in Force","Employee","Regular",1,"Onsite",7.88
106141,2,4,3,105402,2016-09-05,NA,"Active",NA,"Employee","Regular",1,"Hybrid",9.51
103403,2,4,5,103076,2016-09-06,NA,"Active",NA,"Employee","Regular",1,"Remote",9.51
100877,2,4,7,109094,2016-09-08,NA,"Active",NA,"Employee","Regular",1,"Onsite",9.5
104545,2,4,3,106008,2016-09-08,NA,"Active",NA,"Employee","Regular",1,"Onsite",9.5
100973,2,4,11,101197,2016-09-09,2024-09-27,"Terminated","Voluntary","Employee","Regular",1,"Onsite",8.05
104490,2,4,2,102382,2016-09-11,NA,"Active",NA,"Employee","Regular",1,"Onsite",9.49
100374,2,4,1,107558,2016-09-12,NA,"Active",NA,"Employee","Regular",1,"Onsite",9.49
102199,2,4,11,108491,2016-09-14,NA,"Active",NA,"Employee","Regular",1,"Hybrid",9.48
106123,2,4,11,107904,2016-09-16,NA,"Active",NA,"Employee","Regular",1,"Onsite",9.48
100260,2,4,12,103039,2016-09-23,2017-10-26,"Terminated","Voluntary","Employee","Regular",1,"Onsite",1.09
105099,2,4,10,103379,2016-09-23,NA,"Active",NA,"Contractor","Regular",1,"Onsite",9.46
105751,2,4,5,107549,2016-09-23,NA,"Active",NA,"Employee","Regular",0.8,"Onsite",9.46
104300,2,4,10,108097,2016-09-26,NA,"Active",NA,"Employee","Regular",1,"Onsite",9.45
101744,2,4,9,109907,2016-09-27,NA,"Active",NA,"Employee","Regular",1,"Remote",9.45
101896,2,4,2,101517,2016-09-27,NA,"Active",NA,"Employee","Regular",0.8,"Remote",9.45
107317,2,4,5,108106,2016-10-07,2024-07-19,"Terminated","Voluntary","Employee","Temporary",1,"Remote",7.78
105080,2,4,3,106525,2016-10-08,NA,"Active",NA,"Employee","Regular",1,"Hybrid",9.42
107323,2,4,4,100220,2016-10-10,2021-06-04,"Terminated","Voluntary","Employee","Regular",1,"Hybrid",4.65
107836,2,4,1,107992,2016-10-15,NA,"Active",NA,"Employee","Regular",1,"Onsite",9.4
100907,2,4,9,104364,2016-10-16,2022-10-07,"Terminated","Voluntary","Employee","Regular",1,"Remote",5.98
108929,2,4,1,102117,2016-10-16,NA,"Active",NA,"Employee","Regular",1,"Hybrid",9.4
100356,2,4,5,109214,2016-10-18,2022-04-12,"Terminated","Involuntary","Employee","Regular",1,"Onsite",5.48
108570,2,4,4,102032,2016-10-26,NA,"Active",NA,"Employee","Regular",1,"Onsite",9.37
105673,2,4,3,107895,2016-10-28,2024-10-25,"Terminated","Voluntary","Employee","Regular",1,"Onsite",7.99
109914,2,4,11,101858,2016-10-28,NA,"Active",NA,"Employee","Regular",1,"Onsite",9.36
109075,2,4,11,102106,2016-10-29,NA,"Active",NA,"Employee","Regular",1,"Onsite",9.36
108571,2,4,1,108741,2016-10-31,NA,"Active",NA,"Employee","Regular",1,"Onsite",9.36
104044,2,4,3,102791,2016-11-03,2023-08-23,"Terminated","Voluntary","Employee","Regular",1,"Onsite",6.8
103927,2,4,8,109930,2016-11-05,NA,"Active",NA,"Employee","Temporary",1,"Hybrid",9.34
109058,2,4,1,105052,2016-11-05,NA,"Active",NA,"Employee","Regular",1,"Hybrid",9.34
103766,2,4,1,105365,2016-11-23,NA,"Active",NA,"Employee","Regular",1,"Onsite",9.29
103833,2,4,12,104702,2016-11-27,NA,"Active",NA,"Employee","Regular",1,"Hybrid",9.28
105236,2,4,3,105078,2016-11-30,NA,"Active",NA,"Employee","Regular",1,"Hybrid",9.27
104654,2,4,6,101183,2016-12-01,NA,"Active",NA,"Employee","Regular",1,"Hybrid",9.27
101856,2,4,5,103231,2016-12-08,NA,"Active",NA,"Employee","Regular",1,"Onsite",9.25
104303,2,4,3,104999,2016-12-08,NA,"Active",NA,"Employee","Regular",1,"Onsite",9.25
104976,2,4,11,101704,2016-12-10,NA,"Active",NA,"Employee","Regular",0.8,"Remote",9.25
103941,2,4,4,102699,2016-12-12,NA,"Active",NA,"Employee","Regular",1,"Hybrid",9.24
102637,2,4,12,107175,2016-12-16,NA,"Active",NA,"Employee","Regular",1,"Onsite",9.23
109697,2,4,4,103795,2016-12-27,NA,"Active",NA,"Employee","Regular",1,"Onsite",9.2
100354,2,4,7,104314,2017-01-07,NA,"Active",NA,"Employee","Regular",1,"Remote",9.17
106539,2,4,1,105692,2017-01-09,NA,"Active",NA,"Employee","Regular",1,"Onsite",9.16
109571,2,4,12,104651,2017-01-09,NA,"Active",NA,"Employee","Regular",1,"Onsite",9.16
103869,2,4,10,108508,2017-01-13,2022-04-29,"Terminated","Voluntary","Employee","Regular",1,"Onsite",5.29
107144,2,4,12,105260,2017-01-13,NA,"Active",NA,"Employee","Regular",1,"Remote",9.15
104909,2,4,5,103332,2017-01-19,NA,"Active",NA,"Employee","Regular",0.8,"Remote",9.14
102841,2,4,10,106153,2017-01-23,NA,"Active",NA,"Employee","Regular",1,"Onsite",9.13
109959,2,4,5,104511,2017-01-27,NA,"Active",NA,"Employee","Regular",0.8,"Onsite",9.12
104302,2,4,12,104888,2017-01-30,NA,"Active",NA,"Employee","Regular",1,"Onsite",9.11
104601,2,4,1,105577,2017-02-15,NA,"Active",NA,"Employee","Regular",1,"Onsite",9.06
108618,2,4,11,108365,2017-02-19,NA,"Active",NA,"Employee","Regular",1,"Onsite",9.05
108234,2,4,10,104278,2017-02-20,NA,"Active",NA,"Employee","Regular",1,"Hybrid",9.05
108274,2,4,2,102699,2017-02-21,NA,"Active",NA,"Employee","Regular",1,"Remote",9.05
105352,2,4,2,101111,2017-02-28,NA,"Active",NA,"Employee","Temporary",1,"Hybrid",9.03
109610,2,4,6,104388,2017-03-05,NA,"Active",NA,"Employee","Regular",1,"Onsite",9.01
101235,2,4,5,100246,2017-03-08,2023-12-27,"Terminated","Involuntary","Employee","Regular",1,"Onsite",6.8
103293,2,4,11,100819,2017-03-12,NA,"Active",NA,"Employee","Regular",1,"Onsite",8.99
103335,2,4,7,108713,2017-03-17,NA,"Active",NA,"Employee","Regular",1,"Remote",8.98
103365,2,4,2,104626,2017-03-28,NA,"Active",NA,"Employee","Regular",0.8,"Hybrid",8.95
100193,2,4,2,107116,2017-04-04,NA,"Active",NA,"Employee","Regular",0.6,"Onsite",8.93
103514,2,4,1,107548,2017-04-17,NA,"Active",NA,"Employee","Regular",1,"Hybrid",8.9
101165,2,4,1,100024,2017-04-23,2024-01-05,"Terminated","Voluntary","Employee","Regular",1,"Remote",6.7
108423,2,4,11,109516,2017-04-28,NA,"Active",NA,"Employee","Regular",1,"Onsite",8.87
108647,2,4,11,105387,2017-04-29,NA,"Active",NA,"Employee","Regular",0.8,"Hybrid",8.86
100987,2,4,11,104940,2017-05-04,NA,"Active",NA,"Employee","Regular",1,"Remote",8.85
105230,2,4,11,106871,2017-05-07,NA,"Active",NA,"Employee","Regular",1,"Hybrid",8.84
103444,2,4,12,108284,2017-05-12,NA,"Active",NA,"Contractor","Regular",0.8,"Hybrid",8.83
106581,2,4,12,105532,2017-05-14,NA,"Active",NA,"Employee","Regular",1,"Hybrid",8.82
103055,2,4,10,100093,2017-05-20,NA,"Active",NA,"Employee","Regular",1,"Hybrid",8.81
100291,2,4,4,103585,2017-05-23,NA,"Active",NA,"Employee","Temporary",0.6,"Onsite",8.8
101342,2,4,2,100444,2017-05-23,NA,"Active",NA,"Employee","Regular",1,"Hybrid",8.8
104672,2,4,5,101737,2017-05-25,NA,"Active",NA,"Employee","Regular",1,"Hybrid",8.79
107241,2,4,8,105478,2017-05-28,NA,"Active",NA,"Employee","Regular",1,"Hybrid",8.78
108550,2,4,9,102807,2017-06-04,NA,"Active",NA,"Employee","Regular",0.8,"Remote",8.76
103295,2,4,6,106264,2017-06-05,NA,"Active",NA,"Employee","Regular",1,"Hybrid",8.76
105822,2,4,7,102411,2017-06-09,NA,"Active",NA,"Employee","Regular",0.8,"Onsite",8.75
108419,2,4,12,103405,2017-06-12,NA,"Active",NA,"Employee","Regular",1,"Onsite",8.74
108642,2,4,4,103874,2017-06-20,NA,"Active",NA,"Employee","Temporary",1,"Onsite",8.72
104072,2,4,6,102126,2017-06-23,NA,"Active",NA,"Employee","Regular",0.6,"Hybrid",8.71
103038,2,4,9,105744,2017-06-25,NA,"Active",NA,"Employee","Regular",1,"Remote",8.71
106984,2,4,3,104071,2017-06-27,2025-05-09,"Terminated","Voluntary","Employee","Regular",0.8,"Onsite",7.87
106774,2,4,5,104275,2017-06-29,NA,"Active",NA,"Employee","Regular",1,"Remote",8.7
102253,2,4,5,109424,2017-07-02,2025-02-22,"Terminated","Involuntary","Employee","Regular",1,"Remote",7.64
100022,2,4,1,104521,2017-07-07,NA,"Active",NA,"Employee","Regular",1,"Remote",8.67
104597,2,4,12,109437,2017-07-08,NA,"Active",NA,"Employee","Regular",1,"Hybrid",8.67
105482,2,4,4,108606,2017-07-22,NA,"Active",NA,"Employee","Regular",1,"Onsite",8.63
104327,2,4,4,104298,2017-07-26,NA,"Active",NA,"Employee","Regular",1,"Onsite",8.62
101788,2,4,8,103124,2017-07-27,NA,"Active",NA,"Employee","Regular",1,"Onsite",8.62
108601,2,4,4,107908,2017-07-29,2025-08-01,"Terminated","Voluntary","Employee","Regular",0.8,"Onsite",8.01
106053,2,4,2,101132,2017-08-06,NA,"Active",NA,"Employee","Regular",1,"Hybrid",8.59
107988,2,4,2,103995,2017-08-19,NA,"Active",NA,"Employee","Regular",1,"Remote",8.56
104787,2,4,3,100952,2017-08-28,2023-03-27,"Terminated","Involuntary","Employee","Regular",1,"Hybrid",5.58
106485,2,4,4,102398,2017-08-30,2025-06-24,"Terminated","Reduction in Force","Employee","Regular",1,"Onsite",7.82
103322,2,4,7,101148,2017-09-02,NA,"Active",NA,"Employee","Regular",1,"Onsite",8.52
104130,2,4,10,109887,2017-09-07,NA,"Active",NA,"Employee","Regular",1,"Onsite",8.5
109071,2,4,1,109602,2017-09-27,NA,"Active",NA,"Employee","Regular",1,"Hybrid",8.45
101994,2,4,4,109479,2017-10-01,2025-01-25,"Terminated","Voluntary","Employee","Regular",1,"Hybrid",7.32
108178,2,4,2,105810,2017-10-02,2022-11-05,"Terminated","Involuntary","Contractor","Regular",1,"Onsite",5.09
100351,2,4,12,108609,2017-10-07,NA,"Active",NA,"Employee","Regular",1,"Hybrid",8.42
102538,2,4,6,104548,2017-10-07,NA,"Active",NA,"Employee","Regular",1,"Hybrid",8.42
101139,2,4,3,107992,2017-10-09,NA,"Active",NA,"Employee","Regular",0.8,"Onsite",8.42
105889,2,4,8,100251,2017-10-09,NA,"Active",NA,"Employee","Regular",1,"Hybrid",8.42
109119,2,4,10,109258,2017-10-22,NA,"Active",NA,"Employee","Temporary",1,"Hybrid",8.38
103412,2,4,7,103995,2017-10-25,NA,"Active",NA,"Employee","Temporary",1,"Onsite",8.37
101056,2,4,12,105692,2017-11-04,NA,"Active",NA,"Employee","Regular",1,"Onsite",8.35
103363,2,4,8,107660,2017-11-06,NA,"Active",NA,"Employee","Regular",1,"Remote",8.34
101091,2,4,1,103367,2017-11-08,NA,"Active",NA,"Employee","Regular",1,"Hybrid",8.33
109463,2,4,7,105260,2017-11-08,NA,"Active",NA,"Employee","Regular",1,"Onsite",8.33
102049,2,4,8,109532,2017-11-13,NA,"Active",NA,"Employee","Regular",1,"Hybrid",8.32
100620,2,4,3,102722,2017-11-15,NA,"Active",NA,"Employee","Regular",1,"Onsite",8.32
106135,2,4,1,108017,2017-11-20,NA,"Active",NA,"Employee","Regular",0.8,"Onsite",8.3
106853,2,4,3,100353,2017-11-24,NA,"Active",NA,"Employee","Regular",1,"Onsite",8.29
107123,2,4,8,103234,2017-12-01,NA,"Active",NA,"Employee","Regular",0.8,"Remote",8.27
107536,2,4,8,103221,2017-12-02,NA,"Active",NA,"Employee","Regular",0.8,"Onsite",8.27
103648,2,4,4,105365,2017-12-14,NA,"Active",NA,"Employee","Regular",1,"Hybrid",8.24
105136,2,4,10,103039,2017-12-14,NA,"Active",NA,"Employee","Regular",1,"Hybrid",8.24
108281,2,4,3,100712,2017-12-16,NA,"Active",NA,"Employee","Regular",1,"Onsite",8.23
103297,2,4,1,104797,2017-12-25,NA,"Active",NA,"Employee","Regular",1,"Hybrid",8.21
106023,2,4,2,105341,2017-12-29,NA,"Active",NA,"Employee","Regular",1,"Remote",8.19
100621,2,4,3,102126,2018-01-06,NA,"Active",NA,"Employee","Regular",1,"Hybrid",8.17
102654,2,4,2,105187,2018-01-19,NA,"Active",NA,"Employee","Regular",1,"Remote",8.14
107967,2,4,11,100718,2018-01-23,NA,"Active",NA,"Employee","Regular",1,"Hybrid",8.13
106891,2,4,6,101832,2018-01-25,NA,"Active",NA,"Employee","Regular",1,"Hybrid",8.12
104385,2,4,5,104201,2018-02-15,NA,"Active",NA,"Employee","Temporary",1,"Onsite",8.06
104580,2,4,9,102004,2018-02-15,NA,"Active",NA,"Employee","Regular",1,"Hybrid",8.06
103138,2,4,4,108491,2018-02-16,NA,"Active",NA,"Employee","Regular",1,"Onsite",8.06
105890,2,4,6,105496,2018-02-17,NA,"Active",NA,"Contractor","Regular",1,"Hybrid",8.06
105033,2,4,8,105875,2018-02-22,NA,"Active",NA,"Employee","Regular",1,"Onsite",8.04
103703,2,4,9,104579,2018-02-26,NA,"Active",NA,"Employee","Regular",1,"Onsite",8.03
102984,2,4,2,106829,2018-03-02,NA,"Active",NA,"Employee","Regular",1,"Onsite",8.02
101840,2,4,10,100960,2018-03-07,NA,"Active",NA,"Employee","Regular",1,"Hybrid",8.01
109329,2,4,9,109045,2018-03-14,NA,"Active",NA,"Employee","Regular",1,"Hybrid",7.99
100211,2,4,2,105225,2018-03-15,NA,"Active",NA,"Employee","Regular",1,"Hybrid",7.99
102623,2,4,3,104876,2018-03-21,NA,"Active",NA,"Employee","Regular",1,"Remote",7.97
107208,2,4,2,108982,2018-03-23,NA,"Active",NA,"Employee","Regular",1,"Hybrid",7.96
103597,2,4,7,104999,2018-04-03,NA,"Active",NA,"Employee","Regular",1,"Remote",7.93
105001,2,4,12,103142,2018-04-05,NA,"Active",NA,"Employee","Regular",1,"Onsite",7.93
106938,2,4,4,103836,2018-05-02,NA,"Active",NA,"Employee","Regular",1,"Hybrid",7.85
109797,2,4,1,101247,2018-05-03,NA,"Active",NA,"Employee","Regular",1,"Hybrid",7.85
108511,2,4,12,108295,2018-05-07,NA,"Active",NA,"Employee","Regular",1,"Onsite",7.84
108795,2,4,3,106366,2018-05-07,NA,"Active",NA,"Employee","Regular",1,"Hybrid",7.84
107517,2,4,4,101849,2018-05-19,NA,"Active",NA,"Employee","Regular",1,"Remote",7.81
106263,2,4,12,105973,2018-05-22,NA,"Active",NA,"Employee","Regular",1,"Remote",7.8
100668,2,4,4,107398,2018-05-23,2025-07-13,"Terminated","Involuntary","Employee","Regular",1,"Hybrid",7.14
106227,2,4,7,108866,2018-05-24,NA,"Active",NA,"Employee","Temporary",1,"Onsite",7.79
101920,2,4,1,102336,2018-05-25,NA,"Active",NA,"Employee","Regular",0.8,"Onsite",7.79
102022,2,4,11,106117,2018-05-30,NA,"Active",NA,"Employee","Regular",1,"Hybrid",7.78
105281,2,4,11,100651,2018-06-03,NA,"Active",NA,"Employee","Regular",1,"Hybrid",7.77
103242,2,4,3,105041,2018-06-06,NA,"Active",NA,"Employee","Regular",1,"Remote",7.76
105992,2,4,12,103732,2018-06-17,2026-01-31,"Terminated","Voluntary","Employee","Regular",1,"Onsite",7.62
108298,2,4,5,101210,2018-06-18,NA,"Active",NA,"Employee","Regular",1,"Hybrid",7.73
104141,2,4,10,100974,2018-06-25,2024-09-29,"Terminated","Voluntary","Employee","Regular",1,"Onsite",6.26
105813,2,4,3,108255,2018-06-26,2024-01-30,"Terminated","Voluntary","Contractor","Regular",1,"Onsite",5.6
108914,2,4,7,103492,2018-06-30,NA,"Active",NA,"Employee","Regular",1,"Onsite",7.69
103688,2,4,6,101092,2018-07-03,NA,"Active",NA,"Employee","Regular",1,"Hybrid",7.68
100494,2,4,8,106479,2018-07-08,NA,"Active",NA,"Employee","Regular",1,"Hybrid",7.67
107854,2,4,11,105491,2018-07-10,NA,"Active",NA,"Employee","Regular",1,"Onsite",7.67
101899,2,4,4,105171,2018-07-13,NA,"Active",NA,"Employee","Regular",1,"Onsite",7.66
109574,2,4,1,105661,2018-07-28,NA,"Active",NA,"Employee","Regular",1,"Onsite",7.62
100918,2,4,2,101132,2018-07-30,NA,"Active",NA,"Employee","Regular",1,"Hybrid",7.61
103000,2,4,9,109129,2018-07-30,NA,"Active",NA,"Employee","Temporary",1,"Onsite",7.61
108725,2,4,4,107233,2018-08-09,NA,"Active",NA,"Employee","Regular",1,"Onsite",7.58
100870,2,4,1,107914,2018-08-18,NA,"Active",NA,"Employee","Regular",1,"Remote",7.56
108079,2,4,11,102497,2018-08-19,NA,"Active",NA,"Employee","Regular",1,"Hybrid",7.56
100185,2,4,10,104233,2018-08-21,NA,"Active",NA,"Employee","Regular",1,"Remote",7.55
104047,2,4,1,103203,2018-08-22,NA,"Active",NA,"Employee","Regular",1,"Onsite",7.55
109478,2,4,2,103892,2018-08-28,NA,"Active",NA,"Employee","Regular",1,"Remote",7.53
102658,2,4,1,109024,2018-08-29,NA,"Active",NA,"Employee","Regular",0.6,"Onsite",7.53
107929,2,4,9,109991,2018-09-02,NA,"Active",NA,"Employee","Regular",1,"Hybrid",7.52
106923,2,4,7,104599,2018-09-06,NA,"Active",NA,"Employee","Regular",0.8,"Remote",7.51
105977,2,4,1,100315,2018-09-10,NA,"Active",NA,"Employee","Regular",1,"Remote",7.5
102116,2,4,1,100738,2018-09-15,NA,"Active",NA,"Employee","Regular",1,"Hybrid",7.48
102093,2,4,3,103157,2018-09-20,NA,"Active",NA,"Employee","Regular",1,"Onsite",7.47
107871,2,4,4,104008,2018-09-21,NA,"Active",NA,"Employee","Regular",0.8,"Remote",7.47
108653,2,4,5,107530,2018-09-29,NA,"Active",NA,"Employee","Regular",0.8,"Hybrid",7.44
108737,2,4,8,107239,2018-10-10,NA,"Active",NA,"Employee","Regular",0.8,"Remote",7.41
102694,2,4,6,102959,2018-10-16,2025-11-26,"Terminated","Involuntary","Employee","Regular",1,"Hybrid",7.11
108745,2,4,6,100274,2018-10-17,NA,"Active",NA,"Employee","Regular",0.8,"Remote",7.39
103013,2,4,3,107340,2018-10-19,NA,"Active",NA,"Contractor","Regular",1,"Onsite",7.39
104719,2,4,11,109602,2018-10-19,NA,"Active",NA,"Employee","Regular",1,"Hybrid",7.39
109173,2,4,3,102878,2018-10-21,NA,"Active",NA,"Employee","Regular",0.8,"Onsite",7.38
105282,2,4,3,106913,2018-10-25,NA,"Active",NA,"Employee","Regular",1,"Remote",7.37
100437,2,4,3,106090,2018-10-26,NA,"Active",NA,"Employee","Regular",1,"Remote",7.37
100922,2,4,11,105929,2018-10-26,NA,"Active",NA,"Employee","Regular",1,"Onsite",7.37
101778,2,4,11,103124,2018-10-26,NA,"Active",NA,"Employee","Regular",1,"Remote",7.37
108143,2,4,2,102292,2018-10-28,2024-01-05,"Terminated","Voluntary","Employee","Regular",1,"Remote",5.19
108800,2,4,11,100292,2018-11-02,NA,"Active",NA,"Employee","Temporary",1,"Hybrid",7.35
106870,2,4,6,105475,2018-11-08,2026-02-20,"Terminated","Involuntary","Employee","Regular",1,"Onsite",7.28
100159,2,4,2,101168,2018-11-10,NA,"Active",NA,"Employee","Regular",1,"Hybrid",7.33
109328,2,4,4,102060,2018-11-22,NA,"Active",NA,"Employee","Regular",1,"Onsite",7.3
107468,2,4,6,101096,2018-11-26,NA,"Active",NA,"Employee","Regular",1,"Remote",7.28
106412,2,4,4,102482,2018-11-29,NA,"Active",NA,"Contractor","Temporary",1,"Onsite",7.28
104534,2,4,11,104521,2018-11-30,NA,"Active",NA,"Employee","Regular",1,"Onsite",7.27
105044,2,4,2,107888,2018-12-02,NA,"Active",NA,"Employee","Regular",1,"Onsite",7.27
103296,2,4,11,105719,2018-12-07,2025-02-28,"Terminated","Reduction in Force","Employee","Regular",1,"Onsite",6.23
105916,2,4,6,101254,2018-12-10,NA,"Active",NA,"Employee","Regular",1,"Remote",7.25
101014,2,4,11,107723,2018-12-11,NA,"Active",NA,"Employee","Regular",0.8,"Onsite",7.24
103170,2,4,1,101231,2018-12-26,NA,"Active",NA,"Employee","Regular",1,"Hybrid",7.2
109251,2,4,11,101832,2018-12-28,NA,"Active",NA,"Employee","Regular",1,"Onsite",7.2
101399,2,4,1,101233,2018-12-31,NA,"Active",NA,"Employee","Temporary",1,"Hybrid",7.19
106136,2,4,2,103217,2019-01-09,NA,"Active",NA,"Employee","Regular",1,"Remote",7.16
100357,2,4,10,104098,2019-01-24,NA,"Active",NA,"Employee","Regular",1,"Onsite",7.12
103351,2,4,12,107175,2019-02-07,NA,"Active",NA,"Contractor","Regular",1,"Onsite",7.08
106077,2,4,1,106517,2019-02-08,NA,"Active",NA,"Employee","Regular",1,"Hybrid",7.08
106108,2,4,3,109701,2019-02-13,NA,"Active",NA,"Employee","Regular",1,"Onsite",7.07
108306,2,4,9,109626,2019-02-17,NA,"Active",NA,"Employee","Temporary",1,"Hybrid",7.06
100422,2,4,11,101775,2019-03-06,2025-11-03,"Terminated","Voluntary","Employee","Regular",1,"Hybrid",6.66
108466,2,4,11,102089,2019-03-06,NA,"Active",NA,"Employee","Regular",1,"Onsite",7.01
107794,2,4,3,100637,2019-03-07,NA,"Active",NA,"Employee","Regular",1,"Onsite",7.01
108002,2,4,10,103327,2019-03-15,2025-06-01,"Terminated","Involuntary","Employee","Temporary",0.6,"Onsite",6.21
101809,2,4,9,108631,2019-03-23,NA,"Active",NA,"Employee","Regular",1,"Hybrid",6.96
106715,2,4,10,104010,2019-03-26,NA,"Active",NA,"Contractor","Regular",1,"Remote",6.96
101677,2,4,11,102671,2019-04-04,NA,"Active",NA,"Employee","Regular",1,"Remote",6.93
100515,2,4,12,109207,2019-04-11,NA,"Active",NA,"Contractor","Regular",1,"Hybrid",6.91
101143,2,4,10,109440,2019-04-29,2022-05-15,"Terminated","Voluntary","Contractor","Regular",1,"Onsite",3.04
100866,2,4,4,105010,2019-04-30,NA,"Active",NA,"Employee","Regular",1,"Onsite",6.86
104569,2,4,10,101213,2019-04-30,NA,"Active",NA,"Employee","Regular",1,"Hybrid",6.86
108853,2,4,3,102551,2019-05-11,NA,"Active",NA,"Employee","Regular",1,"Onsite",6.83
101667,2,4,2,101772,2019-05-13,NA,"Active",NA,"Employee","Regular",1,"Remote",6.82
102104,2,4,4,107384,2019-05-20,2026-02-08,"Terminated","Voluntary","Employee","Regular",0.8,"Onsite",6.72
100449,2,4,6,109170,2019-05-22,NA,"Active",NA,"Employee","Temporary",1,"Remote",6.8
105169,2,4,2,109549,2019-05-22,NA,"Active",NA,"Employee","Regular",1,"Onsite",6.8
105961,2,4,10,109223,2019-05-23,NA,"Active",NA,"Employee","Regular",1,"Onsite",6.8
104887,2,4,6,100544,2019-05-27,NA,"Active",NA,"Employee","Regular",1,"Hybrid",6.79
100616,2,4,1,106235,2019-05-30,NA,"Active",NA,"Employee","Regular",1,"Hybrid",6.78
102212,2,4,9,103669,2019-06-01,NA,"Active",NA,"Employee","Regular",0.6,"Remote",6.77
103632,2,4,6,106848,2019-06-05,NA,"Active",NA,"Employee","Regular",1,"Remote",6.76
106781,2,4,5,101277,2019-06-12,NA,"Active",NA,"Employee","Regular",1,"Onsite",6.74
100999,2,4,1,106008,2019-06-13,NA,"Active",NA,"Employee","Regular",1,"Hybrid",6.74
107788,2,4,6,106253,2019-06-15,NA,"Active",NA,"Employee","Temporary",1,"Remote",6.73
101174,2,4,7,105810,2019-06-18,2025-12-09,"Terminated","Voluntary","Contractor","Regular",1,"Onsite",6.48
100944,2,4,4,108284,2019-06-26,NA,"Active",NA,"Employee","Regular",1,"Remote",6.7
106468,2,4,9,103557,2019-06-29,NA,"Active",NA,"Employee","Regular",0.8,"Hybrid",6.7
108349,2,4,6,106794,2019-07-04,NA,"Active",NA,"Employee","Regular",1,"Onsite",6.68
100102,2,4,1,106117,2019-07-24,2025-01-13,"Terminated","Voluntary","Employee","Temporary",1,"Hybrid",5.47
109232,2,4,1,106725,2019-07-25,NA,"Active",NA,"Employee","Regular",0.8,"Remote",6.62
107092,2,4,9,101800,2019-07-26,2026-02-14,"Terminated","Involuntary","Contractor","Regular",1,"Onsite",6.56
107236,2,4,5,107647,2019-07-31,NA,"Active",NA,"Employee","Regular",1,"Onsite",6.61
102122,2,4,9,101439,2019-08-01,NA,"Active",NA,"Employee","Regular",1,"Remote",6.61
107731,2,4,1,101985,2019-08-04,NA,"Active",NA,"Employee","Regular",1,"Remote",6.6
106241,2,4,4,109911,2019-08-05,NA,"Active",NA,"Employee","Regular",1,"Remote",6.59
103807,2,4,2,103973,2019-08-10,NA,"Active",NA,"Employee","Regular",1,"Onsite",6.58
100968,2,4,5,103184,2019-08-19,NA,"Active",NA,"Employee","Regular",1,"Onsite",6.56
102581,2,4,6,106424,2019-08-24,NA,"Active",NA,"Employee","Temporary",1,"Onsite",6.54
108335,2,4,3,108285,2019-09-09,NA,"Active",NA,"Employee","Regular",1,"Onsite",6.5
102927,2,4,4,106542,2019-09-11,NA,"Active",NA,"Employee","Regular",1,"Remote",6.49
107290,2,4,8,106232,2019-09-21,NA,"Active",NA,"Employee","Regular",1,"Onsite",6.47
107792,2,4,9,106099,2019-09-25,NA,"Active",NA,"Employee","Regular",1,"Onsite",6.45
103996,2,4,5,103389,2019-10-01,NA,"Active",NA,"Employee","Regular",1,"Onsite",6.44
108516,2,4,10,107113,2019-10-04,NA,"Active",NA,"Employee","Temporary",1,"Remote",6.43
105678,2,4,6,107564,2019-10-21,NA,"Active",NA,"Employee","Temporary",1,"Onsite",6.38
101089,2,4,9,103961,2019-10-24,NA,"Active",NA,"Employee","Regular",1,"Onsite",6.38
105091,2,4,3,108502,2019-10-26,NA,"Active",NA,"Employee","Regular",1,"Hybrid",6.37
103543,2,4,1,106710,2019-10-29,NA,"Active",NA,"Employee","Temporary",1,"Onsite",6.36
106584,2,4,6,109355,2019-11-11,NA,"Active",NA,"Employee","Regular",0.8,"Onsite",6.33
103580,2,4,9,105526,2019-11-12,NA,"Active",NA,"Employee","Regular",1,"Onsite",6.32
106980,2,4,11,107908,2019-11-12,NA,"Active",NA,"Employee","Regular",1,"Onsite",6.32
106013,2,4,3,109949,2019-11-28,NA,"Active",NA,"Employee","Regular",0.8,"Onsite",6.28
107493,2,4,7,105330,2019-12-02,NA,"Active",NA,"Employee","Regular",1,"Remote",6.27
108900,2,4,11,105124,2019-12-10,NA,"Active",NA,"Employee","Regular",1,"Hybrid",6.25
108829,2,4,12,104227,2019-12-12,NA,"Active",NA,"Employee","Regular",1,"Onsite",6.24
108564,2,4,2,108609,2019-12-17,NA,"Active",NA,"Employee","Regular",1,"Remote",6.23
109629,2,4,9,100236,2019-12-23,NA,"Active",NA,"Employee","Regular",1,"Hybrid",6.21
106648,2,4,12,102961,2019-12-24,NA,"Active",NA,"Employee","Regular",1,"Remote",6.21
102365,2,4,3,108528,2020-01-03,2021-01-27,"Terminated","Voluntary","Employee","Regular",1,"Onsite",1.07
100841,2,4,4,103644,2020-01-04,NA,"Active",NA,"Employee","Regular",1,"Remote",6.18
104403,2,4,2,100773,2020-01-05,2026-01-16,"Terminated","Voluntary","Employee","Regular",1,"Remote",6.03
103916,2,4,1,106953,2020-01-12,NA,"Active",NA,"Employee","Regular",1,"Hybrid",6.16
101423,2,4,11,104657,2020-01-15,NA,"Active",NA,"Employee","Temporary",1,"Hybrid",6.15
105098,2,4,11,105004,2020-01-15,NA,"Active",NA,"Employee","Regular",1,"Onsite",6.15
100209,2,4,10,108470,2020-01-28,NA,"Active",NA,"Employee","Regular",1,"Remote",6.11
101789,2,4,5,100220,2020-01-31,NA,"Active",NA,"Employee","Regular",1,"Onsite",6.1
101786,2,4,1,104652,2020-02-02,NA,"Active",NA,"Employee","Regular",1,"Onsite",6.1
109851,2,4,8,100651,2020-02-04,NA,"Active",NA,"Employee","Temporary",1,"Remote",6.09
109903,2,4,1,101817,2020-02-18,NA,"Active",NA,"Employee","Regular",1,"Onsite",6.05
107409,2,4,9,101018,2020-02-20,NA,"Active",NA,"Employee","Regular",1,"Onsite",6.05
106279,2,4,12,101233,2020-02-23,NA,"Active",NA,"Employee","Regular",1,"Onsite",6.04
100826,2,4,10,108471,2020-03-06,NA,"Active",NA,"Employee","Regular",1,"Onsite",6.01
103573,2,4,7,100481,2020-03-06,NA,"Active",NA,"Employee","Regular",1,"Onsite",6.01
109752,2,4,11,101466,2020-03-15,NA,"Active",NA,"Employee","Regular",1,"Remote",5.99
109068,2,4,10,109608,2020-03-28,NA,"Active",NA,"Employee","Regular",1,"Hybrid",5.95
102301,2,4,1,107908,2020-03-29,2024-05-25,"Terminated","Voluntary","Employee","Regular",1,"Remote",4.16
108788,2,4,4,101665,2020-04-02,NA,"Active",NA,"Employee","Regular",1,"Onsite",5.94
101552,2,4,1,106070,2020-04-05,NA,"Active",NA,"Employee","Regular",1,"Remote",5.93
107801,2,4,8,104586,2020-04-21,NA,"Active",NA,"Employee","Temporary",1,"Hybrid",5.88
101356,2,4,9,104070,2020-04-22,NA,"Active",NA,"Employee","Regular",1,"Remote",5.88
108617,2,4,3,103824,2020-04-24,NA,"Active",NA,"Employee","Regular",1,"Onsite",5.88
102703,2,4,11,108763,2020-05-01,2025-10-25,"Terminated","Voluntary","Employee","Regular",0.8,"Hybrid",5.48
103907,2,4,10,102620,2020-05-01,2025-07-08,"Terminated","Voluntary","Employee","Regular",1,"Onsite",5.19
102970,2,4,5,103092,2020-05-08,NA,"Active",NA,"Employee","Regular",1,"Remote",5.84
104539,2,4,9,101883,2020-05-12,NA,"Active",NA,"Employee","Regular",0.8,"Hybrid",5.83
106266,2,4,2,106955,2020-05-12,NA,"Active",NA,"Employee","Regular",1,"Hybrid",5.83
109754,2,4,10,100317,2020-05-16,NA,"Active",NA,"Employee","Regular",1,"Onsite",5.82
102373,2,4,1,106090,2020-05-18,2022-08-08,"Terminated","Voluntary","Employee","Regular",1,"Onsite",2.22
102998,2,4,10,102144,2020-05-22,NA,"Active",NA,"Employee","Regular",0.6,"Onsite",5.8
100498,2,4,10,106213,2020-05-27,NA,"Active",NA,"Employee","Regular",1,"Hybrid",5.79
108560,2,4,9,106897,2020-05-29,2025-01-25,"Terminated","Voluntary","Employee","Regular",1,"Hybrid",4.66
106340,2,4,12,106802,2020-06-02,NA,"Active",NA,"Employee","Regular",0.8,"Remote",5.77
101766,2,4,1,104730,2020-06-07,NA,"Active",NA,"Employee","Regular",1,"Onsite",5.76
106289,2,4,5,100028,2020-06-15,NA,"Active",NA,"Employee","Regular",1,"Onsite",5.73
104628,2,4,2,101672,2020-06-18,NA,"Active",NA,"Employee","Regular",1,"Remote",5.73
105601,2,4,6,100560,2020-06-24,NA,"Active",NA,"Employee","Regular",0.6,"Remote",5.71
107612,2,4,10,105662,2020-06-25,NA,"Active",NA,"Employee","Regular",1,"Remote",5.71
109737,2,4,5,107010,2020-07-05,2026-02-09,"Terminated","Involuntary","Employee","Regular",1,"Onsite",5.6
109759,2,4,10,100117,2020-07-05,NA,"Active",NA,"Employee","Regular",1,"Remote",5.68
104809,2,4,3,105669,2020-07-08,NA,"Active",NA,"Employee","Regular",1,"Onsite",5.67
103421,2,4,8,107167,2020-07-26,NA,"Active",NA,"Employee","Regular",1,"Remote",5.62
103896,2,4,4,103776,2020-07-28,NA,"Active",NA,"Employee","Regular",1,"Hybrid",5.62
105235,2,4,5,106088,2020-07-28,NA,"Active",NA,"Employee","Regular",1,"Hybrid",5.62
103700,2,4,6,104970,2020-08-03,NA,"Active",NA,"Employee","Temporary",1,"Remote",5.6
107712,2,4,7,107535,2020-08-10,NA,"Active",NA,"Employee","Regular",1,"Hybrid",5.58
100434,2,4,5,105719,2020-08-12,NA,"Active",NA,"Employee","Temporary",1,"Onsite",5.58
104957,2,4,8,105330,2020-08-24,NA,"Active",NA,"Employee","Regular",1,"Remote",5.54
107590,2,4,6,106599,2020-08-27,NA,"Active",NA,"Employee","Regular",1,"Remote",5.53
108530,2,4,6,109415,2020-08-30,NA,"Active",NA,"Employee","Regular",1,"Hybrid",5.53
106042,2,4,8,100829,2020-09-02,NA,"Active",NA,"Employee","Regular",1,"Remote",5.52
107782,2,4,7,100139,2020-09-07,NA,"Active",NA,"Employee","Regular",1,"Onsite",5.5
107423,2,4,3,107566,2020-09-10,NA,"Active",NA,"Employee","Regular",1,"Remote",5.5
101308,2,4,5,108879,2020-09-14,2025-02-09,"Terminated","Voluntary","Employee","Regular",1,"Remote",4.41
101355,2,4,5,100483,2020-09-15,NA,"Active",NA,"Contractor","Regular",1,"Onsite",5.48
103649,2,4,1,100884,2020-09-16,NA,"Active",NA,"Employee","Regular",1,"Remote",5.48
101372,2,4,5,103194,2020-09-17,NA,"Active",NA,"Employee","Regular",1,"Onsite",5.48
100593,2,4,9,109511,2020-09-18,NA,"Active",NA,"Employee","Regular",1,"Hybrid",5.47
101016,2,4,2,109690,2020-09-18,NA,"Active",NA,"Employee","Regular",1,"Hybrid",5.47
104337,2,4,6,104697,2020-09-19,NA,"Active",NA,"Employee","Regular",1,"Hybrid",5.47
101147,2,4,12,100786,2020-10-06,NA,"Active",NA,"Employee","Regular",1,"Hybrid",5.42
100132,2,4,2,104697,2020-10-09,NA,"Active",NA,"Employee","Regular",0.8,"Remote",5.42
106699,2,4,9,109602,2020-10-16,NA,"Active",NA,"Employee","Regular",1,"Onsite",5.4
109852,2,4,5,100750,2020-10-27,NA,"Active",NA,"Employee","Regular",1,"Remote",5.37
109619,2,4,5,109875,2020-10-30,NA,"Active",NA,"Employee","Regular",1,"Remote",5.36
102817,2,4,7,103379,2020-11-01,NA,"Active",NA,"Employee","Regular",0.8,"Hybrid",5.35
105129,2,4,6,100364,2020-11-05,2024-05-18,"Terminated","Voluntary","Employee","Regular",1,"Onsite",3.53
105247,2,4,8,108452,2020-11-06,2026-01-18,"Terminated","Voluntary","Employee","Regular",1,"Remote",5.2
107276,2,4,11,100861,2020-11-25,NA,"Active",NA,"Employee","Regular",0.8,"Hybrid",5.29
103592,2,4,7,108594,2020-11-27,NA,"Active",NA,"Employee","Regular",1,"Onsite",5.28
100569,2,4,4,109651,2020-12-01,NA,"Active",NA,"Employee","Regular",1,"Onsite",5.27
102180,2,4,10,103732,2020-12-01,NA,"Active",NA,"Employee","Regular",0.8,"Hybrid",5.27
102555,2,4,1,103243,2020-12-03,NA,"Active",NA,"Employee","Regular",1,"Hybrid",5.27
104662,2,4,6,100771,2020-12-04,2024-05-05,"Terminated","Voluntary","Employee","Regular",1,"Hybrid",3.42
107565,2,4,3,106411,2020-12-12,NA,"Active",NA,"Employee","Regular",1,"Onsite",5.24
104677,2,4,4,103271,2020-12-16,NA,"Active",NA,"Employee","Regular",1,"Onsite",5.23
109816,2,4,5,107619,2020-12-20,NA,"Active",NA,"Employee","Regular",1,"Onsite",5.22
103521,2,4,7,104720,2020-12-22,NA,"Active",NA,"Employee","Regular",1,"Hybrid",5.21
108612,2,4,12,108713,2021-01-01,NA,"Active",NA,"Employee","Regular",0.6,"Hybrid",5.19
105172,2,4,6,104630,2021-01-02,NA,"Active",NA,"Employee","Regular",1,"Onsite",5.18
107282,2,4,2,103123,2021-01-05,NA,"Active",NA,"Contractor","Regular",1,"Remote",5.18
108226,2,4,6,108205,2021-01-20,NA,"Active",NA,"Employee","Regular",1,"Remote",5.13
105779,2,4,7,105496,2021-01-21,NA,"Active",NA,"Employee","Regular",1,"Remote",5.13
105901,2,4,11,102399,2021-01-21,NA,"Active",NA,"Employee","Regular",1,"Hybrid",5.13
107768,2,4,9,108429,2021-01-23,NA,"Active",NA,"Employee","Regular",1,"Hybrid",5.13
100157,2,4,3,106479,2021-01-27,NA,"Active",NA,"Employee","Regular",1,"Onsite",5.12
104062,2,4,5,108025,2021-02-08,NA,"Active",NA,"Employee","Regular",1,"Hybrid",5.08
105792,2,4,6,105402,2021-02-08,NA,"Active",NA,"Employee","Regular",1,"Onsite",5.08
106931,2,4,1,107880,2021-02-21,NA,"Active",NA,"Employee","Regular",1,"Hybrid",5.05
109081,2,4,2,107718,2021-02-23,NA,"Active",NA,"Employee","Regular",1,"Remote",5.04
109856,2,4,1,109911,2021-02-27,NA,"Active",NA,"Employee","Regular",1,"Onsite",5.03
102754,2,4,5,103836,2021-03-05,NA,"Active",NA,"Employee","Regular",1,"Hybrid",5.01
101244,2,4,10,106848,2021-03-07,NA,"Active",NA,"Employee","Regular",1,"Hybrid",5.01
108240,2,4,7,101150,2021-03-10,NA,"Active",NA,"Employee","Regular",1,"Onsite",5
102964,2,4,8,105418,2021-03-16,NA,"Active",NA,"Employee","Regular",1,"Remote",4.98
100268,2,4,1,106889,2021-03-24,NA,"Active",NA,"Employee","Regular",1,"Onsite",4.96
104603,2,4,4,102276,2021-03-26,NA,"Active",NA,"Employee","Regular",1,"Remote",4.96
109899,2,4,12,102528,2021-03-26,NA,"Active",NA,"Employee","Regular",1,"Onsite",4.96
109618,2,4,3,104374,2021-03-27,NA,"Active",NA,"Contractor","Regular",1,"Onsite",4.95
107130,2,4,9,107907,2021-03-30,NA,"Active",NA,"Employee","Regular",1,"Onsite",4.95
100604,2,4,3,103492,2021-04-03,NA,"Active",NA,"Employee","Regular",1,"Hybrid",4.93
102777,2,4,3,101170,2021-04-11,2026-01-29,"Terminated","Voluntary","Employee","Regular",1,"Hybrid",4.8
108422,2,4,1,103778,2021-04-13,NA,"Active",NA,"Employee","Regular",0.8,"Onsite",4.91
106972,2,4,6,104010,2021-04-21,NA,"Active",NA,"Employee","Regular",1,"Remote",4.88
109303,2,4,8,105537,2021-04-24,NA,"Active",NA,"Employee","Temporary",1,"Remote",4.88
109570,2,4,6,106411,2021-05-06,NA,"Active",NA,"Employee","Regular",1,"Onsite",4.84
106767,2,4,12,107251,2021-05-11,2026-02-25,"Terminated","Voluntary","Employee","Regular",1,"Hybrid",4.79
109033,2,4,11,103289,2021-05-15,NA,"Active",NA,"Employee","Regular",1,"Onsite",4.82
103476,2,4,8,102785,2021-05-18,NA,"Active",NA,"Employee","Regular",1,"Onsite",4.81
100600,2,4,3,108081,2021-05-19,NA,"Active",NA,"Employee","Regular",1,"Onsite",4.81
101767,2,4,10,104346,2021-05-24,NA,"Active",NA,"Employee","Regular",1,"Hybrid",4.79
108104,2,4,10,103241,2021-05-25,NA,"Active",NA,"Employee","Regular",1,"Hybrid",4.79
104146,2,4,8,107368,2021-06-06,NA,"Active",NA,"Employee","Regular",0.8,"Hybrid",4.76
104258,2,4,9,106082,2021-06-16,NA,"Active",NA,"Employee","Regular",1,"Onsite",4.73
107663,2,4,4,106411,2021-07-02,2023-09-19,"Terminated","Involuntary","Employee","Regular",1,"Hybrid",2.22
101022,2,4,5,106272,2021-07-06,NA,"Active",NA,"Employee","Regular",1,"Onsite",4.68
108489,2,4,3,108453,2021-07-07,NA,"Active",NA,"Employee","Regular",1,"Hybrid",4.67
109634,2,4,1,102278,2021-07-16,NA,"Active",NA,"Employee","Regular",1,"Hybrid",4.65
102346,2,4,2,102149,2021-07-17,NA,"Active",NA,"Employee","Regular",1,"Onsite",4.65
104153,2,4,1,101266,2021-07-20,NA,"Active",NA,"Employee","Regular",1,"Onsite",4.64
109104,2,4,12,108687,2021-07-20,NA,"Active",NA,"Employee","Regular",1,"Onsite",4.64
106949,2,4,8,108025,2021-07-21,NA,"Active",NA,"Employee","Regular",1,"Hybrid",4.64
103660,2,4,12,106794,2021-07-24,NA,"Active",NA,"Employee","Temporary",0.8,"Remote",4.63
101958,2,4,9,101938,2021-07-27,NA,"Active",NA,"Employee","Temporary",0.8,"Remote",4.62
109126,2,4,11,109296,2021-08-18,NA,"Active",NA,"Employee","Regular",0.8,"Onsite",4.56
104759,2,4,10,100915,2021-08-26,NA,"Active",NA,"Employee","Regular",0.6,"Onsite",4.54
104339,2,4,9,102149,2021-09-01,NA,"Active",NA,"Employee","Regular",1,"Hybrid",4.52
109089,2,4,11,104182,2021-09-03,NA,"Active",NA,"Employee","Regular",0.8,"Onsite",4.52
106527,2,4,6,101186,2021-09-15,NA,"Active",NA,"Employee","Regular",1,"Hybrid",4.48
106966,2,4,12,102274,2021-09-24,NA,"Active",NA,"Contractor","Regular",1,"Hybrid",4.46
100851,2,4,3,107566,2021-09-28,NA,"Active",NA,"Employee","Regular",1,"Hybrid",4.45
102615,2,4,5,105093,2021-10-01,NA,"Active",NA,"Employee","Temporary",1,"Onsite",4.44
105188,2,4,10,102511,2021-10-05,NA,"Active",NA,"Employee","Regular",1,"Onsite",4.43
101434,2,4,3,102482,2021-10-06,NA,"Active",NA,"Employee","Regular",1,"Hybrid",4.42
104007,2,4,7,108495,2021-10-06,NA,"Active",NA,"Employee","Regular",1,"Hybrid",4.42
103893,2,4,7,106352,2021-10-09,NA,"Active",NA,"Employee","Regular",1,"Remote",4.42
108273,2,4,10,102192,2021-10-15,NA,"Active",NA,"Employee","Regular",1,"Onsite",4.4
101871,2,4,2,101849,2021-10-16,NA,"Active",NA,"Employee","Regular",1,"Remote",4.4
101431,2,4,7,108879,2021-10-17,NA,"Active",NA,"Employee","Regular",1,"Onsite",4.39
101684,2,4,5,108527,2021-10-23,NA,"Active",NA,"Employee","Regular",1,"Onsite",4.38
105836,2,4,1,105746,2021-10-25,NA,"Active",NA,"Employee","Regular",1,"Onsite",4.37
106803,2,4,1,109170,2021-10-25,NA,"Active",NA,"Employee","Regular",1,"Remote",4.37
103693,2,4,7,107619,2021-10-31,NA,"Active",NA,"Employee","Regular",1,"Remote",4.36
105394,2,4,11,104182,2021-11-03,NA,"Active",NA,"Employee","Regular",1,"Remote",4.35
102318,2,4,10,103778,2021-11-12,NA,"Active",NA,"Employee","Regular",0.8,"Remote",4.32
103064,2,4,11,101392,2021-11-13,NA,"Active",NA,"Contractor","Regular",1,"Onsite",4.32
107218,2,4,5,101387,2021-11-14,NA,"Active",NA,"Employee","Regular",1,"Hybrid",4.32
107830,2,4,12,108556,2021-11-14,NA,"Active",NA,"Employee","Regular",1,"Remote",4.32
102361,2,4,4,108916,2021-11-18,2025-09-23,"Terminated","Voluntary","Employee","Regular",1,"Hybrid",3.85
106547,2,4,10,107986,2021-11-19,NA,"Active",NA,"Employee","Regular",1,"Hybrid",4.3
104154,2,4,5,102913,2021-11-23,2026-02-04,"Terminated","Voluntary","Employee","Regular",0.8,"Remote",4.2
102624,2,4,3,105045,2021-11-24,NA,"Active",NA,"Employee","Regular",1,"Onsite",4.29
103481,2,4,11,102816,2021-12-05,2025-12-23,"Terminated","Voluntary","Employee","Regular",1,"Hybrid",4.05
108093,2,4,10,100257,2021-12-06,NA,"Active",NA,"Employee","Regular",1,"Remote",4.26
101578,2,4,4,104388,2021-12-09,NA,"Active",NA,"Employee","Regular",1,"Onsite",4.25
106999,2,4,4,101532,2021-12-09,NA,"Active",NA,"Employee","Regular",1,"Hybrid",4.25
106155,2,4,6,108128,2021-12-10,NA,"Active",NA,"Employee","Regular",1,"Onsite",4.25
102924,2,4,4,100927,2021-12-12,NA,"Active",NA,"Employee","Regular",1,"Onsite",4.24
109354,2,4,10,104444,2021-12-12,NA,"Active",NA,"Employee","Regular",1,"Onsite",4.24
106523,2,4,12,100722,2021-12-13,NA,"Active",NA,"Employee","Regular",1,"Onsite",4.24
108460,2,4,5,103598,2021-12-28,NA,"Active",NA,"Employee","Regular",1,"Hybrid",4.2
105243,2,4,7,108070,2022-01-03,NA,"Active",NA,"Employee","Regular",1,"Onsite",4.18
100897,2,4,8,104838,2022-01-10,NA,"Active",NA,"Employee","Regular",1,"Hybrid",4.16
107042,2,4,10,103184,2022-01-24,NA,"Active",NA,"Employee","Regular",1,"Onsite",4.12
100628,2,4,4,107461,2022-01-31,NA,"Active",NA,"Employee","Regular",1,"Hybrid",4.1
105823,2,4,4,101795,2022-02-10,2025-06-07,"Terminated","Reduction in Force","Employee","Regular",1,"Onsite",3.32
109642,2,4,3,107904,2022-02-12,NA,"Active",NA,"Employee","Regular",1,"Onsite",4.07
109039,2,4,5,100982,2022-02-16,NA,"Active",NA,"Employee","Regular",1,"Hybrid",4.06
107185,2,4,4,105962,2022-02-21,NA,"Active",NA,"Employee","Regular",0.8,"Onsite",4.05
106903,2,4,1,108049,2022-02-24,NA,"Active",NA,"Employee","Regular",1,"Remote",4.04
100921,2,4,6,101111,2022-03-02,NA,"Active",NA,"Employee","Regular",1,"Hybrid",4.02
101634,2,4,5,105693,2022-03-03,2025-01-06,"Terminated","Voluntary","Employee","Regular",1,"Hybrid",2.85
102078,2,4,11,102161,2022-03-10,2025-09-24,"Terminated","Involuntary","Employee","Regular",1,"Hybrid",3.54
108515,2,4,1,104885,2022-03-11,NA,"Active",NA,"Employee","Regular",1,"Onsite",4
107977,2,4,7,103189,2022-03-12,NA,"Active",NA,"Employee","Regular",1,"Onsite",3.99
101926,2,4,4,107103,2022-03-18,NA,"Active",NA,"Employee","Regular",1,"Hybrid",3.98
106414,2,4,5,103393,2022-03-20,NA,"Active",NA,"Employee","Regular",1,"Remote",3.97
100992,2,4,6,109859,2022-03-22,NA,"Active",NA,"Employee","Regular",1,"Hybrid",3.97
100372,2,4,1,103302,2022-03-29,NA,"Active",NA,"Employee","Regular",1,"Remote",3.95
101441,2,4,3,109949,2022-04-06,NA,"Active",NA,"Employee","Regular",1,"Remote",3.93
100659,2,4,12,102520,2022-04-07,NA,"Active",NA,"Employee","Regular",1,"Hybrid",3.92
108802,2,4,5,107426,2022-04-08,NA,"Active",NA,"Employee","Temporary",1,"Remote",3.92
105373,2,4,2,108115,2022-04-09,NA,"Active",NA,"Employee","Regular",1,"Hybrid",3.92
108064,2,4,9,104070,2022-04-11,NA,"Active",NA,"Employee","Regular",1,"Onsite",3.91
107292,2,4,5,108817,2022-04-17,NA,"Active",NA,"Employee","Regular",1,"Remote",3.9
103007,2,4,4,107548,2022-04-24,NA,"Active",NA,"Employee","Regular",1,"Hybrid",3.88
100798,2,4,1,101704,2022-04-25,NA,"Active",NA,"Employee","Regular",1,"Onsite",3.87
105381,2,4,8,104374,2022-04-30,NA,"Active",NA,"Employee","Regular",1,"Hybrid",3.86
104052,2,4,6,102577,2022-05-03,NA,"Active",NA,"Employee","Regular",1,"Onsite",3.85
100304,2,4,3,102577,2022-05-16,NA,"Active",NA,"Employee","Regular",1,"Onsite",3.82
101572,2,4,11,103234,2022-05-17,NA,"Active",NA,"Employee","Regular",1,"Onsite",3.81
106075,2,4,12,108861,2022-05-18,2024-12-23,"Terminated","Voluntary","Employee","Regular",1,"Remote",2.6
107734,2,4,6,101041,2022-05-20,NA,"Active",NA,"Employee","Regular",1,"Onsite",3.81
104261,2,4,10,109998,2022-05-26,NA,"Active",NA,"Employee","Regular",1,"Hybrid",3.79
103510,2,4,1,102092,2022-05-29,NA,"Active",NA,"Employee","Regular",1,"Hybrid",3.78
102997,2,4,12,109581,2022-05-31,NA,"Active",NA,"Employee","Regular",1,"Hybrid",3.78
103284,2,4,4,105526,2022-06-12,NA,"Active",NA,"Employee","Regular",1,"Onsite",3.74
108316,2,4,3,106900,2022-06-26,NA,"Active",NA,"Employee","Temporary",1,"Hybrid",3.7
108735,2,4,11,105322,2022-06-29,NA,"Active",NA,"Employee","Regular",1,"Hybrid",3.7
101429,2,4,8,102459,2022-07-02,NA,"Active",NA,"Employee","Regular",0.8,"Onsite",3.69
103561,2,4,7,102324,2022-07-09,NA,"Active",NA,"Employee","Regular",1,"Hybrid",3.67
104113,2,4,3,107816,2022-07-13,NA,"Active",NA,"Contractor","Regular",1,"Onsite",3.66
105626,2,4,11,105999,2022-07-14,NA,"Active",NA,"Employee","Regular",1,"Remote",3.65
102236,2,4,8,106213,2022-07-15,NA,"Active",NA,"Contractor","Temporary",1,"Remote",3.65
101683,2,4,4,109827,2022-07-22,NA,"Active",NA,"Employee","Regular",1,"Hybrid",3.63
106021,2,4,10,105577,2022-07-28,2024-08-29,"Terminated","Voluntary","Employee","Regular",1,"Onsite",2.09
105707,2,4,8,106044,2022-08-05,NA,"Active",NA,"Employee","Regular",1,"Onsite",3.59
102616,2,4,4,100298,2022-08-17,NA,"Active",NA,"Employee","Regular",0.8,"Hybrid",3.56
107828,2,4,2,105962,2022-08-17,NA,"Active",NA,"Employee","Regular",1,"Onsite",3.56
107586,2,4,1,109141,2022-08-23,NA,"Active",NA,"Employee","Temporary",1,"Remote",3.55
102036,2,4,2,102979,2022-09-04,NA,"Active",NA,"Employee","Regular",1,"Onsite",3.51
104643,2,4,9,101018,2022-09-09,NA,"Active",NA,"Employee","Regular",1,"Onsite",3.5
102156,2,4,5,106391,2022-09-12,NA,"Active",NA,"Employee","Regular",1,"Onsite",3.49
103461,2,4,7,103754,2022-09-19,NA,"Active",NA,"Employee","Regular",1,"Remote",3.47
108520,2,4,3,107666,2022-09-19,NA,"Active",NA,"Employee","Regular",1,"Hybrid",3.47
102627,2,4,9,102483,2022-09-26,NA,"Active",NA,"Employee","Regular",1,"Onsite",3.45
103473,2,4,5,101795,2022-10-01,NA,"Active",NA,"Contractor","Regular",1,"Hybrid",3.44
103511,2,4,12,102292,2022-10-10,NA,"Active",NA,"Employee","Regular",1,"Onsite",3.41
103118,2,4,3,100800,2022-10-14,NA,"Active",NA,"Employee","Regular",1,"Hybrid",3.4
106603,2,4,1,108938,2022-10-22,NA,"Active",NA,"Employee","Regular",1,"Remote",3.38
105248,2,4,3,106099,2022-10-29,NA,"Active",NA,"Employee","Temporary",1,"Onsite",3.36
109301,2,4,2,109687,2022-10-29,NA,"Active",NA,"Employee","Regular",0.8,"Hybrid",3.36
109484,2,4,3,108453,2022-10-29,NA,"Active",NA,"Employee","Regular",1,"Onsite",3.36
109938,2,4,2,101532,2022-10-31,NA,"Active",NA,"Employee","Regular",1,"Hybrid",3.36
108833,2,4,6,101291,2022-11-03,NA,"Active",NA,"Employee","Regular",1,"Remote",3.35
106169,2,4,10,102472,2022-11-14,NA,"Active",NA,"Employee","Temporary",1,"Onsite",3.32
105815,2,4,2,106542,2022-11-19,NA,"Active",NA,"Employee","Temporary",1,"Hybrid",3.3
103237,2,4,4,100139,2022-11-20,NA,"Active",NA,"Employee","Regular",1,"Onsite",3.3
106410,2,4,5,106532,2022-11-29,NA,"Active",NA,"Employee","Regular",1,"Remote",3.28
100140,2,4,6,102135,2022-11-30,NA,"Active",NA,"Contractor","Regular",1,"Onsite",3.27
106809,2,4,4,108656,2022-12-02,NA,"Active",NA,"Employee","Regular",1,"Remote",3.27
107049,2,4,3,103040,2022-12-02,NA,"Active",NA,"Employee","Regular",1,"Hybrid",3.27
107842,2,4,8,102411,2022-12-06,NA,"Active",NA,"Employee","Regular",1,"Hybrid",3.26
101623,2,4,5,107624,2022-12-07,2026-02-22,"Terminated","Involuntary","Employee","Regular",1,"Onsite",3.21
106712,2,4,8,102035,2022-12-08,NA,"Active",NA,"Employee","Regular",1,"Onsite",3.25
107209,2,4,8,106029,2022-12-09,NA,"Active",NA,"Employee","Regular",1,"Hybrid",3.25
107810,2,4,3,106232,2022-12-13,NA,"Active",NA,"Employee","Regular",1,"Onsite",3.24
104015,2,4,9,100729,2022-12-20,NA,"Active",NA,"Employee","Regular",1,"Remote",3.22
108775,2,4,4,104342,2022-12-20,NA,"Active",NA,"Employee","Regular",0.6,"Remote",3.22
108600,2,4,3,109927,2023-01-01,NA,"Active",NA,"Employee","Regular",1,"Hybrid",3.19
101338,2,4,12,107723,2023-01-09,NA,"Active",NA,"Employee","Regular",1,"Onsite",3.16
104423,2,4,11,100074,2023-01-28,NA,"Active",NA,"Employee","Regular",1,"Hybrid",3.11
109713,2,4,5,109123,2023-01-30,NA,"Active",NA,"Employee","Regular",1,"Remote",3.11
106511,2,4,5,100246,2023-02-04,NA,"Active",NA,"Employee","Regular",1,"Onsite",3.09
102175,2,4,9,102535,2023-02-06,NA,"Active",NA,"Employee","Regular",1,"Hybrid",3.09
108231,2,4,3,107718,2023-02-11,NA,"Active",NA,"Employee","Regular",1,"Onsite",3.07
101097,2,4,11,105687,2023-02-18,NA,"Active",NA,"Employee","Regular",1,"Hybrid",3.05
100442,2,4,4,107458,2023-02-22,NA,"Active",NA,"Employee","Regular",1,"Hybrid",3.04
101839,2,4,5,109061,2023-02-22,NA,"Active",NA,"Employee","Regular",1,"Onsite",3.04
104315,2,4,3,107046,2023-02-22,2025-10-07,"Terminated","Voluntary","Employee","Regular",1,"Onsite",2.62
104252,2,4,6,100998,2023-03-10,NA,"Active",NA,"Employee","Regular",1,"Onsite",3
100352,2,4,11,109558,2023-03-11,NA,"Active",NA,"Employee","Regular",0.8,"Onsite",3
107063,2,4,1,101030,2023-03-11,NA,"Active",NA,"Employee","Regular",1,"Onsite",3
103474,2,4,4,101659,2023-03-12,2025-08-05,"Terminated","Involuntary","Employee","Regular",1,"Onsite",2.4
101348,2,4,3,101210,2023-03-15,NA,"Active",NA,"Employee","Regular",0.8,"Onsite",2.99
102651,2,4,10,101247,2023-03-22,NA,"Active",NA,"Employee","Regular",0.8,"Onsite",2.97
104688,2,4,4,109973,2023-03-27,NA,"Active",NA,"Employee","Regular",1,"Hybrid",2.95
109337,2,4,9,105571,2023-03-27,NA,"Active",NA,"Employee","Regular",1,"Hybrid",2.95
101986,2,4,2,109254,2023-04-04,NA,"Active",NA,"Employee","Regular",1,"Hybrid",2.93
104532,2,4,3,108656,2023-04-05,NA,"Active",NA,"Contractor","Regular",1,"Onsite",2.93
109244,2,4,7,101826,2023-04-08,NA,"Active",NA,"Employee","Regular",1,"Remote",2.92
109972,2,4,3,101403,2023-04-09,NA,"Active",NA,"Employee","Regular",1,"Onsite",2.92
107999,2,4,11,103379,2023-04-20,NA,"Active",NA,"Employee","Regular",0.6,"Onsite",2.89
101162,2,4,6,102195,2023-04-22,NA,"Active",NA,"Contractor","Temporary",0.8,"Onsite",2.88
104411,2,4,3,107566,2023-05-03,NA,"Active",NA,"Employee","Regular",1,"Onsite",2.85
102109,2,4,1,109259,2023-05-04,NA,"Active",NA,"Employee","Regular",1,"Onsite",2.85
100663,2,4,11,102372,2023-05-06,NA,"Active",NA,"Employee","Regular",1,"Onsite",2.84
105146,2,4,4,105109,2023-05-06,NA,"Active",NA,"Employee","Regular",1,"Onsite",2.84
106957,2,4,6,104346,2023-05-06,NA,"Active",NA,"Employee","Regular",1,"Hybrid",2.84
104745,2,4,9,108451,2023-05-15,NA,"Active",NA,"Employee","Regular",1,"Hybrid",2.82
104763,2,4,5,103271,2023-05-16,NA,"Active",NA,"Employee","Regular",1,"Onsite",2.82
109167,2,4,6,100801,2023-05-17,NA,"Active",NA,"Employee","Regular",1,"Hybrid",2.81
109208,2,4,10,108916,2023-05-19,NA,"Active",NA,"Employee","Regular",1,"Onsite",2.81
102395,2,4,1,106277,2023-05-24,NA,"Active",NA,"Employee","Temporary",1,"Onsite",2.79
108918,2,4,12,109165,2023-06-11,NA,"Active",NA,"Employee","Regular",1,"Hybrid",2.75
100476,2,4,8,103732,2023-06-19,NA,"Active",NA,"Employee","Regular",1,"Remote",2.72
104306,2,4,5,101614,2023-06-28,NA,"Active",NA,"Employee","Regular",1,"Onsite",2.7
101366,2,4,9,100064,2023-06-29,NA,"Active",NA,"Employee","Regular",1,"Onsite",2.7
107480,2,4,1,104570,2023-07-01,NA,"Active",NA,"Contractor","Regular",1,"Onsite",2.69
106630,2,4,9,102162,2023-07-04,NA,"Active",NA,"Employee","Regular",1,"Hybrid",2.68
102378,2,4,5,105576,2023-07-07,NA,"Active",NA,"Employee","Regular",1,"Remote",2.67
106295,2,4,4,107251,2023-07-09,NA,"Active",NA,"Employee","Regular",1,"Onsite",2.67
108860,2,4,8,105669,2023-07-11,NA,"Active",NA,"Employee","Regular",1,"Onsite",2.66
102821,2,4,2,100222,2023-07-12,NA,"Active",NA,"Employee","Regular",1,"Remote",2.66
104969,2,4,6,105719,2023-07-12,NA,"Active",NA,"Employee","Regular",1,"Hybrid",2.66
109719,2,4,5,105174,2023-07-14,NA,"Active",NA,"Employee","Regular",1,"Hybrid",2.65
104172,2,4,3,102287,2023-07-20,NA,"Active",NA,"Employee","Regular",1,"Onsite",2.64
108089,2,4,9,105219,2023-07-24,NA,"Active",NA,"Employee","Temporary",1,"Hybrid",2.63
101971,2,4,1,107880,2023-07-25,NA,"Active",NA,"Employee","Regular",1,"Hybrid",2.62
100411,2,4,3,104987,2023-07-30,NA,"Active",NA,"Employee","Regular",1,"Hybrid",2.61
100971,2,4,7,105041,2023-07-30,NA,"Active",NA,"Employee","Regular",1,"Hybrid",2.61
103709,2,4,9,100974,2023-08-01,2024-11-25,"Terminated","Reduction in Force","Employee","Regular",1,"Onsite",1.32
100533,2,4,3,103448,2023-08-16,NA,"Active",NA,"Employee","Regular",1,"Onsite",2.56
103358,2,4,8,104374,2023-08-16,NA,"Active",NA,"Contractor","Regular",1,"Onsite",2.56
109132,2,4,11,104657,2023-08-16,NA,"Active",NA,"Employee","Regular",1,"Onsite",2.56
101155,2,4,6,103278,2023-08-18,NA,"Active",NA,"Employee","Regular",1,"Remote",2.56
104078,2,4,12,103333,2023-08-18,NA,"Active",NA,"Employee","Regular",0.6,"Onsite",2.56
106961,2,4,8,108838,2023-08-18,NA,"Active",NA,"Employee","Regular",1,"Onsite",2.56
105348,2,4,3,107812,2023-08-22,NA,"Active",NA,"Employee","Regular",1,"Onsite",2.55
100239,2,4,7,107923,2023-09-01,NA,"Active",NA,"Employee","Regular",1,"Onsite",2.52
106672,2,4,6,103557,2023-09-05,NA,"Active",NA,"Employee","Regular",1,"Remote",2.51
103582,2,4,1,101168,2023-09-06,NA,"Active",NA,"Employee","Regular",1,"Hybrid",2.51
109231,2,4,3,107995,2023-09-17,NA,"Active",NA,"Employee","Regular",1,"Hybrid",2.48
104427,2,4,9,108949,2023-09-19,NA,"Active",NA,"Employee","Regular",1,"Hybrid",2.47
106225,2,4,4,107548,2023-09-21,NA,"Active",NA,"Employee","Regular",1,"Onsite",2.47
100656,2,4,10,103040,2023-09-28,NA,"Active",NA,"Employee","Regular",1,"Onsite",2.45
101537,2,4,3,103147,2023-09-30,NA,"Active",NA,"Employee","Regular",0.8,"Hybrid",2.44
108935,2,4,1,103683,2023-10-01,NA,"Active",NA,"Employee","Regular",1,"Remote",2.44
100441,2,4,6,107923,2023-10-02,NA,"Active",NA,"Employee","Regular",1,"Hybrid",2.44
107611,2,4,11,101168,2023-10-08,NA,"Active",NA,"Employee","Regular",1,"Hybrid",2.42
101388,2,4,2,103405,2023-10-10,NA,"Active",NA,"Employee","Regular",1,"Remote",2.41
104753,2,4,1,105851,2023-10-10,NA,"Active",NA,"Employee","Regular",1,"Onsite",2.41
108933,2,4,5,105532,2023-10-10,NA,"Active",NA,"Employee","Regular",1,"Onsite",2.41
104916,2,4,4,106679,2023-10-13,NA,"Active",NA,"Employee","Regular",1,"Hybrid",2.41
109345,2,4,2,108852,2023-10-23,NA,"Active",NA,"Employee","Regular",1,"Onsite",2.38
105116,2,4,7,107841,2023-11-04,NA,"Active",NA,"Employee","Regular",1,"Remote",2.35
108705,2,4,12,103628,2023-11-15,NA,"Active",NA,"Employee","Regular",1,"Onsite",2.32
104860,2,4,3,100771,2023-11-28,NA,"Active",NA,"Employee","Regular",1,"Hybrid",2.28
100113,2,4,11,108741,2023-12-01,NA,"Active",NA,"Employee","Regular",1,"Hybrid",2.27
100385,2,4,1,106529,2023-12-02,NA,"Active",NA,"Contractor","Regular",1,"Hybrid",2.27
104667,2,4,3,106848,2023-12-02,NA,"Active",NA,"Employee","Regular",1,"Hybrid",2.27
103744,2,4,3,101657,2023-12-09,NA,"Active",NA,"Employee","Regular",1,"Hybrid",2.25
105422,2,4,11,104635,2023-12-09,NA,"Active",NA,"Contractor","Regular",1,"Remote",2.25
102719,2,4,5,105487,2023-12-13,NA,"Active",NA,"Employee","Regular",0.6,"Hybrid",2.24
108040,2,4,1,104374,2023-12-24,NA,"Active",NA,"Employee","Regular",1,"Hybrid",2.21
109635,2,4,4,103585,2023-12-25,NA,"Active",NA,"Employee","Regular",1,"Hybrid",2.21
108988,2,4,9,109006,2024-01-06,NA,"Active",NA,"Employee","Regular",1,"Onsite",2.17
109117,2,4,11,106513,2024-01-09,NA,"Active",NA,"Employee","Regular",0.8,"Remote",2.16
104194,2,4,11,108410,2024-01-11,NA,"Active",NA,"Employee","Regular",1,"Onsite",2.16
103847,2,4,9,106153,2024-01-12,NA,"Active",NA,"Employee","Regular",1,"Remote",2.16
109718,2,4,9,106771,2024-01-16,NA,"Active",NA,"Employee","Regular",1,"Onsite",2.15
105691,2,4,2,101312,2024-01-25,NA,"Active",NA,"Contractor","Regular",0.8,"Onsite",2.12
101825,2,4,5,101450,2024-02-11,NA,"Active",NA,"Employee","Regular",1,"Onsite",2.07
108905,2,4,9,101812,2024-02-14,NA,"Active",NA,"Employee","Regular",1,"Onsite",2.07
102778,2,4,2,103087,2024-02-15,NA,"Active",NA,"Employee","Regular",1,"Onsite",2.06
103621,2,4,1,100588,2024-02-17,2025-04-02,"Terminated","Involuntary","Employee","Regular",0.6,"Onsite",1.12
107260,2,4,7,101951,2024-02-19,NA,"Active",NA,"Employee","Regular",1,"Hybrid",2.05
103430,2,4,9,104388,2024-02-20,NA,"Active",NA,"Employee","Regular",1,"Onsite",2.05
102215,2,4,6,101474,2024-03-01,NA,"Active",NA,"Employee","Regular",1,"Hybrid",2.02
103856,2,4,12,106525,2024-03-02,NA,"Active",NA,"Employee","Temporary",1,"Onsite",2.02
106792,2,4,11,108556,2024-03-03,NA,"Active",NA,"Employee","Regular",1,"Onsite",2.02
106376,2,4,3,102714,2024-03-21,NA,"Active",NA,"Employee","Regular",1,"Remote",1.97
106597,2,4,11,101576,2024-03-30,NA,"Active",NA,"Employee","Regular",0.6,"Onsite",1.95
108882,2,4,2,107535,2024-04-18,NA,"Active",NA,"Employee","Regular",1,"Onsite",1.89
100069,2,4,6,101805,2024-04-19,NA,"Active",NA,"Employee","Regular",1,"Onsite",1.89
109784,2,4,4,101678,2024-05-04,NA,"Active",NA,"Employee","Regular",0.8,"Onsite",1.85
103355,2,4,5,104089,2024-05-07,NA,"Active",NA,"Employee","Regular",1,"Hybrid",1.84
107958,2,4,12,101817,2024-05-07,NA,"Active",NA,"Employee","Regular",1,"Onsite",1.84
107222,2,4,11,105596,2024-05-11,NA,"Active",NA,"Employee","Regular",1,"Hybrid",1.83
100265,2,4,10,102009,2024-05-13,NA,"Active",NA,"Employee","Regular",1,"Hybrid",1.82
102404,2,4,11,108776,2024-05-22,NA,"Active",NA,"Employee","Regular",1,"Onsite",1.8
106286,2,4,7,101890,2024-05-23,NA,"Active",NA,"Employee","Temporary",1,"Remote",1.8
102201,2,4,1,101122,2024-05-29,NA,"Active",NA,"Employee","Temporary",0.6,"Onsite",1.78
100979,2,4,3,103874,2024-06-10,NA,"Active",NA,"Employee","Regular",1,"Hybrid",1.75
105003,2,4,9,109228,2024-06-17,NA,"Active",NA,"Employee","Temporary",0.8,"Hybrid",1.73
100558,2,4,2,109214,2024-06-18,NA,"Active",NA,"Employee","Regular",1,"Hybrid",1.73
106625,2,4,6,102200,2024-06-20,NA,"Active",NA,"Employee","Regular",0.8,"Hybrid",1.72
107330,2,4,1,102806,2024-06-20,NA,"Active",NA,"Employee","Regular",1,"Hybrid",1.72
103721,2,4,2,107326,2024-07-09,NA,"Active",NA,"Employee","Regular",1,"Remote",1.67
100702,2,4,10,106657,2024-07-10,NA,"Active",NA,"Employee","Regular",1,"Onsite",1.67
101513,2,4,3,106180,2024-07-10,NA,"Active",NA,"Employee","Temporary",1,"Hybrid",1.67
102415,2,4,1,100982,2024-07-17,NA,"Active",NA,"Employee","Regular",1,"Hybrid",1.65
107765,2,4,11,100863,2024-07-18,NA,"Active",NA,"Employee","Regular",1,"Onsite",1.64
106649,2,4,5,106406,2024-07-20,NA,"Active",NA,"Employee","Regular",1,"Onsite",1.64
108947,2,4,3,100947,2024-07-22,NA,"Active",NA,"Employee","Regular",1,"Remote",1.63
109372,2,4,10,103265,2024-07-28,NA,"Active",NA,"Employee","Regular",1,"Hybrid",1.62
105845,2,4,10,102341,2024-07-31,NA,"Active",NA,"Employee","Regular",1,"Hybrid",1.61
109249,2,4,10,107393,2024-08-05,NA,"Active",NA,"Employee","Regular",1,"Hybrid",1.59
104397,2,4,11,104955,2024-08-06,NA,"Active",NA,"Employee","Regular",1,"Remote",1.59
104097,2,4,8,108691,2024-08-10,NA,"Active",NA,"Employee","Regular",1,"Hybrid",1.58
100694,2,4,3,102500,2024-08-14,NA,"Active",NA,"Employee","Regular",1,"Onsite",1.57
108549,2,4,2,107992,2024-08-17,NA,"Active",NA,"Employee","Regular",1,"Remote",1.56
104938,2,4,7,108452,2024-08-21,NA,"Active",NA,"Employee","Regular",1,"Hybrid",1.55
105795,2,4,5,103379,2024-09-13,NA,"Active",NA,"Contractor","Regular",1,"Onsite",1.49
104868,2,4,1,100588,2024-09-18,NA,"Active",NA,"Employee","Regular",1,"Hybrid",1.47
109108,2,4,12,104537,2024-09-18,2025-02-14,"Terminated","Involuntary","Employee","Regular",1,"Hybrid",0.41
106247,2,4,2,106111,2024-09-19,NA,"Active",NA,"Employee","Regular",1,"Onsite",1.47
109860,2,4,11,101138,2024-09-23,NA,"Active",NA,"Employee","Regular",1,"Hybrid",1.46
100867,2,4,3,103509,2024-09-28,NA,"Active",NA,"Employee","Temporary",1,"Onsite",1.45
105303,2,4,1,107973,2024-09-29,NA,"Active",NA,"Contractor","Regular",1,"Onsite",1.44
109154,2,4,6,103708,2024-09-29,NA,"Active",NA,"Employee","Regular",1,"Remote",1.44
102342,2,4,4,101135,2024-10-09,NA,"Active",NA,"Employee","Regular",1,"Hybrid",1.42
104699,2,4,3,108074,2024-10-09,2026-02-06,"Terminated","Voluntary","Employee","Regular",1,"Onsite",1.33
109333,2,4,8,101799,2024-10-12,NA,"Active",NA,"Contractor","Regular",1,"Remote",1.41
109640,2,4,12,105842,2024-10-12,NA,"Active",NA,"Contractor","Regular",1,"Onsite",1.41
104500,2,4,8,104521,2024-10-14,NA,"Active",NA,"Employee","Regular",1,"Onsite",1.4
104762,2,4,2,109479,2024-10-21,NA,"Active",NA,"Employee","Regular",1,"Onsite",1.38
108985,2,4,5,101406,2024-10-21,NA,"Active",NA,"Employee","Regular",1,"Onsite",1.38
109684,2,4,12,102278,2024-10-26,NA,"Active",NA,"Employee","Regular",1,"Onsite",1.37
101078,2,4,10,101951,2024-11-01,NA,"Active",NA,"Employee","Regular",1,"Onsite",1.35
104942,2,4,7,108728,2024-11-09,NA,"Active",NA,"Employee","Regular",1,"Onsite",1.33
108299,2,4,2,105218,2024-11-14,NA,"Active",NA,"Employee","Regular",1,"Hybrid",1.32
106810,2,4,11,106574,2024-11-17,NA,"Active",NA,"Employee","Regular",1,"Hybrid",1.31
102594,2,4,7,106889,2024-11-22,NA,"Active",NA,"Employee","Regular",1,"Hybrid",1.3
108068,2,4,6,102141,2024-11-22,NA,"Active",NA,"Employee","Regular",0.8,"Remote",1.3
104467,2,4,1,107271,2024-11-27,NA,"Active",NA,"Contractor","Regular",1,"Hybrid",1.28
102123,2,4,11,100837,2024-12-19,NA,"Active",NA,"Employee","Regular",1,"Onsite",1.22
103075,2,4,11,106281,2024-12-31,NA,"Active",NA,"Employee","Regular",1,"Onsite",1.19
101662,2,4,8,101764,2025-01-02,NA,"Active",NA,"Employee","Regular",1,"Remote",1.18
103349,2,4,3,103278,2025-01-02,NA,"Active",NA,"Employee","Regular",1,"Onsite",1.18
104977,2,4,6,104389,2025-01-03,NA,"Active",NA,"Employee","Regular",1,"Hybrid",1.18
109614,2,4,8,109217,2025-01-17,NA,"Active",NA,"Contractor","Regular",1,"Remote",1.14
109688,2,4,6,108609,2025-01-18,NA,"Active",NA,"Employee","Regular",1,"Hybrid",1.14
109872,2,4,5,100150,2025-01-20,NA,"Active",NA,"Employee","Regular",1,"Onsite",1.13
105068,2,4,7,105322,2025-01-24,NA,"Active",NA,"Employee","Regular",1,"Onsite",1.12
105968,2,4,4,103254,2025-01-25,NA,"Active",NA,"Employee","Regular",1,"Onsite",1.12
105114,2,4,2,100220,2025-02-08,NA,"Active",NA,"Employee","Regular",1,"Remote",1.08
103835,2,4,12,100762,2025-02-14,NA,"Active",NA,"Employee","Regular",1,"Onsite",1.07
102189,2,4,3,104144,2025-02-19,NA,"Active",NA,"Employee","Regular",1,"Onsite",1.05
100703,2,4,8,102987,2025-02-24,NA,"Active",NA,"Employee","Regular",1,"Hybrid",1.04
102272,2,4,12,104657,2025-02-24,NA,"Active",NA,"Employee","Regular",1,"Hybrid",1.04
104267,2,4,1,105081,2025-02-25,NA,"Active",NA,"Employee","Regular",1,"Onsite",1.04
105689,2,4,4,101135,2025-02-28,NA,"Active",NA,"Employee","Regular",1,"Onsite",1.03
101198,2,4,12,105241,2025-03-08,NA,"Active",NA,"Employee","Regular",1,"Remote",1.01
105949,2,4,3,108023,2025-03-09,NA,"Active",NA,"Employee","Regular",1,"Onsite",1
102295,2,4,4,105832,2025-03-24,NA,"Active",NA,"Employee","Regular",1,"Hybrid",0.96
104413,2,4,10,105322,2025-03-26,NA,"Active",NA,"Employee","Regular",1,"Remote",0.96
105061,2,4,1,102106,2025-03-30,NA,"Active",NA,"Employee","Regular",1,"Onsite",0.95
107000,2,4,4,109230,2025-03-30,NA,"Active",NA,"Employee","Regular",1,"Onsite",0.95
100958,2,4,12,103136,2025-04-04,NA,"Active",NA,"Employee","Regular",1,"Onsite",0.93
109714,2,4,3,103892,2025-04-15,NA,"Active",NA,"Employee","Temporary",1,"Onsite",0.9
102107,2,4,3,109907,2025-04-16,NA,"Active",NA,"Employee","Regular",1,"Onsite",0.9
101246,2,4,6,108449,2025-04-17,NA,"Active",NA,"Employee","Regular",1,"Remote",0.9
103139,2,4,9,107838,2025-04-20,NA,"Active",NA,"Employee","Regular",1,"Hybrid",0.89
107059,2,4,1,105886,2025-04-22,NA,"Active",NA,"Employee","Regular",1,"Onsite",0.88
100052,2,4,9,101710,2025-04-23,NA,"Active",NA,"Employee","Regular",1,"Hybrid",0.88
108323,2,4,3,101397,2025-05-09,NA,"Active",NA,"Employee","Regular",1,"Onsite",0.84
103165,2,4,7,100284,2025-05-11,NA,"Active",NA,"Employee","Regular",1,"Hybrid",0.83
100632,2,4,12,107379,2025-05-13,NA,"Active",NA,"Employee","Regular",1,"Onsite",0.82
102688,2,4,7,101814,2025-05-14,NA,"Active",NA,"Employee","Regular",1,"Hybrid",0.82
107767,2,4,7,105915,2025-05-15,NA,"Active",NA,"Employee","Regular",1,"Onsite",0.82
104973,2,4,5,109355,2025-05-16,NA,"Active",NA,"Employee","Regular",1,"Hybrid",0.82
102038,2,4,1,104374,2025-05-17,NA,"Active",NA,"Employee","Regular",1,"Onsite",0.81
108827,2,4,12,102913,2025-05-17,NA,"Active",NA,"Contractor","Regular",0.6,"Remote",0.81
106379,2,4,7,106913,2025-05-26,NA,"Active",NA,"Employee","Regular",1,"Onsite",0.79
101606,2,4,4,109898,2025-05-30,NA,"Active",NA,"Employee","Regular",1,"Hybrid",0.78
101721,2,4,7,101706,2025-05-31,NA,"Active",NA,"Employee","Regular",1,"Onsite",0.78
102051,2,4,5,103201,2025-06-02,NA,"Active",NA,"Employee","Regular",1,"Onsite",0.77
101285,2,4,3,100938,2025-06-05,NA,"Active",NA,"Employee","Regular",1,"Hybrid",0.76
107628,2,4,5,103628,2025-06-13,NA,"Active",NA,"Employee","Regular",1,"Onsite",0.74
105215,2,4,9,104334,2025-06-17,NA,"Active",NA,"Employee","Regular",1,"Hybrid",0.73
103422,2,4,6,104388,2025-06-20,NA,"Active",NA,"Employee","Regular",1,"Hybrid",0.72
106187,2,4,1,109587,2025-06-24,NA,"Active",NA,"Employee","Regular",1,"Onsite",0.71
107602,2,4,9,100295,2025-06-28,NA,"Active",NA,"Employee","Regular",1,"Onsite",0.7
100188,2,4,7,101367,2025-07-09,NA,"Active",NA,"Employee","Regular",0.6,"Remote",0.67
104224,2,4,6,101636,2025-07-11,NA,"Active",NA,"Employee","Regular",1,"Onsite",0.66
106069,2,4,1,105402,2025-07-12,NA,"Active",NA,"Employee","Regular",0.8,"Hybrid",0.66
107184,2,4,9,103628,2025-07-14,NA,"Active",NA,"Employee","Regular",1,"Onsite",0.65
104197,2,4,1,106829,2025-07-18,NA,"Active",NA,"Employee","Regular",1,"Onsite",0.64
108380,2,4,7,109176,2025-07-24,NA,"Active",NA,"Employee","Regular",1,"Remote",0.63
105753,2,4,6,103895,2025-08-01,NA,"Active",NA,"Employee","Regular",1,"Hybrid",0.61
100561,2,4,1,109259,2025-08-04,NA,"Active",NA,"Employee","Regular",1,"Onsite",0.6
100281,2,4,6,100257,2025-09-03,NA,"Active",NA,"Employee","Regular",1,"Remote",0.52
101204,2,4,3,105218,2025-09-03,NA,"Active",NA,"Employee","Temporary",1,"Hybrid",0.52
102157,2,4,2,100927,2025-09-03,NA,"Active",NA,"Contractor","Regular",1,"Hybrid",0.52
106994,2,4,10,100257,2025-09-08,NA,"Active",NA,"Employee","Regular",1,"Hybrid",0.5
108201,2,4,6,101327,2025-09-12,NA,"Active",NA,"Employee","Temporary",1,"Onsite",0.49
106644,2,4,1,108113,2025-09-13,NA,"Active",NA,"Employee","Regular",0.8,"Onsite",0.49
107922,2,4,3,107496,2025-09-29,NA,"Active",NA,"Employee","Regular",1,"Hybrid",0.44
104445,2,4,1,108471,2025-10-01,NA,"Active",NA,"Employee","Regular",0.8,"Hybrid",0.44
103626,2,4,10,105915,2025-10-10,NA,"Active",NA,"Employee","Regular",1,"Onsite",0.41
108568,2,4,7,104273,2025-10-20,NA,"Active",NA,"Employee","Regular",1,"Hybrid",0.39
102835,2,4,1,107748,2025-10-24,NA,"Active",NA,"Employee","Regular",1,"Remote",0.38
100760,2,4,7,109626,2025-10-25,NA,"Active",NA,"Employee","Regular",1,"Onsite",0.37
106626,2,4,4,101614,2025-10-25,NA,"Active",NA,"Employee","Regular",1,"Hybrid",0.37
101850,2,4,5,100378,2025-10-28,NA,"Active",NA,"Employee","Regular",0.6,"Hybrid",0.36
100164,2,4,6,105078,2025-11-02,NA,"Active",NA,"Employee","Regular",1,"Remote",0.35
101228,2,4,8,107869,2025-11-11,NA,"Active",NA,"Employee","Regular",1,"Onsite",0.33
106890,2,4,7,107535,2025-11-24,NA,"Active",NA,"Employee","Regular",1,"Remote",0.29
109863,2,4,3,109743,2025-11-24,NA,"Active",NA,"Employee","Regular",1,"Onsite",0.29
109836,2,4,7,109118,2025-11-29,NA,"Active",NA,"Contractor","Regular",0.6,"Hybrid",0.28
108770,2,4,2,108115,2025-12-01,NA,"Active",NA,"Employee","Temporary",1,"Hybrid",0.27
101488,2,4,1,100226,2025-12-04,NA,"Active",NA,"Employee","Regular",0.8,"Remote",0.26
108038,2,4,2,109239,2025-12-15,NA,"Active",NA,"Employee","Regular",1,"Hybrid",0.23
102734,2,4,7,104074,2025-12-23,NA,"Active",NA,"Employee","Regular",1,"Hybrid",0.21
109905,2,4,9,105973,2025-12-29,NA,"Active",NA,"Employee","Regular",0.8,"Hybrid",0.19
103725,2,4,9,106946,2026-01-08,NA,"Active",NA,"Employee","Regular",1,"Onsite",0.17
103453,2,4,4,101237,2026-01-10,NA,"Active",NA,"Employee","Regular",1,"Hybrid",0.16
105932,2,4,6,102274,2026-01-17,NA,"Active",NA,"Employee","Regular",1,"Hybrid",0.14
105609,2,4,9,105576,2026-01-18,NA,"Active",NA,"Employee","Regular",0.8,"Hybrid",0.14
100388,2,4,5,104043,2026-01-20,NA,"Active",NA,"Employee","Regular",1,"Remote",0.13
106183,2,4,10,102710,2026-02-01,NA,"Active",NA,"Employee","Temporary",1,"Hybrid",0.1
106520,2,4,6,105919,2026-02-01,NA,"Active",NA,"Employee","Regular",1,"Onsite",0.1
102326,4,13,6,109932,2013-01-13,NA,"Active",NA,"Employee","Temporary",1,"Hybrid",13.15
100665,4,13,3,104525,2013-02-03,NA,"Active",NA,"Employee","Regular",1,"Onsite",13.1
100417,4,13,1,107157,2013-02-06,NA,"Active",NA,"Contractor","Regular",0.8,"Remote",13.09
107698,4,13,7,102866,2013-03-01,2024-08-26,"Terminated","Voluntary","Employee","Regular",1,"Hybrid",11.49
105313,4,13,10,103152,2013-03-07,NA,"Active",NA,"Employee","Regular",1,"Onsite",13.01
108009,4,13,11,101352,2013-03-26,NA,"Active",NA,"Employee","Regular",1,"Onsite",12.96
100736,4,13,8,104158,2013-03-28,NA,"Active",NA,"Employee","Regular",1,"Onsite",12.95
109219,4,13,2,107449,2013-04-02,NA,"Active",NA,"Employee","Regular",0.8,"Onsite",12.94
109637,4,13,3,101413,2013-04-13,2024-03-26,"Terminated","Voluntary","Employee","Regular",1,"Hybrid",10.95
108432,4,13,12,102846,2013-05-15,NA,"Active",NA,"Employee","Regular",0.8,"Hybrid",12.82
100858,4,13,3,106855,2013-05-28,NA,"Active",NA,"Employee","Regular",1,"Onsite",12.78
100460,4,13,8,102134,2013-06-06,NA,"Active",NA,"Employee","Regular",1,"Remote",12.76
107407,4,13,9,101469,2013-06-08,2018-05-09,"Terminated","Voluntary","Employee","Regular",1,"Hybrid",4.92
101918,4,13,12,104985,2013-07-01,NA,"Active",NA,"Employee","Regular",1,"Hybrid",12.69
105754,4,13,11,103210,2013-07-10,NA,"Active",NA,"Employee","Regular",1,"Hybrid",12.67
108119,4,13,11,106500,2013-07-30,NA,"Active",NA,"Employee","Regular",1,"Onsite",12.61
104307,4,13,2,107267,2013-08-20,NA,"Active",NA,"Employee","Regular",1,"Hybrid",12.55
103072,4,13,3,104442,2013-09-09,NA,"Active",NA,"Employee","Regular",1,"Onsite",12.5
103878,4,13,3,104637,2013-09-11,NA,"Active",NA,"Employee","Regular",1,"Onsite",12.49
101038,4,13,11,107429,2013-09-16,2024-01-27,"Terminated","Involuntary","Employee","Regular",1,"Remote",10.36
102945,4,13,5,102554,2013-09-22,NA,"Active",NA,"Employee","Regular",1,"Hybrid",12.46
107503,4,13,4,107488,2013-09-24,2021-11-05,"Terminated","Voluntary","Employee","Regular",1,"Onsite",8.12
100134,4,13,1,101140,2013-10-02,NA,"Active",NA,"Employee","Regular",1,"Hybrid",12.44
104830,4,13,2,104563,2013-11-12,NA,"Active",NA,"Employee","Regular",1,"Hybrid",12.32
109732,4,13,12,105930,2013-11-17,NA,"Active",NA,"Employee","Regular",1,"Onsite",12.31
100602,4,13,4,104068,2013-12-16,NA,"Active",NA,"Employee","Regular",0.8,"Hybrid",12.23
108908,4,13,11,108083,2014-01-28,NA,"Active",NA,"Employee","Regular",0.8,"Onsite",12.11
102186,4,13,9,102138,2014-02-04,NA,"Active",NA,"Employee","Regular",0.6,"Onsite",12.09
108808,4,13,5,104478,2014-03-11,2025-01-09,"Terminated","Voluntary","Employee","Regular",1,"Onsite",10.83
105844,4,13,1,102836,2014-03-17,NA,"Active",NA,"Employee","Regular",1,"Onsite",11.98
103917,4,13,5,105445,2014-03-20,NA,"Active",NA,"Employee","Regular",1,"Onsite",11.97
100845,4,13,11,101476,2014-03-25,NA,"Active",NA,"Employee","Regular",1,"Remote",11.96
108858,4,13,8,101330,2014-04-02,NA,"Active",NA,"Employee","Regular",1,"Onsite",11.94
107441,4,13,9,106242,2014-05-02,NA,"Active",NA,"Contractor","Regular",1,"Hybrid",11.85
104492,4,13,9,104489,2014-06-13,NA,"Active",NA,"Employee","Temporary",1,"Onsite",11.74
102393,4,13,7,104019,2014-06-28,NA,"Active",NA,"Employee","Temporary",1,"Hybrid",11.7
102492,4,13,8,103774,2014-07-04,NA,"Active",NA,"Employee","Regular",1,"Onsite",11.68
105879,4,13,12,107364,2014-07-05,NA,"Active",NA,"Employee","Regular",1,"Hybrid",11.68
106490,4,13,6,109932,2014-07-22,2021-06-24,"Terminated","Involuntary","Employee","Regular",0.8,"Remote",6.92
109423,4,13,2,105507,2014-08-11,2021-09-29,"Terminated","Voluntary","Employee","Regular",1,"Onsite",7.13
103717,4,13,1,103650,2014-08-20,NA,"Active",NA,"Employee","Regular",1,"Remote",11.55
107027,4,13,10,105389,2014-08-25,NA,"Active",NA,"Employee","Regular",1,"Hybrid",11.54
109777,4,13,7,106592,2014-09-17,NA,"Active",NA,"Employee","Regular",1,"Remote",11.48
109135,4,13,5,107364,2014-11-21,NA,"Active",NA,"Employee","Regular",1,"Hybrid",11.3
103443,4,13,3,105086,2014-11-22,NA,"Active",NA,"Employee","Regular",1,"Onsite",11.3
103457,4,13,11,101310,2014-11-30,2022-03-16,"Terminated","Reduction in Force","Employee","Regular",1,"Onsite",7.29
109776,4,13,3,108320,2014-11-30,NA,"Active",NA,"Employee","Regular",1,"Hybrid",11.27
103983,4,13,5,102207,2015-01-04,NA,"Active",NA,"Employee","Regular",1,"Remote",11.18
106137,4,13,6,107220,2015-01-17,2024-08-11,"Terminated","Voluntary","Contractor","Regular",1,"Onsite",9.57
108557,4,13,4,105318,2015-01-21,NA,"Active",NA,"Employee","Regular",1,"Hybrid",11.13
105603,4,13,5,105909,2015-01-29,NA,"Active",NA,"Employee","Regular",1,"Remote",11.11
108885,4,13,12,109007,2015-02-13,NA,"Active",NA,"Employee","Regular",1,"Hybrid",11.07
109474,4,13,4,101102,2015-02-15,NA,"Active",NA,"Employee","Regular",1,"Hybrid",11.06
102867,4,13,2,107376,2015-02-16,NA,"Active",NA,"Employee","Regular",1,"Onsite",11.06
103470,4,13,2,108704,2015-02-26,NA,"Active",NA,"Employee","Regular",1,"Onsite",11.03
102681,4,13,11,107181,2015-03-02,NA,"Active",NA,"Contractor","Regular",1,"Hybrid",11.02
106868,4,13,2,101149,2015-03-18,NA,"Active",NA,"Employee","Regular",1,"Onsite",10.98
109979,4,13,4,104086,2015-03-23,NA,"Active",NA,"Employee","Regular",1,"Onsite",10.96
109560,4,13,6,109932,2015-04-11,NA,"Active",NA,"Employee","Temporary",1,"Hybrid",10.91
106728,4,13,8,102536,2015-05-05,NA,"Active",NA,"Employee","Regular",1,"Hybrid",10.85
104551,4,13,2,101948,2015-05-07,2023-05-09,"Terminated","Involuntary","Employee","Regular",1,"Onsite",8.01
102334,4,13,6,101102,2015-06-12,NA,"Active",NA,"Contractor","Temporary",1,"Remote",10.74
103435,4,13,1,103885,2015-06-30,NA,"Active",NA,"Employee","Temporary",1,"Onsite",10.69
109125,4,13,11,101948,2015-07-28,NA,"Active",NA,"Employee","Regular",0.8,"Onsite",10.62
103814,4,13,1,102218,2015-07-29,NA,"Active",NA,"Employee","Regular",1,"Onsite",10.61
101408,4,13,2,102564,2015-09-06,NA,"Active",NA,"Employee","Temporary",1,"Remote",10.51
101841,4,13,9,105326,2015-09-09,NA,"Active",NA,"Employee","Regular",1,"Hybrid",10.5
100831,4,13,4,100020,2015-10-13,NA,"Active",NA,"Employee","Regular",1,"Hybrid",10.41
100275,4,13,6,104781,2015-10-18,NA,"Active",NA,"Employee","Regular",1,"Hybrid",10.39
108807,4,13,5,104048,2015-10-20,NA,"Active",NA,"Employee","Temporary",1,"Hybrid",10.39
105714,4,13,2,105042,2015-11-09,NA,"Active",NA,"Employee","Regular",1,"Onsite",10.33
109653,4,13,1,103135,2015-11-16,NA,"Active",NA,"Employee","Regular",0.8,"Hybrid",10.31
102414,4,13,4,108441,2015-11-18,NA,"Active",NA,"Employee","Regular",1,"Onsite",10.31
105184,4,13,3,103817,2015-12-11,NA,"Active",NA,"Employee","Regular",1,"Hybrid",10.24
104406,4,13,6,108481,2015-12-19,NA,"Active",NA,"Employee","Regular",1,"Onsite",10.22
109810,4,13,10,109616,2016-01-13,NA,"Active",NA,"Employee","Regular",1,"Onsite",10.15
103535,4,13,3,103450,2016-01-23,2022-02-02,"Terminated","Reduction in Force","Employee","Regular",1,"Hybrid",6.03
102259,4,13,10,104408,2016-01-24,NA,"Active",NA,"Employee","Regular",1,"Remote",10.12
102354,4,13,3,109490,2016-01-30,NA,"Active",NA,"Employee","Regular",1,"Onsite",10.11
100625,4,13,8,101948,2016-02-13,NA,"Active",NA,"Employee","Regular",1,"Hybrid",10.07
104149,4,13,12,102040,2016-02-16,NA,"Active",NA,"Employee","Regular",1,"Onsite",10.06
102869,4,13,4,103559,2016-03-04,NA,"Active",NA,"Employee","Temporary",1,"Hybrid",10.02
105812,4,13,9,104086,2016-03-05,NA,"Active",NA,"Employee","Regular",1,"Onsite",10.01
102898,4,13,10,107181,2016-04-08,NA,"Active",NA,"Employee","Regular",1,"Hybrid",9.92
105173,4,13,1,106250,2016-04-18,NA,"Active",NA,"Employee","Regular",1,"Remote",9.89
106498,4,13,3,101330,2016-05-07,NA,"Active",NA,"Employee","Regular",1,"Onsite",9.84
107353,4,13,1,107081,2016-05-10,NA,"Active",NA,"Employee","Regular",1,"Remote",9.83
103915,4,13,3,102134,2016-05-25,NA,"Active",NA,"Employee","Regular",1,"Remote",9.79
100567,4,13,2,106693,2016-06-09,NA,"Active",NA,"Employee","Regular",1,"Onsite",9.75
106440,4,13,10,109332,2016-06-15,NA,"Active",NA,"Employee","Regular",1,"Onsite",9.73
107573,4,13,2,106775,2016-07-04,NA,"Active",NA,"Employee","Regular",1,"Hybrid",9.68
100085,4,13,3,107369,2016-07-18,NA,"Active",NA,"Employee","Regular",1,"Remote",9.64
104692,4,13,5,101549,2016-09-08,NA,"Active",NA,"Employee","Regular",1,"Hybrid",9.5
101980,4,13,4,102764,2016-09-19,NA,"Active",NA,"Employee","Regular",0.8,"Onsite",9.47
102000,4,13,9,106690,2016-09-20,2026-02-27,"Terminated","Voluntary","Employee","Regular",1,"Hybrid",9.44
102113,4,13,10,105629,2016-09-21,NA,"Active",NA,"Employee","Regular",1,"Remote",9.47
104330,4,13,7,105738,2016-09-23,2023-08-27,"Terminated","Voluntary","Employee","Regular",1,"Remote",6.93
107400,4,13,7,103450,2016-10-15,NA,"Active",NA,"Employee","Regular",1,"Hybrid",9.4
102152,4,13,11,101523,2016-10-17,NA,"Active",NA,"Employee","Regular",1,"Hybrid",9.39
103035,4,13,9,101549,2016-10-21,2024-10-25,"Terminated","Voluntary","Contractor","Regular",1,"Hybrid",8.01
101508,4,13,2,100463,2016-11-03,NA,"Active",NA,"Employee","Regular",0.8,"Hybrid",9.35
101928,4,13,5,105086,2016-11-23,NA,"Active",NA,"Employee","Regular",1,"Remote",9.29
105421,4,13,2,104478,2016-12-01,2023-02-09,"Terminated","Voluntary","Employee","Regular",1,"Remote",6.19
102137,4,13,5,109056,2016-12-05,NA,"Active",NA,"Employee","Regular",1,"Onsite",9.26
107550,4,13,11,103098,2016-12-06,NA,"Active",NA,"Employee","Regular",1,"Hybrid",9.26
102358,4,13,2,107947,2017-01-05,NA,"Active",NA,"Employee","Regular",1,"Onsite",9.18
107752,4,13,10,109868,2017-02-26,NA,"Active",NA,"Employee","Regular",1,"Onsite",9.03
106899,4,13,9,104211,2017-03-26,NA,"Active",NA,"Employee","Regular",1,"Onsite",8.96
107416,4,13,12,106128,2017-03-31,NA,"Active",NA,"Employee","Regular",1,"Onsite",8.94
106840,4,13,10,104715,2017-04-01,NA,"Active",NA,"Contractor","Regular",1,"Onsite",8.94
102391,4,13,4,104858,2017-04-03,NA,"Active",NA,"Employee","Regular",1,"Onsite",8.93
100814,4,13,3,104650,2017-04-04,2023-10-31,"Terminated","Voluntary","Employee","Regular",1,"Hybrid",6.57
105726,4,13,12,109367,2017-04-26,NA,"Active",NA,"Employee","Regular",1,"Onsite",8.87
104459,4,13,3,104442,2017-05-10,NA,"Active",NA,"Employee","Regular",1,"Onsite",8.83
105443,4,13,11,101433,2017-05-20,NA,"Active",NA,"Employee","Regular",1,"Onsite",8.81
107475,4,13,12,101962,2017-06-03,NA,"Active",NA,"Employee","Regular",1,"Hybrid",8.77
109242,4,13,12,103559,2017-06-06,NA,"Active",NA,"Employee","Regular",1,"Hybrid",8.76
105534,4,13,9,108481,2017-06-12,NA,"Active",NA,"Employee","Regular",1,"Hybrid",8.74
101567,4,13,12,104664,2017-06-27,NA,"Active",NA,"Employee","Regular",1,"Onsite",8.7
100400,4,13,11,104068,2017-07-01,NA,"Active",NA,"Employee","Regular",0.8,"Onsite",8.69
100682,4,13,6,100420,2017-07-07,2025-05-13,"Terminated","Voluntary","Employee","Regular",1,"Hybrid",7.85
108652,4,13,2,105629,2017-07-07,NA,"Active",NA,"Employee","Regular",1,"Onsite",8.67
100470,4,13,2,103929,2017-07-21,NA,"Active",NA,"Employee","Regular",1,"Remote",8.64
104804,4,13,10,107424,2017-07-26,NA,"Active",NA,"Employee","Regular",1,"Onsite",8.62
105804,4,13,9,107639,2017-08-03,NA,"Active",NA,"Employee","Regular",1,"Onsite",8.6
101110,4,13,6,104799,2017-08-31,NA,"Active",NA,"Employee","Regular",1,"Hybrid",8.52
102364,4,13,9,108757,2017-11-12,NA,"Active",NA,"Contractor","Regular",1,"Remote",8.32
107086,4,13,6,105357,2017-11-13,NA,"Active",NA,"Employee","Regular",0.8,"Hybrid",8.32
109417,4,13,12,106073,2017-11-14,NA,"Active",NA,"Employee","Regular",1,"Hybrid",8.32
101350,4,13,1,108375,2017-11-17,NA,"Active",NA,"Employee","Regular",1,"Hybrid",8.31
105271,4,13,10,109367,2017-11-19,NA,"Active",NA,"Employee","Regular",1,"Onsite",8.3
102646,4,13,6,102435,2017-11-26,NA,"Active",NA,"Employee","Regular",0.6,"Hybrid",8.28
108291,4,13,3,104478,2017-12-05,2024-07-30,"Terminated","Voluntary","Employee","Regular",0.6,"Onsite",6.65
109204,4,13,1,102836,2017-12-09,NA,"Active",NA,"Employee","Regular",1,"Onsite",8.25
107966,4,13,4,106189,2017-12-17,NA,"Active",NA,"Employee","Regular",1,"Hybrid",8.23
102948,4,13,8,106371,2018-01-14,NA,"Active",NA,"Employee","Regular",1,"Remote",8.15
103472,4,13,12,102050,2018-01-22,NA,"Active",NA,"Employee","Regular",1,"Hybrid",8.13
107035,4,13,2,107683,2018-01-30,NA,"Active",NA,"Employee","Regular",1,"Remote",8.11
101912,4,13,4,102218,2018-03-01,NA,"Active",NA,"Employee","Regular",1,"Hybrid",8.02
105996,4,13,10,101722,2018-03-12,NA,"Active",NA,"Employee","Regular",1,"Onsite",7.99
106530,4,13,5,105803,2018-04-01,NA,"Active",NA,"Employee","Regular",1,"Remote",7.94
105275,4,13,3,106128,2018-04-15,2024-05-02,"Terminated","Voluntary","Employee","Regular",1,"Hybrid",6.05
109524,4,13,10,103817,2018-05-19,NA,"Active",NA,"Employee","Temporary",1,"Hybrid",7.81
108813,4,13,12,106181,2018-05-22,NA,"Active",NA,"Employee","Regular",1,"Onsite",7.8
105646,4,13,8,107191,2018-06-06,NA,"Active",NA,"Employee","Regular",1,"Hybrid",7.76
102139,4,13,3,103884,2018-07-04,NA,"Active",NA,"Employee","Regular",0.8,"Hybrid",7.68
101827,4,13,1,106346,2018-07-08,NA,"Active",NA,"Employee","Regular",1,"Remote",7.67
107083,4,13,4,102207,2018-07-30,NA,"Active",NA,"Employee","Regular",1,"Remote",7.61
107492,4,13,11,108001,2018-07-31,NA,"Active",NA,"Employee","Regular",1,"Remote",7.61
102697,4,13,9,106727,2018-08-01,NA,"Active",NA,"Employee","Regular",1,"Hybrid",7.61
101763,4,13,10,105258,2018-09-22,NA,"Active",NA,"Employee","Regular",1,"Remote",7.46
108076,4,13,1,107639,2018-10-02,NA,"Active",NA,"Employee","Regular",1,"Remote",7.44
107204,4,13,3,105389,2018-10-11,NA,"Active",NA,"Employee","Regular",1,"Remote",7.41
102586,4,13,10,105445,2018-11-02,NA,"Active",NA,"Employee","Regular",1,"Hybrid",7.35
102905,4,13,3,107813,2018-11-10,NA,"Active",NA,"Employee","Regular",0.8,"Onsite",7.33
109722,4,13,9,105258,2018-11-25,2024-10-23,"Terminated","Involuntary","Employee","Regular",1,"Remote",5.91
103662,4,13,5,105930,2018-12-08,2025-09-27,"Terminated","Voluntary","Employee","Regular",1,"Hybrid",6.8
106201,4,13,9,108940,2018-12-15,NA,"Active",NA,"Employee","Regular",1,"Remote",7.23
108726,4,13,6,107041,2018-12-19,NA,"Active",NA,"Employee","Regular",1,"Onsite",7.22
108392,4,13,1,101523,2019-01-01,NA,"Active",NA,"Employee","Regular",1,"Onsite",7.19
107057,4,13,6,107069,2019-01-03,NA,"Active",NA,"Employee","Regular",1,"Remote",7.18
105548,4,13,1,108721,2019-02-22,NA,"Active",NA,"Employee","Regular",0.8,"Onsite",7.04
106505,4,13,9,107069,2019-03-09,2020-04-16,"Terminated","Involuntary","Employee","Regular",1,"Remote",1.1
102672,4,13,10,109868,2019-03-27,NA,"Active",NA,"Employee","Regular",1,"Remote",6.95
106864,4,13,3,107272,2019-04-10,NA,"Active",NA,"Employee","Regular",0.8,"Onsite",6.92
100685,4,13,4,104133,2019-04-12,NA,"Active",NA,"Employee","Regular",1,"Hybrid",6.91
105841,4,13,2,104525,2019-05-07,NA,"Active",NA,"Employee","Regular",1,"Onsite",6.84
108473,4,13,12,100549,2019-05-10,NA,"Active",NA,"Employee","Regular",0.8,"Remote",6.83
108559,4,13,5,104211,2019-05-15,NA,"Active",NA,"Employee","Regular",1,"Hybrid",6.82
107180,4,13,4,101267,2019-05-30,NA,"Active",NA,"Contractor","Regular",1,"Remote",6.78
107610,4,13,6,104563,2019-06-03,NA,"Active",NA,"Employee","Regular",1,"Hybrid",6.77
103458,4,13,8,103318,2019-06-16,NA,"Active",NA,"Employee","Regular",1,"Hybrid",6.73
106969,4,13,2,100586,2019-06-22,NA,"Active",NA,"Employee","Regular",0.8,"Remote",6.72
107186,4,13,5,109419,2019-06-24,2026-02-23,"Terminated","Involuntary","Contractor","Temporary",1,"Hybrid",6.67
100116,4,13,10,102239,2019-06-29,2023-06-25,"Terminated","Voluntary","Employee","Temporary",1,"Hybrid",3.99
105708,4,13,6,105780,2019-07-08,2025-12-20,"Terminated","Voluntary","Employee","Regular",0.8,"Hybrid",6.45
105750,4,13,12,106019,2019-07-13,NA,"Active",NA,"Employee","Regular",0.8,"Onsite",6.66
105582,4,13,6,101352,2019-07-18,NA,"Active",NA,"Employee","Regular",1,"Onsite",6.64
101202,4,13,9,105780,2019-07-21,NA,"Active",NA,"Employee","Regular",1,"Onsite",6.64
102289,4,13,6,104715,2019-08-31,NA,"Active",NA,"Employee","Regular",1,"Onsite",6.52
107709,4,13,10,105406,2019-09-07,NA,"Active",NA,"Employee","Regular",1,"Hybrid",6.5
104292,4,13,6,104202,2019-10-06,2021-04-30,"Terminated","Voluntary","Employee","Regular",0.8,"Onsite",1.56
105416,4,13,1,108330,2019-10-11,NA,"Active",NA,"Employee","Regular",0.8,"Onsite",6.41
103216,4,13,6,104637,2019-10-14,NA,"Active",NA,"Employee","Regular",1,"Onsite",6.4
103609,4,13,3,101421,2019-11-05,NA,"Active",NA,"Employee","Regular",1,"Hybrid",6.34
107952,4,13,9,109648,2019-12-14,2025-06-09,"Terminated","Voluntary","Employee","Regular",0.8,"Onsite",5.48
100331,4,13,2,108848,2019-12-25,NA,"Active",NA,"Contractor","Regular",1,"Onsite",6.21
102768,4,13,12,103823,2019-12-25,NA,"Active",NA,"Employee","Regular",1,"Onsite",6.21
106752,4,13,11,104645,2019-12-25,NA,"Active",NA,"Employee","Regular",1,"Onsite",6.21
103380,4,13,5,108814,2020-01-19,NA,"Active",NA,"Employee","Regular",1,"Onsite",6.14
109105,4,13,11,109698,2020-01-23,NA,"Active",NA,"Employee","Temporary",1,"Hybrid",6.13
100699,4,13,8,109306,2020-01-30,2024-12-27,"Terminated","Reduction in Force","Employee","Regular",1,"Onsite",4.91
101901,4,13,6,106128,2020-01-31,2025-11-11,"Terminated","Voluntary","Employee","Regular",1,"Onsite",5.78
108541,4,13,10,103338,2020-02-09,NA,"Active",NA,"Employee","Temporary",1,"Onsite",6.08
103891,4,13,2,103429,2020-02-12,NA,"Active",NA,"Employee","Regular",1,"Hybrid",6.07
105583,4,13,10,105615,2020-02-26,NA,"Active",NA,"Employee","Regular",1,"Onsite",6.03
109632,4,13,3,103344,2020-02-27,NA,"Active",NA,"Employee","Regular",1,"Hybrid",6.03
108761,4,13,3,101833,2020-03-05,NA,"Active",NA,"Employee","Regular",1,"Remote",6.01
103502,4,13,12,107181,2020-03-20,NA,"Active",NA,"Employee","Regular",1,"Remote",5.97
106724,4,13,11,108994,2020-03-28,NA,"Active",NA,"Employee","Regular",1,"Remote",5.95
101566,4,13,11,106446,2020-04-01,NA,"Active",NA,"Employee","Regular",0.8,"Hybrid",5.94
103816,4,13,2,100981,2020-04-05,NA,"Active",NA,"Employee","Regular",1,"Onsite",5.93
109967,4,13,9,103734,2020-04-05,NA,"Active",NA,"Employee","Regular",1,"Remote",5.93
103342,4,13,3,109556,2020-04-12,NA,"Active",NA,"Employee","Regular",1,"Hybrid",5.91
101343,4,13,4,103483,2020-04-16,NA,"Active",NA,"Employee","Regular",0.8,"Hybrid",5.9
104295,4,13,7,103716,2020-04-30,NA,"Active",NA,"Employee","Regular",1,"Hybrid",5.86
107552,4,13,9,101476,2020-05-01,NA,"Active",NA,"Employee","Regular",0.8,"Hybrid",5.86
109503,4,13,4,107701,2020-05-01,NA,"Active",NA,"Contractor","Regular",1,"Hybrid",5.86
103016,4,13,12,109281,2020-05-31,NA,"Active",NA,"Employee","Regular",0.8,"Remote",5.78
104170,4,13,12,106073,2020-06-04,NA,"Active",NA,"Employee","Regular",1,"Hybrid",5.76
105064,4,13,11,105913,2020-06-29,NA,"Active",NA,"Employee","Regular",1,"Hybrid",5.7
103232,4,13,1,104725,2020-07-02,NA,"Active",NA,"Contractor","Regular",1,"Remote",5.69
103471,4,13,6,103344,2020-07-06,NA,"Active",NA,"Employee","Regular",1,"Hybrid",5.68
105945,4,13,8,102711,2020-07-07,NA,"Active",NA,"Employee","Regular",1,"Onsite",5.67
100916,4,13,9,107527,2020-07-09,NA,"Active",NA,"Employee","Regular",1,"Onsite",5.67
109288,4,13,6,103857,2020-07-16,NA,"Active",NA,"Employee","Regular",1,"Hybrid",5.65
102546,4,13,9,101413,2020-07-17,NA,"Active",NA,"Employee","Regular",1,"Onsite",5.65
102975,4,13,1,109868,2020-07-26,NA,"Active",NA,"Employee","Regular",1,"Remote",5.62
103383,4,13,6,102352,2020-08-02,NA,"Active",NA,"Employee","Regular",0.8,"Hybrid",5.6
105047,4,13,12,105350,2020-10-01,NA,"Active",NA,"Employee","Regular",1,"Onsite",5.44
105674,4,13,10,100463,2020-10-09,NA,"Active",NA,"Employee","Temporary",1,"Remote",5.42
108646,4,13,4,104202,2020-10-31,NA,"Active",NA,"Employee","Regular",1,"Onsite",5.36
100436,4,13,11,108903,2020-11-23,NA,"Active",NA,"Employee","Regular",1,"Hybrid",5.29
107509,4,13,10,100439,2020-11-24,NA,"Active",NA,"Employee","Regular",1,"Hybrid",5.29
108123,4,13,6,109500,2020-11-28,NA,"Active",NA,"Employee","Regular",1,"Hybrid",5.28
103812,4,13,7,105042,2020-11-30,NA,"Active",NA,"Employee","Regular",1,"Onsite",5.27
105732,4,13,6,108145,2020-12-13,NA,"Active",NA,"Employee","Regular",1,"Remote",5.24
102188,4,13,1,101310,2020-12-15,NA,"Active",NA,"Employee","Regular",1,"Hybrid",5.23
100806,4,13,7,107580,2021-01-25,NA,"Active",NA,"Contractor","Regular",1,"Onsite",5.12
100014,4,13,12,101907,2021-02-24,NA,"Active",NA,"Employee","Regular",1,"Hybrid",5.04
106691,4,13,6,101101,2021-03-06,NA,"Active",NA,"Employee","Temporary",1,"Onsite",5.01
102381,4,13,5,108414,2021-03-09,2025-02-20,"Terminated","Voluntary","Employee","Temporary",1,"Hybrid",3.95
107505,4,13,4,108598,2021-05-20,NA,"Active",NA,"Employee","Regular",1,"Hybrid",4.81
105820,4,13,12,106627,2021-05-29,NA,"Active",NA,"Employee","Regular",1,"Hybrid",4.78
106358,4,13,6,106714,2021-06-21,2024-04-22,"Terminated","Voluntary","Employee","Regular",1,"Onsite",2.84
103623,4,13,2,109429,2021-07-06,NA,"Active",NA,"Contractor","Temporary",1,"Hybrid",4.68
100041,4,13,3,109832,2021-08-02,NA,"Active",NA,"Employee","Regular",1,"Hybrid",4.6
104841,4,13,3,104993,2021-08-19,NA,"Active",NA,"Employee","Temporary",1,"Onsite",4.56
107403,4,13,5,104742,2021-08-20,NA,"Active",NA,"Employee","Regular",1,"Hybrid",4.55
102937,4,13,7,103885,2021-11-06,NA,"Active",NA,"Employee","Regular",0.6,"Remote",4.34
101396,4,13,8,100638,2021-11-28,NA,"Active",NA,"Employee","Regular",1,"Onsite",4.28
105933,4,13,10,101729,2021-12-04,NA,"Active",NA,"Employee","Regular",1,"Hybrid",4.26
108071,4,13,1,108857,2021-12-18,NA,"Active",NA,"Employee","Regular",1,"Onsite",4.22
102668,4,13,1,108565,2022-01-19,2025-06-13,"Terminated","Voluntary","Employee","Regular",1,"Onsite",3.4
102974,4,13,3,102660,2022-01-24,NA,"Active",NA,"Employee","Regular",1,"Hybrid",4.12
105000,4,13,2,105629,2022-02-21,NA,"Active",NA,"Employee","Regular",1,"Hybrid",4.05
102677,4,13,7,108754,2022-03-02,NA,"Active",NA,"Employee","Regular",1,"Hybrid",4.02
100312,4,13,4,100725,2022-03-08,NA,"Active",NA,"Employee","Regular",1,"Hybrid",4.01
105837,4,13,7,106727,2022-03-16,NA,"Active",NA,"Employee","Regular",0.8,"Hybrid",3.98
108019,4,13,9,103734,2022-03-16,NA,"Active",NA,"Employee","Regular",0.8,"Hybrid",3.98
102749,4,13,6,107648,2022-03-23,NA,"Active",NA,"Employee","Regular",1,"Remote",3.96
108242,4,13,1,107081,2022-04-27,NA,"Active",NA,"Employee","Regular",0.6,"Remote",3.87
105456,4,13,8,108973,2022-05-05,NA,"Active",NA,"Employee","Regular",1,"Onsite",3.85
109886,4,13,1,104664,2022-05-16,2026-02-04,"Terminated","Involuntary","Employee","Regular",1,"Onsite",3.72
109704,4,13,1,107181,2022-05-31,NA,"Active",NA,"Employee","Regular",0.8,"Hybrid",3.78
108096,4,13,8,106250,2022-07-16,2025-05-24,"Terminated","Voluntary","Employee","Regular",1,"Hybrid",2.85
100996,4,13,6,100756,2022-07-27,2025-10-07,"Terminated","Voluntary","Employee","Regular",1,"Hybrid",3.2
101854,4,13,9,104497,2022-07-31,NA,"Active",NA,"Employee","Regular",1,"Onsite",3.61
108191,4,13,5,102846,2022-08-02,NA,"Active",NA,"Employee","Regular",1,"Remote",3.6
102588,4,13,9,100709,2022-08-03,NA,"Active",NA,"Employee","Regular",0.8,"Onsite",3.6
101671,4,13,2,105318,2022-08-16,2025-03-27,"Terminated","Voluntary","Employee","Regular",1,"Remote",2.61
107107,4,13,1,107508,2022-08-20,NA,"Active",NA,"Employee","Temporary",0.8,"Remote",3.55
107168,4,13,6,106893,2022-09-03,2025-11-23,"Terminated","Involuntary","Employee","Regular",0.8,"Hybrid",3.22
107011,4,13,3,109007,2022-09-04,NA,"Active",NA,"Employee","Regular",1,"Onsite",3.51
106257,4,13,5,101526,2022-09-10,NA,"Active",NA,"Contractor","Regular",1,"Onsite",3.5
104232,4,13,10,108320,2022-09-16,NA,"Active",NA,"Employee","Regular",1,"Remote",3.48
103741,4,13,12,108704,2022-09-19,NA,"Active",NA,"Employee","Regular",1,"Onsite",3.47
103809,4,13,4,107572,2022-09-23,NA,"Active",NA,"Contractor","Regular",1,"Hybrid",3.46
109293,4,13,4,105803,2022-10-19,NA,"Active",NA,"Employee","Regular",1,"Remote",3.39
108585,4,13,7,107095,2022-10-28,NA,"Active",NA,"Employee","Regular",1,"Remote",3.36
103207,4,13,11,107429,2022-11-02,NA,"Active",NA,"Employee","Temporary",1,"Remote",3.35
103144,4,13,12,102007,2022-11-10,NA,"Active",NA,"Employee","Regular",1,"Remote",3.33
106496,4,13,11,109868,2022-11-22,NA,"Active",NA,"Employee","Regular",0.6,"Onsite",3.3
108313,4,13,4,108704,2022-11-28,NA,"Active",NA,"Employee","Regular",1,"Onsite",3.28
107205,4,13,5,102836,2022-12-08,2025-01-19,"Terminated","Involuntary","Contractor","Regular",1,"Onsite",2.12
101705,4,13,12,100709,2023-02-01,2026-02-12,"Terminated","Reduction in Force","Employee","Temporary",1,"Hybrid",3.03
102293,4,13,8,107454,2023-02-07,2025-09-21,"Terminated","Voluntary","Employee","Regular",1,"Hybrid",2.62
102371,4,13,8,104329,2023-02-11,NA,"Active",NA,"Employee","Regular",1,"Onsite",3.07
106161,4,13,7,108361,2023-03-04,NA,"Active",NA,"Employee","Regular",1,"Hybrid",3.02
101872,4,13,4,103559,2023-03-15,NA,"Active",NA,"Employee","Regular",1,"Onsite",2.99
102550,4,13,9,106177,2023-03-28,NA,"Active",NA,"Employee","Regular",1,"Hybrid",2.95
101563,4,13,2,103650,2023-04-08,NA,"Active",NA,"Employee","Regular",1,"Onsite",2.92
104854,4,13,11,104685,2023-04-19,NA,"Active",NA,"Contractor","Regular",0.8,"Hybrid",2.89
108779,4,13,5,104800,2023-04-26,NA,"Active",NA,"Employee","Regular",1,"Hybrid",2.87
103161,4,13,10,107081,2023-06-06,NA,"Active",NA,"Employee","Regular",1,"Hybrid",2.76
107758,4,13,6,103017,2023-06-10,NA,"Active",NA,"Employee","Regular",1,"Remote",2.75
105878,4,13,4,104858,2023-07-13,NA,"Active",NA,"Employee","Temporary",1,"Hybrid",2.66
105191,4,13,10,100981,2023-07-26,NA,"Active",NA,"Employee","Regular",1,"Hybrid",2.62
104054,4,13,6,102634,2023-08-17,NA,"Active",NA,"Employee","Regular",1,"Hybrid",2.56
101976,4,13,9,104497,2023-09-11,NA,"Active",NA,"Employee","Regular",0.8,"Hybrid",2.49
102081,4,13,10,107181,2023-09-17,NA,"Active",NA,"Employee","Regular",1,"Onsite",2.48
104429,4,13,3,102134,2023-09-23,NA,"Active",NA,"Employee","Regular",1,"Onsite",2.46
107005,4,13,3,107705,2023-09-29,NA,"Active",NA,"Employee","Regular",1,"Onsite",2.44
104151,4,13,1,109807,2023-10-28,NA,"Active",NA,"Employee","Regular",1,"Onsite",2.36
108710,4,13,9,105058,2023-11-12,NA,"Active",NA,"Employee","Regular",1,"Onsite",2.32
104439,4,13,1,109693,2023-11-25,NA,"Active",NA,"Employee","Regular",1,"Remote",2.29
103576,4,13,12,102296,2023-12-11,NA,"Active",NA,"Employee","Regular",1,"Hybrid",2.24
101079,4,13,10,108505,2023-12-16,NA,"Active",NA,"Employee","Regular",1,"Remote",2.23
102547,4,13,8,107081,2023-12-19,NA,"Active",NA,"Employee","Regular",1,"Onsite",2.22
101560,4,13,12,100382,2024-01-05,2026-01-16,"Terminated","Voluntary","Employee","Regular",1,"Onsite",2.03
100669,4,13,3,103429,2024-01-14,NA,"Active",NA,"Employee","Regular",1,"Hybrid",2.15
104159,4,13,8,106034,2024-01-20,NA,"Active",NA,"Employee","Regular",1,"Hybrid",2.13
103482,4,13,9,106788,2024-01-29,NA,"Active",NA,"Employee","Temporary",1,"Hybrid",2.11
105778,4,13,6,108145,2024-02-23,NA,"Active",NA,"Employee","Regular",1,"Onsite",2.04
107154,4,13,1,105507,2024-02-26,NA,"Active",NA,"Employee","Regular",1,"Onsite",2.03
100548,4,13,7,101421,2024-02-27,NA,"Active",NA,"Employee","Regular",1,"Onsite",2.03
103314,4,13,6,105350,2024-02-29,NA,"Active",NA,"Employee","Regular",1,"Remote",2.02
103765,4,13,1,107903,2024-02-29,NA,"Active",NA,"Employee","Regular",1,"Hybrid",2.02
102781,4,13,8,108326,2024-03-26,NA,"Active",NA,"Employee","Regular",1,"Onsite",1.96
102114,4,13,10,102134,2024-04-19,NA,"Active",NA,"Employee","Regular",1,"Onsite",1.89
104143,4,13,3,100564,2024-05-07,NA,"Active",NA,"Employee","Regular",1,"Hybrid",1.84
105721,4,13,1,108228,2024-05-13,NA,"Active",NA,"Contractor","Regular",1,"Onsite",1.82
107620,4,13,10,105803,2024-05-17,2025-11-25,"Terminated","Reduction in Force","Employee","Regular",1,"Hybrid",1.53
108956,4,13,4,101476,2024-05-24,NA,"Active",NA,"Employee","Regular",1,"Onsite",1.79
102304,4,13,5,102484,2024-05-28,NA,"Active",NA,"Employee","Regular",1,"Hybrid",1.78
102043,4,13,4,103865,2024-06-10,NA,"Active",NA,"Employee","Regular",1,"Hybrid",1.75
100530,4,13,3,107454,2024-06-15,NA,"Active",NA,"Employee","Regular",1,"Hybrid",1.73
103868,4,13,8,105433,2024-06-16,NA,"Active",NA,"Employee","Temporary",1,"Onsite",1.73
103004,4,13,8,109609,2024-06-18,NA,"Active",NA,"Employee","Regular",0.6,"Onsite",1.73
105435,4,13,11,101182,2024-07-12,NA,"Active",NA,"Employee","Regular",1,"Onsite",1.66
104949,4,13,3,103885,2024-07-24,NA,"Active",NA,"Employee","Regular",0.6,"Onsite",1.63
101305,4,13,8,108991,2024-07-26,NA,"Active",NA,"Employee","Regular",1,"Hybrid",1.62
109433,4,13,1,106202,2024-08-04,NA,"Active",NA,"Employee","Regular",1,"Hybrid",1.6
105756,4,13,4,103098,2024-08-10,NA,"Active",NA,"Employee","Regular",1,"Remote",1.58
106460,4,13,3,108848,2024-08-13,NA,"Active",NA,"Employee","Regular",1,"Onsite",1.57
103971,4,13,3,102050,2024-08-15,NA,"Active",NA,"Employee","Regular",1,"Remote",1.57
101748,4,13,7,100463,2024-08-16,NA,"Active",NA,"Employee","Regular",1,"Remote",1.56
104123,4,13,2,108887,2024-08-19,NA,"Active",NA,"Employee","Regular",1,"Remote",1.56
104755,4,13,7,109921,2024-08-24,NA,"Active",NA,"Employee","Regular",1,"Onsite",1.54
105226,4,13,3,106202,2024-09-03,NA,"Active",NA,"Employee","Regular",1,"Onsite",1.52
106580,4,13,4,105258,2024-09-14,2025-10-17,"Terminated","Voluntary","Employee","Regular",1,"Onsite",1.09
103772,4,13,5,108083,2024-10-30,NA,"Active",NA,"Employee","Regular",1,"Hybrid",1.36
104239,4,13,3,108836,2024-11-10,NA,"Active",NA,"Employee","Regular",1,"Hybrid",1.33
102578,4,13,1,106788,2024-12-19,NA,"Active",NA,"Employee","Regular",1,"Onsite",1.22
108816,4,13,2,105150,2025-01-22,NA,"Active",NA,"Employee","Regular",1,"Onsite",1.13
103652,4,13,3,109429,2025-01-23,NA,"Active",NA,"Employee","Regular",1,"Onsite",1.13
105570,4,13,6,108887,2025-02-01,NA,"Active",NA,"Employee","Regular",1,"Onsite",1.1
100218,4,13,12,103857,2025-02-13,NA,"Active",NA,"Employee","Regular",1,"Remote",1.07
104430,4,13,1,109500,2025-04-24,NA,"Active",NA,"Employee","Regular",1,"Onsite",0.88
105377,4,13,2,107429,2025-04-24,NA,"Active",NA,"Employee","Regular",1,"Remote",0.88
105105,4,13,8,101059,2025-05-29,NA,"Active",NA,"Employee","Regular",0.8,"Onsite",0.78
104209,4,13,12,103432,2025-07-11,NA,"Active",NA,"Employee","Regular",1,"Hybrid",0.66
109990,4,13,10,101433,2025-07-21,NA,"Active",NA,"Employee","Regular",1,"Hybrid",0.64
106945,4,13,5,109698,2025-08-05,NA,"Active",NA,"Employee","Temporary",1,"Hybrid",0.59
108878,4,13,11,106073,2025-08-13,NA,"Active",NA,"Employee","Regular",1,"Remote",0.57
106132,4,13,4,109815,2025-08-19,NA,"Active",NA,"Employee","Regular",1,"Onsite",0.56
109257,4,13,1,103734,2025-08-24,NA,"Active",NA,"Employee","Regular",1,"Remote",0.54
102524,4,13,8,104637,2025-08-25,NA,"Active",NA,"Employee","Regular",1,"Onsite",0.54
105404,4,13,1,101102,2025-08-31,NA,"Active",NA,"Employee","Regular",1,"Hybrid",0.52
107727,4,13,5,104086,2025-09-08,NA,"Active",NA,"Employee","Regular",1,"Hybrid",0.5
103938,4,13,1,102112,2025-09-17,NA,"Active",NA,"Employee","Regular",1,"Hybrid",0.48
102729,4,13,6,104910,2025-10-15,NA,"Active",NA,"Employee","Regular",1,"Hybrid",0.4
103675,4,13,1,106221,2025-10-28,NA,"Active",NA,"Employee","Regular",0.8,"Remote",0.36
100457,4,13,2,102296,2025-12-12,NA,"Active",NA,"Employee","Regular",1,"Onsite",0.24
101987,4,13,3,105086,2025-12-16,NA,"Active",NA,"Employee","Temporary",1,"Hybrid",0.23
104177,4,13,4,104658,2025-12-27,NA,"Active",NA,"Employee","Regular",1,"Onsite",0.2
107225,4,13,11,107454,2025-12-29,NA,"Active",NA,"Employee","Temporary",1,"Onsite",0.19
103723,4,13,3,101487,2026-01-11,NA,"Active",NA,"Employee","Regular",1,"Onsite",0.16
104749,6,20,8,105361,2013-02-24,NA,"Active",NA,"Employee","Regular",0.8,"Remote",13.04
102213,6,20,10,100848,2013-02-28,NA,"Active",NA,"Employee","Regular",1,"Onsite",13.03
106020,6,20,9,104523,2013-03-08,2024-11-16,"Terminated","Reduction in Force","Employee","Regular",1,"Hybrid",11.69
104067,6,20,12,102533,2013-04-04,2023-07-02,"Terminated","Voluntary","Contractor","Regular",1,"Onsite",10.24
109806,6,20,11,103252,2013-04-14,NA,"Active",NA,"Employee","Regular",0.6,"Remote",12.9
105980,6,20,1,109900,2013-05-27,NA,"Active",NA,"Employee","Regular",1,"Remote",12.79
102856,6,20,11,102863,2013-09-09,NA,"Active",NA,"Employee","Regular",1,"Onsite",12.5
106538,6,20,9,100322,2013-09-13,NA,"Active",NA,"Employee","Regular",1,"Hybrid",12.49
105153,6,20,3,101544,2013-10-05,NA,"Active",NA,"Employee","Regular",1,"Hybrid",12.43
104272,6,20,8,108589,2013-11-02,NA,"Active",NA,"Contractor","Regular",1,"Remote",12.35
101542,6,20,1,100993,2013-11-09,NA,"Active",NA,"Employee","Regular",1,"Onsite",12.33
102981,6,20,1,104446,2014-01-06,NA,"Active",NA,"Employee","Regular",1,"Remote",12.17
109937,6,20,8,105523,2014-02-05,NA,"Active",NA,"Employee","Regular",1,"Hybrid",12.09
106392,6,20,5,109443,2014-02-16,2023-03-09,"Terminated","Voluntary","Employee","Regular",1,"Hybrid",9.06
107316,6,20,3,102575,2014-02-27,2025-10-06,"Terminated","Voluntary","Employee","Temporary",0.6,"Remote",11.61
109622,6,20,10,108589,2014-03-21,NA,"Active",NA,"Employee","Regular",1,"Remote",11.97
100812,6,20,4,107105,2014-03-24,NA,"Active",NA,"Employee","Regular",1,"Hybrid",11.96
102386,6,20,4,106421,2014-03-31,NA,"Active",NA,"Employee","Regular",1,"Onsite",11.94
103339,6,20,4,108662,2014-05-01,NA,"Active",NA,"Employee","Temporary",1,"Onsite",11.86
106396,6,20,8,101642,2014-05-10,NA,"Active",NA,"Employee","Regular",1,"Hybrid",11.83
104206,6,20,2,107985,2014-05-17,NA,"Active",NA,"Employee","Regular",1,"Onsite",11.81
107299,6,20,9,102466,2014-06-03,NA,"Active",NA,"Employee","Regular",1,"Onsite",11.77
104319,6,20,1,108389,2014-06-13,NA,"Active",NA,"Employee","Regular",1,"Hybrid",11.74
101941,6,20,12,105231,2014-06-18,NA,"Active",NA,"Employee","Regular",1,"Remote",11.73
109109,6,20,1,109705,2014-06-22,2023-08-18,"Terminated","Voluntary","Employee","Regular",0.8,"Onsite",9.16
101457,6,20,6,101618,2014-06-29,NA,"Active",NA,"Employee","Regular",0.6,"Onsite",11.7
104199,6,20,7,104770,2014-08-05,2025-01-27,"Terminated","Voluntary","Employee","Regular",0.6,"Onsite",10.48
106300,6,20,8,104659,2014-08-29,NA,"Active",NA,"Employee","Regular",1,"Remote",11.53
106669,6,20,12,107529,2014-09-14,2024-12-07,"Terminated","Involuntary","Employee","Temporary",1,"Onsite",10.23
106681,6,20,10,108267,2014-09-23,NA,"Active",NA,"Employee","Regular",1,"Remote",11.46
100664,6,20,4,101087,2014-10-05,NA,"Active",NA,"Employee","Temporary",1,"Hybrid",11.43
107817,6,20,12,103387,2014-11-06,NA,"Active",NA,"Employee","Temporary",1,"Onsite",11.34
107848,6,20,8,102003,2014-11-12,NA,"Active",NA,"Employee","Regular",1,"Hybrid",11.32
108133,6,20,2,101548,2014-12-06,NA,"Active",NA,"Employee","Regular",1,"Hybrid",11.26
101717,6,20,5,109320,2014-12-19,NA,"Active",NA,"Employee","Regular",1,"Onsite",11.22
103209,6,20,1,105799,2014-12-28,NA,"Active",NA,"Employee","Regular",1,"Onsite",11.2
104504,6,20,9,100334,2015-02-02,NA,"Active",NA,"Employee","Temporary",1,"Hybrid",11.1
104839,6,20,8,105486,2015-02-02,NA,"Active",NA,"Employee","Regular",1,"Onsite",11.1
105542,6,20,6,102196,2015-03-18,NA,"Active",NA,"Employee","Regular",1,"Hybrid",10.98
102858,6,20,1,106084,2015-03-26,NA,"Active",NA,"Employee","Regular",1,"Hybrid",10.96
100869,6,20,4,107771,2015-04-06,NA,"Active",NA,"Employee","Regular",1,"Remote",10.93
106204,6,20,1,102983,2015-04-07,NA,"Active",NA,"Employee","Regular",1,"Onsite",10.92
104305,6,20,5,109252,2015-05-06,NA,"Active",NA,"Employee","Regular",1,"Onsite",10.84
108711,6,20,2,109413,2015-06-10,NA,"Active",NA,"Employee","Regular",1,"Onsite",10.75
108889,6,20,2,105100,2015-06-10,NA,"Active",NA,"Employee","Regular",1,"Hybrid",10.75
102306,6,20,12,102173,2015-07-10,NA,"Active",NA,"Employee","Regular",1,"Hybrid",10.67
106322,6,20,11,102575,2015-08-21,NA,"Active",NA,"Employee","Temporary",1,"Hybrid",10.55
101670,6,20,7,105430,2015-08-23,NA,"Active",NA,"Employee","Temporary",1,"Onsite",10.55
102255,6,20,12,109655,2015-09-02,NA,"Active",NA,"Employee","Regular",1,"Hybrid",10.52
108385,6,20,3,102179,2015-09-23,NA,"Active",NA,"Employee","Regular",1,"Remote",10.46
104496,6,20,4,101241,2015-09-24,NA,"Active",NA,"Employee","Regular",1,"Onsite",10.46
109840,6,20,2,109491,2015-10-09,2023-10-23,"Terminated","Involuntary","Employee","Regular",0.8,"Remote",8.04
108376,6,20,8,101292,2015-12-01,2017-08-05,"Terminated","Voluntary","Employee","Regular",1,"Hybrid",1.68
106142,6,20,9,103387,2015-12-17,NA,"Active",NA,"Employee","Regular",1,"Hybrid",10.23
102540,6,20,7,107406,2016-01-13,NA,"Active",NA,"Employee","Regular",1,"Hybrid",10.15
106989,6,20,3,109751,2016-01-22,NA,"Active",NA,"Employee","Regular",1,"Remote",10.13
103984,6,20,6,107514,2016-02-17,NA,"Active",NA,"Employee","Regular",1,"Onsite",10.06
108681,6,20,7,101680,2016-02-20,NA,"Active",NA,"Employee","Regular",1,"Hybrid",10.05
107265,6,20,2,104899,2016-03-16,NA,"Active",NA,"Employee","Regular",0.6,"Hybrid",9.98
101227,6,20,8,109291,2016-03-21,NA,"Active",NA,"Employee","Regular",1,"Hybrid",9.97
108013,6,20,9,105040,2016-04-02,NA,"Active",NA,"Employee","Regular",1,"Onsite",9.94
109475,6,20,6,102884,2016-04-03,NA,"Active",NA,"Employee","Regular",1,"Onsite",9.93
106981,6,20,4,103798,2016-04-07,2023-09-08,"Terminated","Voluntary","Employee","Regular",1,"Onsite",7.42
104173,6,20,1,102233,2016-04-16,NA,"Active",NA,"Employee","Regular",0.8,"Onsite",9.9
106565,6,20,10,109320,2016-04-27,2020-12-22,"Terminated","Voluntary","Employee","Regular",1,"Remote",4.65
107021,6,20,4,101810,2016-05-06,NA,"Active",NA,"Employee","Regular",1,"Remote",9.84
106248,6,20,7,101116,2016-05-14,NA,"Active",NA,"Employee","Regular",1,"Hybrid",9.82
109976,6,20,10,106419,2016-05-17,NA,"Active",NA,"Employee","Regular",1,"Onsite",9.81
107216,6,20,5,102100,2016-06-20,NA,"Active",NA,"Employee","Regular",1,"Onsite",9.72
102232,6,20,2,109421,2016-06-30,NA,"Active",NA,"Employee","Regular",1,"Hybrid",9.69
103368,6,20,12,107028,2016-07-09,NA,"Active",NA,"Employee","Regular",1,"Onsite",9.67
109285,6,20,12,104087,2016-07-14,NA,"Active",NA,"Contractor","Regular",1,"Remote",9.65
107715,6,20,6,100710,2016-07-20,NA,"Active",NA,"Employee","Regular",1,"Onsite",9.64
109987,6,20,4,101053,2016-09-09,NA,"Active",NA,"Employee","Regular",0.8,"Onsite",9.5
107793,6,20,10,108522,2016-10-01,NA,"Active",NA,"Employee","Regular",1,"Onsite",9.44
104581,6,20,1,102016,2016-10-08,NA,"Active",NA,"Employee","Regular",1,"Onsite",9.42
106731,6,20,9,102179,2016-10-20,NA,"Active",NA,"Employee","Regular",1,"Remote",9.39
102322,6,20,1,104523,2016-11-15,NA,"Active",NA,"Employee","Temporary",0.6,"Remote",9.32
108872,6,20,6,105250,2016-12-05,NA,"Active",NA,"Employee","Regular",1,"Onsite",9.26
104241,6,20,11,103726,2016-12-15,NA,"Active",NA,"Employee","Temporary",0.8,"Hybrid",9.23
102545,6,20,7,103798,2017-01-05,2021-05-14,"Terminated","Voluntary","Employee","Regular",1,"Onsite",4.35
106847,6,20,3,105868,2017-01-08,NA,"Active",NA,"Employee","Regular",1,"Remote",9.17
104059,6,20,8,106664,2017-02-22,NA,"Active",NA,"Employee","Regular",1,"Onsite",9.04
107207,6,20,1,100413,2017-02-28,NA,"Active",NA,"Employee","Regular",1,"Onsite",9.03
102915,6,20,6,100322,2017-04-03,2024-11-29,"Terminated","Voluntary","Employee","Regular",1,"Onsite",7.66
101081,6,20,9,101384,2017-04-29,NA,"Active",NA,"Employee","Regular",1,"Hybrid",8.86
104042,6,20,7,105486,2017-06-02,NA,"Active",NA,"Employee","Temporary",1,"Hybrid",8.77
104821,6,20,10,103798,2017-07-01,NA,"Active",NA,"Employee","Regular",1,"Hybrid",8.69
105995,6,20,4,101252,2017-07-02,NA,"Active",NA,"Employee","Regular",1,"Onsite",8.69
103540,6,20,3,108358,2017-07-03,2024-02-25,"Terminated","Involuntary","Employee","Regular",1,"Remote",6.65
102570,6,20,8,108633,2017-07-04,NA,"Active",NA,"Employee","Regular",1,"Remote",8.68
105331,6,20,10,104446,2017-07-20,2024-05-10,"Terminated","Voluntary","Employee","Regular",1,"Onsite",6.81
106540,6,20,6,109210,2017-07-25,NA,"Active",NA,"Employee","Regular",0.6,"Hybrid",8.62
104449,6,20,9,107328,2017-08-07,NA,"Active",NA,"Employee","Regular",1,"Onsite",8.59
108821,6,20,5,105430,2017-08-23,NA,"Active",NA,"Employee","Regular",1,"Onsite",8.55
108379,6,20,12,104947,2017-08-26,NA,"Active",NA,"Employee","Regular",1,"Hybrid",8.54
101591,6,20,5,103726,2017-09-26,NA,"Active",NA,"Employee","Regular",1,"Hybrid",8.45
107856,6,20,11,108341,2017-10-23,NA,"Active",NA,"Employee","Regular",1,"Hybrid",8.38
104761,6,20,8,105008,2017-11-08,NA,"Active",NA,"Employee","Regular",1,"Onsite",8.33
102659,6,20,6,109443,2017-11-10,NA,"Active",NA,"Employee","Regular",1,"Hybrid",8.33
106126,6,20,7,107798,2017-11-10,NA,"Active",NA,"Employee","Regular",1,"Hybrid",8.33
104893,6,20,1,108665,2017-11-20,NA,"Active",NA,"Employee","Regular",1,"Onsite",8.3
108102,6,20,11,101747,2017-11-22,NA,"Active",NA,"Employee","Regular",1,"Hybrid",8.3
104352,6,20,3,103128,2017-11-29,NA,"Active",NA,"Employee","Regular",1,"Remote",8.28
102198,6,20,7,107696,2017-12-06,NA,"Active",NA,"Employee","Regular",1,"Hybrid",8.26
104103,6,20,5,109260,2017-12-20,NA,"Active",NA,"Employee","Temporary",1,"Hybrid",8.22
100203,6,20,9,100322,2018-01-20,NA,"Active",NA,"Employee","Regular",1,"Hybrid",8.13
108546,6,20,3,101690,2018-01-22,2025-09-24,"Terminated","Involuntary","Employee","Regular",1,"Hybrid",7.67
100208,6,20,4,107013,2018-02-03,NA,"Active",NA,"Employee","Regular",1,"Remote",8.1
108682,6,20,11,104356,2018-02-03,NA,"Active",NA,"Employee","Regular",1,"Remote",8.1
105221,6,20,2,108971,2018-02-21,NA,"Active",NA,"Contractor","Regular",1,"Hybrid",8.05
102606,6,20,3,103942,2018-03-02,NA,"Active",NA,"Employee","Regular",1,"Hybrid",8.02
100050,6,20,1,102708,2018-03-22,NA,"Active",NA,"Contractor","Regular",1,"Hybrid",7.97
100975,6,20,11,108828,2018-04-01,NA,"Active",NA,"Employee","Regular",1,"Remote",7.94
105892,6,20,12,100101,2018-05-07,NA,"Active",NA,"Employee","Regular",1,"Onsite",7.84
101394,6,20,7,101292,2018-05-24,NA,"Active",NA,"Employee","Regular",1,"Hybrid",7.79
104538,6,20,12,104189,2018-07-05,2026-01-10,"Terminated","Voluntary","Employee","Regular",1,"Hybrid",7.52
107179,6,20,12,102016,2018-07-05,NA,"Active",NA,"Employee","Regular",1,"Onsite",7.68
105214,6,20,3,108047,2018-07-16,NA,"Active",NA,"Employee","Regular",1,"Remote",7.65
102872,6,20,3,106226,2018-07-29,NA,"Active",NA,"Employee","Regular",1,"Hybrid",7.61
101527,6,20,2,107796,2018-09-21,NA,"Active",NA,"Employee","Regular",1,"Remote",7.47
103583,6,20,8,105268,2018-10-06,NA,"Active",NA,"Employee","Regular",1,"Hybrid",7.42
103073,6,20,3,102074,2018-11-20,NA,"Active",NA,"Employee","Regular",1,"Onsite",7.3
103550,6,20,4,100492,2018-12-21,NA,"Active",NA,"Employee","Regular",1,"Hybrid",7.22
104886,6,20,9,102016,2019-01-09,NA,"Active",NA,"Employee","Regular",1,"Remote",7.16
103786,6,20,6,100562,2019-01-10,NA,"Active",NA,"Employee","Regular",1,"Remote",7.16
101453,6,20,9,101747,2019-01-17,NA,"Active",NA,"Contractor","Regular",1,"Hybrid",7.14
104934,6,20,12,104659,2019-02-03,NA,"Active",NA,"Employee","Regular",1,"Onsite",7.1
107684,6,20,8,101116,2019-02-21,2023-09-26,"Terminated","Involuntary","Employee","Temporary",1,"Hybrid",4.59
109243,6,20,4,103315,2019-03-03,NA,"Active",NA,"Employee","Regular",1,"Hybrid",7.02
102291,6,20,5,102983,2019-03-26,2025-11-17,"Terminated","Voluntary","Employee","Regular",0.8,"Hybrid",6.65
106422,6,20,2,101104,2019-04-09,NA,"Active",NA,"Employee","Regular",1,"Onsite",6.92
109963,6,20,11,108953,2019-04-16,2025-11-18,"Terminated","Voluntary","Employee","Regular",1,"Hybrid",6.59
106918,6,20,10,104356,2019-05-31,NA,"Active",NA,"Contractor","Regular",0.6,"Onsite",6.78
109148,6,20,8,108615,2019-07-15,NA,"Active",NA,"Employee","Regular",1,"Onsite",6.65
106294,6,20,8,105835,2019-07-28,NA,"Active",NA,"Employee","Regular",1,"Hybrid",6.62
108526,6,20,6,101252,2019-08-18,NA,"Active",NA,"Employee","Regular",1,"Hybrid",6.56
104783,6,20,1,103280,2019-08-20,2025-08-11,"Terminated","Voluntary","Employee","Regular",1,"Hybrid",5.98
100649,6,20,3,109695,2019-09-07,NA,"Active",NA,"Employee","Regular",1,"Onsite",6.5
103249,6,20,1,100559,2019-09-18,NA,"Active",NA,"Contractor","Regular",1,"Onsite",6.47
108703,6,20,11,105868,2019-10-17,NA,"Active",NA,"Employee","Regular",1,"Remote",6.39
106553,6,20,5,109908,2019-11-15,2025-06-05,"Terminated","Involuntary","Employee","Regular",1,"Hybrid",5.55
100473,6,20,2,105008,2019-11-18,NA,"Active",NA,"Employee","Regular",1,"Hybrid",6.31
105580,6,20,5,106571,2019-11-19,NA,"Active",NA,"Employee","Regular",1,"Onsite",6.3
108322,6,20,4,109845,2019-11-22,NA,"Active",NA,"Employee","Regular",1,"Onsite",6.3
103030,6,20,2,107822,2019-12-15,NA,"Active",NA,"Contractor","Regular",1,"Onsite",6.23
107912,6,20,8,101241,2020-01-10,NA,"Active",NA,"Employee","Regular",1,"Onsite",6.16
107827,6,20,5,107269,2020-01-12,NA,"Active",NA,"Employee","Regular",1,"Onsite",6.16
107443,6,20,4,108662,2020-01-23,NA,"Active",NA,"Employee","Regular",1,"Onsite",6.13
106719,6,20,8,106084,2020-02-04,NA,"Active",NA,"Employee","Regular",1,"Hybrid",6.09
106048,6,20,5,101181,2020-02-26,2023-12-25,"Terminated","Involuntary","Employee","Regular",1,"Hybrid",3.83
100557,6,20,10,103958,2020-03-31,NA,"Active",NA,"Employee","Temporary",1,"Hybrid",5.94
100125,6,20,9,104879,2020-04-04,NA,"Active",NA,"Employee","Regular",0.6,"Remote",5.93
102427,6,20,12,109252,2020-04-18,NA,"Active",NA,"Employee","Regular",0.8,"Remote",5.89
106937,6,20,10,103252,2020-04-20,NA,"Active",NA,"Employee","Regular",1,"Remote",5.89
100690,6,20,12,102281,2020-06-27,NA,"Active",NA,"Employee","Regular",1,"Hybrid",5.7
109256,6,20,1,108593,2020-07-24,2025-08-15,"Terminated","Involuntary","Employee","Regular",1,"Remote",5.06
102243,6,20,10,105008,2020-07-25,NA,"Active",NA,"Employee","Regular",1,"Onsite",5.62
100242,6,20,8,109020,2020-08-11,NA,"Active",NA,"Employee","Regular",1,"Remote",5.58
102629,6,20,12,100235,2020-08-15,NA,"Active",NA,"Employee","Regular",1,"Remote",5.57
107085,6,20,12,107447,2020-09-04,NA,"Active",NA,"Contractor","Regular",1,"Onsite",5.51
109399,6,20,4,101561,2020-09-28,NA,"Active",NA,"Employee","Regular",1,"Hybrid",5.45
106377,6,20,6,102575,2020-10-04,NA,"Active",NA,"Employee","Regular",1,"Onsite",5.43
101460,6,20,6,108548,2020-11-02,NA,"Active",NA,"Employee","Regular",0.8,"Hybrid",5.35
108245,6,20,12,106398,2020-11-02,NA,"Active",NA,"Employee","Regular",1,"Onsite",5.35
103671,6,20,2,104932,2020-11-12,NA,"Active",NA,"Employee","Regular",1,"Hybrid",5.32
109369,6,20,11,109069,2020-11-22,2025-12-27,"Terminated","Voluntary","Employee","Regular",1,"Onsite",5.1
103914,6,20,3,108930,2020-11-25,2024-11-14,"Terminated","Voluntary","Employee","Regular",1,"Onsite",3.97
102765,6,20,11,109655,2020-12-08,NA,"Active",NA,"Employee","Regular",1,"Onsite",5.25
103178,6,20,12,107985,2020-12-25,NA,"Active",NA,"Employee","Regular",1,"Hybrid",5.21
106488,6,20,1,109845,2020-12-27,NA,"Active",NA,"Employee","Regular",1,"Onsite",5.2
105672,6,20,3,102466,2020-12-29,2026-01-07,"Terminated","Voluntary","Employee","Regular",1,"Onsite",5.02
100046,6,20,11,107997,2021-02-08,NA,"Active",NA,"Employee","Regular",0.8,"Hybrid",5.08
100900,6,20,3,106419,2021-02-15,2025-08-15,"Terminated","Voluntary","Employee","Regular",1,"Onsite",4.5
103255,6,20,7,105100,2021-03-19,NA,"Active",NA,"Employee","Regular",1,"Onsite",4.98
104695,6,20,1,105948,2021-04-01,NA,"Active",NA,"Employee","Regular",0.8,"Hybrid",4.94
106942,6,20,8,107968,2021-06-07,NA,"Active",NA,"Employee","Regular",1,"Hybrid",4.76
106826,6,20,10,108615,2021-07-01,NA,"Active",NA,"Employee","Regular",1,"Onsite",4.69
102426,6,20,2,101510,2021-07-08,NA,"Active",NA,"Employee","Regular",0.6,"Hybrid",4.67
104310,6,20,4,108310,2021-08-18,NA,"Active",NA,"Employee","Regular",1,"Hybrid",4.56
100133,6,20,9,106226,2021-09-12,NA,"Active",NA,"Employee","Regular",1,"Remote",4.49
100696,6,20,5,109893,2021-09-15,NA,"Active",NA,"Employee","Regular",1,"Onsite",4.48
107129,6,20,9,104862,2021-11-11,NA,"Active",NA,"Employee","Regular",1,"Onsite",4.33
101436,6,20,3,109338,2021-12-22,NA,"Active",NA,"Employee","Regular",1,"Onsite",4.21
100167,6,20,2,103761,2022-01-12,NA,"Active",NA,"Employee","Regular",1,"Remote",4.16
109445,6,20,8,107997,2022-01-19,NA,"Active",NA,"Employee","Regular",1,"Hybrid",4.14
106318,6,20,9,102196,2022-01-26,NA,"Active",NA,"Employee","Regular",1,"Onsite",4.12
103490,6,20,8,109845,2022-02-22,NA,"Active",NA,"Employee","Regular",1,"Onsite",4.04
107930,6,20,4,108831,2022-02-25,NA,"Active",NA,"Employee","Regular",1,"Onsite",4.04
102249,6,20,12,102642,2022-03-06,NA,"Active",NA,"Employee","Regular",1,"Onsite",4.01
108626,6,20,8,108731,2022-03-23,NA,"Active",NA,"Employee","Regular",1,"Onsite",3.96
108777,6,20,11,100868,2022-04-01,NA,"Active",NA,"Employee","Regular",1,"Onsite",3.94
109861,6,20,1,102466,2022-05-05,NA,"Active",NA,"Employee","Regular",1,"Onsite",3.85
107190,6,20,8,100334,2022-05-26,NA,"Active",NA,"Employee","Regular",1,"Remote",3.79
102242,6,20,8,101104,2022-06-02,NA,"Active",NA,"Employee","Regular",1,"Onsite",3.77
108315,6,20,7,107371,2022-06-10,NA,"Active",NA,"Employee","Regular",1,"Hybrid",3.75
105088,6,20,3,105590,2022-06-12,NA,"Active",NA,"Employee","Regular",1,"Hybrid",3.74
100743,6,20,9,101424,2022-07-31,NA,"Active",NA,"Employee","Temporary",1,"Onsite",3.61
103068,6,20,10,105250,2022-07-31,NA,"Active",NA,"Employee","Regular",1,"Onsite",3.61
109918,6,20,2,106267,2022-09-04,NA,"Active",NA,"Employee","Regular",1,"Onsite",3.51
100744,6,20,11,106361,2022-09-19,NA,"Active",NA,"Employee","Regular",1,"Remote",3.47
106307,6,20,3,104687,2022-10-11,NA,"Active",NA,"Employee","Regular",0.6,"Remote",3.41
100980,6,20,8,100937,2022-11-10,NA,"Active",NA,"Employee","Temporary",1,"Onsite",3.33
102374,6,20,7,100148,2022-11-26,NA,"Active",NA,"Employee","Regular",1,"Hybrid",3.28
102549,6,20,10,106173,2022-11-29,NA,"Active",NA,"Employee","Regular",1,"Remote",3.28
106061,6,20,6,104567,2022-12-09,NA,"Active",NA,"Employee","Regular",1,"Onsite",3.25
103668,6,20,3,107821,2022-12-14,2024-12-08,"Terminated","Voluntary","Employee","Regular",1,"Onsite",1.98
105257,6,20,7,108551,2023-01-10,NA,"Active",NA,"Contractor","Regular",1,"Onsite",3.16
107124,6,20,3,105663,2023-01-12,NA,"Active",NA,"Employee","Temporary",1,"Onsite",3.16
108360,6,20,6,109064,2023-01-20,NA,"Active",NA,"Employee","Regular",1,"Onsite",3.13
109700,6,20,8,105590,2023-01-22,2024-02-01,"Terminated","Reduction in Force","Employee","Regular",1,"Onsite",1.03
108447,6,20,12,102983,2023-03-17,2025-02-08,"Terminated","Involuntary","Employee","Regular",1,"Hybrid",1.9
105463,6,20,12,103848,2023-03-31,NA,"Active",NA,"Employee","Regular",0.8,"Hybrid",2.94
109975,6,20,2,107331,2023-06-01,NA,"Active",NA,"Employee","Regular",0.8,"Hybrid",2.77
102922,6,20,1,102250,2023-06-20,NA,"Active",NA,"Employee","Temporary",0.6,"Onsite",2.72
102633,6,20,10,104978,2023-06-21,2025-10-20,"Terminated","Voluntary","Employee","Regular",1,"Remote",2.33
103441,6,20,10,107268,2023-07-09,NA,"Active",NA,"Employee","Regular",1,"Hybrid",2.67
107960,6,20,10,107491,2023-07-20,2025-11-20,"Terminated","Reduction in Force","Employee","Regular",1,"Hybrid",2.34
109985,6,20,6,105231,2023-07-28,NA,"Active",NA,"Employee","Regular",1,"Hybrid",2.62
106593,6,20,3,108517,2023-08-23,NA,"Active",NA,"Employee","Regular",0.6,"Remote",2.55
109671,6,20,9,103371,2023-10-01,NA,"Active",NA,"Employee","Regular",1,"Remote",2.44
100081,6,20,6,101680,2023-11-04,NA,"Active",NA,"Employee","Regular",1,"Remote",2.35
102942,6,20,10,105008,2023-11-17,NA,"Active",NA,"Employee","Regular",1,"Hybrid",2.31
104902,6,20,7,109491,2023-12-20,NA,"Active",NA,"Employee","Temporary",1,"Onsite",2.22
100456,6,20,12,107357,2024-01-29,NA,"Active",NA,"Employee","Regular",0.6,"Hybrid",2.11
109134,6,20,11,109005,2024-02-20,NA,"Active",NA,"Employee","Regular",1,"Onsite",2.05
107301,6,20,1,102450,2024-02-22,2026-01-29,"Terminated","Involuntary","Employee","Regular",1,"Onsite",1.93
104031,6,20,2,100562,2024-06-01,NA,"Active",NA,"Employee","Regular",1,"Onsite",1.77
102963,6,20,5,107507,2024-06-23,NA,"Active",NA,"Employee","Regular",1,"Hybrid",1.71
100429,6,20,1,109124,2024-07-08,NA,"Active",NA,"Employee","Regular",1,"Onsite",1.67
108192,6,20,1,105922,2024-07-11,NA,"Active",NA,"Employee","Regular",0.8,"Onsite",1.66
106863,6,20,10,100235,2024-07-17,NA,"Active",NA,"Employee","Regular",1,"Remote",1.65
100232,6,20,8,105361,2024-07-20,NA,"Active",NA,"Employee","Regular",1,"Onsite",1.64
101006,6,20,6,106908,2024-08-14,NA,"Active",NA,"Employee","Regular",0.6,"Remote",1.57
102978,6,20,5,101738,2024-09-14,NA,"Active",NA,"Employee","Temporary",1,"Hybrid",1.48
108248,6,20,4,107968,2024-10-29,NA,"Active",NA,"Employee","Regular",1,"Onsite",1.36
104594,6,20,8,108540,2025-01-04,NA,"Active",NA,"Employee","Temporary",0.6,"Onsite",1.18
103172,6,20,1,107328,2025-01-24,NA,"Active",NA,"Employee","Temporary",1,"Remote",1.12
108895,6,20,11,108665,2025-02-06,NA,"Active",NA,"Employee","Regular",1,"Hybrid",1.09
101075,6,20,3,107131,2025-02-14,NA,"Active",NA,"Employee","Regular",1,"Onsite",1.07
107886,6,20,3,106390,2025-02-15,NA,"Active",NA,"Employee","Regular",1,"Onsite",1.06
106861,6,20,11,100094,2025-02-16,NA,"Active",NA,"Employee","Regular",1,"Hybrid",1.06
104482,6,20,8,100700,2025-03-10,NA,"Active",NA,"Employee","Regular",0.6,"Hybrid",1
101996,6,20,8,100329,2025-04-21,NA,"Active",NA,"Employee","Regular",1,"Hybrid",0.88
100849,6,20,12,100624,2025-07-02,NA,"Active",NA,"Employee","Regular",1,"Onsite",0.69
101593,6,20,5,101698,2025-07-11,NA,"Active",NA,"Employee","Temporary",1,"Hybrid",0.66
104448,6,20,2,102029,2025-07-19,NA,"Active",NA,"Employee","Temporary",1,"Hybrid",0.64
102368,6,20,1,102667,2025-07-20,NA,"Active",NA,"Employee","Regular",1,"Hybrid",0.64
107882,6,20,5,103761,2025-07-30,NA,"Active",NA,"Employee","Regular",1,"Onsite",0.61
104536,6,20,11,108953,2025-08-08,NA,"Active",NA,"Employee","Regular",1,"Remote",0.59
105089,6,20,11,105250,2025-08-11,NA,"Active",NA,"Employee","Temporary",0.6,"Hybrid",0.58
108970,6,20,3,104110,2025-08-16,NA,"Active",NA,"Employee","Regular",1,"Onsite",0.56
105494,6,20,2,101340,2025-08-21,NA,"Active",NA,"Employee","Temporary",1,"Onsite",0.55
106364,6,20,10,106830,2025-10-28,NA,"Active",NA,"Employee","Regular",0.8,"Remote",0.36
106629,6,20,8,107787,2025-11-04,NA,"Active",NA,"Employee","Regular",1,"Onsite",0.35
104075,6,20,6,100407,2025-12-11,NA,"Active",NA,"Employee","Regular",0.8,"Hybrid",0.24
108055,6,20,1,102233,2025-12-14,NA,"Active",NA,"Employee","Regular",1,"Onsite",0.24
109667,6,20,12,101252,2026-01-27,NA,"Active",NA,"Employee","Regular",1,"Hybrid",0.12
108051,7,25,1,109310,2013-01-04,NA,"Active",NA,"Employee","Regular",1,"Remote",13.18
105869,7,25,8,105863,2013-01-07,NA,"Active",NA,"Employee","Regular",0.6,"Hybrid",13.17
105039,7,25,10,102622,2013-01-18,NA,"Active",NA,"Employee","Regular",1,"Hybrid",13.14
106087,7,25,1,104819,2013-01-23,NA,"Active",NA,"Employee","Regular",1,"Hybrid",13.13
100906,7,25,9,103959,2013-01-31,NA,"Active",NA,"Employee","Regular",1,"Hybrid",13.1
106618,7,25,8,104338,2013-02-01,2025-01-07,"Terminated","Voluntary","Employee","Regular",1,"Hybrid",11.93
109299,7,25,8,106409,2013-02-14,NA,"Active",NA,"Employee","Regular",0.8,"Hybrid",13.07
104128,7,25,3,104588,2013-02-16,NA,"Active",NA,"Contractor","Regular",1,"Remote",13.06
108587,7,25,10,105110,2013-02-16,NA,"Active",NA,"Employee","Regular",1,"Onsite",13.06
102940,7,25,8,107500,2013-02-21,NA,"Active",NA,"Employee","Regular",1,"Hybrid",13.05
104616,7,25,9,103970,2013-03-08,NA,"Active",NA,"Employee","Regular",1,"Hybrid",13.01
101359,7,25,3,104834,2013-03-10,2024-02-29,"Terminated","Voluntary","Employee","Regular",1,"Hybrid",10.97
104093,7,25,3,105521,2013-03-11,NA,"Active",NA,"Employee","Regular",1,"Onsite",13
102532,7,25,6,101371,2013-03-18,NA,"Active",NA,"Employee","Regular",1,"Hybrid",12.98
108467,7,25,4,100010,2013-03-31,NA,"Active",NA,"Employee","Regular",1,"Onsite",12.94
107531,7,25,7,107500,2013-04-04,NA,"Active",NA,"Employee","Regular",1,"Remote",12.93
108842,7,25,7,107114,2013-04-06,2025-02-05,"Terminated","Involuntary","Contractor","Regular",1,"Onsite",11.84
104564,7,25,1,106508,2013-05-07,2021-05-22,"Terminated","Voluntary","Employee","Regular",1,"Onsite",8.04
106351,7,25,4,104903,2013-05-07,NA,"Active",NA,"Employee","Regular",1,"Onsite",12.84
101393,7,25,6,105156,2013-05-16,NA,"Active",NA,"Employee","Regular",1,"Hybrid",12.82
109164,7,25,4,101625,2013-06-11,NA,"Active",NA,"Employee","Regular",1,"Onsite",12.75
105950,7,25,3,104338,2013-06-16,NA,"Active",NA,"Employee","Regular",1,"Hybrid",12.73
102130,7,25,6,108627,2013-06-26,NA,"Active",NA,"Employee","Regular",1,"Remote",12.7
104368,7,25,4,109393,2013-07-03,2019-06-12,"Terminated","Involuntary","Employee","Regular",1,"Hybrid",5.94
106056,7,25,8,107374,2013-07-21,NA,"Active",NA,"Employee","Temporary",1,"Onsite",12.64
102248,7,25,10,108588,2013-08-08,NA,"Active",NA,"Employee","Regular",1,"Onsite",12.59
102972,7,25,5,106760,2013-08-12,2021-09-01,"Terminated","Involuntary","Employee","Regular",1,"Hybrid",8.05
102271,7,25,3,107088,2013-08-21,NA,"Active",NA,"Employee","Regular",1,"Hybrid",12.55
102604,7,25,2,107909,2013-09-24,NA,"Active",NA,"Employee","Regular",1,"Hybrid",12.46
109526,7,25,5,101625,2013-10-02,NA,"Active",NA,"Employee","Regular",1,"Onsite",12.44
109822,7,25,8,102447,2013-10-10,2025-12-30,"Terminated","Voluntary","Employee","Regular",1,"Hybrid",12.22
103323,7,25,10,104566,2013-10-11,2021-09-07,"Terminated","Voluntary","Employee","Regular",1,"Hybrid",7.91
100394,7,25,3,103507,2013-10-14,2023-10-23,"Terminated","Voluntary","Employee","Regular",1,"Onsite",10.02
101835,7,25,1,104760,2013-10-27,NA,"Active",NA,"Employee","Regular",1,"Hybrid",12.37
104727,7,25,4,100805,2013-11-12,NA,"Active",NA,"Employee","Regular",1,"Hybrid",12.32
107006,7,25,5,104528,2013-11-20,NA,"Active",NA,"Employee","Regular",1,"Remote",12.3
101468,7,25,10,107114,2013-12-01,NA,"Active",NA,"Employee","Regular",1,"Hybrid",12.27
108479,7,25,5,107313,2013-12-06,NA,"Active",NA,"Employee","Regular",1,"Hybrid",12.26
102890,7,25,12,100543,2013-12-08,NA,"Active",NA,"Employee","Regular",0.8,"Hybrid",12.25
109185,7,25,11,104528,2013-12-10,NA,"Active",NA,"Employee","Regular",1,"Hybrid",12.25
108762,7,25,8,109981,2013-12-20,NA,"Active",NA,"Employee","Temporary",1,"Hybrid",12.22
107694,7,25,6,103760,2013-12-26,NA,"Active",NA,"Employee","Regular",1,"Onsite",12.2
108850,7,25,4,109435,2014-01-07,2021-01-08,"Terminated","Voluntary","Employee","Regular",1,"Remote",7
107593,7,25,5,109723,2014-01-08,NA,"Active",NA,"Employee","Regular",1,"Remote",12.17
107289,7,25,10,107991,2014-02-27,NA,"Active",NA,"Employee","Regular",1,"Remote",12.03
102065,7,25,2,108785,2014-02-28,2023-01-18,"Terminated","Voluntary","Employee","Regular",1,"Hybrid",8.89
106100,7,25,6,107940,2014-03-06,NA,"Active",NA,"Contractor","Regular",1,"Hybrid",12.01
100308,7,25,4,107354,2014-03-13,NA,"Active",NA,"Employee","Regular",1,"Hybrid",11.99
103711,7,25,8,101718,2014-03-14,NA,"Active",NA,"Employee","Regular",1,"Hybrid",11.99
109576,7,25,7,104378,2014-03-18,NA,"Active",NA,"Employee","Regular",1,"Hybrid",11.98
103010,7,25,6,107909,2014-03-19,NA,"Active",NA,"Employee","Regular",1,"Hybrid",11.98
108592,7,25,12,103956,2014-03-26,NA,"Active",NA,"Employee","Regular",1,"Hybrid",11.96
104863,7,25,3,107029,2014-04-12,2018-12-28,"Terminated","Voluntary","Employee","Regular",0.8,"Remote",4.71
101808,7,25,8,102894,2014-04-13,NA,"Active",NA,"Employee","Regular",1,"Hybrid",11.91
104922,7,25,1,107990,2014-05-06,NA,"Active",NA,"Employee","Regular",1,"Onsite",11.84
106534,7,25,1,100966,2014-05-23,NA,"Active",NA,"Employee","Regular",1,"Onsite",11.8
100795,7,25,10,104903,2014-05-26,NA,"Active",NA,"Employee","Regular",1,"Onsite",11.79
107051,7,25,1,109725,2014-06-01,2022-07-10,"Terminated","Reduction in Force","Employee","Regular",1,"Remote",8.11
109385,7,25,1,107972,2014-06-07,NA,"Active",NA,"Employee","Regular",1,"Onsite",11.76
102976,7,25,2,108736,2014-06-15,NA,"Active",NA,"Employee","Regular",1,"Remote",11.73
107804,7,25,3,103507,2014-06-16,NA,"Active",NA,"Employee","Regular",1,"Onsite",11.73
104642,7,25,2,102447,2014-06-25,2025-01-22,"Terminated","Voluntary","Employee","Regular",1,"Onsite",10.58
108080,7,25,1,106164,2014-06-27,NA,"Active",NA,"Employee","Regular",1,"Hybrid",11.7
100395,7,25,3,108736,2014-06-30,NA,"Active",NA,"Employee","Regular",1,"Hybrid",11.69
101265,7,25,3,101664,2014-07-07,2024-03-02,"Terminated","Involuntary","Employee","Regular",1,"Remote",9.65
100948,7,25,3,109982,2014-08-17,NA,"Active",NA,"Employee","Regular",1,"Hybrid",11.56
106516,7,25,2,105969,2014-08-18,NA,"Active",NA,"Employee","Temporary",0.8,"Hybrid",11.56
104415,7,25,9,105514,2014-09-02,NA,"Active",NA,"Employee","Regular",1,"Onsite",11.52
103119,7,25,4,100571,2014-09-17,NA,"Active",NA,"Employee","Regular",1,"Hybrid",11.48
100311,7,25,10,108332,2014-09-26,NA,"Active",NA,"Contractor","Regular",1,"Hybrid",11.45
108599,7,25,1,109553,2014-09-28,NA,"Active",NA,"Employee","Regular",1,"Hybrid",11.45
102715,7,25,10,104269,2014-10-06,NA,"Active",NA,"Employee","Regular",1,"Onsite",11.42
109497,7,25,12,106129,2014-10-25,NA,"Active",NA,"Contractor","Regular",1,"Onsite",11.37
106458,7,25,1,107991,2014-11-08,NA,"Active",NA,"Employee","Regular",1,"Onsite",11.33
102851,7,25,6,107029,2014-11-11,NA,"Active",NA,"Employee","Temporary",1,"Onsite",11.33
104980,7,25,2,109686,2014-11-16,NA,"Active",NA,"Employee","Regular",1,"Hybrid",11.31
103986,7,25,2,109192,2014-11-17,NA,"Active",NA,"Employee","Regular",0.8,"Hybrid",11.31
103965,7,25,8,101485,2014-11-23,NA,"Active",NA,"Employee","Regular",1,"Hybrid",11.29
107651,7,25,5,107114,2014-11-23,NA,"Active",NA,"Employee","Regular",1,"Onsite",11.29
109588,7,25,10,101027,2014-12-06,NA,"Active",NA,"Employee","Regular",0.8,"Hybrid",11.26
105549,7,25,11,105156,2014-12-10,NA,"Active",NA,"Employee","Regular",1,"Remote",11.25
106916,7,25,1,108697,2014-12-29,NA,"Active",NA,"Employee","Regular",1,"Hybrid",11.19
101163,7,25,8,104982,2015-01-17,NA,"Active",NA,"Employee","Regular",1,"Onsite",11.14
104101,7,25,1,101802,2015-01-23,NA,"Active",NA,"Employee","Regular",1,"Onsite",11.13
100058,7,25,1,101108,2015-01-24,2023-06-17,"Terminated","Voluntary","Employee","Regular",1,"Hybrid",8.39
106749,7,25,11,108697,2015-01-29,NA,"Active",NA,"Employee","Regular",0.8,"Onsite",11.11
103094,7,25,9,107990,2015-02-11,NA,"Active",NA,"Employee","Regular",1,"Hybrid",11.07
103796,7,25,3,102743,2015-02-17,NA,"Active",NA,"Employee","Regular",1,"Onsite",11.06
103568,7,25,8,108597,2015-02-23,NA,"Active",NA,"Employee","Regular",1,"Remote",11.04
100247,7,25,7,104318,2015-03-02,NA,"Active",NA,"Employee","Regular",1,"Hybrid",11.02
104056,7,25,1,103655,2015-03-09,NA,"Active",NA,"Employee","Regular",1,"Hybrid",11
101357,7,25,6,105969,2015-03-15,NA,"Active",NA,"Employee","Regular",1,"Remote",10.99
100192,7,25,2,105183,2015-03-26,NA,"Active",NA,"Employee","Regular",1,"Onsite",10.96
109047,7,25,11,105284,2015-03-26,2024-07-22,"Terminated","Voluntary","Employee","Temporary",1,"Remote",9.32
102519,7,25,3,103503,2015-03-31,NA,"Active",NA,"Employee","Regular",1,"Remote",10.94
108790,7,25,3,105666,2015-04-09,2018-12-08,"Terminated","Voluntary","Employee","Regular",1,"Hybrid",3.67
101822,7,25,9,109237,2015-04-10,2025-11-01,"Terminated","Voluntary","Employee","Regular",1,"Hybrid",10.56
105904,7,25,10,109753,2015-05-02,2025-07-21,"Terminated","Voluntary","Employee","Regular",1,"Onsite",10.22
102969,7,25,3,107774,2015-06-15,NA,"Active",NA,"Employee","Regular",1,"Onsite",10.73
103026,7,25,9,108388,2015-06-17,2022-12-16,"Terminated","Involuntary","Employee","Temporary",1,"Remote",7.5
104556,7,25,12,103593,2015-06-18,NA,"Active",NA,"Employee","Regular",1,"Hybrid",10.73
106825,7,25,2,107754,2015-07-02,NA,"Active",NA,"Employee","Regular",1,"Onsite",10.69
107633,7,25,11,103567,2015-07-10,NA,"Active",NA,"Employee","Regular",1,"Hybrid",10.67
102565,7,25,7,101802,2015-07-13,NA,"Active",NA,"Employee","Regular",1,"Onsite",10.66
102838,7,25,9,104338,2015-07-14,NA,"Active",NA,"Contractor","Regular",1,"Onsite",10.65
105210,7,25,12,104896,2015-07-19,NA,"Active",NA,"Employee","Regular",1,"Onsite",10.64
107656,7,25,8,101088,2015-08-20,NA,"Active",NA,"Employee","Temporary",1,"Onsite",10.55
101979,7,25,11,102894,2015-08-22,NA,"Active",NA,"Employee","Regular",0.8,"Onsite",10.55
100490,7,25,3,101108,2015-08-31,NA,"Active",NA,"Employee","Regular",1,"Remote",10.52
108871,7,25,9,104353,2015-09-13,2024-07-23,"Terminated","Involuntary","Employee","Regular",1,"Hybrid",8.86
108543,7,25,3,101838,2015-09-26,NA,"Active",NA,"Employee","Regular",1,"Remote",10.45
100425,7,25,11,102743,2015-10-11,2023-08-29,"Terminated","Voluntary","Employee","Regular",1,"Remote",7.88
105502,7,25,5,103276,2015-10-28,NA,"Active",NA,"Employee","Regular",1,"Remote",10.36
105161,7,25,1,106508,2015-11-10,2020-01-02,"Terminated","Voluntary","Employee","Regular",0.6,"Hybrid",4.14
106002,7,25,11,101802,2015-12-16,NA,"Active",NA,"Employee","Regular",1,"Onsite",10.23
106929,7,25,6,100104,2015-12-21,NA,"Active",NA,"Employee","Regular",1,"Hybrid",10.22
103858,7,25,6,108765,2015-12-22,NA,"Active",NA,"Employee","Regular",1,"Onsite",10.21
105550,7,25,7,104094,2016-01-05,NA,"Active",NA,"Employee","Regular",0.6,"Remote",10.18
104931,7,25,10,103655,2016-01-08,NA,"Active",NA,"Employee","Regular",1,"Hybrid",10.17
106258,7,25,1,102840,2016-01-10,NA,"Active",NA,"Employee","Regular",1,"Hybrid",10.16
107096,7,25,11,109666,2016-01-23,NA,"Active",NA,"Employee","Regular",1,"Onsite",10.13
108177,7,25,3,107591,2016-01-26,NA,"Active",NA,"Employee","Regular",1,"Remote",10.12
108381,7,25,11,102246,2016-02-03,2025-01-31,"Terminated","Voluntary","Employee","Regular",1,"Hybrid",8.99
109857,7,25,1,103710,2016-02-03,NA,"Active",NA,"Employee","Regular",1,"Hybrid",10.1
101064,7,25,6,104318,2016-02-27,NA,"Active",NA,"Employee","Regular",1,"Hybrid",10.03
104856,7,25,8,106028,2016-03-04,NA,"Active",NA,"Employee","Regular",1,"Onsite",10.02
105178,7,25,1,108407,2016-03-06,NA,"Active",NA,"Employee","Regular",1,"Remote",10.01
103533,7,25,3,102452,2016-04-05,NA,"Active",NA,"Employee","Regular",1,"Onsite",9.93
103361,7,25,9,108597,2016-05-01,NA,"Active",NA,"Employee","Regular",1,"Hybrid",9.86
106773,7,25,7,106005,2016-05-01,NA,"Active",NA,"Employee","Regular",1,"Remote",9.86
105675,7,25,8,100966,2016-05-18,NA,"Active",NA,"Employee","Regular",1,"Onsite",9.81
105819,7,25,9,106252,2016-05-26,NA,"Active",NA,"Employee","Regular",1,"Onsite",9.79
107746,7,25,9,106040,2016-08-18,NA,"Active",NA,"Employee","Regular",1,"Hybrid",9.56
100852,7,25,9,100327,2016-08-24,NA,"Active",NA,"Employee","Regular",1,"Onsite",9.54
100575,7,25,11,109237,2016-09-06,NA,"Active",NA,"Employee","Regular",1,"Hybrid",9.51
107844,7,25,5,109753,2016-09-06,2025-01-08,"Terminated","Voluntary","Employee","Regular",1,"Onsite",8.34
101604,7,25,2,106800,2016-09-23,NA,"Active",NA,"Employee","Regular",0.8,"Onsite",9.46
106006,7,25,12,107933,2016-09-24,NA,"Active",NA,"Contractor","Regular",1,"Onsite",9.46
104195,7,25,12,102423,2016-10-08,NA,"Active",NA,"Employee","Regular",1,"Onsite",9.42
106836,7,25,4,109021,2016-11-04,NA,"Active",NA,"Employee","Regular",1,"Hybrid",9.35
109606,7,25,4,105110,2016-11-19,2019-09-15,"Terminated","Involuntary","Employee","Regular",1,"Onsite",2.82
109015,7,25,2,100163,2016-11-27,2025-05-17,"Terminated","Involuntary","Employee","Regular",0.8,"Hybrid",8.47
103218,7,25,10,106038,2016-11-29,2025-07-11,"Terminated","Voluntary","Employee","Regular",1,"Hybrid",8.61
109449,7,25,12,100695,2016-12-03,NA,"Active",NA,"Employee","Regular",1,"Hybrid",9.27
104118,7,25,6,101585,2016-12-19,NA,"Active",NA,"Employee","Regular",0.8,"Onsite",9.22
102230,7,25,9,103959,2016-12-24,NA,"Active",NA,"Employee","Regular",1,"Hybrid",9.21
106689,7,25,12,105969,2017-02-26,2025-04-17,"Terminated","Involuntary","Employee","Regular",1,"Onsite",8.14
100480,7,25,7,100532,2017-02-27,NA,"Active",NA,"Employee","Regular",1,"Onsite",9.03
100194,7,25,12,104380,2017-03-09,NA,"Active",NA,"Contractor","Regular",1,"Hybrid",9
107499,7,25,7,104175,2017-03-15,NA,"Active",NA,"Employee","Regular",1,"Hybrid",8.99
105423,7,25,6,108407,2017-04-10,NA,"Active",NA,"Employee","Temporary",1,"Remote",8.92
109044,7,25,5,107561,2017-04-14,NA,"Active",NA,"Employee","Regular",1,"Onsite",8.9
107075,7,25,6,101960,2017-04-16,NA,"Active",NA,"Employee","Regular",1,"Hybrid",8.9
102705,7,25,2,100532,2017-04-17,2024-12-26,"Terminated","Reduction in Force","Employee","Regular",1,"Hybrid",7.69
108692,7,25,3,103286,2017-05-20,NA,"Active",NA,"Employee","Regular",1,"Hybrid",8.81
108280,7,25,4,109086,2017-05-27,NA,"Active",NA,"Employee","Regular",1,"Hybrid",8.79
109731,7,25,11,104528,2017-06-06,2025-02-14,"Terminated","Voluntary","Employee","Regular",1,"Onsite",7.69
100579,7,25,12,108678,2017-06-11,NA,"Active",NA,"Employee","Regular",1,"Hybrid",8.75
104919,7,25,10,107637,2017-06-21,NA,"Active",NA,"Employee","Regular",1,"Onsite",8.72
101325,7,25,1,107151,2017-06-27,NA,"Active",NA,"Employee","Regular",0.6,"Hybrid",8.7
104304,7,25,11,108388,2017-06-27,2024-09-27,"Terminated","Voluntary","Employee","Regular",1,"Remote",7.25
107106,7,25,2,107569,2017-06-27,NA,"Active",NA,"Employee","Regular",1,"Onsite",8.7
109019,7,25,4,100097,2017-06-28,NA,"Active",NA,"Employee","Regular",1,"Onsite",8.7
109215,7,25,10,107879,2017-06-30,NA,"Active",NA,"Employee","Regular",1,"Hybrid",8.69
109336,7,25,8,104636,2017-07-09,NA,"Active",NA,"Employee","Regular",1,"Onsite",8.67
108000,7,25,4,103375,2017-07-30,NA,"Active",NA,"Employee","Regular",0.8,"Remote",8.61
109029,7,25,8,100995,2017-08-10,2025-01-26,"Terminated","Involuntary","Employee","Regular",1,"Remote",7.46
102944,7,25,8,102598,2017-08-21,NA,"Active",NA,"Employee","Regular",1,"Onsite",8.55
101473,7,25,1,108588,2017-08-28,2024-07-09,"Terminated","Voluntary","Employee","Regular",1,"Remote",6.86
100087,7,25,6,109078,2017-09-09,NA,"Active",NA,"Employee","Regular",1,"Onsite",8.5
109508,7,25,7,106319,2017-09-20,NA,"Active",NA,"Employee","Regular",1,"Onsite",8.47
107486,7,25,3,109184,2017-09-27,NA,"Active",NA,"Employee","Regular",1,"Onsite",8.45
103989,7,25,11,102256,2017-09-29,NA,"Active",NA,"Employee","Regular",0.8,"Hybrid",8.44
109098,7,25,10,104094,2017-10-05,NA,"Active",NA,"Employee","Regular",1,"Remote",8.43
105710,7,25,4,103274,2017-10-10,NA,"Active",NA,"Employee","Regular",1,"Onsite",8.41
107498,7,25,11,103655,2017-10-12,NA,"Active",NA,"Employee","Temporary",1,"Remote",8.41
109171,7,25,8,103375,2017-10-26,NA,"Active",NA,"Employee","Regular",1,"Onsite",8.37
103902,7,25,12,101301,2017-11-04,NA,"Active",NA,"Employee","Regular",0.8,"Onsite",8.35
107825,7,25,8,101708,2017-11-09,NA,"Active",NA,"Employee","Regular",1,"Hybrid",8.33
102805,7,25,3,109544,2017-11-21,NA,"Active",NA,"Employee","Temporary",1,"Hybrid",8.3
105897,7,25,11,103526,2017-11-21,2018-12-20,"Terminated","Voluntary","Employee","Regular",1,"Onsite",1.08
108480,7,25,10,101605,2017-12-08,2025-01-25,"Terminated","Reduction in Force","Employee","Regular",1,"Hybrid",7.13
102076,7,25,1,106028,2017-12-18,2025-02-04,"Terminated","Reduction in Force","Employee","Temporary",1,"Hybrid",7.13
107166,7,25,4,101950,2017-12-19,NA,"Active",NA,"Employee","Regular",1,"Hybrid",8.22
108157,7,25,2,107774,2017-12-20,NA,"Active",NA,"Employee","Regular",0.8,"Hybrid",8.22
104872,7,25,12,104269,2017-12-22,NA,"Active",NA,"Employee","Regular",1,"Onsite",8.21
101550,7,25,5,105110,2017-12-30,NA,"Active",NA,"Employee","Regular",1,"Hybrid",8.19
107128,7,25,11,108424,2018-01-15,NA,"Active",NA,"Employee","Regular",1,"Hybrid",8.15
103751,7,25,6,103276,2018-01-29,NA,"Active",NA,"Employee","Regular",1,"Remote",8.11
106668,7,25,4,107637,2018-02-08,NA,"Active",NA,"Employee","Regular",0.8,"Onsite",8.08
108037,7,25,8,101625,2018-02-09,2023-10-19,"Terminated","Voluntary","Employee","Regular",1,"Hybrid",5.69
101929,7,25,10,109982,2018-03-03,NA,"Active",NA,"Employee","Regular",1,"Remote",8.02
104818,7,25,11,107991,2018-03-15,NA,"Active",NA,"Employee","Regular",1,"Onsite",7.99
107885,7,25,11,103655,2018-03-18,NA,"Active",NA,"Contractor","Regular",1,"Onsite",7.98
101565,7,25,1,103658,2018-04-09,NA,"Active",NA,"Employee","Regular",1,"Onsite",7.92
102320,7,25,8,103970,2018-04-28,NA,"Active",NA,"Employee","Regular",1,"Hybrid",7.87
103080,7,25,9,104380,2018-05-19,2021-05-15,"Terminated","Voluntary","Employee","Regular",0.6,"Onsite",2.99
100377,7,25,10,101027,2018-06-01,NA,"Active",NA,"Contractor","Regular",1,"Onsite",7.77
104450,7,25,2,105782,2018-06-04,2025-07-16,"Terminated","Voluntary","Employee","Regular",1,"Hybrid",7.12
107305,7,25,11,100104,2018-06-05,2023-06-06,"Terminated","Involuntary","Employee","Temporary",1,"Onsite",5
109639,7,25,10,107644,2018-06-05,2025-04-23,"Terminated","Voluntary","Employee","Regular",1,"Hybrid",6.88
109212,7,25,8,105284,2018-06-16,NA,"Active",NA,"Employee","Regular",1,"Hybrid",7.73
105834,7,25,6,103957,2018-06-17,NA,"Active",NA,"Employee","Regular",1,"Hybrid",7.73
108673,7,25,2,109544,2018-06-23,NA,"Active",NA,"Employee","Regular",1,"Remote",7.71
108289,7,25,10,102712,2018-06-24,2024-12-09,"Terminated","Involuntary","Employee","Regular",1,"Remote",6.46
106736,7,25,7,100715,2018-06-26,NA,"Active",NA,"Employee","Regular",1,"Remote",7.7
106230,7,25,9,105575,2018-06-27,NA,"Active",NA,"Employee","Temporary",1,"Hybrid",7.7
103612,7,25,1,105642,2018-07-05,NA,"Active",NA,"Employee","Regular",1,"Hybrid",7.68
108214,7,25,4,106005,2018-07-06,NA,"Active",NA,"Employee","Regular",0.8,"Onsite",7.68
100810,7,25,3,106244,2018-08-05,NA,"Active",NA,"Employee","Regular",1,"Hybrid",7.59
106402,7,25,7,109706,2018-08-17,NA,"Active",NA,"Employee","Regular",1,"Onsite",7.56
106926,7,25,7,107940,2018-08-24,NA,"Active",NA,"Employee","Temporary",1,"Remote",7.54
108840,7,25,4,105863,2018-09-01,NA,"Active",NA,"Employee","Regular",1,"Hybrid",7.52
101070,7,25,9,105739,2018-09-05,2025-07-02,"Terminated","Voluntary","Employee","Regular",1,"Hybrid",6.82
106426,7,25,9,101108,2018-09-16,NA,"Active",NA,"Contractor","Regular",1,"Remote",7.48
101456,7,25,9,100431,2018-11-10,NA,"Active",NA,"Employee","Regular",1,"Onsite",7.33
102759,7,25,10,100431,2018-11-21,NA,"Active",NA,"Employee","Regular",1,"Onsite",7.3
106624,7,25,8,105521,2018-11-24,NA,"Active",NA,"Employee","Regular",1,"Onsite",7.29
102182,7,25,10,100926,2018-11-27,NA,"Active",NA,"Employee","Regular",1,"Hybrid",7.28
104316,7,25,10,105156,2018-12-18,NA,"Active",NA,"Contractor","Regular",1,"Remote",7.22
109645,7,25,11,109753,2018-12-21,NA,"Active",NA,"Employee","Regular",1,"Remote",7.22
101043,7,25,6,105327,2018-12-25,NA,"Active",NA,"Employee","Regular",1,"Remote",7.21
106383,7,25,9,100327,2019-01-06,2024-11-15,"Terminated","Voluntary","Employee","Regular",1,"Hybrid",5.86
106686,7,25,10,101605,2019-02-05,NA,"Active",NA,"Employee","Regular",1,"Hybrid",7.09
104549,7,25,3,103923,2019-02-14,NA,"Active",NA,"Employee","Regular",1,"Onsite",7.07
103095,7,25,6,104353,2019-03-12,NA,"Active",NA,"Employee","Regular",1,"Onsite",6.99
101300,7,25,7,104636,2019-04-06,NA,"Active",NA,"Employee","Regular",1,"Remote",6.93
100119,7,25,9,103507,2019-05-07,2024-07-20,"Terminated","Voluntary","Employee","Regular",0.6,"Onsite",5.2
106979,7,25,10,105131,2019-05-11,2024-10-02,"Terminated","Involuntary","Employee","Regular",1,"Hybrid",5.39
107924,7,25,10,104244,2019-05-12,NA,"Active",NA,"Employee","Regular",1,"Remote",6.83
107237,7,25,2,105228,2019-05-17,NA,"Active",NA,"Employee","Regular",1,"Onsite",6.81
107163,7,25,8,107374,2019-05-23,NA,"Active",NA,"Employee","Regular",1,"Hybrid",6.8
102787,7,25,5,106319,2019-05-27,NA,"Active",NA,"Employee","Regular",1,"Onsite",6.79
105990,7,25,4,103567,2019-05-30,NA,"Active",NA,"Employee","Temporary",1,"Onsite",6.78
102344,7,25,2,109389,2019-05-31,NA,"Active",NA,"Employee","Regular",1,"Remote",6.78
102480,7,25,2,106441,2019-06-05,NA,"Active",NA,"Employee","Regular",1,"Remote",6.76
101860,7,25,7,100404,2019-06-08,NA,"Active",NA,"Contractor","Regular",1,"Onsite",6.75
104963,7,25,9,103579,2019-06-09,NA,"Active",NA,"Employee","Regular",0.6,"Remote",6.75
108917,7,25,4,105183,2019-06-15,NA,"Active",NA,"Contractor","Regular",1,"Hybrid",6.73
105872,7,25,12,100926,2019-07-30,NA,"Active",NA,"Employee","Regular",1,"Onsite",6.61
102745,7,25,1,103900,2019-08-26,NA,"Active",NA,"Employee","Regular",1,"Onsite",6.54
108780,7,25,11,107518,2019-08-26,NA,"Active",NA,"Employee","Temporary",0.6,"Hybrid",6.54
100609,7,25,2,101712,2019-08-31,NA,"Active",NA,"Employee","Regular",0.8,"Onsite",6.52
106449,7,25,7,101027,2019-09-02,NA,"Active",NA,"Contractor","Regular",1,"Hybrid",6.52
105957,7,25,9,109978,2019-09-30,2025-11-29,"Terminated","Voluntary","Employee","Temporary",1,"Hybrid",6.16
101449,7,25,9,104091,2019-10-16,NA,"Active",NA,"Employee","Regular",1,"Hybrid",6.4
108873,7,25,8,106441,2019-10-19,NA,"Active",NA,"Employee","Temporary",1,"Onsite",6.39
107962,7,25,3,106441,2019-11-12,2024-12-08,"Terminated","Voluntary","Employee","Regular",1,"Onsite",5.07
103468,7,25,12,107500,2019-11-28,2023-05-19,"Terminated","Voluntary","Employee","Regular",1,"Hybrid",3.47
106928,7,25,4,101862,2019-12-10,NA,"Active",NA,"Employee","Regular",1,"Onsite",6.25
109834,7,25,10,101862,2020-01-03,NA,"Active",NA,"Employee","Regular",1,"Onsite",6.18
104682,7,25,7,102743,2020-01-04,NA,"Active",NA,"Employee","Regular",1,"Onsite",6.18
107913,7,25,1,101862,2020-01-19,NA,"Active",NA,"Employee","Regular",1,"Onsite",6.14
103617,7,25,6,101819,2020-01-25,NA,"Active",NA,"Employee","Regular",1,"Remote",6.12
104190,7,25,2,106198,2020-02-01,NA,"Active",NA,"Employee","Regular",1,"Remote",6.1
100231,7,25,3,105110,2020-02-04,NA,"Active",NA,"Contractor","Regular",1,"Hybrid",6.09
105337,7,25,5,102908,2020-02-05,NA,"Active",NA,"Employee","Regular",1,"Hybrid",6.09
108575,7,25,10,105863,2020-02-08,NA,"Active",NA,"Employee","Regular",1,"Hybrid",6.08
107833,7,25,7,102598,2020-02-17,NA,"Active",NA,"Employee","Regular",0.8,"Onsite",6.06
109830,7,25,4,102598,2020-02-18,NA,"Active",NA,"Employee","Regular",0.8,"Onsite",6.05
108141,7,25,11,105131,2020-02-28,NA,"Active",NA,"Employee","Regular",1,"Remote",6.03
104347,7,25,2,101529,2020-03-07,NA,"Active",NA,"Employee","Regular",1,"Onsite",6.01
105204,7,25,3,102423,2020-03-12,NA,"Active",NA,"Employee","Regular",1,"Remote",5.99
105300,7,25,11,103959,2020-03-22,NA,"Active",NA,"Employee","Regular",0.8,"Hybrid",5.97
108061,7,25,1,107365,2020-03-26,NA,"Active",NA,"Employee","Regular",1,"Onsite",5.96
106328,7,25,1,105327,2020-04-16,NA,"Active",NA,"Contractor","Regular",1,"Hybrid",5.9
107877,7,25,3,101144,2020-04-21,2026-01-31,"Terminated","Voluntary","Employee","Temporary",0.8,"Remote",5.78
107373,7,25,8,106004,2020-04-27,NA,"Active",NA,"Employee","Regular",1,"Onsite",5.87
107706,7,25,6,109553,2020-04-30,NA,"Active",NA,"Employee","Regular",1,"Hybrid",5.86
109471,7,25,2,100853,2020-04-30,NA,"Active",NA,"Employee","Regular",1,"Onsite",5.86
107196,7,25,3,109544,2020-05-09,2025-05-30,"Terminated","Voluntary","Employee","Regular",1,"Hybrid",5.06
100332,7,25,5,100543,2020-05-15,2026-02-21,"Terminated","Voluntary","Employee","Regular",1,"Hybrid",5.77
103955,7,25,10,106508,2020-06-04,NA,"Active",NA,"Employee","Regular",0.8,"Hybrid",5.76
103872,7,25,4,101144,2020-06-21,NA,"Active",NA,"Employee","Regular",1,"Hybrid",5.72
107136,7,25,7,107974,2020-06-25,NA,"Active",NA,"Employee","Regular",1,"Hybrid",5.71
109175,7,25,12,109771,2020-06-29,NA,"Active",NA,"Employee","Regular",1,"Onsite",5.7
103993,7,25,8,109085,2020-07-01,NA,"Active",NA,"Employee","Regular",0.8,"Remote",5.69
102299,7,25,2,104906,2020-07-14,NA,"Active",NA,"Employee","Regular",1,"Hybrid",5.65
107031,7,25,12,104636,2020-07-28,2026-02-09,"Terminated","Voluntary","Employee","Regular",1,"Hybrid",5.54
102957,7,25,5,109393,2020-08-17,NA,"Active",NA,"Contractor","Regular",1,"Remote",5.56
107915,7,25,6,107518,2020-08-21,NA,"Active",NA,"Contractor","Regular",1,"Onsite",5.55
108639,7,25,6,104099,2020-08-26,NA,"Active",NA,"Employee","Regular",1,"Onsite",5.54
102621,7,25,11,107354,2020-09-01,NA,"Active",NA,"Employee","Regular",1,"Onsite",5.52
106551,7,25,1,105782,2020-09-09,NA,"Active",NA,"Employee","Regular",0.6,"Onsite",5.5
104968,7,25,12,107754,2020-09-24,NA,"Active",NA,"Employee","Regular",1,"Onsite",5.46
108208,7,25,3,101268,2020-10-01,NA,"Active",NA,"Employee","Regular",1,"Hybrid",5.44
108689,7,25,6,105158,2020-10-19,NA,"Active",NA,"Employee","Regular",1,"Remote",5.39
100799,7,25,10,109389,2020-10-22,NA,"Active",NA,"Employee","Regular",1,"Hybrid",5.38
104905,7,25,12,105183,2020-10-23,NA,"Active",NA,"Employee","Regular",1,"Onsite",5.38
106554,7,25,8,109464,2020-10-23,NA,"Active",NA,"Employee","Regular",1,"Hybrid",5.38
106114,7,25,8,103773,2020-11-03,NA,"Active",NA,"Employee","Temporary",1,"Remote",5.35
106224,7,25,1,104526,2020-11-19,NA,"Active",NA,"Employee","Regular",1,"Remote",5.3
108383,7,25,12,106760,2020-11-19,NA,"Active",NA,"Employee","Regular",1,"Hybrid",5.3
107202,7,25,5,101268,2021-01-02,2025-02-10,"Terminated","Voluntary","Employee","Regular",0.8,"Onsite",4.11
107662,7,25,12,106005,2021-01-16,NA,"Active",NA,"Employee","Regular",0.6,"Hybrid",5.15
105513,7,25,11,106441,2021-03-08,NA,"Active",NA,"Employee","Regular",1,"Remote",5.01
105733,7,25,2,103286,2021-03-19,NA,"Active",NA,"Employee","Regular",1,"Onsite",4.98
107408,7,25,12,109389,2021-03-20,NA,"Active",NA,"Employee","Regular",0.8,"Remote",4.97
109026,7,25,8,105284,2021-03-21,NA,"Active",NA,"Employee","Regular",1,"Onsite",4.97
107147,7,25,4,109078,2021-03-23,NA,"Active",NA,"Employee","Regular",1,"Hybrid",4.96
104234,7,25,7,107561,2021-04-06,2024-10-28,"Terminated","Reduction in Force","Employee","Regular",1,"Remote",3.56
101765,7,25,3,108931,2021-04-23,NA,"Active",NA,"Employee","Regular",1,"Remote",4.88
105784,7,25,5,101529,2021-05-04,NA,"Active",NA,"Employee","Regular",1,"Onsite",4.85
107652,7,25,5,109435,2021-05-08,NA,"Active",NA,"Employee","Regular",1,"Remote",4.84
104230,7,25,7,105400,2021-05-09,NA,"Active",NA,"Employee","Regular",1,"Hybrid",4.84
109422,7,25,1,104091,2021-05-23,NA,"Active",NA,"Employee","Regular",1,"Remote",4.8
106091,7,25,3,104447,2021-06-08,NA,"Active",NA,"Employee","Regular",1,"Onsite",4.75
103166,7,25,9,106129,2021-06-22,NA,"Active",NA,"Employee","Regular",1,"Remote",4.72
109624,7,25,4,103269,2021-06-30,NA,"Active",NA,"Employee","Regular",1,"Remote",4.69
103673,7,25,5,106663,2021-07-20,NA,"Active",NA,"Employee","Regular",0.8,"Onsite",4.64
104519,7,25,11,103900,2021-07-24,NA,"Active",NA,"Contractor","Regular",1,"Hybrid",4.63
109669,7,25,6,105110,2021-07-28,NA,"Active",NA,"Employee","Regular",1,"Hybrid",4.62
101893,7,25,3,106921,2021-08-01,NA,"Active",NA,"Employee","Regular",1,"Hybrid",4.61
100836,7,25,3,101828,2021-08-10,NA,"Active",NA,"Employee","Regular",1,"Hybrid",4.58
106012,7,25,4,102419,2021-08-15,NA,"Active",NA,"Employee","Regular",1,"Onsite",4.57
101445,7,25,3,102762,2021-08-17,NA,"Active",NA,"Employee","Regular",1,"Onsite",4.56
108846,7,25,3,101688,2021-08-19,NA,"Active",NA,"Employee","Regular",1,"Onsite",4.56
107575,7,25,10,107569,2021-09-05,NA,"Active",NA,"Employee","Temporary",1,"Remote",4.51
108727,7,25,12,108103,2021-09-06,NA,"Active",NA,"Employee","Regular",0.8,"Remote",4.51
109174,7,25,11,104636,2021-09-15,NA,"Active",NA,"Employee","Regular",1,"Hybrid",4.48
101164,7,25,5,101718,2021-09-16,NA,"Active",NA,"Employee","Regular",1,"Onsite",4.48
109812,7,25,11,107644,2021-09-21,NA,"Active",NA,"Employee","Temporary",0.6,"Hybrid",4.47
106068,7,25,3,108765,2021-10-29,NA,"Active",NA,"Contractor","Regular",1,"Onsite",4.36
108333,7,25,9,103045,2021-10-30,NA,"Active",NA,"Employee","Regular",1,"Hybrid",4.36
103784,7,25,10,103930,2021-11-01,NA,"Active",NA,"Employee","Regular",1,"Hybrid",4.35
104426,7,25,9,103507,2021-11-05,2026-02-04,"Terminated","Voluntary","Employee","Regular",1,"Hybrid",4.25
107764,7,25,6,108931,2021-12-02,NA,"Active",NA,"Employee","Regular",1,"Remote",4.27
107203,7,25,11,100543,2021-12-17,NA,"Active",NA,"Employee","Regular",1,"Hybrid",4.23
102656,7,25,4,103704,2021-12-31,NA,"Active",NA,"Employee","Regular",1,"Hybrid",4.19
105830,7,25,1,106357,2022-01-05,NA,"Active",NA,"Employee","Regular",1,"Hybrid",4.18
108983,7,25,9,103503,2022-01-27,NA,"Active",NA,"Employee","Regular",1,"Onsite",4.12
103106,7,25,4,105195,2022-03-08,NA,"Active",NA,"Employee","Regular",1,"Hybrid",4.01
109994,7,25,1,104091,2022-03-13,NA,"Active",NA,"Employee","Regular",1,"Hybrid",3.99
105515,7,25,5,101838,2022-03-19,NA,"Active",NA,"Employee","Regular",0.6,"Hybrid",3.98
104780,7,25,8,105110,2022-04-02,NA,"Active",NA,"Employee","Regular",0.8,"Remote",3.94
109405,7,25,6,105284,2022-04-23,NA,"Active",NA,"Employee","Regular",1,"Onsite",3.88
100755,7,25,8,107637,2022-05-28,NA,"Active",NA,"Employee","Regular",1,"Onsite",3.78
109940,7,25,4,102762,2022-06-02,NA,"Active",NA,"Employee","Regular",1,"Onsite",3.77
104434,7,25,10,100805,2022-06-20,NA,"Active",NA,"Employee","Regular",1,"Onsite",3.72
102023,7,25,5,103930,2022-06-30,NA,"Active",NA,"Employee","Regular",1,"Hybrid",3.69
102999,7,25,2,102894,2022-06-30,NA,"Active",NA,"Employee","Regular",0.6,"Onsite",3.69
103635,7,25,6,100097,2022-07-13,NA,"Active",NA,"Employee","Regular",1,"Onsite",3.66
109965,7,25,7,104760,2022-07-15,NA,"Active",NA,"Employee","Regular",0.6,"Onsite",3.65
102796,7,25,3,108627,2022-08-09,NA,"Active",NA,"Employee","Regular",1,"Onsite",3.58
107472,7,25,11,103375,2022-08-15,2025-06-15,"Terminated","Involuntary","Employee","Regular",1,"Onsite",2.83
109386,7,25,4,107909,2022-08-20,NA,"Active",NA,"Employee","Regular",1,"Hybrid",3.55
104117,7,25,1,102826,2022-08-21,NA,"Active",NA,"Employee","Regular",1,"Hybrid",3.55
109315,7,25,10,109544,2022-08-28,NA,"Active",NA,"Employee","Temporary",0.8,"Remote",3.53
104907,7,25,4,101301,2022-08-29,NA,"Active",NA,"Employee","Regular",1,"Onsite",3.53
106821,7,25,9,102743,2022-09-20,NA,"Active",NA,"Employee","Regular",1,"Hybrid",3.47
100891,7,25,11,101485,2022-09-21,NA,"Active",NA,"Employee","Regular",1,"Hybrid",3.47
100248,7,25,3,106330,2022-09-28,NA,"Active",NA,"Employee","Regular",1,"Onsite",3.45
103385,7,25,3,104132,2022-09-29,NA,"Active",NA,"Employee","Regular",1,"Hybrid",3.44
108036,7,25,8,106600,2022-10-04,2025-07-13,"Terminated","Involuntary","Employee","Regular",1,"Onsite",2.77
108391,7,25,9,107500,2022-10-14,NA,"Active",NA,"Employee","Regular",1,"Hybrid",3.4
103604,7,25,12,104636,2022-10-24,2026-02-28,"Terminated","Voluntary","Employee","Regular",1,"Hybrid",3.35
109318,7,25,12,103667,2022-10-24,NA,"Active",NA,"Employee","Regular",0.8,"Hybrid",3.38
102883,7,25,3,106252,2022-10-31,NA,"Active",NA,"Employee","Regular",1,"Onsite",3.36
104791,7,25,3,108697,2022-11-08,NA,"Active",NA,"Employee","Temporary",1,"Onsite",3.33
105743,7,25,2,108020,2022-11-16,NA,"Active",NA,"Employee","Regular",1,"Remote",3.31
108427,7,25,10,104760,2022-12-07,2024-12-29,"Terminated","Voluntary","Employee","Regular",1,"Remote",2.06
105497,7,25,4,101712,2022-12-10,NA,"Active",NA,"Employee","Regular",1,"Hybrid",3.25
102434,7,25,8,100805,2022-12-16,NA,"Active",NA,"Employee","Temporary",1,"Onsite",3.23
109116,7,25,10,107365,2022-12-28,NA,"Active",NA,"Employee","Regular",1,"Hybrid",3.2
106475,7,25,9,106806,2023-01-03,NA,"Active",NA,"Employee","Regular",1,"Hybrid",3.18
109082,7,25,11,103923,2023-01-06,NA,"Active",NA,"Employee","Regular",1,"Remote",3.17
104414,7,25,9,101485,2023-01-09,NA,"Active",NA,"Employee","Regular",1,"Onsite",3.16
103227,7,25,4,100966,2023-01-20,NA,"Active",NA,"Employee","Regular",0.6,"Hybrid",3.13
100840,7,25,1,100415,2023-01-24,NA,"Active",NA,"Employee","Regular",1,"Remote",3.12
106442,7,25,3,107774,2023-01-26,NA,"Active",NA,"Employee","Regular",1,"Remote",3.12
109099,7,25,6,103503,2023-02-25,NA,"Active",NA,"Employee","Regular",0.6,"Hybrid",3.04
107971,7,25,12,106164,2023-03-01,NA,"Active",NA,"Employee","Regular",0.8,"Onsite",3.02
106684,7,25,10,102743,2023-03-09,2025-01-03,"Terminated","Involuntary","Employee","Regular",1,"Hybrid",1.82
103631,7,25,5,103925,2023-04-11,NA,"Active",NA,"Employee","Regular",1,"Hybrid",2.91
102794,7,25,2,106800,2023-04-15,NA,"Active",NA,"Employee","Regular",1,"Hybrid",2.9
102121,7,25,11,104132,2023-05-26,NA,"Active",NA,"Employee","Temporary",1,"Hybrid",2.79
105862,7,25,1,100522,2023-05-27,NA,"Active",NA,"Employee","Regular",1,"Hybrid",2.79
106459,7,25,12,108165,2023-05-28,NA,"Active",NA,"Employee","Regular",0.8,"Onsite",2.78
103753,7,25,11,100571,2023-06-05,NA,"Active",NA,"Employee","Regular",1,"Remote",2.76
102751,7,25,8,109686,2023-06-11,NA,"Active",NA,"Employee","Temporary",1,"Onsite",2.75
108217,7,25,10,109753,2023-06-30,NA,"Active",NA,"Employee","Regular",1,"Onsite",2.69
104748,7,25,7,109192,2023-07-02,NA,"Active",NA,"Employee","Temporary",1,"Onsite",2.69
103488,7,25,8,103667,2023-07-06,NA,"Active",NA,"Employee","Regular",1,"Onsite",2.68
109151,7,25,5,108588,2023-08-06,NA,"Active",NA,"Employee","Regular",1,"Onsite",2.59
102470,7,25,8,101144,2023-08-13,NA,"Active",NA,"Employee","Regular",1,"Onsite",2.57
102899,7,25,12,102636,2023-08-13,NA,"Active",NA,"Employee","Regular",1,"Onsite",2.57
103373,7,25,1,100010,2023-08-14,NA,"Active",NA,"Employee","Regular",1,"Hybrid",2.57
102131,7,25,3,103274,2023-08-18,NA,"Active",NA,"Employee","Regular",0.6,"Onsite",2.56
102024,7,25,1,101144,2023-09-25,NA,"Active",NA,"Employee","Regular",1,"Hybrid",2.45
109654,7,25,11,106164,2023-10-12,NA,"Active",NA,"Employee","Regular",1,"Hybrid",2.41
108907,7,25,3,105730,2023-10-17,NA,"Active",NA,"Employee","Regular",0.8,"Onsite",2.39
106924,7,25,11,106806,2023-10-28,NA,"Active",NA,"Employee","Regular",1,"Hybrid",2.36
102689,7,25,11,101625,2023-10-31,NA,"Active",NA,"Employee","Regular",1,"Hybrid",2.36
102418,7,25,1,106129,2023-11-10,NA,"Active",NA,"Employee","Regular",1,"Onsite",2.33
108003,7,25,9,103773,2023-11-15,NA,"Active",NA,"Employee","Regular",1,"Remote",2.32
100002,7,25,10,109723,2023-11-20,NA,"Active",NA,"Employee","Temporary",1,"Hybrid",2.3
108750,7,25,11,107754,2023-11-21,NA,"Active",NA,"Employee","Regular",1,"Remote",2.3
109384,7,25,6,109290,2023-12-03,NA,"Active",NA,"Employee","Regular",1,"Remote",2.27
109781,7,25,3,102598,2023-12-12,NA,"Active",NA,"Employee","Regular",0.8,"Hybrid",2.24
109236,7,25,2,104982,2023-12-18,NA,"Active",NA,"Employee","Regular",1,"Remote",2.22
103449,7,25,9,101301,2024-01-20,NA,"Active",NA,"Employee","Regular",1,"Remote",2.13
102208,7,25,2,104903,2024-01-28,NA,"Active",NA,"Employee","Regular",1,"Remote",2.11
100740,7,25,11,107909,2024-02-12,NA,"Active",NA,"Employee","Regular",1,"Remote",2.07
102285,7,25,3,106357,2024-02-17,NA,"Active",NA,"Employee","Regular",1,"Hybrid",2.06
105317,7,25,3,104269,2024-02-19,NA,"Active",NA,"Employee","Regular",1,"Remote",2.05
106948,7,25,10,100571,2024-02-25,NA,"Active",NA,"Employee","Regular",1,"Onsite",2.04
106305,7,25,12,107518,2024-03-04,NA,"Active",NA,"Employee","Regular",1,"Hybrid",2.02
100767,7,25,2,105131,2024-03-05,NA,"Active",NA,"Employee","Regular",1,"Hybrid",2.01
109294,7,25,11,107518,2024-03-05,NA,"Active",NA,"Employee","Regular",1,"Remote",2.01
105127,7,25,4,105400,2024-03-10,NA,"Active",NA,"Employee","Regular",1,"Remote",2
100056,7,25,6,100522,2024-03-17,NA,"Active",NA,"Employee","Regular",0.8,"Remote",1.98
102752,7,25,1,108020,2024-03-27,NA,"Active",NA,"Employee","Regular",1,"Hybrid",1.95
109461,7,25,9,109772,2024-04-25,NA,"Active",NA,"Employee","Temporary",1,"Onsite",1.87
105006,7,25,2,101607,2024-06-04,NA,"Active",NA,"Employee","Regular",0.6,"Hybrid",1.76
102018,7,25,12,106357,2024-06-08,NA,"Active",NA,"Employee","Regular",1,"Onsite",1.75
103454,7,25,3,109725,2024-06-14,NA,"Active",NA,"Employee","Regular",1,"Hybrid",1.74
103419,7,25,5,105739,2024-06-22,NA,"Active",NA,"Contractor","Regular",1,"Hybrid",1.72
103500,7,25,4,109982,2024-06-27,NA,"Active",NA,"Employee","Temporary",1,"Onsite",1.7
101024,7,25,2,103930,2024-07-13,NA,"Active",NA,"Employee","Regular",1,"Remote",1.66
105376,7,25,6,106387,2024-08-15,NA,"Active",NA,"Contractor","Temporary",1,"Onsite",1.57
108359,7,25,2,105666,2024-08-21,NA,"Active",NA,"Employee","Regular",1,"Onsite",1.55
107139,7,25,11,103655,2024-08-26,NA,"Active",NA,"Employee","Regular",0.6,"Onsite",1.54
106417,7,25,1,102678,2024-09-17,NA,"Active",NA,"Employee","Regular",1,"Hybrid",1.48
109397,7,25,12,102501,2024-09-19,NA,"Active",NA,"Employee","Regular",1,"Hybrid",1.47
104257,7,25,10,106759,2024-09-25,NA,"Active",NA,"Employee","Regular",1,"Hybrid",1.45
103163,7,25,7,104903,2024-10-09,NA,"Active",NA,"Employee","Regular",1,"Hybrid",1.42
104666,7,25,7,103375,2024-10-21,NA,"Active",NA,"Employee","Regular",1,"Remote",1.38
107084,7,25,9,106600,2024-10-24,NA,"Active",NA,"Employee","Regular",1,"Hybrid",1.38
104065,7,25,2,106806,2024-10-27,NA,"Active",NA,"Employee","Regular",1,"Onsite",1.37
107680,7,25,9,107500,2024-11-15,NA,"Active",NA,"Employee","Regular",0.6,"Onsite",1.32
107584,7,25,7,106164,2024-11-21,NA,"Active",NA,"Employee","Regular",1,"Onsite",1.3
102211,7,25,11,106198,2024-12-10,NA,"Active",NA,"Employee","Regular",1,"Hybrid",1.25
100238,7,25,3,109956,2024-12-23,NA,"Active",NA,"Contractor","Regular",1,"Hybrid",1.21
103845,7,25,3,105514,2024-12-30,NA,"Active",NA,"Employee","Regular",1,"Hybrid",1.19
102644,7,25,10,103011,2025-01-12,NA,"Active",NA,"Employee","Regular",1,"Onsite",1.16
105562,7,25,1,106244,2025-02-16,NA,"Active",NA,"Employee","Regular",1,"Remote",1.06
109891,7,25,11,103286,2025-02-23,NA,"Active",NA,"Employee","Regular",1,"Hybrid",1.04
106085,7,25,6,103276,2025-03-04,NA,"Active",NA,"Employee","Regular",1,"Onsite",1.02
100972,7,25,1,103970,2025-03-19,NA,"Active",NA,"Employee","Regular",0.6,"Remote",0.98
105888,7,25,8,103149,2025-03-30,NA,"Active",NA,"Employee","Regular",1,"Onsite",0.95
105141,7,25,3,102423,2025-04-06,NA,"Active",NA,"Employee","Regular",1,"Onsite",0.93
105449,7,25,6,103704,2025-04-12,NA,"Active",NA,"Employee","Regular",1,"Hybrid",0.91
100384,7,25,3,104338,2025-04-19,NA,"Active",NA,"Employee","Regular",0.6,"Onsite",0.89
102262,7,25,2,100522,2025-05-09,NA,"Active",NA,"Employee","Regular",1,"Hybrid",0.84
104952,7,25,1,105514,2025-05-16,NA,"Active",NA,"Employee","Regular",1,"Remote",0.82
100015,7,25,9,107518,2025-05-24,NA,"Active",NA,"Employee","Regular",1,"Onsite",0.79
101324,7,25,6,107644,2025-06-11,NA,"Active",NA,"Employee","Regular",1,"Hybrid",0.75
105644,7,25,7,109771,2025-06-13,NA,"Active",NA,"Employee","Regular",1,"Remote",0.74
101335,7,25,1,106441,2025-06-24,NA,"Active",NA,"Employee","Regular",1,"Remote",0.71
109156,7,25,4,103870,2025-07-18,NA,"Active",NA,"Employee","Regular",1,"Hybrid",0.64
105382,7,25,10,107313,2025-07-27,NA,"Active",NA,"Employee","Regular",1,"Hybrid",0.62
102779,7,25,3,102636,2025-07-28,NA,"Active",NA,"Employee","Regular",1,"Remote",0.62
102103,7,25,8,104175,2025-07-30,NA,"Active",NA,"Employee","Regular",1,"Onsite",0.61
103738,7,25,2,107151,2025-08-11,NA,"Active",NA,"Employee","Regular",1,"Hybrid",0.58
108195,7,25,7,101301,2025-08-16,NA,"Active",NA,"Employee","Regular",1,"Onsite",0.56
104835,7,25,9,101712,2025-08-30,NA,"Active",NA,"Employee","Regular",1,"Onsite",0.53
101153,7,25,1,108678,2025-09-07,NA,"Active",NA,"Employee","Regular",1,"Onsite",0.5
103516,7,25,11,105284,2025-09-22,NA,"Active",NA,"Employee","Regular",1,"Remote",0.46
101218,7,25,1,108020,2025-09-29,NA,"Active",NA,"Employee","Regular",1,"Hybrid",0.44
105240,7,25,7,107114,2025-10-14,NA,"Active",NA,"Employee","Regular",1,"Remote",0.4
102486,7,25,1,101950,2025-10-18,NA,"Active",NA,"Employee","Regular",1,"Remote",0.39
108654,7,25,10,108424,2025-10-18,NA,"Active",NA,"Employee","Regular",1,"Remote",0.39
103832,7,25,6,100010,2025-10-29,NA,"Active",NA,"Employee","Regular",1,"Hybrid",0.36
100959,7,25,7,107221,2025-10-31,NA,"Active",NA,"Employee","Regular",1,"Hybrid",0.36
106210,7,25,8,103286,2025-11-16,NA,"Active",NA,"Employee","Regular",1,"Hybrid",0.31
107989,7,25,9,107940,2025-12-03,NA,"Active",NA,"Employee","Regular",1,"Onsite",0.27
105705,7,25,4,102908,2025-12-07,NA,"Active",NA,"Employee","Regular",1,"Hybrid",0.25
103273,7,25,6,103710,2025-12-17,NA,"Active",NA,"Employee","Regular",1,"Hybrid",0.23
102111,7,25,9,104269,2025-12-23,NA,"Active",NA,"Employee","Regular",1,"Onsite",0.21
104649,7,25,4,101708,2025-12-29,NA,"Active",NA,"Employee","Regular",1,"Hybrid",0.19
106754,7,25,11,109981,2025-12-31,NA,"Active",NA,"Employee","Regular",1,"Onsite",0.19
104205,7,25,1,102636,2026-01-21,NA,"Active",NA,"Employee","Regular",1,"Hybrid",0.13
107717,7,25,11,101605,2026-01-24,NA,"Active",NA,"Employee","Regular",1,"Hybrid",0.12
108182,8,28,9,103933,2013-01-20,NA,"Active",NA,"Employee","Regular",1,"Hybrid",13.13
105731,8,28,3,100645,2013-01-22,NA,"Active",NA,"Employee","Regular",0.6,"Hybrid",13.13
104675,8,28,5,100468,2013-01-27,NA,"Active",NA,"Employee","Regular",1,"Hybrid",13.12
101090,8,28,8,105409,2013-02-09,NA,"Active",NA,"Employee","Regular",1,"Remote",13.08
109283,8,28,9,100401,2013-02-17,NA,"Active",NA,"Employee","Regular",1,"Onsite",13.06
100108,8,28,7,101382,2013-02-18,NA,"Active",NA,"Employee","Regular",1,"Hybrid",13.05
105604,8,28,8,103539,2013-02-18,2018-12-27,"Terminated","Voluntary","Employee","Temporary",1,"Remote",5.85
103316,8,28,2,106447,2013-02-23,NA,"Active",NA,"Employee","Regular",1,"Hybrid",13.04
102674,8,28,7,101438,2013-03-12,2018-02-14,"Terminated","Involuntary","Employee","Temporary",1,"Hybrid",4.93
109520,8,28,11,109746,2013-04-01,2020-10-21,"Terminated","Voluntary","Contractor","Regular",1,"Onsite",7.56
106983,8,28,10,106615,2013-04-06,NA,"Active",NA,"Contractor","Regular",1,"Onsite",12.93
105547,8,28,3,103899,2013-04-08,2020-10-05,"Terminated","Voluntary","Employee","Regular",1,"Hybrid",7.49
108060,8,28,2,104522,2013-04-19,NA,"Active",NA,"Employee","Regular",1,"Hybrid",12.89
106064,8,28,2,104796,2013-05-03,NA,"Active",NA,"Employee","Regular",1,"Remote",12.85
100091,8,28,3,109728,2013-05-05,NA,"Active",NA,"Employee","Regular",1,"Hybrid",12.85
107446,8,28,12,107231,2013-05-12,NA,"Active",NA,"Employee","Regular",1,"Hybrid",12.83
109742,8,28,10,108659,2013-05-19,NA,"Active",NA,"Employee","Regular",1,"Remote",12.81
108155,8,28,8,105472,2013-05-30,2020-10-13,"Terminated","Voluntary","Employee","Regular",1,"Onsite",7.37
107849,8,28,4,105639,2013-05-31,NA,"Active",NA,"Employee","Regular",1,"Onsite",12.78
108595,8,28,4,100499,2013-06-02,2021-02-10,"Terminated","Voluntary","Employee","Regular",1,"Remote",7.69
103215,8,28,7,108834,2013-06-08,NA,"Active",NA,"Employee","Regular",1,"Hybrid",12.75
101443,8,28,5,106779,2013-06-15,NA,"Active",NA,"Employee","Regular",1,"Remote",12.73
109677,8,28,4,109733,2013-06-20,2018-04-27,"Terminated","Voluntary","Employee","Regular",1,"Onsite",4.85
104023,8,28,9,107502,2013-06-27,NA,"Active",NA,"Employee","Regular",0.8,"Hybrid",12.7
102562,8,28,4,108272,2013-06-30,NA,"Active",NA,"Employee","Regular",1,"Hybrid",12.69
104684,8,28,11,109617,2013-07-17,NA,"Active",NA,"Employee","Temporary",1,"Hybrid",12.65
102479,8,28,5,101746,2013-07-19,NA,"Active",NA,"Employee","Regular",1,"Onsite",12.64
104006,8,28,3,106688,2013-07-23,NA,"Active",NA,"Employee","Regular",0.6,"Onsite",12.63
101516,8,28,6,105252,2013-07-25,NA,"Active",NA,"Employee","Regular",1,"Hybrid",12.62
107872,8,28,11,100552,2013-07-30,NA,"Active",NA,"Contractor","Regular",1,"Hybrid",12.61
105441,8,28,4,104236,2013-08-14,NA,"Active",NA,"Employee","Regular",1,"Remote",12.57
105142,8,28,4,104557,2013-08-17,NA,"Active",NA,"Employee","Regular",0.8,"Onsite",12.56
109647,8,28,2,103260,2013-08-24,NA,"Active",NA,"Employee","Regular",1,"Onsite",12.54
103642,8,28,1,100645,2013-09-02,NA,"Active",NA,"Employee","Regular",1,"Hybrid",12.52
100276,8,28,1,103935,2013-09-05,NA,"Active",NA,"Employee","Regular",1,"Hybrid",12.51
103437,8,28,11,101382,2013-09-19,NA,"Active",NA,"Employee","Regular",1,"Hybrid",12.47
103233,8,28,2,104514,2013-09-25,NA,"Active",NA,"Employee","Regular",1,"Hybrid",12.45
103613,8,28,12,102083,2013-09-26,2020-06-28,"Terminated","Involuntary","Employee","Regular",0.8,"Hybrid",6.75
104707,8,28,1,108056,2013-09-27,NA,"Active",NA,"Employee","Regular",1,"Remote",12.45
100857,8,28,7,103303,2013-10-09,NA,"Active",NA,"Employee","Regular",1,"Hybrid",12.42
105194,8,28,2,101647,2013-10-11,NA,"Active",NA,"Employee","Regular",0.6,"Hybrid",12.41
108699,8,28,1,103594,2013-10-14,NA,"Active",NA,"Employee","Regular",1,"Onsite",12.4
105613,8,28,1,108893,2013-10-20,2020-11-10,"Terminated","Voluntary","Employee","Regular",1,"Onsite",7.06
104663,8,28,5,109035,2013-10-26,NA,"Active",NA,"Employee","Regular",1,"Hybrid",12.37
100874,8,28,7,109368,2013-10-30,NA,"Active",NA,"Employee","Regular",0.6,"Hybrid",12.36
100777,8,28,2,107688,2013-11-05,NA,"Active",NA,"Employee","Regular",1,"Onsite",12.34
106041,8,28,7,103513,2013-11-07,NA,"Active",NA,"Employee","Regular",1,"Hybrid",12.34
103728,8,28,1,108659,2013-11-29,NA,"Active",NA,"Employee","Regular",1,"Onsite",12.28
106172,8,28,5,101256,2013-12-02,NA,"Active",NA,"Employee","Regular",1,"Onsite",12.27
109590,8,28,6,102197,2013-12-26,NA,"Active",NA,"Employee","Regular",0.8,"Remote",12.2
105828,8,28,3,108981,2013-12-28,NA,"Active",NA,"Employee","Regular",1,"Remote",12.2
102750,8,28,7,106046,2014-01-07,NA,"Active",NA,"Employee","Regular",1,"Onsite",12.17
102185,8,28,6,104409,2014-01-08,2018-04-26,"Terminated","Reduction in Force","Employee","Regular",1,"Hybrid",4.3
102946,8,28,11,100788,2014-01-10,2022-07-14,"Terminated","Voluntary","Employee","Regular",0.8,"Hybrid",8.51
103197,8,28,7,106645,2014-01-18,NA,"Active",NA,"Employee","Regular",0.8,"Onsite",12.14
103156,8,28,10,106838,2014-01-31,2020-05-24,"Terminated","Voluntary","Employee","Regular",1,"Onsite",6.31
103438,8,28,6,107428,2014-02-01,NA,"Active",NA,"Employee","Regular",1,"Remote",12.1
106770,8,28,7,106744,2014-02-06,2020-12-03,"Terminated","Voluntary","Employee","Regular",1,"Onsite",6.82
104793,8,28,12,104514,2014-02-09,NA,"Active",NA,"Employee","Temporary",1,"Onsite",12.08
108922,8,28,4,105964,2014-02-14,NA,"Active",NA,"Employee","Temporary",1,"Onsite",12.07
105165,8,28,2,109529,2014-03-05,NA,"Active",NA,"Employee","Temporary",1,"Hybrid",12.01
104344,8,28,11,106617,2014-03-16,2025-09-12,"Terminated","Voluntary","Employee","Regular",1,"Onsite",11.49
105864,8,28,4,102728,2014-03-22,2022-05-10,"Terminated","Voluntary","Employee","Regular",1,"Onsite",8.13
101816,8,28,5,107725,2014-03-27,2022-11-06,"Terminated","Voluntary","Employee","Regular",1,"Onsite",8.61
103802,8,28,4,109220,2014-03-27,NA,"Active",NA,"Employee","Regular",1,"Onsite",11.95
100206,8,28,6,107938,2014-04-03,NA,"Active",NA,"Employee","Temporary",1,"Hybrid",11.93
100152,8,28,10,107177,2014-04-05,NA,"Active",NA,"Employee","Regular",1,"Hybrid",11.93
103311,8,28,12,100118,2014-04-10,NA,"Active",NA,"Employee","Temporary",1,"Hybrid",11.92
105329,8,28,8,107650,2014-04-10,NA,"Active",NA,"Employee","Regular",1,"Onsite",11.92
108638,8,28,3,108717,2014-04-13,NA,"Active",NA,"Employee","Regular",1,"Hybrid",11.91
103183,8,28,12,106577,2014-04-17,NA,"Active",NA,"Employee","Regular",1,"Onsite",11.9
106563,8,28,6,101405,2014-04-17,NA,"Active",NA,"Employee","Regular",1,"Onsite",11.9
108966,8,28,7,109866,2014-04-22,NA,"Active",NA,"Employee","Regular",1,"Onsite",11.88
102862,8,28,3,109550,2014-05-07,NA,"Active",NA,"Employee","Regular",1,"Hybrid",11.84
100138,8,28,1,100063,2014-05-10,NA,"Active",NA,"Employee","Regular",1,"Hybrid",11.83
105189,8,28,8,101008,2014-05-24,NA,"Active",NA,"Employee","Regular",1,"Hybrid",11.79
109279,8,28,9,100406,2014-06-20,NA,"Active",NA,"Employee","Regular",1,"Hybrid",11.72
104803,8,28,2,103562,2014-07-02,NA,"Active",NA,"Employee","Regular",1,"Onsite",11.69
107245,8,28,12,108976,2014-07-09,2022-01-22,"Terminated","Involuntary","Employee","Regular",1,"Remote",7.54
107309,8,28,12,109820,2014-07-09,NA,"Active",NA,"Employee","Regular",1,"Hybrid",11.67
107823,8,28,3,108396,2014-07-13,NA,"Active",NA,"Employee","Regular",0.8,"Remote",11.66
104735,8,28,1,105349,2014-07-21,NA,"Active",NA,"Employee","Regular",1,"Onsite",11.64
105683,8,28,3,103499,2014-07-21,NA,"Active",NA,"Employee","Regular",1,"Hybrid",11.64
103200,8,28,12,101847,2014-07-22,NA,"Active",NA,"Employee","Regular",1,"Onsite",11.63
102619,8,28,4,108524,2014-08-09,NA,"Active",NA,"Employee","Regular",1,"Hybrid",11.58
104254,8,28,11,105353,2014-08-09,2023-05-30,"Terminated","Voluntary","Employee","Regular",1,"Hybrid",8.81
106816,8,28,9,109617,2014-08-22,NA,"Active",NA,"Contractor","Regular",1,"Hybrid",11.55
106001,8,28,9,107344,2014-08-23,NA,"Active",NA,"Employee","Regular",1,"Hybrid",11.55
108117,8,28,10,104937,2014-08-30,NA,"Active",NA,"Employee","Regular",1,"Onsite",11.53
101313,8,28,1,108121,2014-09-07,NA,"Active",NA,"Employee","Regular",1,"Remote",11.5
106066,8,28,5,105467,2014-09-07,NA,"Active",NA,"Employee","Regular",1,"Hybrid",11.5
101787,8,28,11,107395,2014-09-11,2022-11-19,"Terminated","Voluntary","Employee","Regular",1,"Onsite",8.19
100095,8,28,11,101401,2014-09-16,NA,"Active",NA,"Employee","Regular",1,"Onsite",11.48
108951,8,28,6,104786,2014-09-24,2025-12-19,"Terminated","Voluntary","Employee","Regular",1,"Hybrid",11.24
106783,8,28,3,108664,2014-10-02,NA,"Active",NA,"Employee","Regular",1,"Onsite",11.44
107528,8,28,7,101119,2014-10-03,NA,"Active",NA,"Employee","Regular",1,"Remote",11.43
100392,8,28,8,108149,2014-10-27,NA,"Active",NA,"Employee","Regular",1,"Hybrid",11.37
106010,8,28,2,106474,2014-11-07,2018-08-09,"Terminated","Voluntary","Employee","Regular",1,"Hybrid",3.75
106651,8,28,1,103842,2014-11-12,NA,"Active",NA,"Employee","Regular",1,"Onsite",11.32
109661,8,28,9,101290,2014-12-11,2021-04-03,"Terminated","Involuntary","Employee","Regular",1,"Remote",6.31
100681,8,28,11,109080,2014-12-16,2021-07-25,"Terminated","Voluntary","Employee","Regular",1,"Remote",6.61
106616,8,28,9,108082,2014-12-20,NA,"Active",NA,"Employee","Temporary",1,"Hybrid",11.22
104198,8,28,6,102387,2014-12-24,NA,"Active",NA,"Employee","Regular",1,"Remote",11.21
105794,8,28,9,100742,2014-12-29,NA,"Active",NA,"Employee","Regular",1,"Onsite",11.19
109188,8,28,11,105472,2015-01-10,2023-02-06,"Terminated","Voluntary","Employee","Regular",1,"Onsite",8.07
109993,8,28,6,107452,2015-01-26,NA,"Active",NA,"Employee","Regular",1,"Onsite",11.12
102857,8,28,1,106866,2015-01-28,NA,"Active",NA,"Employee","Regular",1,"Hybrid",11.11
107448,8,28,5,108056,2015-02-06,NA,"Active",NA,"Contractor","Regular",1,"Remote",11.09
109096,8,28,8,108708,2015-02-09,NA,"Active",NA,"Employee","Regular",1,"Onsite",11.08
105727,8,28,3,109383,2015-02-16,NA,"Active",NA,"Employee","Temporary",1,"Hybrid",11.06
107098,8,28,5,107452,2015-03-06,2024-12-28,"Terminated","Voluntary","Employee","Regular",1,"Onsite",9.81
105894,8,28,5,101504,2015-03-16,NA,"Active",NA,"Employee","Regular",1,"Hybrid",10.98
109485,8,28,1,100787,2015-03-28,NA,"Active",NA,"Employee","Regular",1,"Onsite",10.95
102430,8,28,1,104421,2015-04-02,NA,"Active",NA,"Employee","Regular",1,"Hybrid",10.94
102875,8,28,12,101520,2015-04-10,2025-02-19,"Terminated","Voluntary","Employee","Regular",1,"Hybrid",9.86
100587,8,28,8,109220,2015-04-23,NA,"Active",NA,"Employee","Regular",1,"Hybrid",10.88
107515,8,28,8,108498,2015-05-01,NA,"Active",NA,"Employee","Regular",1,"Onsite",10.86
107133,8,28,4,106211,2015-05-05,NA,"Active",NA,"Employee","Regular",1,"Onsite",10.85
100940,8,28,1,106896,2015-05-07,NA,"Active",NA,"Employee","Regular",0.8,"Onsite",10.84
107349,8,28,7,107677,2015-05-17,NA,"Active",NA,"Employee","Regular",1,"Onsite",10.81
103130,8,28,6,108732,2015-05-26,NA,"Active",NA,"Employee","Regular",1,"Remote",10.79
101530,8,28,7,101222,2015-06-06,NA,"Active",NA,"Employee","Regular",1,"Onsite",10.76
108531,8,28,1,105467,2015-06-11,NA,"Active",NA,"Employee","Regular",1,"Onsite",10.75
104801,8,28,10,101481,2015-06-13,NA,"Active",NA,"Employee","Regular",1,"Hybrid",10.74
102397,8,28,4,109341,2015-06-20,NA,"Active",NA,"Employee","Regular",1,"Onsite",10.72
107800,8,28,11,108839,2015-06-20,2022-04-28,"Terminated","Voluntary","Employee","Regular",1,"Hybrid",6.85
101921,8,28,8,103903,2015-06-24,NA,"Active",NA,"Employee","Regular",1,"Remote",10.71
109683,8,28,8,105918,2015-06-27,NA,"Active",NA,"Employee","Regular",1,"Hybrid",10.7
104022,8,28,1,106838,2015-07-12,NA,"Active",NA,"Employee","Regular",1,"Remote",10.66
105112,8,28,3,103051,2015-07-13,2023-11-18,"Terminated","Voluntary","Contractor","Regular",1,"Hybrid",8.35
109741,8,28,3,104253,2015-07-13,NA,"Active",NA,"Employee","Regular",1,"Hybrid",10.66
100191,8,28,12,107646,2015-07-14,NA,"Active",NA,"Employee","Regular",1,"Onsite",10.65
106222,8,28,9,105278,2015-07-28,NA,"Active",NA,"Employee","Regular",1,"Remote",10.62
100920,8,28,7,102088,2015-07-29,2021-11-29,"Terminated","Voluntary","Employee","Regular",1,"Hybrid",6.34
103069,8,28,12,103404,2015-08-15,2019-04-22,"Terminated","Involuntary","Employee","Regular",1,"Onsite",3.68
109509,8,28,7,109579,2015-08-17,NA,"Active",NA,"Employee","Regular",1,"Remote",10.56
108210,8,28,8,107570,2015-08-28,NA,"Active",NA,"Employee","Regular",1,"Hybrid",10.53
109942,8,28,12,105280,2015-09-01,NA,"Active",NA,"Employee","Regular",1,"Hybrid",10.52
101902,8,28,2,104180,2015-09-18,NA,"Active",NA,"Employee","Regular",1,"Onsite",10.47
101770,8,28,10,107724,2015-09-26,NA,"Active",NA,"Employee","Regular",1,"Remote",10.45
107019,8,28,6,107769,2015-10-10,NA,"Active",NA,"Employee","Regular",1,"Remote",10.41
103664,8,28,6,107440,2015-10-14,NA,"Active",NA,"Employee","Regular",1,"Onsite",10.4
100643,8,28,6,102312,2015-11-02,NA,"Active",NA,"Employee","Regular",1,"Hybrid",10.35
102919,8,28,9,109780,2015-11-26,2021-08-02,"Terminated","Voluntary","Employee","Regular",1,"Hybrid",5.68
106522,8,28,3,102209,2015-11-29,NA,"Active",NA,"Employee","Regular",1,"Remote",10.28
102510,8,28,11,106370,2015-12-02,NA,"Active",NA,"Employee","Regular",1,"Remote",10.27
107418,8,28,6,107938,2015-12-06,NA,"Active",NA,"Employee","Regular",1,"Hybrid",10.26
109191,8,28,1,100468,2015-12-08,NA,"Active",NA,"Employee","Regular",1,"Remote",10.25
101125,8,28,4,104768,2015-12-16,NA,"Active",NA,"Employee","Regular",1,"Hybrid",10.23
109302,8,28,6,101619,2015-12-26,2022-02-08,"Terminated","Voluntary","Employee","Regular",1,"Remote",6.12
102385,8,28,12,101656,2015-12-31,NA,"Active",NA,"Employee","Regular",1,"Hybrid",10.19
109060,8,28,6,109974,2016-01-01,NA,"Active",NA,"Employee","Regular",1,"Onsite",10.19
108485,8,28,6,105302,2016-01-02,NA,"Active",NA,"Employee","Regular",1,"Remote",10.18
100393,8,28,8,103303,2016-01-05,NA,"Active",NA,"Employee","Regular",0.8,"Remote",10.18
106360,8,28,11,106635,2016-01-06,NA,"Active",NA,"Employee","Regular",1,"Hybrid",10.17
109374,8,28,7,104290,2016-01-12,NA,"Active",NA,"Employee","Temporary",1,"Remote",10.16
101270,8,28,4,109820,2016-01-13,2024-05-06,"Terminated","Voluntary","Employee","Temporary",0.8,"Hybrid",8.31
107951,8,28,5,101222,2016-01-13,NA,"Active",NA,"Employee","Regular",1,"Remote",10.15
108791,8,28,12,108834,2016-01-13,NA,"Active",NA,"Employee","Regular",0.8,"Onsite",10.15
100854,8,28,9,100118,2016-01-28,2022-11-16,"Terminated","Reduction in Force","Contractor","Regular",0.6,"Hybrid",6.8
101496,8,28,8,101791,2016-02-06,NA,"Active",NA,"Employee","Regular",1,"Onsite",10.09
108188,8,28,11,101959,2016-02-08,2026-01-20,"Terminated","Voluntary","Employee","Regular",1,"Hybrid",9.95
109190,8,28,12,104139,2016-02-11,NA,"Active",NA,"Employee","Regular",0.8,"Hybrid",10.07
105664,8,28,6,101558,2016-02-19,2024-04-19,"Terminated","Involuntary","Employee","Regular",1,"Onsite",8.16
109879,8,28,7,100645,2016-03-04,NA,"Active",NA,"Employee","Regular",1,"Remote",10.02
103179,8,28,9,103677,2016-03-06,2022-07-28,"Terminated","Voluntary","Employee","Regular",1,"Onsite",6.39
104516,8,28,6,100846,2016-03-11,NA,"Active",NA,"Employee","Regular",0.8,"Hybrid",10
102277,8,28,2,103605,2016-03-13,NA,"Active",NA,"Employee","Regular",1,"Hybrid",9.99
109613,8,28,3,109855,2016-03-13,NA,"Active",NA,"Employee","Regular",1,"Remote",9.99
105464,8,28,4,104514,2016-03-16,NA,"Active",NA,"Employee","Regular",1,"Hybrid",9.98
103943,8,28,5,103115,2016-03-26,2025-03-10,"Terminated","Voluntary","Employee","Regular",1,"Onsite",8.96
100739,8,28,2,104612,2016-03-27,NA,"Active",NA,"Contractor","Regular",1,"Hybrid",9.95
109955,8,28,1,106650,2016-03-28,2019-01-10,"Terminated","Involuntary","Employee","Regular",1,"Onsite",2.79
106737,8,28,7,106743,2016-05-08,NA,"Active",NA,"Employee","Regular",1,"Onsite",9.84
103022,8,28,7,109324,2016-05-10,NA,"Active",NA,"Employee","Regular",1,"Hybrid",9.83
106950,8,28,3,100790,2016-06-10,NA,"Active",NA,"Employee","Regular",1,"Onsite",9.75
100114,8,28,12,107539,2016-06-15,2025-06-09,"Terminated","Voluntary","Employee","Regular",0.8,"Onsite",8.98
100217,8,28,3,104421,2016-06-20,NA,"Active",NA,"Employee","Regular",1,"Hybrid",9.72
105425,8,28,10,106886,2016-07-06,2022-12-11,"Terminated","Voluntary","Employee","Regular",1,"Onsite",6.43
105265,8,28,11,106152,2016-07-26,NA,"Active",NA,"Employee","Regular",1,"Remote",9.62
106582,8,28,7,101644,2016-07-31,NA,"Active",NA,"Employee","Temporary",1,"Hybrid",9.61
103292,8,28,4,101362,2016-08-08,NA,"Active",NA,"Employee","Temporary",1,"Hybrid",9.59
100018,8,28,3,102063,2016-08-09,NA,"Active",NA,"Employee","Regular",1,"Hybrid",9.58
103788,8,28,1,104138,2016-08-20,NA,"Active",NA,"Employee","Regular",1,"Remote",9.55
104119,8,28,1,100344,2016-08-27,NA,"Active",NA,"Employee","Regular",1,"Hybrid",9.53
109226,8,28,10,109986,2016-08-28,NA,"Active",NA,"Contractor","Regular",0.6,"Hybrid",9.53
100565,8,28,9,108539,2016-09-01,NA,"Active",NA,"Contractor","Regular",1,"Remote",9.52
106875,8,28,2,100846,2016-09-28,NA,"Active",NA,"Contractor","Regular",1,"Hybrid",9.45
109551,8,28,3,104612,2016-09-30,NA,"Active",NA,"Employee","Regular",1,"Hybrid",9.44
103556,8,28,8,108426,2016-10-14,NA,"Active",NA,"Employee","Regular",1,"Onsite",9.4
105123,8,28,2,109080,2016-10-16,NA,"Active",NA,"Employee","Regular",1,"Onsite",9.4
100728,8,28,11,107832,2016-10-24,NA,"Active",NA,"Employee","Regular",1,"Remote",9.38
101261,8,28,7,106163,2016-10-29,NA,"Active",NA,"Employee","Regular",1,"Remote",9.36
104913,8,28,5,101307,2016-11-07,NA,"Active",NA,"Employee","Regular",1,"Hybrid",9.34
101151,8,28,6,104560,2016-11-15,NA,"Active",NA,"Employee","Regular",1,"Remote",9.32
100782,8,28,3,109529,2016-11-16,NA,"Active",NA,"Employee","Regular",1,"Remote",9.31
102457,8,28,10,104824,2016-11-20,NA,"Active",NA,"Employee","Regular",0.8,"Hybrid",9.3
107932,8,28,12,102409,2016-11-28,NA,"Active",NA,"Employee","Regular",1,"Onsite",9.28
108896,8,28,4,104869,2016-12-04,NA,"Active",NA,"Employee","Regular",1,"Hybrid",9.26
103447,8,28,11,109633,2016-12-16,NA,"Active",NA,"Employee","Regular",0.8,"Remote",9.23
106832,8,28,10,109324,2016-12-25,NA,"Active",NA,"Employee","Temporary",1,"Hybrid",9.21
102241,8,28,4,108118,2016-12-26,NA,"Active",NA,"Employee","Regular",1,"Onsite",9.2
105055,8,28,10,100787,2016-12-29,NA,"Active",NA,"Employee","Regular",1,"Onsite",9.19
105883,8,28,9,104290,2017-01-23,NA,"Active",NA,"Employee","Regular",1,"Hybrid",9.13
100721,8,28,7,104236,2017-02-03,NA,"Active",NA,"Employee","Regular",1,"Hybrid",9.1
107389,8,28,9,100144,2017-02-10,2022-07-27,"Terminated","Involuntary","Employee","Regular",1,"Onsite",5.46
101967,8,28,10,101290,2017-02-22,2024-08-04,"Terminated","Voluntary","Employee","Regular",1,"Remote",7.45
107790,8,28,11,109803,2017-03-21,NA,"Active",NA,"Employee","Regular",1,"Hybrid",8.97
100749,8,28,10,105434,2017-03-31,2023-09-04,"Terminated","Voluntary","Employee","Regular",1,"Onsite",6.43
107766,8,28,7,108328,2017-04-05,2020-06-18,"Terminated","Voluntary","Employee","Regular",1,"Remote",3.2
102124,8,28,4,100406,2017-04-12,2023-04-16,"Terminated","Involuntary","Employee","Regular",1,"Onsite",6.01
108005,8,28,11,107730,2017-04-20,2024-01-18,"Terminated","Reduction in Force","Employee","Regular",0.8,"Hybrid",6.75
103690,8,28,10,104518,2017-04-29,NA,"Active",NA,"Employee","Regular",1,"Onsite",8.86
103876,8,28,10,104281,2017-05-06,NA,"Active",NA,"Employee","Regular",1,"Hybrid",8.84
101191,8,28,8,106233,2017-05-16,2025-06-01,"Terminated","Involuntary","Employee","Regular",1,"Hybrid",8.04
104169,8,28,10,106292,2017-05-24,NA,"Active",NA,"Employee","Regular",1,"Remote",8.79
103376,8,28,1,105877,2017-05-29,NA,"Active",NA,"Employee","Regular",1,"Onsite",8.78
104215,8,28,6,105133,2017-06-01,2025-06-09,"Terminated","Voluntary","Employee","Regular",1,"Onsite",8.02
105501,8,28,8,101644,2017-06-08,NA,"Active",NA,"Employee","Regular",1,"Onsite",8.75
101093,8,28,1,103654,2017-06-23,NA,"Active",NA,"Employee","Regular",1,"Onsite",8.71
105468,8,28,4,104869,2017-06-28,NA,"Active",NA,"Employee","Regular",1,"Onsite",8.7
105798,8,28,8,101663,2017-07-01,2023-09-07,"Terminated","Voluntary","Employee","Regular",0.6,"Remote",6.19
106324,8,28,5,106732,2017-07-02,NA,"Active",NA,"Employee","Regular",1,"Onsite",8.69
105272,8,28,10,104348,2017-07-14,2020-12-06,"Terminated","Reduction in Force","Employee","Regular",1,"Onsite",3.4
108625,8,28,5,100118,2017-07-14,NA,"Active",NA,"Employee","Regular",1,"Onsite",8.65
107117,8,28,10,108542,2017-07-17,NA,"Active",NA,"Employee","Regular",1,"Onsite",8.65
109796,8,28,6,105511,2017-07-19,NA,"Active",NA,"Employee","Regular",0.6,"Hybrid",8.64
102193,8,28,1,102797,2017-07-23,NA,"Active",NA,"Employee","Regular",1,"Onsite",8.63
106722,8,28,7,104990,2017-07-31,NA,"Active",NA,"Employee","Regular",0.8,"Onsite",8.61
105299,8,28,5,103562,2017-08-04,NA,"Active",NA,"Employee","Regular",1,"Hybrid",8.6
105558,8,28,6,102197,2017-09-01,NA,"Active",NA,"Employee","Regular",0.8,"Hybrid",8.52
102873,8,28,5,104612,2017-09-15,2022-03-05,"Terminated","Involuntary","Employee","Regular",1,"Onsite",4.47
101404,8,28,12,102063,2017-09-16,NA,"Active",NA,"Employee","Regular",0.6,"Hybrid",8.48
109531,8,28,2,109447,2017-09-19,2024-08-08,"Terminated","Involuntary","Employee","Regular",1,"Remote",6.89
107334,8,28,12,107645,2017-10-18,NA,"Active",NA,"Employee","Regular",1,"Onsite",8.39
107557,8,28,7,100182,2017-10-18,NA,"Active",NA,"Employee","Temporary",1,"Onsite",8.39
100036,8,28,4,106071,2017-10-25,NA,"Active",NA,"Employee","Regular",1,"Onsite",8.37
105668,8,28,1,101201,2017-10-25,NA,"Active",NA,"Employee","Regular",1,"Hybrid",8.37
107976,8,28,4,107452,2017-11-01,NA,"Active",NA,"Employee","Regular",1,"Remote",8.35
106762,8,28,1,108839,2017-11-14,NA,"Active",NA,"Employee","Regular",1,"Onsite",8.32
108649,8,28,12,105291,2017-11-27,NA,"Active",NA,"Employee","Regular",0.8,"Onsite",8.28
109528,8,28,6,103921,2017-12-04,NA,"Active",NA,"Employee","Regular",1,"Hybrid",8.26
108253,8,28,6,101172,2017-12-08,2022-06-20,"Terminated","Reduction in Force","Employee","Regular",1,"Hybrid",4.53
108798,8,28,8,108976,2017-12-19,NA,"Active",NA,"Employee","Regular",1,"Hybrid",8.22
103524,8,28,7,106079,2017-12-22,NA,"Active",NA,"Employee","Regular",0.6,"Hybrid",8.21
104326,8,28,9,105483,2017-12-28,NA,"Active",NA,"Employee","Regular",1,"Onsite",8.2
103527,8,28,12,102526,2017-12-30,NA,"Active",NA,"Employee","Regular",0.8,"Remote",8.19
103661,8,28,10,108717,2018-01-06,2025-03-28,"Terminated","Involuntary","Employee","Regular",1,"Hybrid",7.22
107702,8,28,12,105761,2018-01-07,2025-03-18,"Terminated","Voluntary","Contractor","Regular",1,"Onsite",7.19
104527,8,28,12,107780,2018-01-13,NA,"Active",NA,"Employee","Regular",1,"Hybrid",8.15
104465,8,28,1,107231,2018-01-17,NA,"Active",NA,"Employee","Regular",1,"Hybrid",8.14
105401,8,28,3,109102,2018-01-18,NA,"Active",NA,"Employee","Regular",1,"Onsite",8.14
107039,8,28,3,101754,2018-01-25,NA,"Active",NA,"Employee","Regular",0.6,"Onsite",8.12
108059,8,28,2,102190,2018-02-26,NA,"Active",NA,"Employee","Regular",1,"Onsite",8.03
103223,8,28,4,105752,2018-03-04,NA,"Active",NA,"Employee","Regular",1,"Onsite",8.02
104728,8,28,6,108542,2018-03-04,NA,"Active",NA,"Employee","Regular",1,"Remote",8.02
102400,8,28,6,105752,2018-03-06,NA,"Active",NA,"Employee","Regular",1,"Hybrid",8.01
101458,8,28,10,105614,2018-03-09,2023-06-20,"Terminated","Involuntary","Contractor","Regular",0.8,"Onsite",5.28
102543,8,28,9,100446,2018-03-11,NA,"Active",NA,"Employee","Regular",0.8,"Hybrid",8
101065,8,28,9,106896,2018-03-14,NA,"Active",NA,"Employee","Regular",1,"Onsite",7.99
102337,8,28,2,105608,2018-03-14,2025-08-20,"Terminated","Voluntary","Employee","Regular",0.8,"Onsite",7.44
100689,8,28,3,107795,2018-03-25,2025-09-20,"Terminated","Involuntary","Employee","Temporary",1,"Remote",7.49
101435,8,28,9,108976,2018-03-27,NA,"Active",NA,"Contractor","Regular",1,"Remote",7.95
102433,8,28,9,108834,2018-04-04,NA,"Active",NA,"Employee","Regular",1,"Hybrid",7.93
106285,8,28,9,103903,2018-04-08,NA,"Active",NA,"Employee","Regular",1,"Hybrid",7.92
107249,8,28,2,104751,2018-04-09,NA,"Active",NA,"Employee","Temporary",1,"Hybrid",7.92
108347,8,28,3,101568,2018-04-16,NA,"Active",NA,"Employee","Regular",1,"Onsite",7.9
101258,8,28,10,101307,2018-04-18,2025-08-30,"Terminated","Voluntary","Employee","Regular",1,"Onsite",7.37
108050,8,28,8,107797,2018-04-23,2021-06-15,"Terminated","Involuntary","Employee","Regular",1,"Remote",3.15
101374,8,28,11,104878,2018-04-26,NA,"Active",NA,"Employee","Regular",1,"Onsite",7.87
104464,8,28,2,100671,2018-05-11,NA,"Active",NA,"Employee","Regular",1,"Onsite",7.83
105531,8,28,6,100864,2018-05-14,NA,"Active",NA,"Employee","Regular",0.8,"Onsite",7.82
105660,8,28,10,108498,2018-05-14,2024-07-24,"Terminated","Voluntary","Employee","Regular",1,"Hybrid",6.19
107171,8,28,11,106043,2018-05-16,2025-12-17,"Terminated","Voluntary","Employee","Regular",1,"Onsite",7.59
103827,8,28,11,109147,2018-05-20,NA,"Active",NA,"Employee","Regular",1,"Hybrid",7.81
109945,8,28,3,105148,2018-05-21,NA,"Active",NA,"Employee","Regular",1,"Onsite",7.8
106849,8,28,1,109317,2018-05-28,NA,"Active",NA,"Employee","Temporary",1,"Hybrid",7.78
106637,8,28,9,108348,2018-06-02,2023-08-16,"Terminated","Voluntary","Employee","Temporary",1,"Hybrid",5.2
102670,8,28,9,100956,2018-06-04,NA,"Active",NA,"Employee","Regular",1,"Hybrid",7.76
101465,8,28,8,106867,2018-06-13,NA,"Active",NA,"Employee","Regular",0.8,"Onsite",7.74
106014,8,28,6,108142,2018-06-17,NA,"Active",NA,"Employee","Temporary",1,"Remote",7.73
105903,8,28,5,104751,2018-06-18,NA,"Active",NA,"Employee","Regular",0.6,"Onsite",7.73
102097,8,28,3,102441,2018-06-19,2025-10-16,"Terminated","Voluntary","Employee","Regular",1,"Hybrid",7.33
105553,8,28,3,105395,2018-06-20,2024-09-30,"Terminated","Voluntary","Employee","Regular",1,"Hybrid",6.28
104100,8,28,5,104808,2018-07-12,NA,"Active",NA,"Employee","Regular",0.8,"Onsite",7.66
105083,8,28,8,106079,2018-07-14,NA,"Active",NA,"Employee","Regular",1,"Hybrid",7.65
108614,8,28,1,104965,2018-07-18,NA,"Active",NA,"Employee","Regular",1,"Hybrid",7.64
101187,8,28,7,109292,2018-07-21,NA,"Active",NA,"Employee","Regular",1,"Remote",7.64
102226,8,28,4,107045,2018-07-21,NA,"Active",NA,"Contractor","Regular",1,"Onsite",7.64
107868,8,28,3,106590,2018-07-26,NA,"Active",NA,"Employee","Regular",1,"Onsite",7.62
109137,8,28,12,105353,2018-08-09,NA,"Active",NA,"Employee","Regular",1,"Onsite",7.58
103370,8,28,6,100216,2018-08-24,NA,"Active",NA,"Employee","Regular",0.6,"Onsite",7.54
109488,8,28,3,105034,2018-08-26,NA,"Active",NA,"Employee","Regular",1,"Hybrid",7.54
100337,8,28,10,102994,2018-08-28,NA,"Active",NA,"Employee","Regular",1,"Hybrid",7.53
100461,8,28,7,103800,2018-09-06,NA,"Active",NA,"Employee","Regular",1,"Onsite",7.51
106807,8,28,1,102965,2018-09-07,NA,"Active",NA,"Employee","Regular",1,"Onsite",7.5
103657,8,28,6,104323,2018-09-15,NA,"Active",NA,"Employee","Regular",1,"Onsite",7.48
101518,8,28,11,104458,2018-09-18,NA,"Active",NA,"Employee","Regular",1,"Hybrid",7.47
100978,8,28,6,104348,2018-09-19,2022-12-07,"Terminated","Involuntary","Employee","Regular",1,"Onsite",4.22
103066,8,28,7,108718,2018-09-24,NA,"Active",NA,"Employee","Regular",1,"Onsite",7.46
108651,8,28,6,106273,2018-09-25,2025-02-18,"Terminated","Voluntary","Employee","Regular",0.6,"Onsite",6.4
100330,8,28,11,100864,2018-10-14,NA,"Active",NA,"Employee","Regular",1,"Remote",7.4
100447,8,28,4,105278,2018-10-27,NA,"Active",NA,"Employee","Regular",1,"Onsite",7.37
109591,8,28,3,106043,2018-10-27,2023-01-06,"Terminated","Involuntary","Employee","Regular",1,"Hybrid",4.19
107156,8,28,4,105681,2018-10-31,NA,"Active",NA,"Employee","Regular",1,"Remote",7.36
101753,8,28,3,109513,2018-11-08,NA,"Active",NA,"Employee","Regular",1,"Onsite",7.33
104717,8,28,6,101535,2018-11-09,NA,"Active",NA,"Employee","Temporary",1,"Hybrid",7.33
104494,8,28,12,105107,2018-11-20,NA,"Active",NA,"Employee","Regular",1,"Hybrid",7.3
107659,8,28,6,102228,2018-11-25,NA,"Active",NA,"Contractor","Regular",1,"Hybrid",7.29
107890,8,28,6,109506,2018-12-28,NA,"Active",NA,"Employee","Regular",1,"Onsite",7.2
109410,8,28,2,104824,2018-12-28,NA,"Active",NA,"Employee","Regular",1,"Onsite",7.2
106932,8,28,4,104242,2019-01-02,NA,"Active",NA,"Employee","Regular",1,"Onsite",7.18
104512,8,28,7,103070,2019-01-08,2020-06-26,"Terminated","Involuntary","Employee","Regular",1,"Onsite",1.46
102655,8,28,11,104990,2019-01-23,NA,"Active",NA,"Employee","Regular",1,"Onsite",7.13
109297,8,28,10,105500,2019-01-31,NA,"Active",NA,"Employee","Regular",1,"Remote",7.1
104756,8,28,7,109529,2019-02-04,2023-08-18,"Terminated","Voluntary","Employee","Regular",1,"Remote",4.53
105701,8,28,1,100671,2019-02-08,NA,"Active",NA,"Employee","Regular",1,"Onsite",7.08
108092,8,28,6,108659,2019-02-09,NA,"Active",NA,"Employee","Regular",1,"Hybrid",7.08
104671,8,28,8,109157,2019-02-22,NA,"Active",NA,"Employee","Regular",1,"Hybrid",7.04
106776,8,28,9,105447,2019-02-23,NA,"Active",NA,"Employee","Regular",1,"Onsite",7.04
104452,8,28,11,104312,2019-03-05,NA,"Active",NA,"Employee","Regular",1,"Hybrid",7.01
108957,8,28,5,108272,2019-03-11,NA,"Active",NA,"Employee","Regular",1,"Remote",7
101844,8,28,8,104598,2019-04-05,NA,"Active",NA,"Employee","Regular",1,"Remote",6.93
107214,8,28,8,106744,2019-04-06,NA,"Active",NA,"Employee","Regular",1,"Hybrid",6.93
103279,8,28,4,100864,2019-04-16,NA,"Active",NA,"Employee","Temporary",1,"Remote",6.9
103596,8,28,10,100540,2019-04-17,NA,"Active",NA,"Employee","Regular",1,"Hybrid",6.9
104984,8,28,1,105761,2019-04-21,NA,"Active",NA,"Employee","Regular",1,"Onsite",6.88
108324,8,28,7,108856,2019-05-01,2023-11-13,"Terminated","Voluntary","Employee","Regular",1,"Hybrid",4.54
101199,8,28,3,101647,2019-05-09,NA,"Active",NA,"Employee","Regular",1,"Remote",6.84
104647,8,28,7,104180,2019-05-11,NA,"Active",NA,"Employee","Regular",1,"Hybrid",6.83
106212,8,28,1,100953,2019-05-20,2024-09-12,"Terminated","Voluntary","Employee","Regular",1,"Onsite",5.32
107312,8,28,12,107938,2019-05-27,NA,"Active",NA,"Employee","Regular",1,"Remote",6.79
109545,8,28,7,106604,2019-05-29,2025-10-09,"Terminated","Voluntary","Employee","Regular",1,"Onsite",6.36
100282,8,28,6,104138,2019-05-30,2021-09-18,"Terminated","Involuntary","Employee","Regular",1,"Onsite",2.3
109884,8,28,11,106951,2019-06-02,NA,"Active",NA,"Employee","Regular",1,"Hybrid",6.77
103653,8,28,8,104458,2019-06-15,NA,"Active",NA,"Employee","Regular",0.8,"Hybrid",6.73
104724,8,28,3,102312,2019-06-16,2025-12-08,"Terminated","Voluntary","Employee","Regular",1,"Remote",6.48
109339,8,28,2,100596,2019-06-17,2025-08-29,"Terminated","Voluntary","Employee","Regular",1,"Hybrid",6.2
108345,8,28,5,107873,2019-06-19,NA,"Active",NA,"Employee","Temporary",1,"Onsite",6.72
100519,8,28,6,106822,2019-06-26,NA,"Active",NA,"Employee","Regular",1,"Hybrid",6.7
101796,8,28,11,106815,2019-07-14,NA,"Active",NA,"Employee","Regular",1,"Remote",6.65
107255,8,28,12,105409,2019-07-18,NA,"Active",NA,"Employee","Regular",1,"Onsite",6.64
101815,8,28,10,107650,2019-07-29,NA,"Active",NA,"Employee","Regular",1,"Remote",6.61
100834,8,28,5,109550,2019-09-06,NA,"Active",NA,"Employee","Regular",1,"Onsite",6.51
107361,8,28,4,107797,2019-09-14,NA,"Active",NA,"Employee","Regular",1,"Hybrid",6.48
109016,8,28,11,109866,2019-09-15,NA,"Active",NA,"Employee","Regular",1,"Hybrid",6.48
107072,8,28,8,104585,2019-09-19,NA,"Active",NA,"Employee","Regular",1,"Hybrid",6.47
101502,8,28,5,100913,2019-10-10,NA,"Active",NA,"Employee","Regular",1,"Hybrid",6.41
109947,8,28,12,103826,2019-11-09,2024-05-24,"Terminated","Voluntary","Employee","Regular",1,"Hybrid",4.54
108062,8,28,10,103495,2019-11-10,NA,"Active",NA,"Employee","Regular",1,"Hybrid",6.33
102553,8,28,3,107169,2019-11-15,NA,"Active",NA,"Employee","Regular",1,"Hybrid",6.32
107560,8,28,4,104001,2019-11-17,NA,"Active",NA,"Employee","Regular",0.8,"Remote",6.31
109961,8,28,4,108886,2019-12-02,2020-12-03,"Terminated","Voluntary","Employee","Regular",1,"Remote",1
108952,8,28,5,106273,2019-12-03,2024-10-22,"Terminated","Voluntary","Employee","Temporary",1,"Onsite",4.89
104417,8,28,7,106370,2019-12-08,NA,"Active",NA,"Contractor","Regular",1,"Onsite",6.25
100613,8,28,8,108744,2019-12-11,NA,"Active",NA,"Contractor","Regular",0.8,"Hybrid",6.24
104533,8,28,4,100671,2019-12-16,NA,"Active",NA,"Employee","Regular",1,"Hybrid",6.23
104299,8,28,3,104640,2019-12-17,NA,"Active",NA,"Employee","Regular",1,"Hybrid",6.23
105728,8,28,1,109529,2020-01-08,NA,"Active",NA,"Employee","Regular",1,"Hybrid",6.17
108804,8,28,10,105560,2020-01-09,NA,"Active",NA,"Employee","Regular",1,"Hybrid",6.16
106828,8,28,5,104996,2020-01-12,2024-11-26,"Terminated","Voluntary","Employee","Regular",1,"Hybrid",4.87
108139,8,28,6,106615,2020-01-18,2025-02-22,"Terminated","Voluntary","Employee","Regular",1,"Onsite",5.1
106925,8,28,2,108981,2020-01-20,NA,"Active",NA,"Employee","Regular",1,"Onsite",6.13
106833,8,28,3,107595,2020-01-29,NA,"Active",NA,"Employee","Regular",1,"Hybrid",6.11
107542,8,28,1,108539,2020-02-16,2023-08-09,"Terminated","Voluntary","Employee","Regular",1,"Hybrid",3.48
100882,8,28,11,107724,2020-02-20,NA,"Active",NA,"Employee","Regular",1,"Onsite",6.05
103564,8,28,6,107045,2020-02-23,NA,"Active",NA,"Employee","Regular",1,"Hybrid",6.04
103202,8,28,6,105761,2020-02-28,NA,"Active",NA,"Employee","Regular",1,"Onsite",6.03
104335,8,28,2,107440,2020-03-06,NA,"Active",NA,"Employee","Regular",1,"Hybrid",6.01
104850,8,28,5,103115,2020-03-06,NA,"Active",NA,"Employee","Regular",1,"Hybrid",6.01
105118,8,28,2,102728,2020-03-06,NA,"Active",NA,"Employee","Regular",1,"Hybrid",6.01
103001,8,28,7,103677,2020-03-10,2026-02-22,"Terminated","Involuntary","Employee","Regular",1,"Onsite",5.96
102101,8,28,6,107344,2020-03-12,NA,"Active",NA,"Employee","Regular",1,"Hybrid",5.99
109041,8,28,11,109803,2020-03-18,NA,"Active",NA,"Employee","Regular",1,"Hybrid",5.98
104025,8,28,8,103034,2020-03-25,NA,"Active",NA,"Employee","Regular",1,"Hybrid",5.96
109925,8,28,11,102560,2020-03-30,2024-12-16,"Terminated","Voluntary","Employee","Regular",1,"Onsite",4.72
106293,8,28,2,104139,2020-04-07,NA,"Active",NA,"Employee","Temporary",1,"Onsite",5.92
107307,8,28,5,107551,2020-04-07,NA,"Active",NA,"Employee","Regular",1,"Hybrid",5.92
103032,8,28,12,109506,2020-04-12,NA,"Active",NA,"Employee","Regular",0.8,"Remote",5.91
100881,8,28,3,108498,2020-04-17,NA,"Active",NA,"Employee","Regular",1,"Onsite",5.9
103364,8,28,7,102727,2020-05-02,NA,"Active",NA,"Employee","Regular",1,"Onsite",5.85
107481,8,28,9,107434,2020-05-02,NA,"Active",NA,"Employee","Regular",1,"Onsite",5.85
101779,8,28,4,101114,2020-05-09,NA,"Active",NA,"Employee","Regular",1,"Onsite",5.84
105457,8,28,4,103070,2020-05-10,NA,"Active",NA,"Employee","Regular",1,"Onsite",5.83
108202,8,28,12,109035,2020-05-10,NA,"Active",NA,"Employee","Regular",1,"Onsite",5.83
100839,8,28,1,104716,2020-06-05,2025-11-29,"Terminated","Voluntary","Employee","Regular",1,"Onsite",5.48
108308,8,28,4,105821,2020-06-10,NA,"Active",NA,"Employee","Regular",1,"Onsite",5.75
105408,8,28,4,101207,2020-06-15,NA,"Active",NA,"Employee","Regular",1,"Onsite",5.73
107044,8,28,12,105993,2020-06-22,NA,"Active",NA,"Employee","Regular",1,"Remote",5.72
104693,8,28,11,101855,2020-06-23,NA,"Active",NA,"Employee","Temporary",1,"Onsite",5.71
105781,8,28,6,103051,2020-06-25,NA,"Active",NA,"Employee","Regular",1,"Onsite",5.71
105652,8,28,6,105752,2020-06-29,2025-11-19,"Terminated","Involuntary","Employee","Regular",1,"Onsite",5.39
109657,8,28,7,109780,2020-06-30,NA,"Active",NA,"Employee","Regular",1,"Onsite",5.69
104733,8,28,8,100956,2020-07-01,NA,"Active",NA,"Employee","Regular",1,"Hybrid",5.69
109356,8,28,6,107520,2020-07-08,NA,"Active",NA,"Employee","Regular",1,"Remote",5.67
101711,8,28,1,100391,2020-07-20,NA,"Active",NA,"Employee","Regular",1,"Onsite",5.64
107234,8,28,1,103899,2020-07-20,NA,"Active",NA,"Employee","Regular",1,"Hybrid",5.64
105452,8,28,3,103290,2020-07-29,2024-02-16,"Terminated","Voluntary","Employee","Regular",0.8,"Hybrid",3.55
100719,8,28,1,105437,2020-08-09,2025-02-14,"Terminated","Voluntary","Employee","Regular",1,"Hybrid",4.52
105786,8,28,3,102994,2020-08-12,NA,"Active",NA,"Employee","Regular",1,"Remote",5.58
107471,8,28,1,109974,2020-08-16,NA,"Active",NA,"Employee","Regular",1,"Hybrid",5.56
107256,8,28,7,107724,2020-08-19,NA,"Active",NA,"Employee","Regular",0.6,"Hybrid",5.56
107837,8,28,9,105148,2020-08-23,NA,"Active",NA,"Employee","Regular",1,"Remote",5.55
103879,8,28,12,107645,2020-09-14,2026-02-25,"Terminated","Involuntary","Employee","Regular",1,"Onsite",5.45
104882,8,28,12,101279,2020-09-17,NA,"Active",NA,"Employee","Regular",1,"Onsite",5.48
107401,8,28,4,104493,2020-09-18,NA,"Active",NA,"Employee","Regular",1,"Remote",5.47
106477,8,28,2,108886,2020-09-21,NA,"Active",NA,"Employee","Regular",1,"Remote",5.47
106987,8,28,9,109780,2020-09-22,NA,"Active",NA,"Employee","Regular",0.6,"Hybrid",5.46
100917,8,28,11,108184,2020-09-24,NA,"Active",NA,"Employee","Regular",1,"Hybrid",5.46
106579,8,28,3,108328,2020-09-24,NA,"Active",NA,"Employee","Regular",1,"Hybrid",5.46
102405,8,28,8,104939,2020-09-29,NA,"Active",NA,"Employee","Regular",1,"Remote",5.44
103737,8,28,3,109735,2020-10-01,NA,"Active",NA,"Employee","Regular",0.8,"Onsite",5.44
100277,8,28,3,108121,2020-10-08,NA,"Active",NA,"Employee","Regular",1,"Hybrid",5.42
107955,8,28,1,105988,2020-10-10,NA,"Active",NA,"Employee","Regular",1,"Hybrid",5.41
101452,8,28,3,107719,2020-10-12,NA,"Active",NA,"Employee","Regular",1,"Remote",5.41
109817,8,28,9,107452,2020-10-26,NA,"Active",NA,"Employee","Regular",0.8,"Onsite",5.37
109901,8,28,3,101008,2020-10-30,NA,"Active",NA,"Employee","Regular",1,"Onsite",5.36
106709,8,28,9,106886,2020-11-06,NA,"Active",NA,"Employee","Regular",1,"Remote",5.34
106730,8,28,3,100363,2020-11-10,NA,"Active",NA,"Employee","Regular",1,"Hybrid",5.33
105622,8,28,3,108426,2020-11-12,NA,"Active",NA,"Employee","Regular",1,"Onsite",5.32
106646,8,28,9,100787,2020-11-17,2025-07-24,"Terminated","Voluntary","Employee","Regular",1,"Remote",4.68
108027,8,28,2,104286,2020-11-25,NA,"Active",NA,"Contractor","Regular",1,"Onsite",5.29
108031,8,28,11,108151,2020-11-29,NA,"Active",NA,"Employee","Regular",1,"Hybrid",5.28
104466,8,28,9,105607,2020-11-30,NA,"Active",NA,"Employee","Temporary",1,"Onsite",5.27
100828,8,28,12,103633,2020-12-02,NA,"Active",NA,"Employee","Regular",1,"Onsite",5.27
107047,8,28,12,103595,2020-12-11,2023-09-15,"Terminated","Voluntary","Employee","Regular",1,"Remote",2.76
107433,8,28,3,106150,2020-12-12,NA,"Active",NA,"Employee","Regular",1,"Onsite",5.24
101762,8,28,7,108496,2020-12-15,NA,"Active",NA,"Employee","Regular",1,"Hybrid",5.23
108405,8,28,8,106057,2020-12-16,2025-09-05,"Terminated","Voluntary","Employee","Regular",1,"Hybrid",4.72
106342,8,28,4,106359,2020-12-18,2025-08-23,"Terminated","Voluntary","Employee","Regular",1,"Hybrid",4.68
105887,8,28,1,102647,2020-12-20,NA,"Active",NA,"Employee","Regular",1,"Onsite",5.22
109919,8,28,1,106732,2020-12-24,NA,"Active",NA,"Employee","Regular",1,"Onsite",5.21
100633,8,28,9,109102,2020-12-26,NA,"Active",NA,"Employee","Regular",1,"Hybrid",5.2
109730,8,28,12,106418,2020-12-27,NA,"Active",NA,"Employee","Regular",1,"Onsite",5.2
108364,8,28,5,100446,2020-12-29,NA,"Active",NA,"Employee","Regular",0.6,"Hybrid",5.19
102061,8,28,1,109035,2021-01-04,NA,"Active",NA,"Employee","Regular",1,"Hybrid",5.18
107076,8,28,1,102001,2021-01-17,NA,"Active",NA,"Contractor","Regular",1,"Hybrid",5.14
105855,8,28,7,105434,2021-01-18,2024-04-13,"Terminated","Involuntary","Employee","Regular",1,"Remote",3.23
105229,8,28,1,103921,2021-01-22,2024-09-16,"Terminated","Voluntary","Employee","Regular",1,"Hybrid",3.65
108163,8,28,11,101691,2021-01-24,NA,"Active",NA,"Contractor","Temporary",1,"Remote",5.12
109971,8,28,2,101558,2021-01-27,2024-11-28,"Terminated","Voluntary","Employee","Regular",1,"Hybrid",3.84
109517,8,28,11,101991,2021-02-02,NA,"Active",NA,"Employee","Regular",1,"Onsite",5.1
103037,8,28,12,101462,2021-02-05,NA,"Active",NA,"Employee","Regular",1,"Onsite",5.09
102726,8,28,1,107742,2021-02-09,NA,"Active",NA,"Employee","Regular",1,"Onsite",5.08
108277,8,28,6,102257,2021-02-19,NA,"Active",NA,"Employee","Regular",1,"Onsite",5.05
100556,8,28,11,105467,2021-02-28,NA,"Active",NA,"Employee","Regular",1,"Onsite",5.03
108786,8,28,10,108039,2021-03-13,NA,"Active",NA,"Employee","Regular",1,"Hybrid",4.99
106982,8,28,9,100790,2021-03-15,NA,"Active",NA,"Employee","Regular",0.8,"Onsite",4.99
103546,8,28,3,100716,2021-03-27,NA,"Active",NA,"Employee","Regular",1,"Onsite",4.95
103926,8,28,5,106102,2021-04-04,NA,"Active",NA,"Employee","Regular",1,"Onsite",4.93
106254,8,28,6,106148,2021-04-17,NA,"Active",NA,"Employee","Regular",1,"Hybrid",4.9
102077,8,28,6,102530,2021-04-26,NA,"Active",NA,"Employee","Regular",1,"Hybrid",4.87
101376,8,28,11,103562,2021-05-06,NA,"Active",NA,"Employee","Regular",1,"Onsite",4.84
104995,8,28,3,109803,2021-05-13,NA,"Active",NA,"Employee","Regular",1,"Onsite",4.82
106780,8,28,10,101847,2021-05-19,NA,"Active",NA,"Employee","Regular",0.6,"Hybrid",4.81
104892,8,28,3,104000,2021-05-24,NA,"Active",NA,"Employee","Regular",1,"Onsite",4.79
106572,8,28,10,108056,2021-06-11,NA,"Active",NA,"Employee","Regular",1,"Onsite",4.75
101490,8,28,6,100864,2021-06-14,NA,"Active",NA,"Employee","Regular",1,"Remote",4.74
103881,8,28,9,102665,2021-06-16,NA,"Active",NA,"Employee","Regular",1,"Onsite",4.73
106911,8,28,9,104493,2021-06-19,NA,"Active",NA,"Employee","Regular",0.6,"Onsite",4.72
108669,8,28,3,106057,2021-07-23,NA,"Active",NA,"Employee","Regular",1,"Hybrid",4.63
102932,8,28,2,105107,2021-08-04,NA,"Active",NA,"Employee","Regular",0.8,"Onsite",4.6
104178,8,28,6,106065,2021-08-26,NA,"Active",NA,"Employee","Regular",1,"Remote",4.54
105293,8,28,12,103513,2021-09-07,NA,"Active",NA,"Employee","Regular",1,"Onsite",4.5
101579,8,28,1,100822,2021-09-09,NA,"Active",NA,"Employee","Regular",1,"Onsite",4.5
108676,8,28,12,104265,2021-09-10,NA,"Active",NA,"Employee","Regular",1,"Hybrid",4.5
107198,8,28,5,105614,2021-09-11,NA,"Active",NA,"Employee","Regular",1,"Remote",4.49
109494,8,28,5,100063,2021-10-02,NA,"Active",NA,"Employee","Regular",1,"Hybrid",4.44
106583,8,28,1,107300,2021-10-26,NA,"Active",NA,"Contractor","Regular",1,"Remote",4.37
105716,8,28,8,100044,2021-11-09,NA,"Active",NA,"Employee","Regular",0.8,"Hybrid",4.33
100684,8,28,12,106148,2021-11-27,NA,"Active",NA,"Employee","Regular",1,"Remote",4.28
109801,8,28,1,104410,2021-12-28,NA,"Active",NA,"Employee","Regular",0.8,"Hybrid",4.2
101323,8,28,6,103159,2022-01-19,NA,"Active",NA,"Employee","Regular",1,"Onsite",4.14
107246,8,28,4,107247,2022-01-23,NA,"Active",NA,"Employee","Regular",1,"Onsite",4.13
106147,8,28,3,109317,2022-01-28,NA,"Active",NA,"Employee","Regular",1,"Onsite",4.11
104349,8,28,11,105964,2022-02-02,NA,"Active",NA,"Employee","Regular",1,"Onsite",4.1
101727,8,28,11,100787,2022-02-04,NA,"Active",NA,"Employee","Regular",1,"Onsite",4.09
101534,8,28,6,109362,2022-02-12,NA,"Active",NA,"Employee","Regular",1,"Onsite",4.07
102845,8,28,4,104764,2022-02-18,NA,"Active",NA,"Employee","Regular",1,"Remote",4.05
109607,8,28,7,103002,2022-03-10,NA,"Active",NA,"Contractor","Regular",0.8,"Onsite",4
100123,8,28,1,109326,2022-03-20,NA,"Active",NA,"Employee","Regular",1,"Hybrid",3.97
107641,8,28,9,106017,2022-04-01,NA,"Active",NA,"Employee","Regular",1,"Hybrid",3.94
102440,8,28,7,106952,2022-04-09,NA,"Active",NA,"Employee","Regular",1,"Hybrid",3.92
103086,8,28,3,100216,2022-04-10,NA,"Active",NA,"Employee","Regular",1,"Hybrid",3.92
106416,8,28,2,108621,2022-05-05,NA,"Active",NA,"Employee","Regular",1,"Remote",3.85
104529,8,28,7,102209,2022-05-12,NA,"Active",NA,"Employee","Regular",1,"Hybrid",3.83
106619,8,28,3,106370,2022-05-12,NA,"Active",NA,"Employee","Regular",0.8,"Onsite",3.83
103619,8,28,11,101438,2022-05-17,NA,"Active",NA,"Employee","Regular",1,"Remote",3.81
107858,8,28,10,103115,2022-05-19,NA,"Active",NA,"Employee","Regular",1,"Hybrid",3.81
106546,8,28,12,107344,2022-05-20,NA,"Active",NA,"Employee","Regular",1,"Hybrid",3.81
104817,8,28,10,107286,2022-05-23,NA,"Active",NA,"Employee","Regular",1,"Onsite",3.8
102784,8,28,10,105910,2022-05-24,2025-06-29,"Terminated","Voluntary","Employee","Regular",1,"Onsite",3.1
104714,8,28,12,103499,2022-05-28,NA,"Active",NA,"Employee","Regular",1,"Remote",3.78
107415,8,28,4,107532,2022-05-28,NA,"Active",NA,"Employee","Regular",1,"Hybrid",3.78
109101,8,28,12,101541,2022-06-09,2025-11-03,"Terminated","Voluntary","Employee","Regular",1,"Hybrid",3.4
101178,8,28,9,107286,2022-06-11,NA,"Active",NA,"Employee","Regular",1,"Hybrid",3.75
100219,8,28,3,108574,2022-06-20,NA,"Active",NA,"Employee","Regular",0.8,"Onsite",3.72
100838,8,28,2,109362,2022-07-03,NA,"Active",NA,"Employee","Regular",1,"Remote",3.68
105960,8,28,6,101391,2022-07-03,NA,"Active",NA,"Employee","Regular",1,"Remote",3.68
102666,8,28,3,101619,2022-07-06,NA,"Active",NA,"Employee","Regular",0.8,"Onsite",3.68
109361,8,28,5,107008,2022-07-08,NA,"Active",NA,"Employee","Regular",1,"Remote",3.67
100783,8,28,1,100776,2022-07-17,NA,"Active",NA,"Employee","Regular",1,"Onsite",3.65
101223,8,28,4,100373,2022-07-18,NA,"Active",NA,"Employee","Regular",1,"Hybrid",3.64
109685,8,28,5,106779,2022-08-04,NA,"Active",NA,"Employee","Temporary",1,"Hybrid",3.6
109862,8,28,1,109541,2022-08-14,NA,"Active",NA,"Employee","Regular",0.8,"Remote",3.57
103758,8,28,3,103866,2022-08-20,2025-12-18,"Terminated","Voluntary","Employee","Temporary",1,"Onsite",3.33
104775,8,28,9,109513,2022-09-04,NA,"Active",NA,"Employee","Regular",1,"Onsite",3.51
109350,8,28,11,108976,2022-09-13,NA,"Active",NA,"Employee","Regular",1,"Remote",3.49
106385,8,28,1,106219,2022-09-19,NA,"Active",NA,"Employee","Regular",1,"Hybrid",3.47
102780,8,28,1,104522,2022-09-20,NA,"Active",NA,"Employee","Regular",1,"Hybrid",3.47
104379,8,28,12,109147,2022-09-23,NA,"Active",NA,"Employee","Regular",1,"Hybrid",3.46
107321,8,28,4,101935,2022-10-08,NA,"Active",NA,"Employee","Regular",1,"Remote",3.42
102028,8,28,1,109926,2022-10-15,NA,"Active",NA,"Contractor","Regular",0.8,"Remote",3.4
103162,8,28,7,101279,2022-10-17,NA,"Active",NA,"Employee","Regular",1,"Onsite",3.39
106670,8,28,4,103837,2022-11-03,NA,"Active",NA,"Employee","Regular",1,"Hybrid",3.35
103684,8,28,5,106615,2022-11-10,NA,"Active",NA,"Employee","Regular",1,"Hybrid",3.33
104053,8,28,9,106880,2022-11-14,NA,"Active",NA,"Employee","Regular",1,"Remote",3.32
108475,8,28,1,102083,2022-11-18,NA,"Active",NA,"Employee","Regular",1,"Remote",3.31
107583,8,28,6,103253,2022-12-17,NA,"Active",NA,"Employee","Temporary",1,"Hybrid",3.23
100527,8,28,5,104518,2022-12-28,NA,"Active",NA,"Employee","Regular",1,"Hybrid",3.2
102853,8,28,12,108462,2022-12-29,NA,"Active",NA,"Employee","Regular",1,"Hybrid",3.19
102075,8,28,4,108118,2023-01-05,NA,"Active",NA,"Employee","Regular",0.6,"Onsite",3.18
102011,8,28,2,101757,2023-02-06,NA,"Active",NA,"Employee","Regular",1,"Remote",3.09
103834,8,28,7,102797,2023-02-23,NA,"Active",NA,"Employee","Regular",1,"Hybrid",3.04
107857,8,28,5,103842,2023-02-28,NA,"Active",NA,"Employee","Regular",1,"Remote",3.03
102815,8,28,12,106017,2023-03-28,NA,"Active",NA,"Employee","Regular",1,"Onsite",2.95
108876,8,28,1,101852,2023-03-28,NA,"Active",NA,"Employee","Regular",1,"Hybrid",2.95
102210,8,28,9,103459,2023-04-04,2025-11-21,"Terminated","Voluntary","Employee","Regular",1,"Remote",2.63
106763,8,28,1,101644,2023-04-05,2026-01-31,"Terminated","Voluntary","Contractor","Regular",1,"Onsite",2.82
105551,8,28,4,107219,2023-04-15,NA,"Active",NA,"Employee","Regular",1,"Hybrid",2.9
105092,8,28,10,104522,2023-04-17,NA,"Active",NA,"Employee","Regular",1,"Onsite",2.9
106427,8,28,4,108499,2023-04-21,NA,"Active",NA,"Employee","Regular",1,"Onsite",2.88
101792,8,28,8,100401,2023-06-11,NA,"Active",NA,"Employee","Regular",0.8,"Remote",2.75
107720,8,28,3,109292,2023-06-17,NA,"Active",NA,"Employee","Regular",1,"Hybrid",2.73
108160,8,28,1,109788,2023-06-21,NA,"Active",NA,"Employee","Regular",1,"Remote",2.72
108382,8,28,3,106896,2023-06-21,NA,"Active",NA,"Employee","Regular",1,"Hybrid",2.72
109253,8,28,1,102609,2023-06-23,NA,"Active",NA,"Employee","Regular",1,"Hybrid",2.71
107465,8,28,12,104585,2023-06-24,NA,"Active",NA,"Employee","Regular",1,"Remote",2.71
108677,8,28,7,103903,2023-07-06,NA,"Active",NA,"Employee","Regular",1,"Remote",2.68
102026,8,28,8,106732,2023-07-12,NA,"Active",NA,"Employee","Regular",1,"Remote",2.66
109843,8,28,8,102647,2023-07-19,NA,"Active",NA,"Employee","Regular",1,"Onsite",2.64
103256,8,28,10,104869,2023-07-26,NA,"Active",NA,"Employee","Regular",1,"Hybrid",2.62
103126,8,28,11,100885,2023-07-29,NA,"Active",NA,"Employee","Temporary",1,"Onsite",2.61
101956,8,28,12,108718,2023-08-14,NA,"Active",NA,"Employee","Regular",1,"Remote",2.57
105529,8,28,4,106586,2023-08-14,NA,"Active",NA,"Employee","Regular",1,"Onsite",2.57
102488,8,28,3,109146,2023-08-23,NA,"Active",NA,"Employee","Regular",1,"Onsite",2.55
104107,8,28,12,109780,2023-08-23,NA,"Active",NA,"Employee","Regular",0.8,"Remote",2.55
104553,8,28,1,102965,2023-09-03,NA,"Active",NA,"Employee","Regular",1,"Onsite",2.52
102854,8,28,5,104290,2023-09-05,NA,"Active",NA,"Employee","Regular",1,"Onsite",2.51
108186,8,28,10,106148,2023-09-07,NA,"Active",NA,"Employee","Regular",1,"Hybrid",2.5
104891,8,28,8,105484,2023-09-23,NA,"Active",NA,"Employee","Regular",1,"Hybrid",2.46
104852,8,28,8,102608,2023-09-25,NA,"Active",NA,"Employee","Regular",1,"Hybrid",2.45
103636,8,28,4,101438,2023-10-18,NA,"Active",NA,"Employee","Regular",1,"Onsite",2.39
106331,8,28,12,108981,2023-10-27,NA,"Active",NA,"Employee","Regular",1,"Remote",2.37
107280,8,28,5,102327,2023-10-28,NA,"Active",NA,"Employee","Temporary",1,"Remote",2.36
109022,8,28,11,109562,2023-10-30,NA,"Active",NA,"Employee","Regular",1,"Hybrid",2.36
101528,8,28,7,102717,2023-11-12,NA,"Active",NA,"Employee","Regular",1,"Hybrid",2.32
109409,8,28,10,102001,2023-11-21,NA,"Active",NA,"Employee","Regular",1,"Onsite",2.3
105724,8,28,1,105821,2023-12-02,NA,"Active",NA,"Employee","Regular",1,"Hybrid",2.27
105094,8,28,11,106301,2023-12-13,2026-01-22,"Terminated","Reduction in Force","Contractor","Regular",1,"Onsite",2.11
102053,8,28,7,101290,2023-12-24,NA,"Active",NA,"Employee","Regular",1,"Hybrid",2.21
109309,8,28,10,102083,2024-01-04,NA,"Active",NA,"Employee","Regular",1,"Remote",2.18
101981,8,28,6,108416,2024-01-06,NA,"Active",NA,"Employee","Regular",1,"Hybrid",2.17
102264,8,28,3,103921,2024-01-13,2025-06-28,"Terminated","Voluntary","Employee","Regular",1,"Hybrid",1.45
106231,8,28,8,103633,2024-01-15,NA,"Active",NA,"Employee","Regular",1,"Remote",2.15
102988,8,28,4,106992,2024-01-16,NA,"Active",NA,"Employee","Regular",1,"Onsite",2.15
107664,8,28,9,103594,2024-01-16,NA,"Active",NA,"Employee","Regular",1,"Onsite",2.15
103213,8,28,10,106998,2024-01-20,NA,"Active",NA,"Employee","Regular",1,"Onsite",2.13
109017,8,28,1,101959,2024-02-01,NA,"Active",NA,"Employee","Regular",1,"Hybrid",2.1
102307,8,28,9,103407,2024-02-12,NA,"Active",NA,"Employee","Regular",0.8,"Onsite",2.07
109665,8,28,3,101545,2024-02-17,NA,"Active",NA,"Employee","Regular",1,"Onsite",2.06
109031,8,28,7,102409,2024-03-01,NA,"Active",NA,"Employee","Regular",1,"Onsite",2.02
101818,8,28,7,106423,2024-03-05,NA,"Active",NA,"Employee","Regular",1,"Hybrid",2.01
100859,8,28,2,106152,2024-03-06,NA,"Active",NA,"Contractor","Regular",1,"Hybrid",2.01
101484,8,28,12,105964,2024-03-06,NA,"Active",NA,"Employee","Regular",1,"Hybrid",2.01
104125,8,28,4,107799,2024-03-07,2026-02-28,"Terminated","Voluntary","Employee","Regular",1,"Hybrid",1.98
101870,8,28,11,106645,2024-03-12,NA,"Active",NA,"Contractor","Regular",1,"Hybrid",1.99
106347,8,28,8,109966,2024-03-12,NA,"Active",NA,"Employee","Temporary",1,"Remote",1.99
107883,8,28,7,102257,2024-03-13,NA,"Active",NA,"Employee","Regular",1,"Onsite",1.99
105367,8,28,2,105826,2024-03-23,NA,"Active",NA,"Employee","Regular",1,"Remote",1.96
104203,8,28,3,107165,2024-03-26,NA,"Active",NA,"Employee","Regular",1,"Hybrid",1.96
107789,8,28,3,106543,2024-03-26,NA,"Active",NA,"Employee","Regular",1,"Onsite",1.96
101897,8,28,9,109540,2024-04-18,NA,"Active",NA,"Employee","Regular",1,"Hybrid",1.89
106919,8,28,2,101401,2024-04-27,2025-12-29,"Terminated","Voluntary","Employee","Regular",1,"Onsite",1.67
105867,8,28,3,109866,2024-05-03,NA,"Active",NA,"Employee","Regular",0.6,"Hybrid",1.85
104436,8,28,3,107832,2024-05-07,NA,"Active",NA,"Employee","Regular",1,"Remote",1.84
108053,8,28,4,104323,2024-05-10,NA,"Active",NA,"Contractor","Regular",0.8,"Onsite",1.83
100640,8,28,7,103260,2024-06-02,NA,"Active",NA,"Employee","Regular",1,"Remote",1.77
105759,8,28,5,109037,2024-06-06,NA,"Active",NA,"Employee","Regular",1,"Hybrid",1.76
101188,8,28,2,105761,2024-06-07,NA,"Active",NA,"Employee","Regular",1,"Onsite",1.76
108793,8,28,10,104348,2024-06-23,NA,"Active",NA,"Contractor","Regular",0.6,"Remote",1.71
100005,8,28,10,101304,2024-06-30,NA,"Active",NA,"Employee","Regular",1,"Hybrid",1.69
109521,8,28,3,101551,2024-07-03,NA,"Active",NA,"Employee","Regular",0.6,"Onsite",1.68
106502,8,28,3,107519,2024-07-14,NA,"Active",NA,"Employee","Regular",1,"Hybrid",1.65
104127,8,28,3,107826,2024-07-24,NA,"Active",NA,"Employee","Regular",1,"Hybrid",1.63
103477,8,28,2,103501,2024-07-28,NA,"Active",NA,"Employee","Regular",1,"Onsite",1.62
108433,8,28,11,105082,2024-08-09,NA,"Active",NA,"Employee","Regular",1,"Remote",1.58
109014,8,28,6,100885,2024-08-15,NA,"Active",NA,"Employee","Regular",1,"Hybrid",1.57
106463,8,28,5,105409,2024-09-02,NA,"Active",NA,"Employee","Regular",1,"Hybrid",1.52
107007,8,28,8,109716,2024-09-05,NA,"Active",NA,"Contractor","Regular",1,"Hybrid",1.51
104956,8,28,3,109450,2024-09-13,NA,"Active",NA,"Employee","Regular",1,"Hybrid",1.49
108623,8,28,5,102257,2024-09-19,NA,"Active",NA,"Employee","Regular",1,"Hybrid",1.47
106049,8,28,11,100511,2024-10-15,NA,"Active",NA,"Employee","Regular",1,"Hybrid",1.4
100491,8,28,12,107045,2024-10-18,NA,"Active",NA,"Employee","Regular",1,"Hybrid",1.39
102865,8,28,12,108610,2024-10-18,NA,"Active",NA,"Employee","Regular",1,"Hybrid",1.39
108989,8,28,10,104573,2024-10-24,NA,"Active",NA,"Employee","Regular",1,"Hybrid",1.38
102462,8,28,5,102753,2024-10-27,NA,"Active",NA,"Employee","Regular",1,"Remote",1.37
100592,8,28,8,101935,2024-11-01,NA,"Active",NA,"Employee","Regular",1,"Hybrid",1.35
105625,8,28,3,103208,2024-11-01,NA,"Active",NA,"Employee","Regular",1,"Onsite",1.35
101023,8,28,9,104207,2024-11-21,NA,"Active",NA,"Employee","Regular",1,"Onsite",1.3
107613,8,28,3,109324,2024-12-11,NA,"Active",NA,"Employee","Regular",1,"Onsite",1.24
102830,8,28,3,105752,2024-12-12,NA,"Active",NA,"Employee","Regular",1,"Hybrid",1.24
103880,8,28,5,107242,2024-12-15,NA,"Active",NA,"Employee","Regular",1,"Onsite",1.23
100280,8,28,1,103253,2025-01-16,NA,"Active",NA,"Employee","Regular",1,"Onsite",1.15
106484,8,28,5,109926,2025-01-17,NA,"Active",NA,"Employee","Regular",1,"Hybrid",1.14
109895,8,28,7,108693,2025-02-02,NA,"Active",NA,"Employee","Regular",1,"Onsite",1.1
109180,8,28,3,106474,2025-02-09,NA,"Active",NA,"Employee","Regular",1,"Onsite",1.08
104165,8,28,1,105056,2025-02-11,NA,"Active",NA,"Employee","Regular",0.8,"Onsite",1.07
107876,8,28,6,106000,2025-02-12,NA,"Active",NA,"Employee","Regular",0.8,"Onsite",1.07
104771,8,28,3,109674,2025-02-14,NA,"Active",NA,"Employee","Regular",1,"Remote",1.07
108263,8,28,4,108610,2025-02-19,NA,"Active",NA,"Employee","Regular",0.8,"Remote",1.05
104689,8,28,3,103434,2025-02-24,NA,"Active",NA,"Employee","Regular",1,"Remote",1.04
102084,8,28,11,102410,2025-02-25,NA,"Active",NA,"Employee","Regular",1,"Onsite",1.04
102252,8,28,3,101215,2025-02-25,NA,"Active",NA,"Employee","Regular",1,"Remote",1.04
100644,8,28,2,107797,2025-02-27,NA,"Active",NA,"Employee","Regular",1,"Hybrid",1.03
101937,8,28,11,103873,2025-02-28,NA,"Active",NA,"Employee","Regular",1,"Hybrid",1.03
100772,8,28,4,108657,2025-03-02,NA,"Active",NA,"Employee","Regular",1,"Onsite",1.02
102379,8,28,6,100885,2025-04-06,NA,"Active",NA,"Employee","Regular",1,"Hybrid",0.93
104506,8,28,2,104290,2025-04-12,NA,"Active",NA,"Employee","Regular",1,"Hybrid",0.91
108684,8,28,1,101791,2025-04-13,NA,"Active",NA,"Employee","Regular",1,"Onsite",0.91
104355,8,28,6,105918,2025-04-17,NA,"Active",NA,"Employee","Regular",1,"Remote",0.9
100713,8,28,12,103288,2025-04-18,NA,"Active",NA,"Employee","Regular",1,"Hybrid",0.89
101005,8,28,10,101201,2025-05-20,NA,"Active",NA,"Employee","Regular",1,"Onsite",0.81
106879,8,28,1,103303,2025-05-23,NA,"Active",NA,"Contractor","Regular",1,"Hybrid",0.8
100362,8,28,4,108328,2025-05-25,NA,"Active",NA,"Employee","Regular",1,"Onsite",0.79
102649,8,28,12,103659,2025-06-03,NA,"Active",NA,"Employee","Regular",0.8,"Onsite",0.77
106497,8,28,5,100596,2025-06-06,NA,"Active",NA,"Employee","Regular",1,"Hybrid",0.76
105857,8,28,2,108718,2025-06-23,NA,"Active",NA,"Employee","Regular",1,"Hybrid",0.71
104147,8,28,4,108539,2025-06-24,NA,"Active",NA,"Employee","Regular",1,"Hybrid",0.71
107874,8,28,8,106820,2025-06-25,NA,"Active",NA,"Employee","Regular",1,"Onsite",0.71
109502,8,28,8,100830,2025-07-17,NA,"Active",NA,"Employee","Regular",1,"Hybrid",0.65
107362,8,28,6,106842,2025-07-29,NA,"Active",NA,"Employee","Regular",1,"Remote",0.61
103994,8,28,11,100994,2025-08-07,NA,"Active",NA,"Employee","Temporary",1,"Remote",0.59
107217,8,28,2,101691,2025-08-28,NA,"Active",NA,"Employee","Regular",1,"Hybrid",0.53
106288,8,28,8,108134,2025-09-12,NA,"Active",NA,"Employee","Regular",1,"Onsite",0.49
106016,8,28,8,106150,2025-09-18,NA,"Active",NA,"Employee","Regular",1,"Onsite",0.47
108686,8,28,5,105821,2025-09-18,NA,"Active",NA,"Employee","Regular",1,"Remote",0.47
100294,8,28,9,103353,2025-09-24,NA,"Active",NA,"Employee","Regular",1,"Onsite",0.46
102596,8,28,10,101113,2025-09-27,NA,"Active",NA,"Employee","Regular",1,"Remote",0.45
103397,8,28,12,104878,2025-10-03,NA,"Active",NA,"Employee","Regular",1,"Hybrid",0.43
103467,8,28,4,105148,2025-10-12,NA,"Active",NA,"Employee","Regular",1,"Hybrid",0.41
102477,8,28,1,107570,2025-10-23,NA,"Active",NA,"Employee","Regular",1,"Hybrid",0.38
106834,8,28,3,103552,2025-10-25,NA,"Active",NA,"Employee","Regular",0.8,"Onsite",0.37
106386,8,28,4,100255,2025-11-01,NA,"Active",NA,"Employee","Regular",1,"Onsite",0.35
109198,8,28,11,102647,2025-11-08,NA,"Active",NA,"Employee","Regular",1,"Remote",0.33
102822,8,28,2,106369,2025-11-15,NA,"Active",NA,"Employee","Regular",1,"Hybrid",0.32
103282,8,28,9,104286,2025-11-18,NA,"Active",NA,"Employee","Regular",1,"Hybrid",0.31
102458,8,28,10,108688,2025-11-28,NA,"Active",NA,"Employee","Regular",1,"Remote",0.28
105022,8,28,1,104816,2025-12-13,NA,"Active",NA,"Employee","Regular",1,"Remote",0.24
105139,8,28,9,102727,2025-12-16,NA,"Active",NA,"Employee","Regular",0.8,"Onsite",0.23
103523,8,28,5,108688,2025-12-27,NA,"Active",NA,"Employee","Regular",1,"Remote",0.2
100942,8,28,6,101008,2026-01-03,NA,"Active",NA,"Employee","Regular",1,"Onsite",0.18
109566,10,35,7,102294,2013-01-06,NA,"Active",NA,"Employee","Regular",1,"Onsite",13.17
109869,10,35,2,101280,2013-01-11,NA,"Active",NA,"Employee","Regular",1,"Remote",13.16
102641,10,35,11,109750,2013-01-12,2018-05-29,"Terminated","Involuntary","Employee","Regular",1,"Hybrid",5.38
107937,10,35,1,106193,2013-01-18,NA,"Active",NA,"Employee","Regular",1,"Onsite",13.14
109027,10,35,1,102294,2013-02-03,NA,"Active",NA,"Employee","Regular",1,"Hybrid",13.1
100741,10,35,8,103023,2013-02-09,2022-12-20,"Terminated","Voluntary","Employee","Regular",1,"Hybrid",9.86
105679,10,35,3,102991,2013-02-14,NA,"Active",NA,"Employee","Regular",1,"Onsite",13.07
101622,10,35,3,108730,2013-02-21,NA,"Active",NA,"Employee","Regular",1,"Remote",13.05
101639,10,35,12,107994,2013-03-02,NA,"Active",NA,"Employee","Regular",1,"Onsite",13.02
106384,10,35,2,102880,2013-03-26,NA,"Active",NA,"Employee","Regular",1,"Onsite",12.96
104510,10,35,10,103731,2013-04-01,NA,"Active",NA,"Employee","Regular",1,"Hybrid",12.94
100418,10,35,7,101728,2013-04-06,NA,"Active",NA,"Employee","Regular",1,"Hybrid",12.93
102339,10,35,3,105817,2013-04-16,2022-08-19,"Terminated","Voluntary","Employee","Regular",1,"Hybrid",9.34
105163,10,35,4,101908,2013-04-16,NA,"Active",NA,"Employee","Regular",1,"Remote",12.9
108399,10,35,4,102514,2013-04-17,NA,"Active",NA,"Employee","Regular",1,"Remote",12.9
106074,10,35,4,109403,2013-04-23,NA,"Active",NA,"Employee","Regular",1,"Hybrid",12.88
102544,10,35,7,108356,2013-06-06,NA,"Active",NA,"Employee","Regular",1,"Onsite",12.76
109761,10,35,4,103713,2013-06-06,NA,"Active",NA,"Employee","Regular",1,"Onsite",12.76
108663,10,35,4,107585,2013-06-07,NA,"Active",NA,"Employee","Regular",1,"Hybrid",12.76
105912,10,35,1,100484,2013-06-22,NA,"Active",NA,"Employee","Regular",1,"Onsite",12.72
102605,10,35,11,107911,2013-06-24,NA,"Active",NA,"Employee","Regular",1,"Remote",12.71
107141,10,35,11,108553,2013-06-27,NA,"Active",NA,"Employee","Regular",1,"Hybrid",12.7
105619,10,35,3,104577,2013-07-15,NA,"Active",NA,"Employee","Regular",1,"Hybrid",12.65
102823,10,35,10,103053,2013-08-02,NA,"Active",NA,"Employee","Regular",1,"Onsite",12.6
105380,10,35,1,106120,2013-08-04,2019-03-23,"Terminated","Voluntary","Employee","Regular",0.8,"Hybrid",5.63
107776,10,35,6,107090,2013-08-13,NA,"Active",NA,"Employee","Regular",1,"Onsite",12.57
105898,10,35,3,109568,2013-08-16,NA,"Active",NA,"Employee","Regular",1,"Onsite",12.56
102573,10,35,4,104871,2013-08-17,2024-10-12,"Terminated","Voluntary","Employee","Regular",1,"Onsite",11.15
109565,10,35,10,104561,2013-08-18,NA,"Active",NA,"Employee","Regular",1,"Onsite",12.56
105490,10,35,6,104822,2013-09-05,NA,"Active",NA,"Employee","Regular",1,"Onsite",12.51
109646,10,35,5,107319,2013-09-21,NA,"Active",NA,"Employee","Regular",1,"Hybrid",12.47
108090,10,35,10,102786,2013-09-25,NA,"Active",NA,"Contractor","Regular",1,"Hybrid",12.45
108995,10,35,5,106755,2013-10-02,NA,"Active",NA,"Employee","Regular",1,"Hybrid",12.44
106639,10,35,12,107567,2013-10-11,2020-03-25,"Terminated","Involuntary","Employee","Regular",1,"Hybrid",6.45
103343,10,35,3,101217,2013-10-12,2024-10-27,"Terminated","Voluntary","Employee","Regular",1,"Hybrid",11.04
101654,10,35,3,108730,2013-10-16,2021-03-07,"Terminated","Voluntary","Employee","Regular",0.6,"Hybrid",7.39
102033,10,35,2,103985,2013-10-25,NA,"Active",NA,"Employee","Regular",1,"Hybrid",12.37
106887,10,35,8,109960,2013-10-25,NA,"Active",NA,"Employee","Regular",1,"Onsite",12.37
107979,10,35,10,107355,2013-12-13,NA,"Active",NA,"Employee","Regular",1,"Hybrid",12.24
101236,10,35,7,109649,2013-12-26,NA,"Active",NA,"Employee","Regular",1,"Onsite",12.2
107690,10,35,1,102294,2013-12-27,NA,"Active",NA,"Employee","Regular",1,"Onsite",12.2
104264,10,35,4,107588,2014-01-18,NA,"Active",NA,"Employee","Regular",1,"Hybrid",12.14
100207,10,35,2,107377,2014-01-21,NA,"Active",NA,"Employee","Regular",1,"Onsite",12.13
102313,10,35,3,107567,2014-01-26,NA,"Active",NA,"Employee","Regular",1,"Onsite",12.12
102690,10,35,12,100335,2014-02-03,NA,"Active",NA,"Contractor","Regular",1,"Onsite",12.1
108993,10,35,12,105817,2014-02-06,NA,"Active",NA,"Employee","Regular",1,"Remote",12.09
107485,10,35,1,104574,2014-02-11,NA,"Active",NA,"Employee","Regular",1,"Remote",12.07
107071,10,35,1,103023,2014-02-19,2021-11-15,"Terminated","Reduction in Force","Employee","Regular",1,"Remote",7.74
107476,10,35,10,102294,2014-02-25,2026-01-23,"Terminated","Voluntary","Employee","Temporary",1,"Onsite",11.91
101428,10,35,4,109682,2014-02-28,2020-09-07,"Terminated","Voluntary","Employee","Temporary",1,"Remote",6.52
100412,10,35,5,106193,2014-03-12,NA,"Active",NA,"Employee","Regular",1,"Hybrid",11.99
107630,10,35,10,107143,2014-03-19,NA,"Active",NA,"Employee","Regular",1,"Hybrid",11.98
105543,10,35,5,106080,2014-03-22,2015-11-06,"Terminated","Involuntary","Employee","Regular",1,"Remote",1.63
109090,10,35,11,104772,2014-04-02,NA,"Active",NA,"Employee","Regular",1,"Onsite",11.94
100165,10,35,10,103551,2014-04-10,NA,"Active",NA,"Employee","Regular",1,"Onsite",11.92
108967,10,35,2,103979,2014-04-15,NA,"Active",NA,"Contractor","Regular",1,"Onsite",11.9
104166,10,35,3,101908,2014-05-06,NA,"Active",NA,"Employee","Regular",1,"Onsite",11.84
105145,10,35,6,105347,2014-05-08,NA,"Active",NA,"Employee","Regular",1,"Hybrid",11.84
106723,10,35,2,104220,2014-06-01,NA,"Active",NA,"Employee","Regular",0.6,"Onsite",11.77
107068,10,35,4,100871,2014-06-12,NA,"Active",NA,"Employee","Regular",1,"Hybrid",11.74
103395,10,35,4,101378,2014-07-03,NA,"Active",NA,"Employee","Regular",1,"Onsite",11.68
108222,10,35,12,101836,2014-07-06,2022-06-05,"Terminated","Voluntary","Employee","Regular",1,"Onsite",7.92
101192,10,35,11,109106,2014-07-15,NA,"Active",NA,"Employee","Regular",1,"Onsite",11.65
108702,10,35,2,102593,2014-07-15,2020-12-25,"Terminated","Voluntary","Employee","Regular",1,"Hybrid",6.45
101021,10,35,1,106262,2014-07-26,2021-02-15,"Terminated","Voluntary","Employee","Regular",1,"Remote",6.56
101539,10,35,9,100227,2014-07-28,NA,"Active",NA,"Employee","Regular",1,"Hybrid",11.62
103663,10,35,5,101521,2014-08-02,2016-07-12,"Terminated","Involuntary","Employee","Regular",1,"Remote",1.94
109083,10,35,3,102294,2014-08-12,NA,"Active",NA,"Employee","Regular",1,"Onsite",11.58
107555,10,35,1,102514,2014-08-28,NA,"Active",NA,"Contractor","Regular",1,"Onsite",11.53
104920,10,35,7,100403,2014-09-04,NA,"Active",NA,"Employee","Regular",1,"Hybrid",11.51
105599,10,35,9,100368,2014-09-12,NA,"Active",NA,"Contractor","Regular",1,"Hybrid",11.49
102934,10,35,4,100583,2014-09-25,NA,"Active",NA,"Employee","Regular",1,"Hybrid",11.45
101633,10,35,3,102738,2014-10-18,NA,"Active",NA,"Employee","Regular",1,"Hybrid",11.39
105162,10,35,8,103818,2014-10-19,NA,"Active",NA,"Employee","Temporary",1,"Hybrid",11.39
102571,10,35,6,106018,2014-10-30,NA,"Active",NA,"Employee","Regular",1,"Remote",11.36
108959,10,35,1,106054,2014-11-07,2024-11-14,"Terminated","Involuntary","Employee","Temporary",1,"Hybrid",10.02
108007,10,35,5,107427,2014-11-10,NA,"Active",NA,"Employee","Regular",1,"Remote",11.33
106296,10,35,4,105640,2014-11-18,NA,"Active",NA,"Employee","Regular",1,"Hybrid",11.31
109247,10,35,6,108553,2014-11-30,2024-08-03,"Terminated","Involuntary","Employee","Regular",1,"Hybrid",9.67
106170,10,35,6,105305,2014-12-04,NA,"Active",NA,"Employee","Regular",1,"Hybrid",11.26
107728,10,35,12,102487,2014-12-14,NA,"Active",NA,"Employee","Temporary",1,"Onsite",11.24
109601,10,35,11,105305,2014-12-19,NA,"Active",NA,"Employee","Temporary",1,"Hybrid",11.22
109813,10,35,3,100006,2015-01-02,NA,"Active",NA,"Employee","Regular",1,"Onsite",11.18
108052,10,35,4,106466,2015-01-12,2020-01-20,"Terminated","Involuntary","Employee","Regular",0.8,"Onsite",5.02
109676,10,35,8,106905,2015-01-14,2025-04-30,"Terminated","Voluntary","Employee","Regular",1,"Onsite",10.29
107469,10,35,2,102990,2015-02-01,NA,"Active",NA,"Employee","Regular",1,"Hybrid",11.1
108912,10,35,1,105354,2015-02-01,2021-07-21,"Terminated","Voluntary","Contractor","Regular",1,"Onsite",6.47
108014,10,35,4,100871,2015-02-02,NA,"Active",NA,"Employee","Regular",1,"Remote",11.1
104029,10,35,8,106297,2015-03-01,NA,"Active",NA,"Employee","Regular",1,"Hybrid",11.02
105715,10,35,12,100136,2015-03-16,NA,"Active",NA,"Employee","Regular",0.6,"Remote",10.98
108196,10,35,3,104280,2015-03-17,NA,"Active",NA,"Employee","Regular",1,"Hybrid",10.98
108493,10,35,6,106259,2015-04-01,2025-04-21,"Terminated","Voluntary","Contractor","Regular",1,"Onsite",10.05
108344,10,35,8,100820,2015-04-04,NA,"Active",NA,"Employee","Regular",1,"Hybrid",10.93
101988,10,35,1,103328,2015-04-11,NA,"Active",NA,"Employee","Regular",0.8,"Onsite",10.91
101375,10,35,10,105991,2015-04-14,NA,"Active",NA,"Employee","Regular",1,"Hybrid",10.9
100254,10,35,7,109808,2015-04-16,NA,"Active",NA,"Employee","Regular",1,"Onsite",10.9
103863,10,35,3,103985,2015-04-25,NA,"Active",NA,"Employee","Regular",1,"Remote",10.87
105345,10,35,6,103924,2015-04-25,NA,"Active",NA,"Employee","Regular",1,"Hybrid",10.87
108469,10,35,4,104772,2015-05-06,NA,"Active",NA,"Employee","Regular",0.6,"Hybrid",10.84
104967,10,35,1,106186,2015-05-11,NA,"Active",NA,"Contractor","Regular",1,"Onsite",10.83
108270,10,35,1,107352,2015-05-13,NA,"Active",NA,"Employee","Regular",1,"Remote",10.82
107522,10,35,5,106080,2015-05-18,NA,"Active",NA,"Employee","Regular",0.6,"Onsite",10.81
109334,10,35,1,104256,2015-06-05,NA,"Active",NA,"Employee","Regular",1,"Onsite",10.76
108158,10,35,12,102019,2015-06-13,NA,"Active",NA,"Employee","Regular",1,"Hybrid",10.74
100366,10,35,11,100683,2015-06-17,NA,"Active",NA,"Employee","Regular",1,"Onsite",10.73
101455,10,35,8,103428,2015-06-19,NA,"Active",NA,"Employee","Regular",1,"Onsite",10.72
106255,10,35,4,100517,2015-06-22,2024-01-24,"Terminated","Reduction in Force","Employee","Regular",1,"Remote",8.59
103689,10,35,11,102420,2015-06-28,NA,"Active",NA,"Employee","Regular",1,"Remote",10.7
102933,10,35,2,108974,2015-07-07,NA,"Active",NA,"Employee","Regular",1,"Onsite",10.67
101679,10,35,3,105476,2015-07-08,NA,"Active",NA,"Employee","Regular",1,"Onsite",10.67
109319,10,35,2,103979,2015-07-09,NA,"Active",NA,"Employee","Regular",1,"Onsite",10.67
100285,10,35,7,109596,2015-07-13,NA,"Active",NA,"Employee","Regular",1,"Onsite",10.66
105244,10,35,4,107427,2015-07-18,NA,"Active",NA,"Employee","Regular",0.6,"Remote",10.64
104064,10,35,7,106095,2015-07-22,NA,"Active",NA,"Employee","Regular",0.8,"Remote",10.63
102091,10,35,7,102738,2015-08-11,NA,"Active",NA,"Employee","Regular",1,"Hybrid",10.58
105385,10,35,4,106054,2015-08-16,NA,"Active",NA,"Employee","Temporary",1,"Onsite",10.56
109111,10,35,4,103439,2015-09-18,NA,"Active",NA,"Employee","Regular",1,"Remote",10.47
100127,10,35,9,108398,2015-09-23,NA,"Active",NA,"Contractor","Regular",1,"Hybrid",10.46
104998,10,35,3,102771,2015-09-25,2025-01-24,"Terminated","Voluntary","Contractor","Regular",1,"Hybrid",9.33
102783,10,35,1,100683,2015-10-04,NA,"Active",NA,"Employee","Regular",1,"Onsite",10.43
102938,10,35,4,102090,2015-10-06,NA,"Active",NA,"Employee","Regular",1,"Onsite",10.42
101498,10,35,7,105555,2015-10-08,NA,"Active",NA,"Employee","Regular",1,"Onsite",10.42
108127,10,35,8,101217,2015-10-10,2022-04-13,"Terminated","Voluntary","Employee","Regular",0.8,"Hybrid",6.51
103205,10,35,8,105220,2015-10-12,NA,"Active",NA,"Employee","Regular",1,"Hybrid",10.41
105197,10,35,2,109122,2015-10-17,NA,"Active",NA,"Employee","Regular",1,"Remote",10.39
104040,10,35,4,107022,2015-10-19,2017-09-01,"Terminated","Involuntary","Employee","Regular",1,"Hybrid",1.87
108018,10,35,7,102735,2015-10-21,NA,"Active",NA,"Employee","Regular",1,"Onsite",10.38
108129,10,35,2,101961,2015-10-27,NA,"Active",NA,"Employee","Regular",1,"Hybrid",10.37
108771,10,35,8,102593,2015-10-28,NA,"Active",NA,"Employee","Regular",1,"Onsite",10.36
100029,10,35,1,106941,2015-11-23,NA,"Active",NA,"Employee","Regular",1,"Hybrid",10.29
106655,10,35,8,103792,2015-11-26,NA,"Active",NA,"Employee","Regular",0.6,"Hybrid",10.28
100612,10,35,6,103416,2015-12-11,NA,"Active",NA,"Employee","Regular",1,"Onsite",10.24
107950,10,35,7,103023,2016-01-22,NA,"Active",NA,"Employee","Regular",1,"Remote",10.13
105611,10,35,5,107427,2016-01-23,NA,"Active",NA,"Employee","Regular",1,"Remote",10.13
104425,10,35,3,103722,2016-02-01,2023-05-11,"Terminated","Involuntary","Employee","Regular",1,"Hybrid",7.27
109943,10,35,4,107944,2016-02-01,NA,"Active",NA,"Employee","Regular",1,"Hybrid",10.1
105509,10,35,1,107585,2016-02-07,NA,"Active",NA,"Employee","Regular",1,"Onsite",10.08
101259,10,35,5,106920,2016-02-16,2021-11-21,"Terminated","Voluntary","Employee","Regular",1,"Hybrid",5.76
108960,10,35,2,100039,2016-02-20,NA,"Active",NA,"Employee","Regular",1,"Remote",10.05
102825,10,35,5,106808,2016-02-23,NA,"Active",NA,"Employee","Regular",1,"Remote",10.04
102829,10,35,3,108730,2016-02-27,NA,"Active",NA,"Employee","Regular",1,"Hybrid",10.03
106652,10,35,1,105014,2016-03-23,NA,"Active",NA,"Employee","Regular",0.8,"Hybrid",9.96
108824,10,35,7,107512,2016-03-24,NA,"Active",NA,"Employee","Regular",1,"Onsite",9.96
102580,10,35,3,100693,2016-03-29,NA,"Active",NA,"Employee","Regular",1,"Hybrid",9.95
106209,10,35,10,102738,2016-04-05,2024-01-18,"Terminated","Voluntary","Employee","Regular",0.8,"Hybrid",7.79
103005,10,35,4,101608,2016-04-08,NA,"Active",NA,"Employee","Regular",1,"Remote",9.92
104814,10,35,1,108648,2016-04-11,NA,"Active",NA,"Employee","Regular",0.8,"Hybrid",9.91
101077,10,35,3,104220,2016-04-14,NA,"Active",NA,"Employee","Regular",0.6,"Onsite",9.9
105451,10,35,9,107588,2016-04-16,NA,"Active",NA,"Employee","Regular",1,"Onsite",9.9
107631,10,35,1,106677,2016-05-09,NA,"Active",NA,"Employee","Regular",1,"Onsite",9.84
109411,10,35,1,100039,2016-05-21,NA,"Active",NA,"Employee","Regular",1,"Onsite",9.8
105323,10,35,3,104792,2016-05-27,NA,"Active",NA,"Employee","Regular",1,"Hybrid",9.79
103940,10,35,10,100004,2016-06-14,2023-06-26,"Terminated","Involuntary","Employee","Regular",1,"Onsite",7.03
109395,10,35,4,103346,2016-06-19,NA,"Active",NA,"Employee","Regular",1,"Remote",9.72
103733,10,35,10,101217,2016-06-22,NA,"Active",NA,"Employee","Regular",1,"Onsite",9.72
105159,10,35,12,103581,2016-06-25,NA,"Active",NA,"Employee","Regular",1,"Hybrid",9.71
103945,10,35,11,106095,2016-06-27,NA,"Active",NA,"Employee","Regular",1,"Hybrid",9.7
104851,10,35,6,106127,2016-06-28,NA,"Active",NA,"Employee","Regular",1,"Onsite",9.7
108437,10,35,10,103924,2016-07-04,NA,"Active",NA,"Contractor","Temporary",1,"Remote",9.68
101781,10,35,3,107588,2016-07-06,NA,"Active",NA,"Employee","Regular",1,"Remote",9.68
108529,10,35,10,106262,2016-08-04,NA,"Active",NA,"Employee","Regular",1,"Hybrid",9.6
106567,10,35,6,102593,2016-08-07,NA,"Active",NA,"Employee","Regular",1,"Onsite",9.59
108144,10,35,1,105991,2016-08-10,NA,"Active",NA,"Employee","Regular",1,"Onsite",9.58
103259,10,35,4,100335,2016-08-14,NA,"Active",NA,"Employee","Regular",1,"Onsite",9.57
102437,10,35,6,102771,2016-08-24,NA,"Active",NA,"Employee","Regular",0.8,"Remote",9.54
106521,10,35,5,103625,2016-09-05,NA,"Active",NA,"Employee","Regular",1,"Onsite",9.51
104262,10,35,3,109534,2016-09-11,NA,"Active",NA,"Employee","Regular",1,"Hybrid",9.49
106245,10,35,7,107588,2016-09-25,NA,"Active",NA,"Employee","Regular",1,"Hybrid",9.45
109077,10,35,6,105354,2016-10-03,NA,"Active",NA,"Employee","Regular",1,"Remote",9.43
102718,10,35,7,108283,2016-10-08,2020-12-16,"Terminated","Reduction in Force","Employee","Regular",1,"Remote",4.19
107182,10,35,4,104472,2016-10-09,NA,"Active",NA,"Employee","Regular",1,"Remote",9.42
103538,10,35,1,109750,2016-10-17,2025-09-21,"Terminated","Involuntary","Employee","Regular",0.6,"Onsite",8.93
105438,10,35,12,100701,2016-10-20,NA,"Active",NA,"Employee","Regular",1,"Onsite",9.39
104515,10,35,12,102451,2016-10-23,2022-03-16,"Terminated","Voluntary","Employee","Temporary",1,"Hybrid",5.39
101660,10,35,2,103625,2016-10-25,2024-10-16,"Terminated","Voluntary","Employee","Temporary",1,"Remote",7.98
101965,10,35,12,102148,2016-10-29,NA,"Active",NA,"Employee","Regular",1,"Remote",9.36
106481,10,35,12,106259,2016-10-30,NA,"Active",NA,"Employee","Regular",1,"Hybrid",9.36
107050,10,35,2,102771,2016-11-02,NA,"Active",NA,"Employee","Regular",1,"Onsite",9.35
101506,10,35,1,106193,2016-11-04,NA,"Active",NA,"Employee","Temporary",1,"Onsite",9.35
105573,10,35,2,105220,2016-11-15,NA,"Active",NA,"Employee","Regular",1,"Hybrid",9.32
104631,10,35,4,103840,2016-11-23,NA,"Active",NA,"Employee","Regular",1,"Onsite",9.29
104360,10,35,8,104709,2016-11-27,2023-12-05,"Terminated","Reduction in Force","Employee","Regular",1,"Remote",7.02
101783,10,35,9,106568,2016-12-15,NA,"Active",NA,"Employee","Regular",1,"Remote",9.23
104229,10,35,8,105476,2016-12-31,NA,"Active",NA,"Employee","Regular",1,"Hybrid",9.19
100109,10,35,10,109649,2017-01-02,NA,"Active",NA,"Employee","Regular",1,"Onsite",9.18
108990,10,35,1,101904,2017-01-11,NA,"Active",NA,"Employee","Regular",1,"Remote",9.16
102763,10,35,11,100484,2017-01-21,2023-10-16,"Terminated","Reduction in Force","Employee","Regular",1,"Hybrid",6.73
106343,10,35,2,102234,2017-01-29,NA,"Active",NA,"Employee","Temporary",1,"Hybrid",9.11
106733,10,35,3,109808,2017-02-18,NA,"Active",NA,"Employee","Regular",1,"Remote",9.05
107615,10,35,12,103755,2017-03-06,NA,"Active",NA,"Employee","Regular",1,"Onsite",9.01
101702,10,35,11,106438,2017-03-07,2023-09-26,"Terminated","Voluntary","Employee","Regular",1,"Hybrid",6.55
103352,10,35,2,103985,2017-03-14,NA,"Active",NA,"Employee","Regular",1,"Remote",8.99
102601,10,35,3,107352,2017-03-16,NA,"Active",NA,"Employee","Regular",1,"Remote",8.98
100145,10,35,11,105766,2017-04-11,NA,"Active",NA,"Employee","Regular",1,"Hybrid",8.91
102438,10,35,8,100871,2017-04-28,NA,"Active",NA,"Employee","Regular",1,"Hybrid",8.87
106338,10,35,8,100403,2017-04-29,NA,"Active",NA,"Employee","Regular",1,"Hybrid",8.86
109392,10,35,1,102494,2017-05-26,2024-02-28,"Terminated","Voluntary","Employee","Regular",1,"Hybrid",6.76
102503,10,35,3,104416,2017-06-11,NA,"Active",NA,"Employee","Regular",1,"Hybrid",8.75
104168,10,35,8,108283,2017-06-27,NA,"Active",NA,"Employee","Regular",1,"Onsite",8.7
101774,10,35,6,101418,2017-06-28,NA,"Active",NA,"Employee","Regular",1,"Hybrid",8.7
107262,10,35,8,105937,2017-06-28,2023-07-06,"Terminated","Involuntary","Employee","Regular",1,"Hybrid",6.02
101768,10,35,1,105439,2017-07-01,NA,"Active",NA,"Employee","Regular",0.8,"Hybrid",8.69
104669,10,35,4,101908,2017-07-01,NA,"Active",NA,"Employee","Regular",1,"Hybrid",8.69
106959,10,35,10,100619,2017-07-19,NA,"Active",NA,"Employee","Regular",1,"Onsite",8.64
108552,10,35,4,109621,2017-07-19,NA,"Active",NA,"Employee","Regular",1,"Onsite",8.64
106814,10,35,8,106905,2017-07-30,NA,"Active",NA,"Employee","Regular",1,"Onsite",8.61
104989,10,35,10,102494,2017-07-31,NA,"Active",NA,"Employee","Regular",0.6,"Onsite",8.61
100485,10,35,4,102991,2017-08-01,2019-09-16,"Terminated","Voluntary","Employee","Regular",1,"Hybrid",2.13
102803,10,35,10,107025,2017-08-02,NA,"Active",NA,"Employee","Temporary",1,"Remote",8.6
101857,10,35,12,100583,2017-08-04,NA,"Active",NA,"Employee","Regular",1,"Hybrid",8.6
107320,10,35,3,102626,2017-08-07,NA,"Active",NA,"Employee","Regular",1,"Onsite",8.59
102566,10,35,10,105825,2017-08-11,NA,"Active",NA,"Employee","Regular",1,"Onsite",8.58
106963,10,35,6,108845,2017-08-29,NA,"Active",NA,"Employee","Regular",1,"Hybrid",8.53
102761,10,35,1,108300,2017-08-31,NA,"Active",NA,"Employee","Regular",1,"Onsite",8.52
103140,10,35,4,103023,2017-09-29,NA,"Active",NA,"Employee","Regular",1,"Onsite",8.44
104240,10,35,12,108283,2017-10-02,NA,"Active",NA,"Employee","Regular",1,"Hybrid",8.44
104002,10,35,1,106700,2017-10-12,NA,"Active",NA,"Employee","Regular",0.8,"Hybrid",8.41
101414,10,35,9,107090,2017-10-13,NA,"Active",NA,"Employee","Regular",1,"Remote",8.41
102811,10,35,9,105636,2017-10-15,2024-02-13,"Terminated","Voluntary","Employee","Regular",0.8,"Onsite",6.33
101152,10,35,11,105588,2017-12-05,2025-12-23,"Terminated","Voluntary","Contractor","Regular",1,"Remote",8.05
106666,10,35,4,103328,2017-12-10,2023-06-20,"Terminated","Voluntary","Employee","Regular",1,"Onsite",5.53
108011,10,35,9,106438,2017-12-10,NA,"Active",NA,"Employee","Regular",1,"Hybrid",8.25
102790,10,35,8,105051,2017-12-23,NA,"Active",NA,"Employee","Regular",1,"Hybrid",8.21
107325,10,35,9,109929,2017-12-28,NA,"Active",NA,"Employee","Regular",1,"Remote",8.2
103347,10,35,11,102095,2018-01-31,2021-01-31,"Terminated","Voluntary","Employee","Regular",0.8,"Hybrid",3
108486,10,35,12,107708,2018-02-02,NA,"Active",NA,"Employee","Regular",1,"Hybrid",8.1
109476,10,35,3,104613,2018-02-13,NA,"Active",NA,"Employee","Regular",1,"Hybrid",8.07
107087,10,35,1,106920,2018-02-27,NA,"Active",NA,"Employee","Regular",1,"Onsite",8.03
104382,10,35,3,102738,2018-03-03,NA,"Active",NA,"Employee","Regular",1,"Onsite",8.02
106138,10,35,2,109596,2018-03-05,NA,"Active",NA,"Employee","Regular",1,"Hybrid",8.01
100472,10,35,2,101575,2018-03-31,NA,"Active",NA,"Employee","Temporary",1,"Hybrid",7.94
108722,10,35,11,103713,2018-04-12,NA,"Active",NA,"Employee","Regular",1,"Onsite",7.91
107721,10,35,12,108016,2018-04-25,NA,"Active",NA,"Contractor","Regular",0.8,"Onsite",7.87
101029,10,35,10,107025,2018-04-26,2019-10-02,"Terminated","Voluntary","Employee","Regular",1,"Hybrid",1.43
108221,10,35,9,101378,2018-05-01,NA,"Active",NA,"Employee","Regular",0.6,"Hybrid",7.86
108261,10,35,8,105177,2018-05-03,2022-12-31,"Terminated","Voluntary","Employee","Regular",1,"Remote",4.66
107064,10,35,11,106974,2018-05-07,NA,"Active",NA,"Employee","Temporary",1,"Hybrid",7.84
100618,10,35,9,108620,2018-05-15,NA,"Active",NA,"Employee","Regular",1,"Hybrid",7.82
100479,10,35,3,108398,2018-05-17,NA,"Active",NA,"Employee","Temporary",1,"Remote",7.81
103046,10,35,4,105958,2018-05-31,NA,"Active",NA,"Employee","Regular",0.6,"Onsite",7.78
105684,10,35,7,106457,2018-06-01,NA,"Active",NA,"Employee","Regular",1,"Remote",7.77
105772,10,35,7,106734,2018-06-17,NA,"Active",NA,"Employee","Regular",0.8,"Onsite",7.73
104014,10,35,5,101209,2018-07-12,NA,"Active",NA,"Employee","Regular",1,"Remote",7.66
100752,10,35,4,104822,2018-07-23,NA,"Active",NA,"Employee","Regular",1,"Hybrid",7.63
101701,10,35,12,109527,2018-07-24,NA,"Active",NA,"Employee","Regular",1,"Hybrid",7.63
101886,10,35,1,105374,2018-07-24,NA,"Active",NA,"Employee","Regular",1,"Hybrid",7.63
109380,10,35,9,103887,2018-07-26,2020-06-24,"Terminated","Voluntary","Employee","Temporary",1,"Onsite",1.91
103951,10,35,3,103581,2018-07-30,NA,"Active",NA,"Employee","Temporary",1,"Onsite",7.61
105474,10,35,3,105071,2018-08-01,NA,"Active",NA,"Contractor","Regular",1,"Hybrid",7.61
107410,10,35,7,105177,2018-08-14,NA,"Active",NA,"Employee","Regular",0.8,"Hybrid",7.57
101171,10,35,5,103428,2018-08-17,NA,"Active",NA,"Employee","Regular",1,"Hybrid",7.56
107881,10,35,1,103465,2018-08-25,NA,"Active",NA,"Employee","Regular",1,"Hybrid",7.54
105861,10,35,8,103127,2018-08-28,NA,"Active",NA,"Employee","Regular",1,"Hybrid",7.53
109561,10,35,10,108845,2018-09-11,NA,"Active",NA,"Employee","Regular",1,"Onsite",7.49
108636,10,35,9,104561,2018-10-07,NA,"Active",NA,"Employee","Regular",1,"Onsite",7.42
106944,10,35,9,108620,2018-10-19,2024-02-03,"Terminated","Involuntary","Employee","Regular",1,"Onsite",5.29
109427,10,35,10,103240,2018-10-27,NA,"Active",NA,"Employee","Regular",1,"Onsite",7.37
102552,10,35,4,101771,2018-10-30,NA,"Active",NA,"Employee","Regular",1,"Hybrid",7.36
105444,10,35,6,108553,2018-11-02,NA,"Active",NA,"Employee","Regular",1,"Remote",7.35
103009,10,35,4,106501,2018-11-13,NA,"Active",NA,"Employee","Regular",1,"Hybrid",7.32
104552,10,35,3,105591,2018-11-13,NA,"Active",NA,"Employee","Regular",1,"Onsite",7.32
108112,10,35,9,103792,2018-11-15,NA,"Active",NA,"Employee","Temporary",1,"Onsite",7.32
102911,10,35,1,108820,2018-11-18,2025-12-30,"Terminated","Reduction in Force","Employee","Regular",0.8,"Hybrid",7.12
100661,10,35,3,109621,2018-11-22,NA,"Active",NA,"Employee","Regular",1,"Remote",7.3
105574,10,35,5,104822,2018-11-23,NA,"Active",NA,"Employee","Regular",1,"Hybrid",7.29
107763,10,35,10,103050,2018-12-02,NA,"Active",NA,"Employee","Regular",1,"Hybrid",7.27
102597,10,35,5,105958,2018-12-04,2022-04-05,"Terminated","Voluntary","Contractor","Regular",1,"Onsite",3.33
103248,10,35,9,101226,2018-12-05,NA,"Active",NA,"Employee","Regular",1,"Onsite",7.26
109557,10,35,7,108371,2018-12-08,NA,"Active",NA,"Employee","Regular",1,"Onsite",7.25
104020,10,35,5,108402,2018-12-20,NA,"Active",NA,"Employee","Regular",1,"Onsite",7.22
103939,10,35,12,109221,2018-12-22,NA,"Active",NA,"Employee","Regular",1,"Onsite",7.21
101184,10,35,1,103050,2019-01-05,NA,"Active",NA,"Employee","Regular",1,"Onsite",7.18
100423,10,35,11,101112,2019-01-11,NA,"Active",NA,"Employee","Regular",1,"Onsite",7.16
106576,10,35,11,100286,2019-01-21,NA,"Active",NA,"Contractor","Regular",1,"Onsite",7.13
100804,10,35,3,105470,2019-02-08,NA,"Active",NA,"Employee","Regular",1,"Onsite",7.08
100505,10,35,10,100006,2019-02-22,NA,"Active",NA,"Employee","Regular",1,"Onsite",7.04
109470,10,35,11,105640,2019-02-23,NA,"Active",NA,"Employee","Regular",1,"Onsite",7.04
105024,10,35,10,105817,2019-02-27,NA,"Active",NA,"Employee","Regular",1,"Remote",7.03
102834,10,35,3,107693,2019-03-03,NA,"Active",NA,"Employee","Regular",1,"Onsite",7.02
106706,10,35,10,106348,2019-03-05,2019-11-27,"Terminated","Voluntary","Employee","Regular",1,"Hybrid",0.73
109274,10,35,10,102721,2019-03-06,NA,"Active",NA,"Employee","Regular",1,"Hybrid",7.01
106025,10,35,11,106120,2019-03-18,2026-01-18,"Terminated","Involuntary","Contractor","Regular",0.8,"Hybrid",6.84
107442,10,35,3,106677,2019-03-18,2025-01-03,"Terminated","Voluntary","Employee","Regular",1,"Onsite",5.8
105176,10,35,5,108260,2019-03-24,NA,"Active",NA,"Employee","Regular",1,"Remote",6.96
101361,10,35,3,104416,2019-03-31,NA,"Active",NA,"Employee","Regular",1,"Hybrid",6.94
103150,10,35,2,106186,2019-04-03,NA,"Active",NA,"Employee","Regular",1,"Remote",6.93
104212,10,35,6,109298,2019-04-05,2023-04-10,"Terminated","Voluntary","Employee","Regular",1,"Remote",4.01
103645,10,35,3,109750,2019-04-08,NA,"Active",NA,"Employee","Regular",1,"Onsite",6.92
102055,10,35,9,108371,2019-04-11,NA,"Active",NA,"Employee","Regular",1,"Hybrid",6.91
106206,10,35,6,105588,2019-04-14,NA,"Active",NA,"Employee","Regular",1,"Onsite",6.9
106234,10,35,11,106756,2019-04-15,2021-10-07,"Terminated","Voluntary","Employee","Regular",1,"Hybrid",2.48
104832,10,35,2,107377,2019-04-18,NA,"Active",NA,"Employee","Temporary",1,"Onsite",6.89
108753,10,35,4,108371,2019-04-25,NA,"Active",NA,"Employee","Regular",0.6,"Remote",6.87
108209,10,35,8,105439,2019-05-02,NA,"Active",NA,"Employee","Regular",1,"Hybrid",6.85
104575,10,35,10,106054,2019-05-11,NA,"Active",NA,"Employee","Regular",1,"Onsite",6.83
104106,10,35,9,104470,2019-05-28,NA,"Active",NA,"Employee","Regular",1,"Hybrid",6.78
105290,10,35,5,102316,2019-06-04,NA,"Active",NA,"Employee","Regular",1,"Onsite",6.76
108099,10,35,7,104220,2019-06-09,NA,"Active",NA,"Employee","Regular",1,"Hybrid",6.75
107670,10,35,1,105937,2019-06-28,NA,"Active",NA,"Employee","Regular",0.8,"Onsite",6.7
101264,10,35,7,101521,2019-07-13,NA,"Active",NA,"Employee","Regular",1,"Hybrid",6.66
102595,10,35,10,104806,2019-07-22,NA,"Active",NA,"Employee","Temporary",1,"Onsite",6.63
104419,10,35,3,105439,2019-07-25,NA,"Active",NA,"Contractor","Regular",0.8,"Hybrid",6.62
107432,10,35,6,107067,2019-07-27,2025-11-11,"Terminated","Voluntary","Employee","Regular",1,"Onsite",6.29
103065,10,35,8,107691,2019-07-31,NA,"Active",NA,"Employee","Regular",1,"Hybrid",6.61
103283,10,35,7,102316,2019-09-02,NA,"Active",NA,"Employee","Regular",1,"Hybrid",6.52
109625,10,35,6,105618,2019-09-12,NA,"Active",NA,"Employee","Regular",0.6,"Remote",6.49
108004,10,35,1,104561,2019-09-28,NA,"Active",NA,"Employee","Regular",1,"Onsite",6.45
101895,10,35,12,101317,2019-10-07,NA,"Active",NA,"Employee","Temporary",1,"Onsite",6.42
104981,10,35,12,101867,2019-10-11,NA,"Active",NA,"Employee","Regular",1,"Hybrid",6.41
106104,10,35,5,108371,2019-10-12,NA,"Active",NA,"Employee","Regular",1,"Hybrid",6.41
103978,10,35,11,102294,2019-10-27,NA,"Active",NA,"Employee","Regular",1,"Hybrid",6.37
105943,10,35,5,100683,2019-10-30,NA,"Active",NA,"Employee","Regular",0.8,"Remote",6.36
109786,10,35,3,105588,2019-11-17,2025-03-26,"Terminated","Voluntary","Employee","Regular",1,"Onsite",5.35
107949,10,35,3,103924,2019-11-24,NA,"Active",NA,"Employee","Regular",1,"Remote",6.29
102402,10,35,10,108300,2019-11-25,NA,"Active",NA,"Employee","Regular",1,"Onsite",6.29
100908,10,35,2,106758,2019-12-03,NA,"Active",NA,"Employee","Regular",1,"Onsite",6.27
109644,10,35,5,102148,2019-12-24,NA,"Active",NA,"Employee","Temporary",1,"Hybrid",6.21
109757,10,35,2,100355,2019-12-24,2024-12-20,"Terminated","Reduction in Force","Employee","Regular",0.8,"Hybrid",4.99
100398,10,35,12,106193,2020-01-04,NA,"Active",NA,"Employee","Regular",1,"Onsite",6.18
106718,10,35,6,101280,2020-03-13,2025-08-26,"Terminated","Voluntary","Employee","Regular",1,"Hybrid",5.45
103181,10,35,11,107097,2020-04-05,NA,"Active",NA,"Employee","Regular",1,"Onsite",5.93
105261,10,35,2,101771,2020-04-16,NA,"Active",NA,"Employee","Regular",0.8,"Onsite",5.9
103616,10,35,4,100683,2020-04-29,NA,"Active",NA,"Employee","Regular",1,"Hybrid",5.86
109072,10,35,9,103439,2020-05-09,2024-08-09,"Terminated","Voluntary","Employee","Regular",1,"Hybrid",4.25
107609,10,35,1,105656,2020-05-14,NA,"Active",NA,"Employee","Regular",1,"Onsite",5.82
102136,10,35,12,103979,2020-05-15,NA,"Active",NA,"Employee","Regular",1,"Hybrid",5.82
100057,10,35,6,101944,2020-05-27,NA,"Active",NA,"Employee","Regular",1,"Hybrid",5.79
106367,10,35,3,104638,2020-05-29,NA,"Active",NA,"Employee","Regular",1,"Hybrid",5.78
108945,10,35,7,102090,2020-06-06,NA,"Active",NA,"Employee","Regular",1,"Hybrid",5.76
107785,10,35,3,106568,2020-07-04,NA,"Active",NA,"Employee","Regular",1,"Remote",5.68
101755,10,35,11,103090,2020-07-10,NA,"Active",NA,"Employee","Regular",1,"Hybrid",5.67
100753,10,35,10,104544,2020-07-24,NA,"Active",NA,"Employee","Regular",1,"Hybrid",5.63
100878,10,35,7,107679,2020-08-09,NA,"Active",NA,"Contractor","Regular",1,"Onsite",5.58
108622,10,35,7,103439,2020-08-13,NA,"Active",NA,"Employee","Regular",0.8,"Onsite",5.57
108461,10,35,3,104577,2020-08-17,NA,"Active",NA,"Employee","Regular",1,"Hybrid",5.56
106207,10,35,1,107824,2020-08-19,NA,"Active",NA,"Employee","Regular",1,"Hybrid",5.56
105801,10,35,12,102494,2020-08-20,NA,"Active",NA,"Employee","Regular",1,"Onsite",5.55
103294,10,35,9,106047,2020-08-29,NA,"Active",NA,"Employee","Regular",1,"Hybrid",5.53
109775,10,35,10,101131,2020-09-03,NA,"Active",NA,"Employee","Regular",1,"Hybrid",5.52
108264,10,35,12,106501,2020-09-19,2023-01-08,"Terminated","Involuntary","Employee","Regular",1,"Remote",2.3
100862,10,35,6,103185,2020-09-24,NA,"Active",NA,"Employee","Regular",1,"Hybrid",5.46
104673,10,35,11,102886,2020-10-12,NA,"Active",NA,"Employee","Regular",1,"Onsite",5.41
101927,10,35,11,109451,2020-10-18,NA,"Active",NA,"Contractor","Regular",1,"Onsite",5.39
103337,10,35,11,105958,2020-11-01,NA,"Active",NA,"Employee","Temporary",1,"Hybrid",5.35
105466,10,35,4,103755,2020-11-14,NA,"Active",NA,"Employee","Regular",1,"Hybrid",5.32
104112,10,35,9,104050,2020-11-16,NA,"Active",NA,"Employee","Temporary",1,"Remote",5.31
109150,10,35,9,103549,2020-11-18,NA,"Active",NA,"Employee","Regular",1,"Remote",5.31
109734,10,35,8,106612,2020-11-18,NA,"Active",NA,"Employee","Regular",1,"Hybrid",5.31
103088,10,35,11,105347,2020-11-19,NA,"Active",NA,"Employee","Regular",1,"Hybrid",5.3
109103,10,35,5,100484,2020-11-20,2025-05-13,"Terminated","Voluntary","Employee","Regular",1,"Onsite",4.48
102164,10,35,2,101280,2020-12-01,NA,"Active",NA,"Employee","Regular",1,"Remote",5.27
104918,10,35,9,106438,2020-12-04,2025-04-25,"Terminated","Voluntary","Employee","Regular",1,"Hybrid",4.39
105931,10,35,5,105555,2020-12-09,NA,"Active",NA,"Contractor","Regular",1,"Hybrid",5.25
108294,10,35,10,107708,2020-12-14,NA,"Active",NA,"Employee","Regular",1,"Hybrid",5.24
107253,10,35,3,106054,2020-12-20,NA,"Active",NA,"Employee","Regular",1,"Hybrid",5.22
103946,10,35,6,101398,2020-12-26,NA,"Active",NA,"Employee","Regular",1,"Hybrid",5.2
102308,10,35,10,106568,2021-01-14,NA,"Active",NA,"Employee","Regular",0.8,"Remote",5.15
107831,10,35,4,103428,2021-01-15,NA,"Active",NA,"Employee","Temporary",1,"Hybrid",5.15
103304,10,35,11,107377,2021-01-17,NA,"Active",NA,"Employee","Regular",0.6,"Remote",5.14
102893,10,35,1,100124,2021-01-19,NA,"Active",NA,"Employee","Regular",1,"Remote",5.14
105600,10,35,8,101573,2021-01-21,NA,"Active",NA,"Employee","Regular",1,"Onsite",5.13
102345,10,35,5,103153,2021-01-30,2026-02-28,"Terminated","Voluntary","Employee","Regular",1,"Onsite",5.08
104615,10,35,8,108402,2021-02-03,NA,"Active",NA,"Employee","Regular",1,"Hybrid",5.1
103442,10,35,9,108845,2021-02-08,NA,"Active",NA,"Employee","Regular",1,"Hybrid",5.08
106158,10,35,6,108820,2021-02-21,NA,"Active",NA,"Contractor","Regular",1,"Onsite",5.05
105796,10,35,1,108016,2021-02-28,NA,"Active",NA,"Employee","Regular",1,"Onsite",5.03
100662,10,35,10,102420,2021-03-13,NA,"Active",NA,"Employee","Regular",1,"Remote",4.99
105718,10,35,10,109829,2021-03-18,NA,"Active",NA,"Employee","Regular",1,"Remote",4.98
100237,10,35,2,100580,2021-04-04,NA,"Active",NA,"Contractor","Regular",1,"Onsite",4.93
101785,10,35,3,106568,2021-04-06,NA,"Active",NA,"Employee","Regular",1,"Onsite",4.93
109611,10,35,5,101908,2021-04-08,NA,"Active",NA,"Employee","Regular",0.8,"Onsite",4.92
104440,10,35,1,103887,2021-04-15,NA,"Active",NA,"Employee","Regular",1,"Onsite",4.9
109703,10,35,3,106297,2021-04-18,NA,"Active",NA,"Employee","Regular",1,"Hybrid",4.89
106566,10,35,11,101418,2021-04-21,NA,"Active",NA,"Employee","Regular",1,"Hybrid",4.88
103512,10,35,3,107436,2021-04-22,NA,"Active",NA,"Employee","Regular",1,"Onsite",4.88
102741,10,35,10,105591,2021-04-28,NA,"Active",NA,"Employee","Regular",1,"Hybrid",4.87
104285,10,35,7,102980,2021-05-06,NA,"Active",NA,"Employee","Regular",1,"Hybrid",4.84
108675,10,35,4,100573,2021-05-12,NA,"Active",NA,"Contractor","Regular",1,"Hybrid",4.83
106813,10,35,7,109451,2021-05-24,2025-12-20,"Terminated","Voluntary","Employee","Regular",1,"Hybrid",4.58
109736,10,35,3,103985,2021-06-03,NA,"Active",NA,"Employee","Regular",0.8,"Onsite",4.77
103496,10,35,5,104256,2021-06-20,NA,"Active",NA,"Employee","Temporary",1,"Hybrid",4.72
101628,10,35,7,108016,2021-06-30,NA,"Active",NA,"Employee","Regular",1,"Hybrid",4.69
105424,10,35,8,104354,2021-07-09,2025-09-07,"Terminated","Voluntary","Employee","Regular",1,"Onsite",4.16
104027,10,35,7,104220,2021-08-02,NA,"Active",NA,"Employee","Regular",1,"Remote",4.6
101930,10,35,11,106095,2021-08-07,2025-07-04,"Terminated","Involuntary","Employee","Regular",1,"Hybrid",3.91
105884,10,35,1,101521,2021-08-08,NA,"Active",NA,"Employee","Regular",1,"Onsite",4.59
101913,10,35,11,106676,2021-08-29,NA,"Active",NA,"Employee","Regular",1,"Hybrid",4.53
103841,10,35,6,102090,2021-09-02,NA,"Active",NA,"Employee","Regular",1,"Onsite",4.52
103530,10,35,4,100517,2021-09-05,NA,"Active",NA,"Employee","Regular",1,"Hybrid",4.51
109115,10,35,2,108402,2021-09-08,NA,"Active",NA,"Employee","Regular",1,"Onsite",4.5
108162,10,35,12,100630,2021-09-10,NA,"Active",NA,"Contractor","Temporary",1,"Hybrid",4.5
101790,10,35,12,105470,2021-09-22,NA,"Active",NA,"Employee","Regular",1,"Onsite",4.46
106397,10,35,11,107994,2021-09-24,NA,"Active",NA,"Employee","Regular",1,"Remote",4.46
107484,10,35,6,104336,2021-10-01,2023-11-26,"Terminated","Voluntary","Employee","Regular",0.8,"Onsite",2.15
103192,10,35,7,106259,2021-10-15,NA,"Active",NA,"Employee","Regular",1,"Hybrid",4.4
107257,10,35,11,108845,2021-10-23,NA,"Active",NA,"Employee","Regular",1,"Hybrid",4.38
105882,10,35,3,108356,2021-10-25,NA,"Active",NA,"Employee","Regular",0.8,"Onsite",4.37
105164,10,35,5,108016,2021-11-06,NA,"Active",NA,"Employee","Regular",0.8,"Onsite",4.34
108582,10,35,6,105616,2021-11-22,NA,"Active",NA,"Employee","Regular",0.8,"Remote",4.3
100896,10,35,3,105177,2021-12-04,NA,"Active",NA,"Employee","Regular",1,"Hybrid",4.26
106764,10,35,1,108820,2021-12-07,2024-07-29,"Terminated","Involuntary","Employee","Regular",1,"Remote",2.64
105414,10,35,4,102487,2021-12-22,NA,"Active",NA,"Employee","Regular",1,"Remote",4.21
106200,10,35,2,106018,2021-12-26,NA,"Active",NA,"Employee","Regular",1,"Onsite",4.2
108645,10,35,2,109527,2022-01-01,NA,"Active",NA,"Employee","Regular",1,"Onsite",4.19
101512,10,35,12,104822,2022-01-06,NA,"Active",NA,"Employee","Regular",1,"Remote",4.17
105097,10,35,7,102880,2022-01-06,NA,"Active",NA,"Employee","Regular",1,"Hybrid",4.17
106823,10,35,11,109403,2022-01-12,NA,"Active",NA,"Employee","Regular",1,"Hybrid",4.16
108169,10,35,8,109298,2022-01-13,NA,"Active",NA,"Employee","Regular",1,"Hybrid",4.15
100754,10,35,11,101066,2022-01-14,2025-02-21,"Terminated","Reduction in Force","Employee","Regular",1,"Onsite",3.1
100210,10,35,6,103979,2022-01-24,NA,"Active",NA,"Employee","Regular",1,"Hybrid",4.12
104589,10,35,5,100484,2022-02-11,NA,"Active",NA,"Employee","Regular",1,"Onsite",4.07
100323,10,35,3,107824,2022-02-13,NA,"Active",NA,"Employee","Regular",1,"Remote",4.07
101026,10,35,5,100701,2022-02-21,NA,"Active",NA,"Employee","Regular",1,"Hybrid",4.05
108366,10,35,10,100583,2022-03-19,2023-03-27,"Terminated","Voluntary","Employee","Regular",1,"Remote",1.02
109430,10,35,9,108566,2022-03-25,NA,"Active",NA,"Employee","Regular",1,"Onsite",3.96
101740,10,35,4,102990,2022-03-31,NA,"Active",NA,"Employee","Regular",1,"Onsite",3.94
109269,10,35,10,103625,2022-05-10,NA,"Active",NA,"Employee","Regular",0.6,"Hybrid",3.83
106790,10,35,3,109960,2022-05-15,NA,"Active",NA,"Employee","Regular",1,"Onsite",3.82
100084,10,35,2,109568,2022-05-30,2025-03-04,"Terminated","Voluntary","Contractor","Regular",0.8,"Onsite",2.76
106713,10,35,1,102771,2022-06-03,NA,"Active",NA,"Employee","Regular",1,"Onsite",3.77
102432,10,35,3,109122,2022-06-07,NA,"Active",NA,"Employee","Regular",1,"Onsite",3.76
104343,10,35,4,104629,2022-06-14,2023-11-10,"Terminated","Voluntary","Employee","Regular",1,"Onsite",1.41
102590,10,35,3,104806,2022-07-09,NA,"Active",NA,"Employee","Regular",1,"Remote",3.67
104208,10,35,5,106036,2022-07-09,NA,"Active",NA,"Employee","Regular",1,"Onsite",3.67
101057,10,35,12,102757,2022-07-11,NA,"Active",NA,"Employee","Regular",1,"Remote",3.66
107346,10,35,8,100693,2022-07-11,NA,"Active",NA,"Employee","Regular",0.6,"Hybrid",3.66
107392,10,35,5,104561,2022-07-16,NA,"Active",NA,"Employee","Regular",1,"Onsite",3.65
101742,10,35,4,105014,2022-07-27,NA,"Active",NA,"Employee","Regular",1,"Hybrid",3.62
101286,10,35,2,106612,2022-07-30,NA,"Active",NA,"Employee","Regular",1,"Onsite",3.61
105535,10,35,10,104375,2022-08-14,NA,"Active",NA,"Employee","Regular",0.8,"Remote",3.57
105725,10,35,12,103050,2022-09-04,NA,"Active",NA,"Employee","Regular",0.6,"Hybrid",3.51
103634,10,35,11,102451,2022-09-17,NA,"Active",NA,"Employee","Regular",1,"Hybrid",3.48
105539,10,35,5,109649,2022-09-20,NA,"Active",NA,"Employee","Regular",1,"Onsite",3.47
109580,10,35,12,109559,2022-10-02,NA,"Active",NA,"Employee","Regular",1,"Onsite",3.44
108275,10,35,10,102786,2022-10-18,NA,"Active",NA,"Employee","Regular",1,"Onsite",3.39
107183,10,35,6,107784,2022-10-22,NA,"Active",NA,"Employee","Temporary",1,"Onsite",3.38
107494,10,35,1,105439,2022-11-05,NA,"Active",NA,"Employee","Regular",1,"Onsite",3.34
100105,10,35,11,101608,2022-11-26,NA,"Active",NA,"Employee","Regular",1,"Hybrid",3.28
109738,10,35,2,104280,2022-11-30,NA,"Active",NA,"Employee","Regular",1,"Remote",3.27
102491,10,35,2,108402,2022-12-08,NA,"Active",NA,"Employee","Regular",1,"Onsite",3.25
101915,10,35,12,109559,2022-12-11,NA,"Active",NA,"Employee","Regular",1,"Onsite",3.24
102013,10,35,1,109038,2022-12-11,NA,"Active",NA,"Employee","Regular",1,"Hybrid",3.24
101017,10,35,4,103127,2022-12-12,NA,"Active",NA,"Employee","Regular",1,"Hybrid",3.24
101973,10,35,3,104577,2023-01-17,NA,"Active",NA,"Employee","Regular",1,"Remote",3.14
106885,10,35,7,102294,2023-01-22,NA,"Active",NA,"Employee","Regular",1,"Onsite",3.13
108130,10,35,6,103691,2023-02-19,NA,"Active",NA,"Employee","Regular",1,"Onsite",3.05
107638,10,35,2,109313,2023-02-20,NA,"Active",NA,"Employee","Regular",1,"Remote",3.05
103334,10,35,1,109527,2023-02-21,NA,"Active",NA,"Employee","Regular",0.8,"Hybrid",3.05
108958,10,35,5,108999,2023-02-22,NA,"Active",NA,"Contractor","Regular",1,"Onsite",3.04
106078,10,35,8,106297,2023-02-25,NA,"Active",NA,"Employee","Regular",1,"Onsite",3.04
104460,10,35,8,109331,2023-02-28,NA,"Active",NA,"Employee","Temporary",1,"Hybrid",3.03
103968,10,35,8,108648,2023-03-01,NA,"Active",NA,"Employee","Regular",1,"Hybrid",3.02
102921,10,35,12,106974,2023-03-05,NA,"Active",NA,"Contractor","Regular",1,"Remote",3.01
109585,10,35,1,105470,2023-03-07,NA,"Active",NA,"Employee","Regular",0.6,"Hybrid",3.01
101249,10,35,3,107284,2023-03-11,NA,"Active",NA,"Employee","Regular",0.8,"Hybrid",3
108490,10,35,2,102886,2023-03-24,NA,"Active",NA,"Employee","Regular",1,"Hybrid",2.96
108171,10,35,1,107534,2023-04-17,NA,"Active",NA,"Employee","Regular",1,"Onsite",2.9
108767,10,35,2,108371,2023-04-18,NA,"Active",NA,"Contractor","Regular",1,"Remote",2.89
103110,10,35,11,104186,2023-04-23,NA,"Active",NA,"Employee","Regular",0.6,"Hybrid",2.88
101083,10,35,9,106112,2023-04-30,NA,"Active",NA,"Employee","Regular",1,"Onsite",2.86
100935,10,35,12,100227,2023-05-16,2026-02-23,"Terminated","Voluntary","Employee","Regular",1,"Remote",2.78
108859,10,35,8,109844,2023-05-23,NA,"Active",NA,"Employee","Regular",1,"Hybrid",2.8
108519,10,35,4,101521,2023-05-25,NA,"Active",NA,"Employee","Regular",1,"Onsite",2.79
100375,10,35,4,107911,2023-05-31,NA,"Active",NA,"Employee","Regular",1,"Remote",2.78
102068,10,35,4,104880,2023-06-10,NA,"Active",NA,"Employee","Regular",1,"Hybrid",2.75
104686,10,35,7,100766,2023-06-14,NA,"Active",NA,"Employee","Regular",0.8,"Remote",2.74
108346,10,35,6,100286,2023-07-18,NA,"Active",NA,"Employee","Regular",1,"Onsite",2.64
100261,10,35,1,107462,2023-07-21,NA,"Active",NA,"Employee","Regular",1,"Remote",2.64
105874,10,35,9,108820,2023-07-21,NA,"Active",NA,"Employee","Regular",1,"Hybrid",2.64
104155,10,35,7,103674,2023-08-26,NA,"Active",NA,"Employee","Regular",0.8,"Onsite",2.54
104322,10,35,5,100630,2023-09-04,NA,"Active",NA,"Employee","Regular",1,"Hybrid",2.51
103336,10,35,12,106614,2023-09-07,NA,"Active",NA,"Employee","Regular",1,"Onsite",2.5
107152,10,35,12,100693,2023-09-08,NA,"Active",NA,"Employee","Regular",1,"Hybrid",2.5
106375,10,35,9,107427,2023-09-30,NA,"Active",NA,"Employee","Temporary",1,"Remote",2.44
101574,10,35,9,104709,2023-10-01,NA,"Active",NA,"Employee","Regular",1,"Hybrid",2.44
104898,10,35,5,106941,2023-10-01,NA,"Active",NA,"Employee","Regular",0.8,"Hybrid",2.44
100487,10,35,6,101066,2023-10-18,NA,"Active",NA,"Employee","Regular",1,"Hybrid",2.39
105805,10,35,2,106105,2023-10-19,NA,"Active",NA,"Employee","Regular",1,"Hybrid",2.39
101507,10,35,9,104822,2023-10-21,NA,"Active",NA,"Employee","Regular",0.8,"Onsite",2.38
106860,10,35,1,101573,2023-10-22,NA,"Active",NA,"Employee","Regular",1,"Hybrid",2.38
107026,10,35,12,109403,2023-10-31,NA,"Active",NA,"Employee","Regular",1,"Remote",2.36
108314,10,35,8,105555,2023-11-07,NA,"Active",NA,"Employee","Regular",1,"Onsite",2.34
100723,10,35,4,109097,2023-11-10,NA,"Active",NA,"Employee","Regular",1,"Hybrid",2.33
107756,10,35,9,105618,2023-12-02,NA,"Active",NA,"Employee","Regular",1,"Hybrid",2.27
106154,10,35,1,105470,2023-12-10,NA,"Active",NA,"Employee","Regular",1,"Hybrid",2.25
101733,10,35,8,104806,2023-12-14,NA,"Active",NA,"Employee","Regular",1,"Remote",2.24
107594,10,35,4,102980,2023-12-19,NA,"Active",NA,"Employee","Regular",1,"Hybrid",2.22
100430,10,35,4,100368,2023-12-27,NA,"Active",NA,"Employee","Regular",1,"Hybrid",2.2
100427,10,35,8,104880,2024-01-05,NA,"Active",NA,"Employee","Regular",0.8,"Hybrid",2.18
107516,10,35,10,100397,2024-01-15,NA,"Active",NA,"Employee","Regular",1,"Hybrid",2.15
104929,10,35,5,109298,2024-01-18,NA,"Active",NA,"Employee","Regular",0.6,"Onsite",2.14
101212,10,35,5,100630,2024-01-29,NA,"Active",NA,"Employee","Regular",0.8,"Remote",2.11
102297,10,35,10,102886,2024-02-04,NA,"Active",NA,"Employee","Regular",1,"Onsite",2.09
105340,10,35,10,100583,2024-02-14,NA,"Active",NA,"Employee","Temporary",1,"Onsite",2.07
108265,10,35,5,102229,2024-03-02,NA,"Active",NA,"Employee","Regular",1,"Hybrid",2.02
109873,10,35,7,103354,2024-04-19,NA,"Active",NA,"Employee","Regular",0.6,"Onsite",1.89
109538,10,35,7,109097,2024-04-20,NA,"Active",NA,"Employee","Regular",1,"Hybrid",1.89
103463,10,35,3,101521,2024-04-30,NA,"Active",NA,"Employee","Regular",1,"Hybrid",1.86
100178,10,35,9,105983,2024-05-02,NA,"Active",NA,"Employee","Regular",1,"Onsite",1.85
102127,10,35,3,109596,2024-05-05,NA,"Active",NA,"Employee","Regular",0.8,"Hybrid",1.85
106157,10,35,5,104613,2024-05-12,NA,"Active",NA,"Employee","Regular",1,"Onsite",1.83
105745,10,35,7,102626,2024-05-15,NA,"Active",NA,"Employee","Regular",1,"Onsite",1.82
100746,10,35,6,101226,2024-05-22,NA,"Active",NA,"Employee","Temporary",1,"Hybrid",1.8
100598,10,35,6,105220,2024-06-23,NA,"Active",NA,"Employee","Regular",1,"Onsite",1.71
105375,10,35,5,105616,2024-06-26,NA,"Active",NA,"Employee","Regular",1,"Remote",1.7
100176,10,35,10,102120,2024-07-06,NA,"Active",NA,"Employee","Regular",1,"Onsite",1.68
108271,10,35,5,101972,2024-07-09,NA,"Active",NA,"Employee","Regular",1,"Hybrid",1.67
109241,10,35,7,109038,2024-07-18,NA,"Active",NA,"Employee","Regular",1,"Onsite",1.64
107490,10,35,2,104336,2024-07-20,NA,"Active",NA,"Employee","Regular",1,"Remote",1.64
101724,10,35,8,107708,2024-07-22,NA,"Active",NA,"Employee","Regular",1,"Hybrid",1.63
103102,10,35,11,105014,2024-07-23,NA,"Active",NA,"Employee","Regular",1,"Onsite",1.63
105417,10,35,6,105177,2024-07-23,NA,"Active",NA,"Employee","Temporary",1,"Onsite",1.63
101713,10,35,7,106745,2024-07-27,NA,"Active",NA,"Employee","Regular",1,"Hybrid",1.62
101035,10,35,1,101961,2024-08-03,NA,"Active",NA,"Employee","Regular",1,"Remote",1.6
104498,10,35,1,106139,2024-08-07,NA,"Active",NA,"Employee","Regular",0.6,"Onsite",1.59
100068,10,35,6,105849,2024-08-27,NA,"Active",NA,"Employee","Regular",1,"Onsite",1.53
104833,10,35,7,104914,2024-09-02,NA,"Active",NA,"Employee","Regular",1,"Onsite",1.52
102569,10,35,3,105347,2024-09-14,NA,"Active",NA,"Employee","Regular",1,"Remote",1.48
100911,10,35,12,100683,2024-09-22,NA,"Active",NA,"Employee","Regular",1,"Onsite",1.46
107308,10,35,3,102160,2024-09-28,NA,"Active",NA,"Contractor","Regular",1,"Remote",1.45
102896,10,35,5,109672,2024-10-05,NA,"Active",NA,"Employee","Regular",0.6,"Onsite",1.43
108220,10,35,8,104375,2024-10-09,NA,"Active",NA,"Employee","Regular",1,"Remote",1.42
101419,10,35,3,105817,2024-10-12,NA,"Active",NA,"Employee","Regular",1,"Onsite",1.41
109398,10,35,1,107427,2024-10-13,NA,"Active",NA,"Employee","Regular",1,"Hybrid",1.41
109107,10,35,5,104481,2024-10-14,NA,"Active",NA,"Employee","Regular",1,"Onsite",1.4
108443,10,35,10,107588,2024-10-22,NA,"Active",NA,"Employee","Regular",1,"Onsite",1.38
103705,10,35,5,104544,2024-10-23,NA,"Active",NA,"Employee","Regular",1,"Hybrid",1.38
104369,10,35,4,105305,2024-11-01,NA,"Active",NA,"Employee","Regular",1,"Onsite",1.35
107396,10,35,2,104220,2024-11-02,NA,"Active",NA,"Employee","Regular",1,"Remote",1.35
109744,10,35,3,108553,2024-11-02,NA,"Active",NA,"Employee","Regular",1,"Hybrid",1.35
109305,10,35,11,104088,2024-12-07,NA,"Active",NA,"Employee","Regular",1,"Hybrid",1.25
104455,10,35,2,102514,2024-12-17,NA,"Active",NA,"Employee","Regular",1,"Onsite",1.23
102498,10,35,10,103713,2025-01-12,NA,"Active",NA,"Employee","Regular",1,"Remote",1.16
108309,10,35,3,106605,2025-01-21,NA,"Active",NA,"Employee","Regular",1,"Hybrid",1.13
105489,10,35,5,101908,2025-01-24,NA,"Active",NA,"Employee","Regular",1,"Hybrid",1.12
102527,10,35,1,102095,2025-02-02,NA,"Active",NA,"Employee","Regular",1,"Hybrid",1.1
100229,10,35,9,103581,2025-03-03,NA,"Active",NA,"Employee","Regular",0.8,"Onsite",1.02
109059,10,35,10,109559,2025-03-03,NA,"Active",NA,"Employee","Regular",1,"Hybrid",1.02
102072,10,35,8,109960,2025-03-14,NA,"Active",NA,"Employee","Regular",1,"Onsite",0.99
109307,10,35,10,105051,2025-03-14,NA,"Active",NA,"Employee","Regular",1,"Onsite",0.99
104758,10,35,6,101575,2025-03-26,NA,"Active",NA,"Employee","Regular",0.8,"Onsite",0.96
109273,10,35,4,102721,2025-03-26,NA,"Active",NA,"Employee","Regular",1,"Hybrid",0.96
106623,10,35,1,108566,2025-04-07,NA,"Active",NA,"Employee","Regular",0.8,"Hybrid",0.92
101983,10,35,8,108915,2025-04-12,NA,"Active",NA,"Employee","Regular",1,"Onsite",0.91
101333,10,35,3,103109,2025-05-08,NA,"Active",NA,"Employee","Regular",0.6,"Hybrid",0.84
108159,10,35,7,101130,2025-05-10,NA,"Active",NA,"Contractor","Regular",0.6,"Onsite",0.83
103324,10,35,4,105825,2025-05-15,NA,"Active",NA,"Employee","Regular",1,"Hybrid",0.82
106394,10,35,12,106466,2025-05-16,NA,"Active",NA,"Employee","Regular",1,"Remote",0.82
100424,10,35,5,101575,2025-06-24,NA,"Active",NA,"Employee","Regular",1,"Onsite",0.71
106037,10,35,6,103674,2025-06-24,NA,"Active",NA,"Employee","Regular",1,"Hybrid",0.71
103060,10,35,9,105220,2025-07-01,NA,"Active",NA,"Contractor","Temporary",1,"Hybrid",0.69
108225,10,35,1,103100,2025-07-14,NA,"Active",NA,"Employee","Regular",1,"Hybrid",0.65
101332,10,35,1,100003,2025-08-04,NA,"Active",NA,"Employee","Regular",1,"Hybrid",0.6
102828,10,35,1,103439,2025-08-17,NA,"Active",NA,"Employee","Regular",1,"Onsite",0.56
103871,10,35,4,104871,2025-10-03,NA,"Active",NA,"Employee","Regular",1,"Onsite",0.43
100894,10,35,7,109093,2025-10-21,NA,"Active",NA,"Employee","Regular",1,"Onsite",0.38
109910,10,35,4,103027,2025-10-23,NA,"Active",NA,"Employee","Regular",1,"Hybrid",0.38
108950,10,35,1,106186,2025-11-08,NA,"Active",NA,"Employee","Regular",1,"Onsite",0.33
108984,10,35,5,106036,2025-11-14,NA,"Active",NA,"Employee","Regular",1,"Hybrid",0.32
109023,10,35,12,107864,2025-11-27,NA,"Active",NA,"Employee","Regular",0.8,"Onsite",0.28
108041,10,35,4,108398,2025-11-29,NA,"Active",NA,"Employee","Regular",1,"Hybrid",0.28
104282,10,35,4,104544,2025-12-31,NA,"Active",NA,"Employee","Regular",1,"Hybrid",0.19
106997,10,35,3,101131,2025-12-31,NA,"Active",NA,"Employee","Regular",1,"Onsite",0.19
105563,10,35,3,108300,2026-01-10,NA,"Active",NA,"Contractor","Regular",1,"Hybrid",0.16
101536,10,35,9,103840,2026-01-25,NA,"Active",NA,"Employee","Temporary",1,"Onsite",0.12
100179,10,35,11,106139,2026-01-27,NA,"Active",NA,"Employee","Regular",1,"Remote",0.12
